id,symbol,company_name,open_price,high_price,low_price,close_price,volume,price_date
2895,ASII.JK,Astra International,4447.92,4447.92,4351.57,4415.8,15008600.0,2020-01-02
2896,ASII.JK,Astra International,4447.92,4463.98,4383.69,4463.98,19068800.0,2020-01-03
2897,ASII.JK,Astra International,4431.86,4431.86,4335.52,4335.52,22261900.0,2020-01-06
2898,ASII.JK,Astra International,4367.63,4383.69,4287.34,4351.57,27963000.0,2020-01-07
2899,ASII.JK,Astra International,4303.4,4383.69,4303.4,4351.57,15150400.0,2020-01-08
2900,ASII.JK,Astra International,4367.63,4415.8,4335.52,4415.8,19691200.0,2020-01-09
2901,ASII.JK,Astra International,4431.86,4447.92,4383.69,4383.69,17687600.0,2020-01-10
2902,ASII.JK,Astra International,4399.75,4447.92,4383.69,4447.92,29585200.0,2020-01-13
2903,ASII.JK,Astra International,4480.03,4608.49,4447.92,4608.49,41214400.0,2020-01-14
2904,ASII.JK,Astra International,4592.44,4656.67,4512.15,4624.55,38535100.0,2020-01-15
2905,ASII.JK,Astra International,4576.38,4624.55,4544.26,4576.38,38504400.0,2020-01-16
2906,ASII.JK,Astra International,4544.26,4592.44,4496.09,4544.26,26714800.0,2020-01-17
2907,ASII.JK,Astra International,4560.32,4576.38,4480.03,4496.09,22389100.0,2020-01-20
2908,ASII.JK,Astra International,4512.15,4512.15,4447.92,4512.15,12520300.0,2020-01-21
2909,ASII.JK,Astra International,4512.15,4544.26,4480.03,4496.09,20100300.0,2020-01-22
2910,ASII.JK,Astra International,4528.21,4560.32,4496.09,4528.21,18020200.0,2020-01-23
2911,ASII.JK,Astra International,4496.09,4528.21,4480.03,4480.03,13710000.0,2020-01-24
2912,ASII.JK,Astra International,4480.03,4480.03,4303.4,4319.46,17470800.0,2020-01-27
2913,ASII.JK,Astra International,4287.34,4383.69,4271.29,4383.69,23466100.0,2020-01-28
2914,ASII.JK,Astra International,4399.75,4399.75,4335.52,4383.69,12646100.0,2020-01-29
2915,ASII.JK,Astra International,4351.57,4367.63,4255.23,4255.23,25324800.0,2020-01-30
2916,ASII.JK,Astra International,4271.29,4287.34,4078.6,4078.6,66460400.0,2020-01-31
2917,ASII.JK,Astra International,4030.42,4126.77,4014.37,4030.42,34538400.0,2020-02-03
2918,ASII.JK,Astra International,4078.6,4142.83,4046.48,4110.71,46272800.0,2020-02-04
2919,ASII.JK,Astra International,4142.83,4174.94,4046.48,4110.71,32227100.0,2020-02-05
2920,ASII.JK,Astra International,4174.94,4191.0,4126.77,4174.94,26015800.0,2020-02-06
2921,ASII.JK,Astra International,4207.06,4207.06,4110.71,4110.71,13918700.0,2020-02-07
2922,ASII.JK,Astra International,4110.71,4110.71,3966.19,3982.25,45366900.0,2020-02-10
2923,ASII.JK,Astra International,4046.48,4046.48,3885.91,3918.02,54325000.0,2020-02-11
2924,ASII.JK,Astra International,3901.96,3918.02,3805.62,3837.73,51100700.0,2020-02-12
2925,ASII.JK,Astra International,3837.73,3869.85,3805.62,3821.68,33021700.0,2020-02-13
2926,ASII.JK,Astra International,3837.73,3918.02,3805.62,3918.02,60901000.0,2020-02-14
2927,ASII.JK,Astra International,3950.14,3966.19,3885.91,3918.02,16567600.0,2020-02-17
2928,ASII.JK,Astra International,3885.91,3982.25,3885.91,3918.02,27960300.0,2020-02-18
2929,ASII.JK,Astra International,3966.19,4014.37,3950.14,4014.37,35186100.0,2020-02-19
2930,ASII.JK,Astra International,4030.42,4030.42,3934.08,4030.42,37995400.0,2020-02-20
2931,ASII.JK,Astra International,4030.42,4046.48,3950.14,3982.25,33804700.0,2020-02-21
2932,ASII.JK,Astra International,3885.91,3950.14,3869.85,3918.02,34190600.0,2020-02-24
2933,ASII.JK,Astra International,3853.79,4030.42,3837.73,3998.31,40723200.0,2020-02-25
2934,ASII.JK,Astra International,3918.02,3950.14,3885.91,3885.91,34453700.0,2020-02-26
2935,ASII.JK,Astra International,3918.02,3918.02,3821.68,3821.68,44801100.0,2020-02-27
2936,ASII.JK,Astra International,3757.45,3757.45,3548.7,3548.7,100693900.0,2020-02-28
2937,ASII.JK,Astra International,3661.1,3757.45,3612.93,3661.1,63765800.0,2020-03-02
2938,ASII.JK,Astra International,3757.45,3837.73,3709.27,3789.56,53817300.0,2020-03-03
2939,ASII.JK,Astra International,3789.56,3869.85,3773.5,3837.73,43566600.0,2020-03-04
2940,ASII.JK,Astra International,3869.85,3885.91,3773.5,3885.91,40537300.0,2020-03-05
2941,ASII.JK,Astra International,3821.68,3821.68,3645.05,3645.05,31282500.0,2020-03-06
2942,ASII.JK,Astra International,3532.64,3532.64,3227.55,3227.55,87904100.0,2020-03-09
2943,ASII.JK,Astra International,3275.72,3420.24,3275.72,3307.84,86444600.0,2020-03-10
2944,ASII.JK,Astra International,3307.84,3323.9,3243.61,3291.78,45134700.0,2020-03-11
2945,ASII.JK,Astra International,3211.49,3227.55,3095.88,3153.69,64824200.0,2020-03-12
2946,ASII.JK,Astra International,3153.69,3153.69,3153.69,3153.69,64824200.0,2020-03-13
2947,ASII.JK,Astra International,3063.76,3063.76,2909.61,2948.15,55655900.0,2020-03-16
2948,ASII.JK,Astra International,2948.15,2954.57,2742.62,2742.62,67166600.0,2020-03-17
2949,ASII.JK,Astra International,2755.46,2794.0,2556.35,2665.54,61972000.0,2020-03-18
2950,ASII.JK,Astra International,2582.04,2582.04,2479.27,2479.27,27066700.0,2020-03-19
2951,ASII.JK,Astra International,2498.54,2504.96,2305.85,2427.89,141147800.0,2020-03-20
2952,ASII.JK,Astra International,2427.89,2427.89,2260.89,2260.89,40318500.0,2020-03-23
2953,ASII.JK,Astra International,2293.01,2318.7,2106.74,2106.74,89502100.0,2020-03-24
2954,ASII.JK,Astra International,2068.2,2363.66,2068.2,2325.12,180290700.0,2020-03-26
2955,ASII.JK,Astra International,2344.39,2800.42,2344.39,2620.58,150312000.0,2020-03-27
2956,ASII.JK,Astra International,2620.58,2620.58,2440.73,2440.73,45490800.0,2020-03-30
2957,ASII.JK,Astra International,2492.12,2556.35,2402.2,2504.96,62534800.0,2020-03-31
2958,ASII.JK,Astra International,2492.12,2627.0,2344.39,2421.47,78042900.0,2020-04-01
2959,ASII.JK,Astra International,2357.24,2524.23,2299.43,2524.23,39717300.0,2020-04-02
2960,ASII.JK,Astra International,2562.77,2601.31,2479.27,2504.96,42577100.0,2020-04-03
2961,ASII.JK,Astra International,2517.81,2594.89,2492.12,2588.46,71205800.0,2020-04-06
2962,ASII.JK,Astra International,2607.73,2729.77,2543.5,2607.73,79018000.0,2020-04-07
2963,ASII.JK,Astra International,2569.19,2588.46,2447.16,2472.85,55980400.0,2020-04-08
2964,ASII.JK,Astra International,2485.7,2646.27,2485.7,2627.0,53526100.0,2020-04-09
2965,ASII.JK,Astra International,2627.0,2665.54,2517.81,2543.5,27520900.0,2020-04-13
2966,ASII.JK,Astra International,2543.5,2588.46,2517.81,2543.5,64571400.0,2020-04-14
2967,ASII.JK,Astra International,2569.19,2569.19,2440.73,2453.58,86149800.0,2020-04-15
2968,ASII.JK,Astra International,2427.89,2427.89,2325.12,2325.12,61494300.0,2020-04-16
2969,ASII.JK,Astra International,2363.66,2466.43,2363.66,2440.73,78593000.0,2020-04-17
2970,ASII.JK,Astra International,2440.73,2460.0,2382.93,2389.35,50406600.0,2020-04-20
2971,ASII.JK,Astra International,2382.93,2402.2,2318.7,2337.97,36590700.0,2020-04-21
2972,ASII.JK,Astra International,2312.28,2350.81,2215.93,2337.97,76750500.0,2020-04-22
2973,ASII.JK,Astra International,2376.51,2434.31,2344.39,2415.04,85068700.0,2020-04-23
2974,ASII.JK,Astra International,2415.04,2415.04,2318.7,2331.54,49597000.0,2020-04-24
2975,ASII.JK,Astra International,2357.24,2415.04,2293.01,2382.93,45682200.0,2020-04-27
2976,ASII.JK,Astra International,2408.62,2434.31,2331.54,2402.2,53532700.0,2020-04-28
2977,ASII.JK,Astra International,2421.47,2427.89,2344.39,2370.08,40557200.0,2020-04-29
2978,ASII.JK,Astra International,2408.62,2479.27,2389.35,2472.85,92257000.0,2020-04-30
2979,ASII.JK,Astra International,2408.62,2408.62,2318.7,2318.7,71301800.0,2020-05-04
2980,ASII.JK,Astra International,2331.54,2350.81,2299.43,2318.7,54983300.0,2020-05-05
2981,ASII.JK,Astra International,2318.7,2363.66,2299.43,2337.97,70425000.0,2020-05-06
2982,ASII.JK,Astra International,2370.08,2402.2,2312.28,2402.2,63346500.0,2020-05-08
2983,ASII.JK,Astra International,2415.04,2517.81,2408.62,2517.81,79511800.0,2020-05-11
2984,ASII.JK,Astra International,2517.81,2517.81,2427.89,2453.58,58347900.0,2020-05-12
2985,ASII.JK,Astra International,2453.58,2453.58,2382.93,2395.77,44974600.0,2020-05-13
2986,ASII.JK,Astra International,2376.5,2382.93,2267.31,2293.01,80570900.0,2020-05-14
2987,ASII.JK,Astra International,2305.85,2389.35,2286.58,2382.93,65284900.0,2020-05-15
2988,ASII.JK,Astra International,2389.35,2537.08,2382.93,2511.39,88368200.0,2020-05-18
2989,ASII.JK,Astra International,2569.19,2594.89,2530.66,2537.08,77238800.0,2020-05-19
2990,ASII.JK,Astra International,2537.08,2556.35,2485.7,2549.93,38965700.0,2020-05-20
2991,ASII.JK,Astra International,2549.93,2800.42,2549.93,2781.15,116041900.0,2020-05-26
2992,ASII.JK,Astra International,2794.0,2819.69,2710.5,2794.0,68841200.0,2020-05-27
2993,ASII.JK,Astra International,2806.84,2941.73,2794.0,2916.04,86825700.0,2020-05-28
2994,ASII.JK,Astra International,2903.19,3063.76,2871.08,3063.76,164786500.0,2020-05-29
2995,ASII.JK,Astra International,3057.34,3179.38,2973.84,3038.07,72425900.0,2020-06-02
2996,ASII.JK,Astra International,3050.92,3179.38,3005.96,3140.84,76654100.0,2020-06-03
2997,ASII.JK,Astra International,3179.38,3185.8,3044.5,3057.34,82711000.0,2020-06-04
2998,ASII.JK,Astra International,3070.19,3227.55,2999.54,3211.49,63578800.0,2020-06-05
2999,ASII.JK,Astra International,3372.07,3372.07,3205.07,3227.55,53808200.0,2020-06-08
3000,ASII.JK,Astra International,3275.72,3291.78,3198.65,3211.49,43049500.0,2020-06-09
3001,ASII.JK,Astra International,3227.55,3227.55,2986.69,3115.15,39812900.0,2020-06-10
3002,ASII.JK,Astra International,3108.73,3108.73,2993.11,3018.8,53920100.0,2020-06-11
3003,ASII.JK,Astra International,2948.15,3095.88,2826.11,3076.61,45837700.0,2020-06-12
3004,ASII.JK,Astra International,3083.03,3115.15,3018.8,3044.5,42880500.0,2020-06-15
3005,ASII.JK,Astra International,3083.03,3211.49,3083.03,3192.22,38736700.0,2020-06-16
3006,ASII.JK,Astra International,3205.07,3211.49,3153.69,3192.22,24744500.0,2020-06-17
3007,ASII.JK,Astra International,3192.22,3192.22,3083.03,3083.03,40331900.0,2020-06-18
3008,ASII.JK,Astra International,3102.3,3153.69,3083.03,3140.84,62874800.0,2020-06-19
3009,ASII.JK,Astra International,3166.53,3172.96,3115.15,3140.84,25097200.0,2020-06-22
3010,ASII.JK,Astra International,3140.84,3172.96,3115.15,3147.26,29490500.0,2020-06-23
3011,ASII.JK,Astra International,3160.11,3243.61,3147.26,3211.49,55421700.0,2020-06-24
3012,ASII.JK,Astra International,3209.5,3262.55,3182.98,3249.29,34952700.0,2020-06-25
3013,ASII.JK,Astra International,3282.45,3282.45,3249.29,3249.29,24019200.0,2020-06-26
3014,ASII.JK,Astra International,3249.29,3249.29,3149.82,3182.98,29368700.0,2020-06-29
3015,ASII.JK,Astra International,3209.5,3236.03,3182.98,3182.98,25197000.0,2020-06-30
3016,ASII.JK,Astra International,3182.98,3222.77,3163.09,3189.61,22586000.0,2020-07-01
3017,ASII.JK,Astra International,3202.87,3242.66,3189.61,3229.4,26575000.0,2020-07-02
3018,ASII.JK,Astra International,3236.03,3255.92,3209.5,3216.14,20400200.0,2020-07-03
3019,ASII.JK,Astra International,3222.77,3249.29,3209.5,3209.5,17783800.0,2020-07-06
3020,ASII.JK,Astra International,3249.29,3255.92,3182.98,3202.87,46178600.0,2020-07-07
3021,ASII.JK,Astra International,3209.5,3269.18,3163.09,3255.92,45246000.0,2020-07-08
3022,ASII.JK,Astra International,3269.19,3315.6,3236.03,3249.29,33377800.0,2020-07-09
3023,ASII.JK,Astra International,3236.03,3262.55,3202.87,3202.87,23181700.0,2020-07-10
3024,ASII.JK,Astra International,3216.14,3255.92,3216.14,3249.29,22481400.0,2020-07-13
3025,ASII.JK,Astra International,3249.29,3282.45,3236.03,3282.45,22418400.0,2020-07-14
3026,ASII.JK,Astra International,3308.97,3448.23,3295.71,3415.07,64249400.0,2020-07-15
3027,ASII.JK,Astra International,3415.07,3547.7,3415.07,3481.38,72113500.0,2020-07-16
3028,ASII.JK,Astra International,3514.54,3514.54,3448.23,3448.23,46235300.0,2020-07-17
3029,ASII.JK,Astra International,3448.23,3464.81,3332.18,3381.92,24829000.0,2020-07-20
3030,ASII.JK,Astra International,3381.92,3614.01,3381.92,3564.27,51878900.0,2020-07-21
3031,ASII.JK,Astra International,3564.27,3580.85,3448.23,3514.54,29493500.0,2020-07-22
3032,ASII.JK,Astra International,3514.54,3531.12,3398.49,3431.65,27787400.0,2020-07-23
3033,ASII.JK,Astra International,3431.65,3431.65,3315.6,3348.76,32338100.0,2020-07-24
3034,ASII.JK,Astra International,3365.34,3415.07,3332.18,3398.49,17645200.0,2020-07-27
3035,ASII.JK,Astra International,3431.65,3464.81,3381.92,3431.65,30210400.0,2020-07-28
3036,ASII.JK,Astra International,3431.65,3464.81,3348.76,3365.34,32010100.0,2020-07-29
3037,ASII.JK,Astra International,3332.18,3464.81,3315.6,3415.07,32720500.0,2020-07-30
3038,ASII.JK,Astra International,3381.92,3415.07,3222.77,3236.03,66053200.0,2020-08-03
3039,ASII.JK,Astra International,3249.29,3289.08,3249.29,3289.08,32307000.0,2020-08-04
3040,ASII.JK,Astra International,3295.71,3381.92,3282.45,3348.76,22883900.0,2020-08-05
3041,ASII.JK,Astra International,3365.34,3464.81,3348.76,3464.81,45906700.0,2020-08-06
3042,ASII.JK,Astra International,3464.81,3514.54,3381.92,3497.96,35036700.0,2020-08-07
3043,ASII.JK,Astra International,3497.96,3497.96,3398.49,3398.49,30588200.0,2020-08-10
3044,ASII.JK,Astra International,3431.65,3481.38,3415.07,3464.81,19877700.0,2020-08-11
3045,ASII.JK,Astra International,3464.81,3580.85,3431.65,3580.85,31304300.0,2020-08-12
3046,ASII.JK,Astra International,3614.01,3680.32,3564.27,3580.85,36344700.0,2020-08-13
3047,ASII.JK,Astra International,3580.85,3614.01,3547.7,3564.27,15337700.0,2020-08-14
3048,ASII.JK,Astra International,3531.12,3614.01,3514.54,3564.27,34974800.0,2020-08-18
3049,ASII.JK,Astra International,3597.43,3597.43,3481.38,3514.54,24870200.0,2020-08-19
3050,ASII.JK,Astra International,3514.54,3547.7,3481.38,3514.54,20000900.0,2020-08-24
3051,ASII.JK,Astra International,3531.12,3564.27,3514.54,3514.54,27807900.0,2020-08-25
3052,ASII.JK,Astra International,3580.85,3580.85,3497.96,3547.7,29957700.0,2020-08-26
3053,ASII.JK,Astra International,3564.27,3580.85,3481.38,3514.54,27491500.0,2020-08-27
3054,ASII.JK,Astra International,3514.54,3531.12,3497.96,3531.12,20347900.0,2020-08-28
3055,ASII.JK,Astra International,3531.12,3547.7,3381.92,3381.92,42240600.0,2020-08-31
3056,ASII.JK,Astra International,3431.65,3481.38,3381.92,3481.38,20881000.0,2020-09-01
3057,ASII.JK,Astra International,3514.54,3547.7,3448.23,3514.54,19074500.0,2020-09-02
3058,ASII.JK,Astra International,3547.7,3547.7,3398.49,3431.65,38323300.0,2020-09-03
3059,ASII.JK,Astra International,3381.92,3415.07,3332.18,3348.76,47966200.0,2020-09-04
3060,ASII.JK,Astra International,3348.76,3365.34,3282.45,3332.18,37120700.0,2020-09-07
3061,ASII.JK,Astra International,3332.18,3398.49,3332.18,3398.49,22790200.0,2020-09-08
3062,ASII.JK,Astra International,3332.18,3332.18,3249.29,3249.29,62626200.0,2020-09-09
3063,ASII.JK,Astra International,3023.83,3056.99,3023.83,3023.83,142910700.0,2020-09-10
3064,ASII.JK,Astra International,2884.57,3116.67,2858.05,3070.25,76725700.0,2020-09-11
3065,ASII.JK,Astra International,3169.72,3202.87,3116.67,3176.35,57904800.0,2020-09-14
3066,ASII.JK,Astra International,3216.14,3229.4,3163.09,3196.24,35809700.0,2020-09-15
3067,ASII.JK,Astra International,3216.14,3222.77,3169.72,3169.72,21529200.0,2020-09-16
3068,ASII.JK,Astra International,3163.09,3236.03,3163.09,3222.77,26234600.0,2020-09-17
3069,ASII.JK,Astra International,3209.5,3229.4,3156.45,3169.72,46011300.0,2020-09-18
3070,ASII.JK,Astra International,3176.35,3182.98,3063.62,3096.77,23388100.0,2020-09-21
3071,ASII.JK,Astra International,3050.35,3143.19,3043.72,3096.77,22893300.0,2020-09-22
3072,ASII.JK,Astra International,3103.4,3136.56,3043.72,3070.25,15696100.0,2020-09-23
3073,ASII.JK,Astra International,3063.62,3083.51,3023.83,3050.35,24393300.0,2020-09-24
3074,ASII.JK,Astra International,3056.99,3262.55,3056.99,3222.77,40064600.0,2020-09-25
3075,ASII.JK,Astra International,3229.4,3255.92,3143.19,3143.19,28967600.0,2020-09-28
3076,ASII.JK,Astra International,3156.45,3182.98,3023.83,3030.46,31707100.0,2020-09-29
3077,ASII.JK,Astra International,3023.83,3030.46,2950.89,2957.52,40490200.0,2020-09-30
3078,ASII.JK,Astra International,2977.41,3076.88,2977.41,3056.99,32822900.0,2020-10-01
3079,ASII.JK,Astra International,3070.25,3076.88,2997.31,3043.72,33355000.0,2020-10-02
3080,ASII.JK,Astra International,3050.36,3070.25,3010.57,3023.83,20624400.0,2020-10-05
3081,ASII.JK,Astra International,3083.51,3090.14,3050.36,3063.62,23682500.0,2020-10-06
3082,ASII.JK,Astra International,3061.62,3088.3,3041.61,3088.3,21814000.0,2020-10-07
3083,ASII.JK,Astra International,3094.97,3181.68,3088.3,3168.34,32946600.0,2020-10-08
3084,ASII.JK,Astra International,3148.33,3175.01,3134.99,3161.67,19525000.0,2020-10-09
3085,ASII.JK,Astra International,3195.02,3208.36,3134.99,3134.99,23749400.0,2020-10-12
3086,ASII.JK,Astra International,3134.99,3168.34,3101.64,3161.67,25032100.0,2020-10-13
3087,ASII.JK,Astra International,3141.66,3241.71,3141.66,3215.03,50174100.0,2020-10-14
3088,ASII.JK,Astra International,3215.03,3215.03,3161.67,3161.67,29382300.0,2020-10-15
3089,ASII.JK,Astra International,3161.67,3288.4,3134.99,3288.4,37775400.0,2020-10-16
3090,ASII.JK,Astra International,3288.4,3385.12,3255.05,3335.09,38057900.0,2020-10-19
3091,ASII.JK,Astra International,3328.42,3451.82,3308.41,3451.82,68915600.0,2020-10-20
3092,ASII.JK,Astra International,3468.5,3501.85,3451.82,3501.85,52567200.0,2020-10-21
3093,ASII.JK,Astra International,3468.5,3518.52,3468.5,3501.85,75883000.0,2020-10-22
3094,ASII.JK,Astra International,3535.2,3601.9,3501.85,3601.9,46040700.0,2020-10-23
3095,ASII.JK,Astra International,3601.9,3635.25,3535.2,3601.9,33055000.0,2020-10-26
3096,ASII.JK,Astra International,3535.2,3668.6,3535.2,3618.58,45393900.0,2020-10-27
3097,ASII.JK,Astra International,3551.88,3618.58,3518.52,3601.9,48772200.0,2020-11-02
3098,ASII.JK,Astra International,3635.25,3668.6,3618.58,3668.6,44789800.0,2020-11-03
3099,ASII.JK,Astra International,3651.93,3668.6,3568.55,3601.9,22433700.0,2020-11-04
3100,ASII.JK,Astra International,3668.6,3701.95,3618.58,3668.6,25384200.0,2020-11-05
3101,ASII.JK,Astra International,3685.28,3918.74,3685.28,3885.38,62036900.0,2020-11-06
3102,ASII.JK,Astra International,3868.71,3902.06,3735.31,3735.31,53921900.0,2020-11-09
3103,ASII.JK,Astra International,3852.03,3902.06,3802.01,3835.36,60062700.0,2020-11-10
3104,ASII.JK,Astra International,3902.06,4018.79,3902.06,4002.11,56581600.0,2020-11-11
3105,ASII.JK,Astra International,3918.74,4018.79,3852.03,4002.11,67819100.0,2020-11-12
3106,ASII.JK,Astra International,3935.41,3952.09,3902.06,3935.41,24090900.0,2020-11-13
3107,ASII.JK,Astra International,3952.09,4002.11,3935.41,3952.09,62526400.0,2020-11-16
3108,ASII.JK,Astra International,3968.76,3985.44,3868.71,3868.71,28012800.0,2020-11-17
3109,ASII.JK,Astra International,3885.38,3918.74,3835.36,3852.03,25384700.0,2020-11-18
3110,ASII.JK,Astra International,3835.36,3852.03,3818.68,3818.68,35427800.0,2020-11-19
3111,ASII.JK,Astra International,3818.68,3885.39,3802.01,3818.68,33703300.0,2020-11-20
3112,ASII.JK,Astra International,3818.68,3902.06,3818.68,3868.71,40933800.0,2020-11-23
3113,ASII.JK,Astra International,3918.74,3918.74,3868.71,3868.71,33117500.0,2020-11-24
3114,ASII.JK,Astra International,3885.39,3918.74,3701.95,3701.95,117614100.0,2020-11-25
3115,ASII.JK,Astra International,3685.28,3785.33,3668.6,3768.66,89572000.0,2020-11-26
3116,ASII.JK,Astra International,3768.66,3802.01,3685.28,3701.95,98376500.0,2020-11-27
3117,ASII.JK,Astra International,3701.95,3718.63,3468.5,3535.2,311402400.0,2020-11-30
3118,ASII.JK,Astra International,3618.58,3701.95,3601.9,3701.95,119445500.0,2020-12-01
3119,ASII.JK,Astra International,3735.31,3835.36,3718.63,3818.68,94220300.0,2020-12-02
3120,ASII.JK,Astra International,3818.68,3835.36,3735.31,3751.98,54407800.0,2020-12-03
3121,ASII.JK,Astra International,3751.98,3818.68,3701.95,3802.01,52405500.0,2020-12-04
3122,ASII.JK,Astra International,3868.71,3935.41,3818.68,3902.06,92859500.0,2020-12-07
3123,ASII.JK,Astra International,3902.06,3918.74,3785.33,3802.01,77339200.0,2020-12-08
3124,ASII.JK,Astra International,3868.71,3918.74,3835.36,3885.38,92988900.0,2020-12-10
3125,ASII.JK,Astra International,3885.38,3918.74,3768.66,3785.33,53669200.0,2020-12-11
3126,ASII.JK,Astra International,3818.68,3835.36,3768.66,3785.33,43821600.0,2020-12-14
3127,ASII.JK,Astra International,3785.33,3985.44,3768.66,3968.76,128853200.0,2020-12-15
3128,ASII.JK,Astra International,4002.11,4135.52,4002.11,4085.49,98362500.0,2020-12-16
3129,ASII.JK,Astra International,4085.49,4135.52,4035.46,4135.52,76361900.0,2020-12-17
3130,ASII.JK,Astra International,4168.87,4185.54,4118.84,4135.52,81878000.0,2020-12-18
3131,ASII.JK,Astra International,4135.52,4152.19,4068.82,4102.17,54800500.0,2020-12-21
3132,ASII.JK,Astra International,4068.82,4168.87,3968.76,4052.14,94394100.0,2020-12-22
3133,ASII.JK,Astra International,4018.79,4068.82,3885.38,4002.11,73880100.0,2020-12-23
3134,ASII.JK,Astra International,4118.84,4118.84,3968.76,4052.14,32572200.0,2020-12-28
3135,ASII.JK,Astra International,4068.81,4118.84,4002.11,4035.46,40341500.0,2020-12-29
3136,ASII.JK,Astra International,4068.81,4085.49,4018.79,4018.79,39615400.0,2020-12-30
3137,ASII.JK,Astra International,4068.82,4168.87,4018.79,4152.19,34840200.0,2021-01-04
3138,ASII.JK,Astra International,4152.19,4168.87,4102.17,4118.84,27318400.0,2021-01-05
3139,ASII.JK,Astra International,4118.84,4152.19,3968.76,4102.17,42778200.0,2021-01-06
3140,ASII.JK,Astra International,4118.84,4135.52,4052.14,4052.14,33536400.0,2021-01-07
3141,ASII.JK,Astra International,4102.17,4318.95,4068.81,4285.6,88590400.0,2021-01-08
3142,ASII.JK,Astra International,4335.62,4402.33,4318.95,4352.3,57622400.0,2021-01-11
3143,ASII.JK,Astra International,4285.6,4435.68,4268.92,4352.3,38226200.0,2021-01-12
3144,ASII.JK,Astra International,4402.32,4535.73,4335.62,4519.05,56171600.0,2021-01-13
3145,ASII.JK,Astra International,4569.08,4619.11,4519.05,4519.05,48209800.0,2021-01-14
3146,ASII.JK,Astra International,4535.73,4569.08,4352.3,4385.65,45722300.0,2021-01-15
3147,ASII.JK,Astra International,4385.65,4469.03,4352.3,4452.35,48444700.0,2021-01-18
3148,ASII.JK,Astra International,4519.05,4519.05,4385.65,4452.35,37236400.0,2021-01-19
3149,ASII.JK,Astra International,4419.0,4519.05,4419.0,4452.35,27403000.0,2021-01-20
3150,ASII.JK,Astra International,4535.73,4535.73,4485.7,4535.73,32219700.0,2021-01-21
3151,ASII.JK,Astra International,4552.4,4569.08,4402.32,4469.03,34960500.0,2021-01-22
3152,ASII.JK,Astra International,4435.68,4435.68,4218.89,4318.95,73391700.0,2021-01-25
3153,ASII.JK,Astra International,4318.95,4385.65,4202.22,4235.57,39158300.0,2021-01-26
3154,ASII.JK,Astra International,4235.57,4235.57,4102.17,4185.54,56444100.0,2021-01-27
3155,ASII.JK,Astra International,4102.17,4302.27,4102.17,4185.54,54596400.0,2021-01-28
3156,ASII.JK,Astra International,4202.22,4252.25,3968.76,4068.82,71886200.0,2021-01-29
3157,ASII.JK,Astra International,3902.06,4052.14,3835.36,4018.79,57416200.0,2021-02-01
3158,ASII.JK,Astra International,4102.17,4102.17,3918.74,3985.44,42421400.0,2021-02-02
3159,ASII.JK,Astra International,4052.14,4185.54,3968.76,4102.17,76420800.0,2021-02-03
3160,ASII.JK,Astra International,4152.19,4152.19,4085.49,4135.52,29508100.0,2021-02-04
3161,ASII.JK,Astra International,4168.87,4168.87,4035.46,4068.82,34366600.0,2021-02-05
3162,ASII.JK,Astra International,4135.52,4135.52,4052.14,4068.82,28817400.0,2021-02-08
3163,ASII.JK,Astra International,4068.81,4135.52,3885.38,3885.38,113795000.0,2021-02-09
3164,ASII.JK,Astra International,3902.06,3985.44,3885.38,3935.41,43492200.0,2021-02-10
3165,ASII.JK,Astra International,3918.74,3968.76,3885.39,3902.06,37890700.0,2021-02-11
3166,ASII.JK,Astra International,4068.81,4168.87,3968.76,3968.76,178642200.0,2021-02-15
3167,ASII.JK,Astra International,3985.44,4002.11,3935.41,3952.09,35796600.0,2021-02-16
3168,ASII.JK,Astra International,3935.41,3952.09,3835.36,3868.71,56517500.0,2021-02-17
3169,ASII.JK,Astra International,3835.36,3918.74,3818.68,3818.68,56765900.0,2021-02-18
3170,ASII.JK,Astra International,3818.68,3902.06,3818.68,3852.03,42627800.0,2021-02-19
3171,ASII.JK,Astra International,3885.38,3902.06,3802.01,3802.01,55230300.0,2021-02-22
3172,ASII.JK,Astra International,3802.01,3885.39,3802.01,3818.68,60745000.0,2021-02-23
3173,ASII.JK,Astra International,3852.03,3902.06,3735.31,3751.98,73050200.0,2021-02-24
3174,ASII.JK,Astra International,3802.01,3802.01,3651.93,3718.63,123672200.0,2021-02-25
3175,ASII.JK,Astra International,3635.25,3685.28,3568.55,3601.9,146271500.0,2021-02-26
3176,ASII.JK,Astra International,3668.6,3735.31,3635.25,3735.31,118418900.0,2021-03-01
3177,ASII.JK,Astra International,3768.66,3785.33,3701.95,3718.63,87061500.0,2021-03-02
3178,ASII.JK,Astra International,3751.98,3802.01,3685.28,3785.33,49030200.0,2021-03-03
3179,ASII.JK,Astra International,3785.33,3802.01,3685.28,3718.63,70766800.0,2021-03-04
3180,ASII.JK,Astra International,3685.28,3718.63,3651.93,3668.6,48034400.0,2021-03-05
3181,ASII.JK,Astra International,3701.95,3751.98,3651.93,3701.95,55652900.0,2021-03-08
3182,ASII.JK,Astra International,3701.96,3768.66,3601.9,3685.28,66908800.0,2021-03-09
3183,ASII.JK,Astra International,3668.6,3685.28,3601.9,3618.58,66154200.0,2021-03-10
3184,ASII.JK,Astra International,3701.95,3718.63,3635.25,3651.93,87065000.0,2021-03-12
3185,ASII.JK,Astra International,3685.28,3751.98,3668.6,3685.28,48489500.0,2021-03-15
3186,ASII.JK,Astra International,3735.31,3818.68,3701.95,3701.95,64804400.0,2021-03-16
3187,ASII.JK,Astra International,3751.98,3768.66,3701.95,3718.63,61881600.0,2021-03-17
3188,ASII.JK,Astra International,3785.33,3868.71,3751.98,3818.68,90338700.0,2021-03-18
3189,ASII.JK,Astra International,3818.68,3852.03,3751.98,3852.03,80429800.0,2021-03-19
3190,ASII.JK,Astra International,3835.36,3852.03,3701.95,3718.63,57320300.0,2021-03-22
3191,ASII.JK,Astra International,3701.95,3785.33,3701.95,3718.63,46973100.0,2021-03-23
3192,ASII.JK,Astra International,3718.63,3735.31,3635.25,3635.25,40065300.0,2021-03-24
3193,ASII.JK,Astra International,3635.25,3685.28,3601.9,3635.25,49497900.0,2021-03-25
3194,ASII.JK,Astra International,3685.28,3735.31,3651.93,3735.31,24880300.0,2021-03-26
3195,ASII.JK,Astra International,3735.31,3768.66,3685.28,3685.28,25164100.0,2021-03-29
3196,ASII.JK,Astra International,3651.93,3701.95,3601.9,3601.9,55842300.0,2021-03-30
3197,ASII.JK,Astra International,3635.25,3635.25,3485.17,3518.52,89835200.0,2021-03-31
3198,ASII.JK,Astra International,3568.55,3601.9,3551.88,3568.55,33323600.0,2021-04-01
3199,ASII.JK,Astra International,3618.58,3635.25,3568.55,3568.55,29142200.0,2021-04-05
3200,ASII.JK,Astra International,3585.23,3601.9,3535.2,3568.55,26040800.0,2021-04-06
3201,ASII.JK,Astra International,3535.2,3568.55,3518.52,3551.88,33361900.0,2021-04-07
3202,ASII.JK,Astra International,3585.23,3585.23,3535.2,3535.2,43680100.0,2021-04-08
3203,ASII.JK,Astra International,3535.2,3601.9,3518.52,3518.52,59348800.0,2021-04-09
3204,ASII.JK,Astra International,3501.85,3518.52,3368.45,3385.12,68211200.0,2021-04-12
3205,ASII.JK,Astra International,3351.77,3451.82,3351.77,3385.12,53505400.0,2021-04-13
3206,ASII.JK,Astra International,3435.15,3518.52,3401.8,3501.85,39277800.0,2021-04-14
3207,ASII.JK,Astra International,3501.85,3518.52,3451.82,3501.85,34533700.0,2021-04-15
3208,ASII.JK,Astra International,3535.2,3551.88,3468.5,3501.85,38151200.0,2021-04-16
3209,ASII.JK,Astra International,3485.17,3501.85,3468.5,3468.5,30832600.0,2021-04-19
3210,ASII.JK,Astra International,3435.15,3535.2,3435.15,3535.2,46601200.0,2021-04-20
3211,ASII.JK,Astra International,3485.17,3518.52,3468.5,3485.17,47261000.0,2021-04-21
3212,ASII.JK,Astra International,3485.17,3668.6,3485.17,3635.25,86785100.0,2021-04-22
3213,ASII.JK,Astra International,3668.6,3768.66,3651.93,3751.98,95175600.0,2021-04-23
3214,ASII.JK,Astra International,3751.98,3785.33,3735.31,3751.98,65428000.0,2021-04-26
3215,ASII.JK,Astra International,3751.98,3768.66,3651.93,3685.28,41552600.0,2021-04-27
3216,ASII.JK,Astra International,3601.9,3718.63,3551.88,3568.55,72011700.0,2021-04-28
3217,ASII.JK,Astra International,3568.55,3651.93,3568.55,3618.58,43203100.0,2021-04-29
3218,ASII.JK,Astra International,3635.25,3701.95,3585.23,3668.6,56668600.0,2021-04-30
3219,ASII.JK,Astra International,3693.68,3727.57,3659.79,3676.74,29451000.0,2021-05-03
3220,ASII.JK,Astra International,3727.57,3778.4,3676.74,3727.57,39860400.0,2021-05-04
3221,ASII.JK,Astra International,3744.51,3795.34,3710.62,3744.51,27270000.0,2021-05-05
3222,ASII.JK,Astra International,3795.34,3795.34,3659.79,3676.74,34361400.0,2021-05-06
3223,ASII.JK,Astra International,3693.68,3710.62,3575.08,3608.96,30771700.0,2021-05-07
3224,ASII.JK,Astra International,3625.91,3676.74,3625.91,3642.85,25429700.0,2021-05-10
3225,ASII.JK,Astra International,3659.79,3676.74,3507.3,3541.19,49162600.0,2021-05-11
3226,ASII.JK,Astra International,3592.02,3608.96,3473.42,3507.3,47623100.0,2021-05-17
3227,ASII.JK,Astra International,3490.36,3524.25,3456.47,3490.36,45784300.0,2021-05-18
3228,ASII.JK,Astra International,3456.47,3473.41,3405.64,3422.58,47008800.0,2021-05-19
3229,ASII.JK,Astra International,3422.59,3524.25,3405.64,3507.3,49746900.0,2021-05-20
3230,ASII.JK,Astra International,3507.3,3541.19,3422.58,3422.58,43416900.0,2021-05-21
3231,ASII.JK,Astra International,3456.47,3490.36,3405.64,3456.47,33540000.0,2021-05-24
3232,ASII.JK,Astra International,3456.47,3490.36,3422.58,3439.53,45393500.0,2021-05-25
3233,ASII.JK,Astra International,3456.47,3541.19,3439.53,3490.36,99709500.0,2021-05-27
3234,ASII.JK,Astra International,3507.3,3541.19,3473.41,3490.36,24346700.0,2021-05-28
3235,ASII.JK,Astra International,3507.3,3592.02,3490.36,3558.13,41498000.0,2021-05-31
3236,ASII.JK,Astra International,3625.91,3625.91,3575.08,3608.96,43217400.0,2021-06-02
3237,ASII.JK,Astra International,3625.91,3625.91,3575.08,3625.91,49012700.0,2021-06-03
3238,ASII.JK,Astra International,3608.96,3625.91,3524.24,3541.19,35211100.0,2021-06-04
3239,ASII.JK,Astra International,3541.19,3592.02,3524.24,3558.13,31693200.0,2021-06-07
3240,ASII.JK,Astra International,3592.02,3608.96,3524.24,3575.07,35402300.0,2021-06-08
3241,ASII.JK,Astra International,3575.08,3625.91,3541.19,3608.96,24331300.0,2021-06-09
3242,ASII.JK,Astra International,3659.79,3676.74,3608.96,3659.79,42924200.0,2021-06-10
3243,ASII.JK,Astra International,3659.79,3676.74,3558.13,3575.07,44421700.0,2021-06-11
3244,ASII.JK,Astra International,3625.91,3625.91,3490.36,3507.3,40699500.0,2021-06-14
3245,ASII.JK,Astra International,3507.3,3524.25,3473.41,3490.36,35915800.0,2021-06-15
3246,ASII.JK,Astra International,3524.25,3524.25,3473.41,3490.36,29144900.0,2021-06-16
3247,ASII.JK,Astra International,3473.41,3490.36,3439.53,3456.47,38074600.0,2021-06-17
3248,ASII.JK,Astra International,3439.53,3473.41,3320.92,3388.7,112157600.0,2021-06-18
3249,ASII.JK,Astra International,3334.48,3368.37,3226.04,3334.48,48183300.0,2021-06-21
3250,ASII.JK,Astra International,3334.48,3405.64,3320.92,3334.48,47156200.0,2021-06-22
3251,ASII.JK,Astra International,3375.14,3405.64,3334.48,3341.26,46351900.0,2021-06-23
3252,ASII.JK,Astra International,3341.26,3375.14,3327.7,3348.03,24665200.0,2021-06-24
3253,ASII.JK,Astra International,3348.03,3375.14,3327.7,3334.48,33125300.0,2021-06-25
3254,ASII.JK,Astra International,3334.48,3341.26,3192.15,3192.15,53083400.0,2021-06-28
3255,ASII.JK,Astra International,3205.71,3334.48,3192.15,3280.26,70425700.0,2021-06-29
3256,ASII.JK,Astra International,3273.48,3388.7,3266.7,3348.03,34641700.0,2021-06-30
3257,ASII.JK,Astra International,3381.92,3456.47,3354.81,3405.64,42856900.0,2021-07-01
3258,ASII.JK,Astra International,3405.64,3439.53,3375.14,3388.7,22436900.0,2021-07-02
3259,ASII.JK,Astra International,3422.58,3439.53,3334.48,3348.03,27554100.0,2021-07-05
3260,ASII.JK,Astra International,3368.37,3368.37,3314.15,3320.92,31280100.0,2021-07-06
3261,ASII.JK,Astra International,3320.92,3381.92,3293.81,3320.92,35907800.0,2021-07-07
3262,ASII.JK,Astra International,3341.26,3361.59,3287.04,3307.37,40566600.0,2021-07-08
3263,ASII.JK,Astra International,3307.37,3334.48,3300.59,3327.7,21088500.0,2021-07-09
3264,ASII.JK,Astra International,3327.7,3354.81,3307.37,3334.48,26816600.0,2021-07-12
3265,ASII.JK,Astra International,3354.81,3361.59,3287.04,3320.92,28998600.0,2021-07-13
3266,ASII.JK,Astra International,3334.48,3334.48,3205.71,3205.71,43408700.0,2021-07-14
3267,ASII.JK,Astra International,3205.71,3280.26,3144.71,3259.93,50750700.0,2021-07-15
3268,ASII.JK,Astra International,3280.26,3327.7,3266.7,3307.37,32544000.0,2021-07-16
3269,ASII.JK,Astra International,3287.04,3300.59,3239.59,3239.59,25106100.0,2021-07-19
3270,ASII.JK,Astra International,3239.59,3341.26,3239.59,3300.59,41716000.0,2021-07-21
3271,ASII.JK,Astra International,3341.26,3405.64,3320.92,3375.14,36287300.0,2021-07-22
3272,ASII.JK,Astra International,3388.7,3388.7,3327.7,3354.81,26847700.0,2021-07-23
3273,ASII.JK,Astra International,3354.81,3368.37,3232.82,3232.82,43373400.0,2021-07-26
3274,ASII.JK,Astra International,3232.82,3273.48,3205.71,3226.04,42635500.0,2021-07-27
3275,ASII.JK,Astra International,3239.59,3246.37,3192.15,3192.15,24083000.0,2021-07-28
3276,ASII.JK,Astra International,3198.93,3212.49,3151.49,3151.49,50238500.0,2021-07-29
3277,ASII.JK,Astra International,3192.15,3280.26,3165.04,3198.93,65379500.0,2021-07-30
3278,ASII.JK,Astra International,3205.71,3266.7,3205.71,3266.7,39192600.0,2021-08-02
3279,ASII.JK,Astra International,3280.26,3368.36,3273.48,3348.03,46414100.0,2021-08-03
3280,ASII.JK,Astra International,3368.37,3368.37,3300.59,3320.92,25646900.0,2021-08-04
3281,ASII.JK,Astra International,3320.92,3341.26,3293.81,3314.15,31304900.0,2021-08-05
3282,ASII.JK,Astra International,3348.03,3375.14,3307.37,3348.03,45454600.0,2021-08-06
3283,ASII.JK,Astra International,3348.03,3354.81,3273.48,3293.81,31858700.0,2021-08-09
3284,ASII.JK,Astra International,3320.92,3341.26,3280.26,3327.7,41920300.0,2021-08-10
3285,ASII.JK,Astra International,3348.03,3361.59,3307.37,3348.03,22191700.0,2021-08-12
3286,ASII.JK,Astra International,3361.59,3439.53,3361.59,3405.64,62673300.0,2021-08-13
3287,ASII.JK,Astra International,3422.58,3439.53,3381.92,3439.53,46949700.0,2021-08-16
3288,ASII.JK,Astra International,3456.47,3592.02,3439.53,3541.19,102560600.0,2021-08-18
3289,ASII.JK,Astra International,3541.19,3575.08,3439.53,3490.36,53594900.0,2021-08-19
3290,ASII.JK,Astra International,3490.36,3490.36,3388.7,3456.47,32878200.0,2021-08-20
3291,ASII.JK,Astra International,3456.47,3490.36,3422.58,3456.47,30921500.0,2021-08-23
3292,ASII.JK,Astra International,3507.3,3507.3,3422.58,3439.53,32783500.0,2021-08-24
3293,ASII.JK,Astra International,3490.36,3524.25,3439.53,3490.36,26870400.0,2021-08-25
3294,ASII.JK,Astra International,3524.25,3524.25,3422.58,3456.47,28757400.0,2021-08-26
3295,ASII.JK,Astra International,3456.47,3456.47,3422.58,3422.58,26966100.0,2021-08-27
3296,ASII.JK,Astra International,3456.47,3575.07,3456.47,3575.07,51914600.0,2021-08-30
3297,ASII.JK,Astra International,3575.08,3592.02,3524.24,3541.19,45649200.0,2021-08-31
3298,ASII.JK,Astra International,3541.19,3575.08,3456.47,3507.3,26732500.0,2021-09-01
3299,ASII.JK,Astra International,3524.24,3558.13,3507.3,3558.13,17335000.0,2021-09-02
3300,ASII.JK,Astra International,3558.13,3625.91,3524.25,3625.91,28004500.0,2021-09-03
3301,ASII.JK,Astra International,3642.85,3693.68,3608.96,3676.74,28315200.0,2021-09-06
3302,ASII.JK,Astra International,3676.74,3693.68,3592.02,3625.91,23685800.0,2021-09-07
3303,ASII.JK,Astra International,3642.85,3642.85,3558.13,3558.13,44076000.0,2021-09-08
3304,ASII.JK,Astra International,3558.13,3693.68,3558.13,3693.68,49118000.0,2021-09-09
3305,ASII.JK,Astra International,3693.68,3710.62,3642.85,3676.74,31997100.0,2021-09-10
3306,ASII.JK,Astra International,3676.74,3727.57,3625.91,3693.68,29796400.0,2021-09-13
3307,ASII.JK,Astra International,3727.57,3761.45,3693.68,3744.51,34356900.0,2021-09-14
3308,ASII.JK,Astra International,3744.51,3761.45,3642.85,3659.79,61522300.0,2021-09-15
3309,ASII.JK,Astra International,3676.74,3710.62,3625.91,3642.85,27187700.0,2021-09-16
3310,ASII.JK,Astra International,3642.85,3676.74,3575.08,3676.74,44004000.0,2021-09-17
3311,ASII.JK,Astra International,3676.74,3676.74,3541.19,3592.02,46896100.0,2021-09-20
3312,ASII.JK,Astra International,3575.08,3575.08,3490.36,3541.19,23656300.0,2021-09-21
3313,ASII.JK,Astra International,3541.19,3625.91,3524.24,3575.07,21750800.0,2021-09-22
3314,ASII.JK,Astra International,3575.08,3608.96,3490.36,3490.36,27178400.0,2021-09-23
3315,ASII.JK,Astra International,3490.36,3541.19,3473.41,3490.36,29394300.0,2021-09-24
3316,ASII.JK,Astra International,3490.36,3541.19,3473.42,3507.3,25252300.0,2021-09-27
3317,ASII.JK,Astra International,3507.3,3524.25,3439.53,3439.53,35640900.0,2021-09-28
3318,ASII.JK,Astra International,3439.53,3625.91,3422.58,3608.96,42995900.0,2021-09-29
3319,ASII.JK,Astra International,3642.85,3727.57,3592.02,3727.57,44723000.0,2021-09-30
3320,ASII.JK,Astra International,3693.68,3727.57,3659.79,3693.68,27484100.0,2021-10-01
3321,ASII.JK,Astra International,3727.57,3812.28,3710.62,3778.4,52074900.0,2021-10-04
3322,ASII.JK,Astra International,3778.4,3829.23,3727.57,3761.45,27128000.0,2021-10-05
3323,ASII.JK,Astra International,3795.34,4134.21,3778.4,4049.49,168237500.0,2021-10-06
3324,ASII.JK,Astra International,4049.49,4066.44,3863.11,3863.11,97516000.0,2021-10-07
3325,ASII.JK,Astra International,3893.86,4081.72,3842.62,4030.48,91094200.0,2021-10-08
3326,ASII.JK,Astra International,4047.56,4064.64,3945.09,3945.09,38994500.0,2021-10-11
3327,ASII.JK,Astra International,3962.17,4064.64,3945.09,4013.4,68823100.0,2021-10-12
3328,ASII.JK,Astra International,4064.64,4303.74,4047.56,4286.66,143652900.0,2021-10-13
3329,ASII.JK,Astra International,4303.73,4406.2,4184.19,4252.5,104502800.0,2021-10-14
3330,ASII.JK,Astra International,4286.66,4303.74,4184.19,4269.58,82896700.0,2021-10-15
3331,ASII.JK,Astra International,4286.66,4337.89,4235.42,4252.5,61419000.0,2021-10-18
3332,ASII.JK,Astra International,4286.66,4354.97,4235.42,4337.89,52117000.0,2021-10-19
3333,ASII.JK,Astra International,4337.89,4337.89,4184.19,4201.27,132905200.0,2021-10-21
3334,ASII.JK,Astra International,4201.27,4252.5,4184.19,4218.34,26886400.0,2021-10-22
3335,ASII.JK,Astra International,4235.42,4252.5,4115.87,4132.95,51872000.0,2021-10-25
3336,ASII.JK,Astra International,4132.95,4218.34,4132.95,4201.27,25950500.0,2021-10-26
3337,ASII.JK,Astra International,4167.11,4184.19,4098.8,4098.8,40588700.0,2021-10-27
3338,ASII.JK,Astra International,4098.8,4218.34,4064.64,4098.8,50046900.0,2021-10-28
3339,ASII.JK,Astra International,4252.5,4269.58,4115.87,4115.87,82397400.0,2021-10-29
3340,ASII.JK,Astra International,4132.95,4201.27,4115.87,4115.87,37254100.0,2021-11-01
3341,ASII.JK,Astra International,4115.87,4167.11,4030.48,4030.48,25293400.0,2021-11-02
3342,ASII.JK,Astra International,4030.48,4115.87,3979.25,4081.72,90495000.0,2021-11-03
3343,ASII.JK,Astra International,4150.03,4150.03,4064.64,4081.72,41774200.0,2021-11-04
3344,ASII.JK,Astra International,4030.48,4081.72,3996.33,4047.56,80775400.0,2021-11-05
3345,ASII.JK,Astra International,4047.56,4098.8,4030.48,4047.56,23177300.0,2021-11-08
3346,ASII.JK,Astra International,4030.48,4064.64,3996.33,3996.33,41112200.0,2021-11-09
3347,ASII.JK,Astra International,4047.56,4269.58,4013.4,4218.34,104312600.0,2021-11-10
3348,ASII.JK,Astra International,4235.42,4269.58,4201.27,4218.34,51111700.0,2021-11-11
3349,ASII.JK,Astra International,4235.42,4252.5,4150.03,4201.27,26920800.0,2021-11-12
3350,ASII.JK,Astra International,4201.27,4218.34,4132.95,4184.19,22148900.0,2021-11-15
3351,ASII.JK,Astra International,4184.19,4269.58,4167.11,4218.34,42681000.0,2021-11-16
3352,ASII.JK,Astra International,4252.5,4269.58,4218.34,4269.58,49120900.0,2021-11-17
3353,ASII.JK,Astra International,4269.58,4269.58,4218.34,4235.42,29629900.0,2021-11-18
3354,ASII.JK,Astra International,4252.5,4269.58,4235.42,4252.5,37505200.0,2021-11-19
3355,ASII.JK,Astra International,4269.58,4354.97,4184.19,4235.42,62612600.0,2021-11-22
3356,ASII.JK,Astra International,4269.58,4303.74,4218.34,4269.58,31557400.0,2021-11-23
3357,ASII.JK,Astra International,4286.66,4286.66,4235.42,4252.5,25645300.0,2021-11-24
3358,ASII.JK,Astra International,4269.58,4303.73,4218.34,4252.5,32763500.0,2021-11-25
3359,ASII.JK,Astra International,4235.42,4252.5,4013.4,4030.48,93634100.0,2021-11-26
3360,ASII.JK,Astra International,4030.48,4098.8,3928.01,4081.72,87367400.0,2021-11-29
3361,ASII.JK,Astra International,4064.64,4081.72,3928.01,3945.09,97592700.0,2021-11-30
3362,ASII.JK,Astra International,3979.25,3996.33,3842.62,3859.7,102412800.0,2021-12-01
3363,ASII.JK,Astra International,3859.7,4013.4,3825.54,3996.33,48422300.0,2021-12-02
3364,ASII.JK,Astra International,4030.48,4047.56,3910.93,3928.01,31882900.0,2021-12-03
3365,ASII.JK,Astra International,3928.01,3962.17,3859.7,3859.7,53112400.0,2021-12-06
3366,ASII.JK,Astra International,3893.86,4047.56,3893.86,4047.56,39679500.0,2021-12-07
3367,ASII.JK,Astra International,4047.56,4064.64,3945.09,3962.17,44189500.0,2021-12-08
3368,ASII.JK,Astra International,4030.48,4098.8,3962.17,4098.8,35386900.0,2021-12-09
3369,ASII.JK,Astra International,4064.64,4064.64,3962.17,4047.56,55629400.0,2021-12-10
3370,ASII.JK,Astra International,4047.56,4081.72,4013.4,4030.48,30655800.0,2021-12-13
3371,ASII.JK,Astra International,4047.56,4047.56,3996.33,4013.4,17233700.0,2021-12-14
3372,ASII.JK,Astra International,4030.48,4132.95,4013.4,4098.8,51113700.0,2021-12-15
3373,ASII.JK,Astra International,4115.87,4132.95,3962.17,3962.17,56929600.0,2021-12-16
3374,ASII.JK,Astra International,3962.17,3979.25,3910.93,3962.17,55854900.0,2021-12-17
3375,ASII.JK,Astra International,3928.01,3945.09,3876.78,3876.78,26290000.0,2021-12-20
3376,ASII.JK,Astra International,3876.78,3928.01,3859.7,3859.7,29127800.0,2021-12-21
3377,ASII.JK,Astra International,3893.86,3945.09,3842.62,3842.62,33727100.0,2021-12-22
3378,ASII.JK,Astra International,3859.7,3928.01,3842.62,3910.93,21744100.0,2021-12-23
3379,ASII.JK,Astra International,3910.93,3928.01,3859.7,3876.78,16203800.0,2021-12-24
3380,ASII.JK,Astra International,3910.93,3928.01,3859.7,3876.78,20426700.0,2021-12-27
3381,ASII.JK,Astra International,3876.78,3928.01,3859.7,3910.93,21833300.0,2021-12-28
3382,ASII.JK,Astra International,3928.01,3945.09,3876.78,3928.01,14260000.0,2021-12-29
3383,ASII.JK,Astra International,3945.09,3945.09,3893.86,3893.86,17144000.0,2021-12-30
3384,ASII.JK,Astra International,3876.78,3928.01,3842.62,3910.93,27052300.0,2022-01-03
3385,ASII.JK,Astra International,3928.01,4013.4,3910.93,3945.09,29770700.0,2022-01-04
3386,ASII.JK,Astra International,3910.93,3945.09,3791.39,3808.46,50423900.0,2022-01-05
3387,ASII.JK,Astra International,3825.54,3876.78,3808.46,3876.78,32155800.0,2022-01-06
3388,ASII.JK,Astra International,3910.93,3928.01,3859.7,3893.86,25014800.0,2022-01-07
3389,ASII.JK,Astra International,3876.78,3910.93,3859.7,3859.7,15379400.0,2022-01-10
3390,ASII.JK,Astra International,3893.86,3893.86,3859.7,3893.86,21800300.0,2022-01-11
3391,ASII.JK,Astra International,3910.93,3910.93,3859.7,3910.93,21283700.0,2022-01-12
3392,ASII.JK,Astra International,3910.93,3945.09,3876.78,3945.09,18618100.0,2022-01-13
3393,ASII.JK,Astra International,3945.09,3962.17,3893.86,3910.93,17719100.0,2022-01-14
3394,ASII.JK,Astra International,3945.09,3945.09,3859.7,3876.78,15859100.0,2022-01-17
3395,ASII.JK,Astra International,3876.78,3910.93,3808.46,3859.7,28165300.0,2022-01-18
3396,ASII.JK,Astra International,3859.7,3876.78,3808.46,3825.54,38051800.0,2022-01-19
3397,ASII.JK,Astra International,3825.54,3842.62,3757.23,3774.31,46564600.0,2022-01-20
3398,ASII.JK,Astra International,3774.31,3842.62,3757.23,3825.54,40709600.0,2022-01-21
3399,ASII.JK,Astra International,3825.54,3842.62,3774.31,3774.31,27127800.0,2022-01-24
3400,ASII.JK,Astra International,3757.23,3757.23,3671.84,3723.07,56709200.0,2022-01-25
3401,ASII.JK,Astra International,3757.23,3757.23,3705.99,3723.07,27985700.0,2022-01-26
3402,ASII.JK,Astra International,3705.99,3774.31,3688.92,3740.15,34574800.0,2022-01-27
3403,ASII.JK,Astra International,3740.15,3774.31,3723.07,3740.15,27378500.0,2022-01-28
3404,ASII.JK,Astra International,3740.15,3791.39,3723.07,3740.15,32006300.0,2022-01-31
3405,ASII.JK,Astra International,3757.23,3774.31,3705.99,3757.23,33450400.0,2022-02-02
3406,ASII.JK,Astra International,3757.23,3791.39,3723.07,3757.23,38565600.0,2022-02-03
3407,ASII.JK,Astra International,3774.31,3774.31,3740.15,3757.23,16052500.0,2022-02-04
3408,ASII.JK,Astra International,3757.23,3774.31,3723.07,3740.15,46685400.0,2022-02-07
3409,ASII.JK,Astra International,3774.31,3893.86,3757.23,3791.39,95691000.0,2022-02-08
3410,ASII.JK,Astra International,3791.39,3859.7,3740.15,3791.39,80244900.0,2022-02-09
3411,ASII.JK,Astra International,3808.46,3842.62,3723.07,3723.07,93265400.0,2022-02-10
3412,ASII.JK,Astra International,3723.07,3740.15,3688.92,3723.07,36376700.0,2022-02-11
3413,ASII.JK,Astra International,3688.92,3705.99,3586.45,3620.6,74307400.0,2022-02-14
3414,ASII.JK,Astra International,3620.6,3774.31,3620.6,3757.23,77964800.0,2022-02-15
3415,ASII.JK,Astra International,3791.39,3825.54,3740.15,3740.15,46730000.0,2022-02-16
3416,ASII.JK,Astra International,3757.23,3774.31,3705.99,3740.15,47572000.0,2022-02-17
3417,ASII.JK,Astra International,3723.07,3842.62,3705.99,3825.54,53981400.0,2022-02-18
3418,ASII.JK,Astra International,3842.62,3859.7,3791.39,3808.46,27509200.0,2022-02-21
3419,ASII.JK,Astra International,3774.31,3808.46,3723.07,3808.46,49233600.0,2022-02-22
3420,ASII.JK,Astra International,3808.46,3859.7,3774.31,3859.7,44299100.0,2022-02-23
3421,ASII.JK,Astra International,3842.62,3945.09,3774.31,3893.86,76492000.0,2022-02-24
3422,ASII.JK,Astra International,3893.86,3962.17,3859.7,3962.17,97598000.0,2022-02-25
3423,ASII.JK,Astra International,3962.17,4064.64,3893.86,3893.86,101227600.0,2022-03-01
3424,ASII.JK,Astra International,3859.7,3893.86,3757.23,3774.31,80565600.0,2022-03-02
3425,ASII.JK,Astra International,3808.46,3876.78,3774.31,3842.62,50348400.0,2022-03-04
3426,ASII.JK,Astra International,3825.54,3979.25,3791.39,3962.17,59978000.0,2022-03-07
3427,ASII.JK,Astra International,4098.8,4474.52,4081.72,4269.58,256655000.0,2022-03-08
3428,ASII.JK,Astra International,4440.36,4440.36,4252.5,4303.74,107853200.0,2022-03-09
3429,ASII.JK,Astra International,4303.74,4303.74,4201.27,4269.58,56584100.0,2022-03-10
3430,ASII.JK,Astra International,4218.34,4303.74,4184.19,4286.66,32940500.0,2022-03-11
3431,ASII.JK,Astra International,4337.89,4389.13,4303.74,4354.97,61811900.0,2022-03-14
3432,ASII.JK,Astra International,4389.13,4406.21,4286.66,4303.74,57193600.0,2022-03-15
3433,ASII.JK,Astra International,4320.81,4372.05,4303.74,4372.05,55776300.0,2022-03-16
3434,ASII.JK,Astra International,4372.05,4423.28,4337.89,4389.13,53844700.0,2022-03-17
3435,ASII.JK,Astra International,4406.21,4406.21,4320.81,4372.05,69493500.0,2022-03-18
3436,ASII.JK,Astra International,4406.21,4508.68,4406.21,4508.68,72452300.0,2022-03-21
3437,ASII.JK,Astra International,4508.68,4508.68,4440.36,4491.6,39260600.0,2022-03-22
3438,ASII.JK,Astra International,4491.6,4491.6,4406.21,4423.28,27348900.0,2022-03-23
3439,ASII.JK,Astra International,4389.13,4491.6,4389.13,4491.6,37635100.0,2022-03-24
3440,ASII.JK,Astra International,4474.52,4491.6,4354.97,4372.05,42984300.0,2022-03-25
3441,ASII.JK,Astra International,4372.05,4628.22,4372.05,4576.99,68545500.0,2022-03-28
3442,ASII.JK,Astra International,4508.68,4576.99,4474.52,4474.52,24901500.0,2022-03-29
3443,ASII.JK,Astra International,4474.52,4542.83,4440.36,4542.83,34320500.0,2022-03-30
3444,ASII.JK,Astra International,4559.91,4559.91,4491.6,4491.6,41346500.0,2022-03-31
3445,ASII.JK,Astra International,4628.22,4628.22,4525.75,4576.99,35365600.0,2022-04-01
3446,ASII.JK,Astra International,4628.22,4662.38,4559.91,4662.38,29374100.0,2022-04-04
3447,ASII.JK,Astra International,4662.38,4713.62,4594.07,4713.62,28581200.0,2022-04-05
3448,ASII.JK,Astra International,4662.38,4781.93,4645.3,4781.93,48854700.0,2022-04-06
3449,ASII.JK,Astra International,4747.77,4781.93,4679.46,4713.62,41492600.0,2022-04-07
3450,ASII.JK,Astra International,4781.93,4833.16,4713.62,4781.93,55006300.0,2022-04-08
3451,ASII.JK,Astra International,4764.85,4781.93,4611.15,4679.46,51481700.0,2022-04-11
3452,ASII.JK,Astra International,4696.54,4747.77,4662.38,4747.77,41879800.0,2022-04-12
3453,ASII.JK,Astra International,4747.77,4781.93,4696.54,4764.85,52818100.0,2022-04-13
3454,ASII.JK,Astra International,4764.85,4816.09,4696.54,4696.54,23891600.0,2022-04-14
3455,ASII.JK,Astra International,4713.62,4816.09,4713.62,4781.93,32962100.0,2022-04-18
3456,ASII.JK,Astra International,4816.09,4816.09,4645.3,4713.62,29237600.0,2022-04-19
3457,ASII.JK,Astra International,4713.62,4764.85,4662.38,4713.62,39881900.0,2022-04-20
3458,ASII.JK,Astra International,4730.69,4850.24,4713.62,4781.93,51438900.0,2022-04-21
3459,ASII.JK,Astra International,4764.85,4850.24,4696.54,4816.08,39795300.0,2022-04-22
3460,ASII.JK,Astra International,4816.08,4884.4,4696.54,4833.16,52305700.0,2022-04-25
3461,ASII.JK,Astra International,4850.24,4918.55,4781.93,4918.55,39223700.0,2022-04-26
3462,ASII.JK,Astra International,4901.48,4918.56,4816.09,4867.32,34988500.0,2022-04-27
3463,ASII.JK,Astra International,4952.71,5260.12,4935.63,5174.73,118152200.0,2022-04-28
3464,ASII.JK,Astra International,5205.58,5205.58,4942.67,4942.67,81089600.0,2022-05-09
3465,ASII.JK,Astra International,4662.23,4907.62,4644.71,4907.62,118477400.0,2022-05-10
3466,ASII.JK,Astra International,4925.14,5065.36,4837.51,4837.51,71287600.0,2022-05-11
3467,ASII.JK,Astra International,4837.51,4925.14,4714.82,4802.45,45587500.0,2022-05-12
3468,ASII.JK,Astra International,4837.51,5065.36,4802.45,4995.25,73260300.0,2022-05-13
3469,ASII.JK,Astra International,5082.89,5117.94,4907.62,4907.62,40279200.0,2022-05-17
3470,ASII.JK,Astra International,4890.09,5047.83,4855.03,4977.72,44859900.0,2022-05-18
3471,ASII.JK,Astra International,4855.03,4995.25,4802.45,4907.62,27558300.0,2022-05-19
3472,ASII.JK,Astra International,4942.67,5047.83,4942.67,4995.25,37674800.0,2022-05-20
3473,ASII.JK,Astra International,4995.25,5030.31,4784.93,4872.56,46368600.0,2022-05-23
3474,ASII.JK,Astra International,4925.14,5047.83,4925.14,5012.78,52177200.0,2022-05-24
3475,ASII.JK,Astra International,4977.72,5030.31,4942.67,4977.72,51200500.0,2022-05-25
3476,ASII.JK,Astra International,5047.83,5117.94,5012.78,5065.36,34766600.0,2022-05-27
3477,ASII.JK,Astra International,5100.41,5100.41,4995.25,5082.89,37147800.0,2022-05-30
3478,ASII.JK,Astra International,5082.89,5240.63,5082.89,5153.0,90800300.0,2022-05-31
3479,ASII.JK,Astra International,5117.94,5258.16,5082.89,5135.47,72733400.0,2022-06-02
3480,ASII.JK,Astra International,5153.0,5240.63,5117.94,5117.94,43947400.0,2022-06-03
3481,ASII.JK,Astra International,5047.83,5082.89,4960.2,5065.36,53388400.0,2022-06-06
3482,ASII.JK,Astra International,5117.94,5188.05,5047.83,5047.83,54814500.0,2022-06-07
3483,ASII.JK,Astra International,5012.78,5153.0,5012.78,5030.31,33478600.0,2022-06-08
3484,ASII.JK,Astra International,5012.78,5153.0,5012.78,5047.83,37787500.0,2022-06-09
3485,ASII.JK,Astra International,4977.72,5030.31,4855.03,4855.03,57621000.0,2022-06-10
3486,ASII.JK,Astra International,4837.51,4977.72,4714.82,4925.14,59781700.0,2022-06-13
3487,ASII.JK,Astra International,4819.98,4907.62,4819.98,4890.09,38001800.0,2022-06-14
3488,ASII.JK,Astra International,4890.09,4890.09,4697.29,4697.29,50804600.0,2022-06-15
3489,ASII.JK,Astra International,4802.45,4872.56,4732.34,4802.45,74982600.0,2022-06-16
3490,ASII.JK,Astra International,4679.76,4872.56,4679.76,4872.56,63931400.0,2022-06-17
3491,ASII.JK,Astra International,4872.56,4890.09,4732.34,4855.03,44263700.0,2022-06-20
3492,ASII.JK,Astra International,4837.51,4890.09,4802.45,4802.45,31247000.0,2022-06-21
3493,ASII.JK,Astra International,4802.45,4855.03,4749.87,4767.4,35536800.0,2022-06-22
3494,ASII.JK,Astra International,4802.45,4819.98,4732.34,4819.98,30137200.0,2022-06-23
3495,ASII.JK,Astra International,4837.51,4837.51,4662.23,4679.76,42386000.0,2022-06-24
3496,ASII.JK,Astra International,4697.29,4732.34,4592.13,4662.23,48277300.0,2022-06-27
3497,ASII.JK,Astra International,4662.23,4697.29,4627.18,4697.29,36838200.0,2022-06-28
3498,ASII.JK,Astra International,4644.71,4697.29,4557.07,4557.07,46682700.0,2022-06-29
3499,ASII.JK,Astra International,4574.6,4662.23,4557.07,4644.71,52839200.0,2022-06-30
3500,ASII.JK,Astra International,4679.76,4679.76,4557.07,4574.6,52387100.0,2022-07-01
3501,ASII.JK,Astra International,4557.07,4609.65,4416.85,4557.07,43087400.0,2022-07-04
3502,ASII.JK,Astra International,4557.07,4574.6,4434.38,4434.38,39700000.0,2022-07-05
3503,ASII.JK,Astra International,4416.85,4486.96,4241.58,4259.11,67773900.0,2022-07-06
3504,ASII.JK,Astra International,4224.05,4294.16,4136.42,4171.47,62871600.0,2022-07-07
3505,ASII.JK,Astra International,4224.05,4259.11,4171.47,4189.0,78131700.0,2022-07-08
3506,ASII.JK,Astra International,4189.0,4259.11,4153.95,4241.58,49946600.0,2022-07-11
3507,ASII.JK,Astra International,4241.58,4311.69,4241.58,4276.64,22900800.0,2022-07-12
3508,ASII.JK,Astra International,4276.64,4276.64,4083.84,4083.84,56747900.0,2022-07-13
3509,ASII.JK,Astra International,4083.84,4276.64,4083.84,4276.64,59847700.0,2022-07-14
3510,ASII.JK,Astra International,4206.53,4259.11,4153.95,4171.47,32403800.0,2022-07-15
3511,ASII.JK,Astra International,4189.0,4224.05,4171.47,4224.05,27618400.0,2022-07-18
3512,ASII.JK,Astra International,4224.05,4311.69,4224.05,4259.11,50725600.0,2022-07-19
3513,ASII.JK,Astra International,4329.22,4399.33,4276.64,4399.33,70493600.0,2022-07-20
3514,ASII.JK,Astra International,4346.75,4381.8,4241.58,4329.22,55415500.0,2022-07-21
3515,ASII.JK,Astra International,4329.22,4329.22,4241.58,4259.11,37583800.0,2022-07-22
3516,ASII.JK,Astra International,4241.58,4311.69,4241.58,4259.11,24674200.0,2022-07-25
3517,ASII.JK,Astra International,4276.64,4294.16,4259.11,4276.64,21937400.0,2022-07-26
3518,ASII.JK,Astra International,4294.16,4294.16,4206.53,4276.64,35066000.0,2022-07-27
3519,ASII.JK,Astra International,4294.16,4311.69,4224.05,4241.58,51909300.0,2022-07-28
3520,ASII.JK,Astra International,4311.69,4504.49,4294.16,4434.38,150285200.0,2022-07-29
3521,ASII.JK,Astra International,4504.49,4592.13,4451.91,4539.54,55511700.0,2022-08-01
3522,ASII.JK,Astra International,4539.54,4539.54,4399.33,4539.54,53235100.0,2022-08-02
3523,ASII.JK,Astra International,4522.02,4627.18,4469.44,4627.18,40666300.0,2022-08-03
3524,ASII.JK,Astra International,4697.29,4697.29,4522.02,4627.18,66966300.0,2022-08-04
3525,ASII.JK,Astra International,4627.18,4662.23,4539.54,4644.71,46702100.0,2022-08-05
3526,ASII.JK,Astra International,4644.71,4697.29,4574.6,4697.29,32971000.0,2022-08-08
3527,ASII.JK,Astra International,4714.82,4784.92,4697.29,4732.34,61001700.0,2022-08-09
3528,ASII.JK,Astra International,4749.87,4802.45,4627.18,4802.45,37086500.0,2022-08-10
3529,ASII.JK,Astra International,4890.09,4907.62,4837.51,4872.56,42007400.0,2022-08-11
3530,ASII.JK,Astra International,4872.56,4907.62,4802.45,4872.56,58469000.0,2022-08-12
3531,ASII.JK,Astra International,4855.03,4872.56,4767.4,4819.98,35283300.0,2022-08-15
3532,ASII.JK,Astra International,4819.98,4942.67,4819.98,4890.09,61907800.0,2022-08-16
3533,ASII.JK,Astra International,4890.09,4907.62,4802.45,4890.09,25190000.0,2022-08-18
3534,ASII.JK,Astra International,4890.09,4907.62,4837.51,4890.09,32914500.0,2022-08-19
3535,ASII.JK,Astra International,4819.98,4855.03,4767.4,4855.03,48266600.0,2022-08-22
3536,ASII.JK,Astra International,4837.51,4925.14,4802.45,4890.09,56381000.0,2022-08-23
3537,ASII.JK,Astra International,4855.03,4942.67,4837.51,4942.67,30605000.0,2022-08-24
3538,ASII.JK,Astra International,4942.67,4942.67,4872.56,4890.09,22793800.0,2022-08-25
3539,ASII.JK,Astra International,4890.09,4925.14,4802.45,4819.98,31120500.0,2022-08-26
3540,ASII.JK,Astra International,4767.4,4837.51,4732.34,4784.93,29722100.0,2022-08-29
3541,ASII.JK,Astra International,4802.45,4925.14,4802.45,4837.51,45566100.0,2022-08-30
3542,ASII.JK,Astra International,4819.98,4890.09,4749.87,4890.09,55714900.0,2022-08-31
3543,ASII.JK,Astra International,4890.09,4925.14,4837.51,4855.03,36691900.0,2022-09-01
3544,ASII.JK,Astra International,4872.56,4907.61,4819.98,4855.03,26077700.0,2022-09-02
3545,ASII.JK,Astra International,4837.51,4855.03,4802.45,4819.98,24953800.0,2022-09-05
3546,ASII.JK,Astra International,4819.98,4872.56,4802.45,4837.51,18626800.0,2022-09-06
3547,ASII.JK,Astra International,4767.4,4819.98,4644.71,4662.23,77218400.0,2022-09-07
3548,ASII.JK,Astra International,4662.23,4732.34,4644.71,4662.23,39405200.0,2022-09-08
3549,ASII.JK,Astra International,4679.76,4749.87,4644.71,4749.87,31904200.0,2022-09-09
3550,ASII.JK,Astra International,4749.87,4890.09,4714.82,4890.09,51563200.0,2022-09-12
3551,ASII.JK,Astra International,4925.14,5065.36,4872.56,5047.83,70555900.0,2022-09-13
3552,ASII.JK,Astra International,4977.72,5117.94,4942.67,5012.78,56832100.0,2022-09-14
3553,ASII.JK,Astra International,4995.25,5065.36,4942.67,4942.67,63346200.0,2022-09-15
3554,ASII.JK,Astra International,4907.62,4942.67,4837.51,4837.51,65885100.0,2022-09-16
3555,ASII.JK,Astra International,4872.56,5065.36,4855.03,4995.25,52232700.0,2022-09-19
3556,ASII.JK,Astra International,5012.78,5082.89,4977.72,5030.31,47337700.0,2022-09-20
3557,ASII.JK,Astra International,4995.25,5047.83,4977.72,5012.78,26007500.0,2022-09-21
3558,ASII.JK,Astra International,4925.14,5065.36,4907.62,5030.31,26295200.0,2022-09-22
3559,ASII.JK,Astra International,4977.72,5030.31,4942.67,5012.78,22258800.0,2022-09-23
3560,ASII.JK,Astra International,4907.62,4925.14,4802.45,4890.09,61422800.0,2022-09-26
3561,ASII.JK,Astra International,4907.62,4942.67,4872.56,4872.56,42809400.0,2022-09-27
3562,ASII.JK,Astra International,4872.56,4907.62,4767.4,4767.4,50825400.0,2022-09-28
3563,ASII.JK,Astra International,4802.45,4837.51,4697.29,4749.87,36653400.0,2022-09-29
3564,ASII.JK,Astra International,4697.29,4732.34,4627.18,4644.71,71017400.0,2022-09-30
3565,ASII.JK,Astra International,4662.23,4697.29,4627.18,4644.71,27280600.0,2022-10-03
3566,ASII.JK,Astra International,4714.82,4767.4,4697.29,4714.82,33322400.0,2022-10-04
3567,ASII.JK,Astra International,4767.4,4784.92,4679.76,4679.76,31019300.0,2022-10-05
3568,ASII.JK,Astra International,4679.76,4732.34,4627.18,4627.18,37002600.0,2022-10-06
3569,ASII.JK,Astra International,4592.13,4609.65,4522.02,4539.54,54850200.0,2022-10-07
3570,ASII.JK,Astra International,4504.49,4574.6,4469.44,4557.07,34319700.0,2022-10-10
3571,ASII.JK,Astra International,4486.96,4609.65,4486.96,4574.6,35320000.0,2022-10-11
3572,ASII.JK,Astra International,4583.84,4601.6,4512.77,4512.77,72794100.0,2022-10-12
3573,ASII.JK,Astra International,4530.54,4548.3,4459.47,4512.77,44281200.0,2022-10-13
3574,ASII.JK,Astra International,4619.37,4619.37,4512.77,4512.77,45496900.0,2022-10-14
3575,ASII.JK,Astra International,4495.0,4637.14,4406.17,4566.07,50710300.0,2022-10-17
3576,ASII.JK,Astra International,4583.84,4619.37,4512.77,4512.77,42600400.0,2022-10-18
3577,ASII.JK,Astra International,4566.07,4637.14,4548.3,4637.14,25542800.0,2022-10-19
3578,ASII.JK,Astra International,4619.37,4637.14,4548.3,4566.07,32226200.0,2022-10-20
3579,ASII.JK,Astra International,4601.6,4743.74,4583.84,4672.67,52148500.0,2022-10-21
3580,ASII.JK,Astra International,4672.67,4761.51,4672.67,4725.97,37202900.0,2022-10-24
3581,ASII.JK,Astra International,4761.5,4761.5,4690.44,4761.5,37836000.0,2022-10-25
3582,ASII.JK,Astra International,4761.51,4761.51,4672.67,4672.67,36289700.0,2022-10-26
3583,ASII.JK,Astra International,4672.67,4743.74,4637.14,4725.97,30429800.0,2022-10-27
3584,ASII.JK,Astra International,4725.97,4725.97,4619.37,4654.9,28492900.0,2022-10-28
3585,ASII.JK,Astra International,4654.9,4725.97,4654.9,4725.97,45774000.0,2022-10-31
3586,ASII.JK,Astra International,4725.97,4743.74,4601.6,4672.67,59240700.0,2022-11-01
3587,ASII.JK,Astra International,4637.14,4654.9,4530.54,4566.07,59695600.0,2022-11-02
3588,ASII.JK,Astra International,4530.54,4566.07,4512.77,4530.54,29905800.0,2022-11-03
3589,ASII.JK,Astra International,4512.77,4566.07,4512.77,4566.07,60465200.0,2022-11-04
3590,ASII.JK,Astra International,4566.07,4619.37,4566.07,4619.37,41824000.0,2022-11-07
3591,ASII.JK,Astra International,4619.37,4637.14,4583.84,4637.14,35241500.0,2022-11-08
3592,ASII.JK,Astra International,4637.14,4654.9,4601.6,4654.9,45144800.0,2022-11-09
3593,ASII.JK,Astra International,4654.9,4654.9,4583.84,4637.14,33770400.0,2022-11-10
3594,ASII.JK,Astra International,4690.44,4708.21,4583.84,4583.84,50938200.0,2022-11-11
3595,ASII.JK,Astra International,4583.84,4601.6,4477.24,4477.24,46011200.0,2022-11-14
3596,ASII.JK,Astra International,4477.24,4512.77,4406.17,4423.94,65536000.0,2022-11-15
3597,ASII.JK,Astra International,4388.4,4406.17,4335.1,4388.4,60298900.0,2022-11-16
3598,ASII.JK,Astra International,4406.17,4477.24,4299.57,4477.24,35165100.0,2022-11-17
3599,ASII.JK,Astra International,4459.47,4477.24,4406.17,4423.94,29302300.0,2022-11-18
3600,ASII.JK,Astra International,4459.47,4512.77,4441.7,4495.0,19074900.0,2022-11-21
3601,ASII.JK,Astra International,4495.0,4512.77,4423.94,4423.94,33102700.0,2022-11-22
3602,ASII.JK,Astra International,4459.47,4477.24,4406.17,4406.17,30863200.0,2022-11-23
3603,ASII.JK,Astra International,4406.17,4459.47,4406.17,4406.17,21534300.0,2022-11-24
3604,ASII.JK,Astra International,4388.4,4406.17,4352.87,4388.4,40948100.0,2022-11-25
3605,ASII.JK,Astra International,4388.4,4459.47,4370.64,4423.94,37901700.0,2022-11-28
3606,ASII.JK,Astra International,4352.87,4370.64,4281.8,4299.57,121505900.0,2022-11-29
3607,ASII.JK,Astra International,4299.57,4406.17,4281.8,4299.57,191276100.0,2022-11-30
3608,ASII.JK,Astra International,4335.1,4406.17,4335.1,4388.4,88307900.0,2022-12-01
3609,ASII.JK,Astra International,4388.4,4388.4,4299.57,4352.87,51843800.0,2022-12-02
3610,ASII.JK,Astra International,4317.34,4335.1,4264.03,4281.8,64357800.0,2022-12-05
3611,ASII.JK,Astra International,4264.03,4281.8,4121.9,4175.2,69873000.0,2022-12-06
3612,ASII.JK,Astra International,4121.9,4192.97,4050.83,4068.6,116677600.0,2022-12-07
3613,ASII.JK,Astra International,4015.3,4121.9,3944.23,4033.07,161238600.0,2022-12-08
3614,ASII.JK,Astra International,4050.83,4086.37,4015.3,4033.07,55355700.0,2022-12-09
3615,ASII.JK,Astra International,4033.07,4068.6,3997.53,4033.07,92687900.0,2022-12-12
3616,ASII.JK,Astra International,4050.83,4192.97,4033.07,4139.67,113893000.0,2022-12-13
3617,ASII.JK,Astra International,4210.73,4228.5,4104.13,4139.67,78775300.0,2022-12-14
3618,ASII.JK,Astra International,4139.67,4157.43,4086.37,4121.9,61581800.0,2022-12-15
3619,ASII.JK,Astra International,4104.13,4121.9,4050.83,4104.13,95271600.0,2022-12-16
3620,ASII.JK,Astra International,4157.43,4157.43,4015.3,4050.83,57531200.0,2022-12-19
3621,ASII.JK,Astra International,4033.07,4086.37,4033.07,4050.83,25876100.0,2022-12-20
3622,ASII.JK,Astra International,4050.83,4068.6,4015.3,4050.83,34940600.0,2022-12-21
3623,ASII.JK,Astra International,4050.83,4104.13,4033.07,4104.13,32103400.0,2022-12-22
3624,ASII.JK,Astra International,4086.37,4104.13,4015.3,4033.07,31969000.0,2022-12-23
3625,ASII.JK,Astra International,4033.07,4068.6,3997.53,4015.3,13540500.0,2022-12-26
3626,ASII.JK,Astra International,4050.83,4086.37,4015.3,4033.07,13680300.0,2022-12-27
3627,ASII.JK,Astra International,4068.6,4068.6,3962.0,3997.53,29919100.0,2022-12-28
3628,ASII.JK,Astra International,3979.77,4033.07,3944.23,4015.3,32241500.0,2022-12-29
3629,ASII.JK,Astra International,4033.07,4086.37,4015.3,4050.83,36384500.0,2022-12-30
3630,ASII.JK,Astra International,4068.6,4068.6,3997.53,4050.83,12068800.0,2023-01-02
3631,ASII.JK,Astra International,4033.07,4050.83,3997.53,4015.3,22854400.0,2023-01-03
3632,ASII.JK,Astra International,4015.3,4050.83,3997.53,4033.07,32578900.0,2023-01-04
3633,ASII.JK,Astra International,4015.3,4050.83,3819.86,3819.86,106047000.0,2023-01-05
3634,ASII.JK,Astra International,3837.63,3926.47,3802.1,3873.17,59754600.0,2023-01-06
3635,ASII.JK,Astra International,3908.7,3908.7,3748.8,3802.1,63437700.0,2023-01-09
3636,ASII.JK,Astra International,3819.86,3819.86,3748.8,3784.33,62964600.0,2023-01-10
3637,ASII.JK,Astra International,3784.33,3802.1,3695.5,3713.26,45514800.0,2023-01-11
3638,ASII.JK,Astra International,3695.5,3819.86,3695.5,3802.1,61374300.0,2023-01-12
3639,ASII.JK,Astra International,3819.86,3908.7,3766.56,3873.17,52039800.0,2023-01-13
3640,ASII.JK,Astra International,3926.46,3979.77,3890.93,3979.77,48458700.0,2023-01-16
3641,ASII.JK,Astra International,3979.77,4015.3,3908.7,3944.23,66999600.0,2023-01-17
3642,ASII.JK,Astra International,3944.23,4015.3,3944.23,4015.3,28120700.0,2023-01-18
3643,ASII.JK,Astra International,4015.3,4175.2,4015.3,4157.43,95543300.0,2023-01-19
3644,ASII.JK,Astra International,4175.2,4192.97,4104.13,4192.97,54173000.0,2023-01-20
3645,ASII.JK,Astra International,4192.97,4228.5,4157.43,4210.73,26217800.0,2023-01-24
3646,ASII.JK,Astra International,4192.97,4228.5,4157.43,4228.5,18115800.0,2023-01-25
3647,ASII.JK,Astra International,4210.73,4228.5,4157.43,4192.97,40168400.0,2023-01-26
3648,ASII.JK,Astra International,4210.73,4228.5,4175.2,4175.2,31869800.0,2023-01-27
3649,ASII.JK,Astra International,4175.2,4192.97,4104.13,4175.2,34817500.0,2023-01-30
3650,ASII.JK,Astra International,4210.73,4281.8,4192.97,4264.03,89064100.0,2023-01-31
3651,ASII.JK,Astra International,4264.03,4264.03,4210.73,4264.03,35355300.0,2023-02-01
3652,ASII.JK,Astra International,4228.5,4246.27,4175.2,4210.73,30039900.0,2023-02-02
3653,ASII.JK,Astra International,4246.27,4246.27,4175.2,4175.2,24629700.0,2023-02-03
3654,ASII.JK,Astra International,4175.2,4192.97,4139.67,4157.43,31033700.0,2023-02-06
3655,ASII.JK,Astra International,4139.67,4210.73,4139.67,4175.2,29536700.0,2023-02-07
3656,ASII.JK,Astra International,4175.2,4192.97,4104.13,4121.9,27235100.0,2023-02-08
3657,ASII.JK,Astra International,4139.67,4157.43,4033.07,4033.07,48263600.0,2023-02-09
3658,ASII.JK,Astra International,3979.77,4050.83,3944.23,4050.83,71158200.0,2023-02-10
3659,ASII.JK,Astra International,4050.83,4086.37,4033.07,4068.6,22154800.0,2023-02-13
3660,ASII.JK,Astra International,4086.37,4121.9,4050.83,4068.6,31292000.0,2023-02-14
3661,ASII.JK,Astra International,4068.6,4068.6,3962.0,4033.07,38862100.0,2023-02-15
3662,ASII.JK,Astra International,4050.83,4050.83,3997.53,4050.83,19014100.0,2023-02-16
3663,ASII.JK,Astra International,4050.83,4068.6,3997.53,4033.07,31273200.0,2023-02-17
3664,ASII.JK,Astra International,4033.07,4050.83,3962.0,3979.77,29576500.0,2023-02-20
3665,ASII.JK,Astra International,3979.77,4015.3,3944.23,3962.0,26985200.0,2023-02-21
3666,ASII.JK,Astra International,3944.23,4015.3,3944.23,3997.53,24822300.0,2023-02-22
3667,ASII.JK,Astra International,4015.3,4050.83,3962.0,4015.3,33406700.0,2023-02-23
3668,ASII.JK,Astra International,4033.07,4121.9,4015.3,4086.37,30869400.0,2023-02-24
3669,ASII.JK,Astra International,4068.6,4121.9,4050.83,4121.9,28650400.0,2023-02-27
3670,ASII.JK,Astra International,4406.17,4459.47,4335.1,4335.1,154669700.0,2023-02-28
3671,ASII.JK,Astra International,4335.1,4388.4,4299.57,4370.64,49851200.0,2023-03-01
3672,ASII.JK,Astra International,4370.64,4388.4,4317.33,4370.64,26943600.0,2023-03-02
3673,ASII.JK,Astra International,4370.64,4370.64,4281.8,4299.57,32818500.0,2023-03-03
3674,ASII.JK,Astra International,4335.1,4352.87,4299.57,4317.33,22141000.0,2023-03-06
3675,ASII.JK,Astra International,4299.57,4317.33,4192.97,4228.5,41630000.0,2023-03-07
3676,ASII.JK,Astra International,4192.97,4246.27,4175.2,4210.73,40374900.0,2023-03-08
3677,ASII.JK,Astra International,4246.27,4299.57,4228.5,4281.8,23104400.0,2023-03-09
3678,ASII.JK,Astra International,4246.27,4264.03,4192.97,4246.27,33330500.0,2023-03-10
3679,ASII.JK,Astra International,4192.97,4246.27,4157.43,4210.73,28402600.0,2023-03-13
3680,ASII.JK,Astra International,4192.97,4210.73,4086.37,4104.13,56988600.0,2023-03-14
3681,ASII.JK,Astra International,4157.43,4175.2,4104.13,4104.13,40170800.0,2023-03-15
3682,ASII.JK,Astra International,4104.13,4175.2,4033.07,4157.43,33947700.0,2023-03-16
3683,ASII.JK,Astra International,4175.2,4210.73,4157.43,4157.43,74811900.0,2023-03-17
3684,ASII.JK,Astra International,4157.43,4192.97,4121.9,4175.2,22146000.0,2023-03-20
3685,ASII.JK,Astra International,4157.43,4246.27,4157.43,4175.2,40671600.0,2023-03-21
3686,ASII.JK,Astra International,4210.73,4264.03,4192.97,4228.5,60721800.0,2023-03-24
3687,ASII.JK,Astra International,4228.5,4246.27,4175.2,4175.2,32493100.0,2023-03-27
3688,ASII.JK,Astra International,4192.97,4210.73,4157.43,4157.43,42944400.0,2023-03-28
3689,ASII.JK,Astra International,4157.43,4299.57,4157.43,4228.5,81945000.0,2023-03-29
3690,ASII.JK,Astra International,4246.27,4246.27,4192.97,4192.97,40174400.0,2023-03-30
3691,ASII.JK,Astra International,4228.5,4281.8,4210.73,4264.03,40364100.0,2023-03-31
3692,ASII.JK,Astra International,4299.57,4335.1,4246.27,4264.03,44636200.0,2023-04-03
3693,ASII.JK,Astra International,4281.8,4299.57,4228.5,4281.8,35612700.0,2023-04-04
3694,ASII.JK,Astra International,4281.8,4299.57,4246.27,4264.03,27556300.0,2023-04-05
3695,ASII.JK,Astra International,4264.03,4264.03,4210.73,4210.73,32964500.0,2023-04-06
3696,ASII.JK,Astra International,4228.5,4246.27,4175.2,4246.27,40039500.0,2023-04-10
3697,ASII.JK,Astra International,4228.5,4335.1,4210.73,4317.33,37545800.0,2023-04-11
3698,ASII.JK,Astra International,4370.63,4477.24,4352.87,4441.7,126817700.0,2023-04-12
3699,ASII.JK,Astra International,4423.94,4459.47,4388.4,4441.7,35138600.0,2023-04-13
3700,ASII.JK,Astra International,4459.47,4477.24,4406.17,4406.17,45556300.0,2023-04-14
3701,ASII.JK,Astra International,4406.17,4459.47,4406.17,4423.94,33965200.0,2023-04-17
3702,ASII.JK,Astra International,4459.47,4601.6,4459.47,4566.07,101792500.0,2023-04-18
3703,ASII.JK,Astra International,4708.2,4761.5,4619.37,4761.5,182919200.0,2023-04-26
3704,ASII.JK,Astra International,4743.74,4779.27,4708.2,4761.5,45762900.0,2023-04-27
3705,ASII.JK,Astra International,4761.51,4797.04,4743.74,4797.04,64976400.0,2023-04-28
3706,ASII.JK,Astra International,4814.81,4814.81,4690.44,4743.74,62972600.0,2023-05-02
3707,ASII.JK,Astra International,4761.51,4779.27,4654.9,4708.2,106341300.0,2023-05-03
3708,ASII.JK,Astra International,4690.44,4708.2,4654.9,4690.44,132167800.0,2023-05-04
3709,ASII.JK,Astra International,4769.54,4769.54,4769.54,4769.54,82270600.0,2023-05-05
3710,ASII.JK,Astra International,4769.54,4788.93,4691.99,4750.15,95087500.0,2023-05-08
3711,ASII.JK,Astra International,4750.15,4905.26,4711.38,4905.26,96938100.0,2023-05-09
3712,ASII.JK,Astra International,4924.65,4982.81,4885.87,4905.26,52404700.0,2023-05-10
3713,ASII.JK,Astra International,4924.65,4924.65,4788.93,4847.1,39596900.0,2023-05-11
3714,ASII.JK,Astra International,4827.71,4866.48,4788.93,4827.71,67576500.0,2023-05-12
3715,ASII.JK,Astra International,4866.48,4924.65,4788.93,4924.65,42039400.0,2023-05-15
3716,ASII.JK,Astra International,4924.65,4963.43,4847.1,4866.48,19445400.0,2023-05-16
3717,ASII.JK,Astra International,4924.65,4924.65,4866.48,4905.26,29480000.0,2023-05-17
3718,ASII.JK,Astra International,4963.43,5079.76,4924.65,5021.59,75548600.0,2023-05-19
3719,ASII.JK,Astra International,5060.37,5157.31,4982.81,5118.53,63793800.0,2023-05-22
3720,ASII.JK,Astra International,5118.53,5157.31,5079.76,5118.53,49261900.0,2023-05-23
3721,ASII.JK,Astra International,5099.14,5176.7,5040.98,5176.7,54136600.0,2023-05-24
3722,ASII.JK,Astra International,5196.09,5196.09,5060.37,5118.53,43564900.0,2023-05-25
3723,ASII.JK,Astra International,5118.53,5118.53,5060.37,5118.53,25356200.0,2023-05-26
3724,ASII.JK,Astra International,5137.92,5137.92,5021.59,5118.53,27939400.0,2023-05-29
3725,ASII.JK,Astra International,5099.15,5118.53,5040.98,5040.98,23340800.0,2023-05-30
3726,ASII.JK,Astra International,5040.98,5118.53,5002.2,5002.2,154796300.0,2023-05-31
3727,ASII.JK,Astra International,5060.37,5428.75,5040.98,5293.03,200252000.0,2023-06-05
3728,ASII.JK,Astra International,5273.64,5370.58,5234.86,5273.64,65282100.0,2023-06-06
3729,ASII.JK,Astra International,5273.64,5312.42,5176.7,5273.64,81991400.0,2023-06-07
3730,ASII.JK,Astra International,5215.48,5254.25,5196.09,5254.25,32704900.0,2023-06-08
3731,ASII.JK,Astra International,5234.86,5273.64,5196.09,5273.64,24893400.0,2023-06-09
3732,ASII.JK,Astra International,5273.64,5273.64,5176.7,5254.25,37558000.0,2023-06-12
3733,ASII.JK,Astra International,5254.25,5293.03,5234.86,5234.86,23911800.0,2023-06-13
3734,ASII.JK,Astra International,5234.86,5351.19,5234.86,5351.19,34146100.0,2023-06-14
3735,ASII.JK,Astra International,5351.19,5351.19,5293.03,5331.81,16414000.0,2023-06-15
3736,ASII.JK,Astra International,5312.42,5331.81,5254.25,5312.42,63892800.0,2023-06-16
3737,ASII.JK,Astra International,5273.64,5331.81,5254.25,5331.81,12514200.0,2023-06-19
3738,ASII.JK,Astra International,5293.03,5312.42,5254.25,5273.64,24394300.0,2023-06-20
3739,ASII.JK,Astra International,5254.25,5409.36,5234.86,5370.58,37629300.0,2023-06-21
3740,ASII.JK,Astra International,5331.81,5351.19,5254.25,5254.25,51199300.0,2023-06-22
3741,ASII.JK,Astra International,5254.25,5293.03,5196.09,5254.25,32156800.0,2023-06-23
3742,ASII.JK,Astra International,5273.64,5351.19,5254.25,5273.64,31726400.0,2023-06-26
3743,ASII.JK,Astra International,5273.64,5312.42,5254.25,5254.25,36422700.0,2023-06-27
3744,ASII.JK,Astra International,5254.25,5293.03,5234.86,5293.03,37348600.0,2023-07-03
3745,ASII.JK,Astra International,5293.03,5293.03,5196.09,5254.25,20047800.0,2023-07-04
3746,ASII.JK,Astra International,5254.25,5254.25,5196.09,5254.25,34751800.0,2023-07-05
3747,ASII.JK,Astra International,5254.25,5273.64,5234.86,5273.64,35473800.0,2023-07-06
3748,ASII.JK,Astra International,5254.25,5293.03,5234.86,5293.03,28755500.0,2023-07-07
3749,ASII.JK,Astra International,5293.03,5293.03,5254.25,5254.25,15301300.0,2023-07-10
3750,ASII.JK,Astra International,5254.25,5273.64,5234.86,5273.64,32949200.0,2023-07-11
3751,ASII.JK,Astra International,5254.25,5293.03,5234.86,5254.25,29210200.0,2023-07-12
3752,ASII.JK,Astra International,5254.25,5293.03,5234.86,5273.64,31298400.0,2023-07-13
3753,ASII.JK,Astra International,5254.25,5293.03,5196.09,5234.86,56060600.0,2023-07-14
3754,ASII.JK,Astra International,5234.86,5254.25,5176.7,5176.7,41698600.0,2023-07-17
3755,ASII.JK,Astra International,5176.7,5196.09,5021.59,5099.15,68904700.0,2023-07-18
3756,ASII.JK,Astra International,5099.14,5099.14,5002.2,5060.37,64069100.0,2023-07-20
3757,ASII.JK,Astra International,5040.98,5060.37,4944.04,5002.2,64037700.0,2023-07-21
3758,ASII.JK,Astra International,4963.43,5118.53,4963.43,5079.76,40830500.0,2023-07-24
3759,ASII.JK,Astra International,5118.53,5137.92,5040.98,5040.98,23958900.0,2023-07-25
3760,ASII.JK,Astra International,5099.14,5137.92,5040.98,5118.53,38599800.0,2023-07-26
3761,ASII.JK,Astra International,5118.53,5118.53,5040.98,5060.37,27816700.0,2023-07-27
3762,ASII.JK,Astra International,5040.98,5137.92,5021.59,5137.92,28288300.0,2023-07-28
3763,ASII.JK,Astra International,5234.86,5389.97,5215.48,5312.42,87828900.0,2023-07-31
3764,ASII.JK,Astra International,5331.81,5351.19,5273.64,5331.81,29425300.0,2023-08-01
3765,ASII.JK,Astra International,5293.03,5312.42,5254.25,5312.42,29463700.0,2023-08-02
3766,ASII.JK,Astra International,5273.64,5351.19,5254.25,5293.03,29272000.0,2023-08-03
3767,ASII.JK,Astra International,5293.03,5312.42,5234.86,5273.64,16646300.0,2023-08-04
3768,ASII.JK,Astra International,5293.03,5351.19,5234.86,5331.81,32608000.0,2023-08-07
3769,ASII.JK,Astra International,5312.42,5351.19,5293.03,5312.42,16515100.0,2023-08-08
3770,ASII.JK,Astra International,5312.42,5331.81,5293.03,5331.81,13781700.0,2023-08-09
3771,ASII.JK,Astra International,5312.42,5331.8,5234.86,5234.86,32076700.0,2023-08-10
3772,ASII.JK,Astra International,5234.86,5254.25,5157.31,5234.86,42320900.0,2023-08-11
3773,ASII.JK,Astra International,5196.09,5273.64,5196.09,5273.64,27616200.0,2023-08-14
3774,ASII.JK,Astra International,5215.47,5254.25,5176.7,5215.47,32385400.0,2023-08-15
3775,ASII.JK,Astra International,5176.7,5234.86,5157.31,5234.86,24913200.0,2023-08-16
3776,ASII.JK,Astra International,5176.7,5196.09,5040.98,5060.37,69001300.0,2023-08-18
3777,ASII.JK,Astra International,5060.37,5079.76,4982.82,5021.59,34702500.0,2023-08-21
3778,ASII.JK,Astra International,5002.2,5118.53,5002.2,5079.76,37704700.0,2023-08-22
3779,ASII.JK,Astra International,5079.76,5118.53,5060.37,5079.76,27624900.0,2023-08-23
3780,ASII.JK,Astra International,5079.76,5118.53,5021.59,5021.59,33278500.0,2023-08-24
3781,ASII.JK,Astra International,5021.59,5040.98,4963.43,5002.2,35673300.0,2023-08-25
3782,ASII.JK,Astra International,5040.98,5040.98,4963.43,4982.81,14871100.0,2023-08-28
3783,ASII.JK,Astra International,5002.2,5002.2,4944.04,4963.43,29937800.0,2023-08-29
3784,ASII.JK,Astra International,5002.2,5060.37,4963.43,5002.2,41993300.0,2023-08-30
3785,ASII.JK,Astra International,5002.2,5021.59,4963.43,5002.2,44502000.0,2023-08-31
3786,ASII.JK,Astra International,5021.59,5099.15,5021.59,5079.76,26069500.0,2023-09-01
3787,ASII.JK,Astra International,5099.14,5118.53,5060.37,5118.53,17384000.0,2023-09-04
3788,ASII.JK,Astra International,5118.53,5157.31,5079.76,5118.53,23070700.0,2023-09-05
3789,ASII.JK,Astra International,5099.14,5137.92,5060.37,5060.37,18421300.0,2023-09-06
3790,ASII.JK,Astra International,5021.59,5040.98,4924.65,4963.43,49921600.0,2023-09-07
3791,ASII.JK,Astra International,5002.2,5002.2,4924.65,4963.43,32416900.0,2023-09-08
3792,ASII.JK,Astra International,4963.43,4982.81,4885.87,4944.04,33422100.0,2023-09-11
3793,ASII.JK,Astra International,4944.04,4944.04,4885.87,4885.87,30225600.0,2023-09-12
3794,ASII.JK,Astra International,4905.26,4905.26,4827.71,4885.87,40040900.0,2023-09-13
3795,ASII.JK,Astra International,4905.26,4944.04,4847.1,4905.26,40259300.0,2023-09-14
3796,ASII.JK,Astra International,4847.1,4905.26,4808.32,4885.87,132198700.0,2023-09-15
3797,ASII.JK,Astra International,4866.48,4905.26,4847.1,4885.87,35517300.0,2023-09-18
3798,ASII.JK,Astra International,4885.87,4944.04,4866.48,4924.65,31439200.0,2023-09-19
3799,ASII.JK,Astra International,4924.65,4963.43,4885.87,4885.87,39764900.0,2023-09-20
3800,ASII.JK,Astra International,4885.87,4905.26,4808.32,4808.32,46231100.0,2023-09-21
3801,ASII.JK,Astra International,4808.32,4866.48,4788.93,4808.32,30610900.0,2023-09-22
3802,ASII.JK,Astra International,4827.71,4866.48,4808.32,4847.1,32700500.0,2023-09-25
3803,ASII.JK,Astra International,4827.71,4885.87,4808.32,4808.32,43217400.0,2023-09-26
3804,ASII.JK,Astra International,4808.32,4847.1,4750.15,4769.54,31688400.0,2023-09-27
3805,ASII.JK,Astra International,4847.1,4866.48,4808.32,4827.71,20902300.0,2023-09-29
3806,ASII.JK,Astra International,4866.48,4924.65,4847.1,4866.48,23884400.0,2023-10-02
3807,ASII.JK,Astra International,4866.48,4866.48,4808.32,4808.32,25350100.0,2023-10-03
3808,ASII.JK,Astra International,4788.93,4808.32,4691.99,4711.38,55496200.0,2023-10-04
3809,ASII.JK,Astra International,4750.15,4788.93,4672.6,4672.6,55924900.0,2023-10-05
3810,ASII.JK,Astra International,4691.99,4769.54,4691.99,4711.38,18104300.0,2023-10-06
3811,ASII.JK,Astra International,4769.54,4827.71,4730.77,4750.15,43718300.0,2023-10-09
3812,ASII.JK,Astra International,4788.93,4788.93,4691.99,4691.99,36797700.0,2023-10-10
3813,ASII.JK,Astra International,4711.38,4750.15,4691.99,4691.99,45959600.0,2023-10-11
3814,ASII.JK,Astra International,4729.83,4749.53,4690.41,4690.41,71954600.0,2023-10-12
3815,ASII.JK,Astra International,4729.83,4749.53,4690.41,4710.12,32794800.0,2023-10-13
3816,ASII.JK,Astra International,4670.7,4710.12,4591.87,4611.58,52414600.0,2023-10-16
3817,ASII.JK,Astra International,4631.29,4670.7,4611.58,4611.58,40295600.0,2023-10-17
3818,ASII.JK,Astra International,4611.58,4729.83,4591.87,4591.87,53751300.0,2023-10-18
3819,ASII.JK,Astra International,4591.87,4611.58,4493.34,4513.04,60258300.0,2023-10-19
3820,ASII.JK,Astra International,4473.63,4532.75,4453.92,4493.34,56606100.0,2023-10-20
3821,ASII.JK,Astra International,4513.04,4532.75,4414.51,4414.51,57516800.0,2023-10-23
3822,ASII.JK,Astra International,4414.51,4611.58,4414.51,4572.17,57283100.0,2023-10-24
3823,ASII.JK,Astra International,4591.87,4670.7,4552.46,4552.46,51542400.0,2023-10-25
3824,ASII.JK,Astra International,4552.46,4572.17,4473.63,4513.04,18969800.0,2023-10-26
3825,ASII.JK,Astra International,4532.75,4552.46,4513.04,4513.04,35328800.0,2023-10-27
3826,ASII.JK,Astra International,4532.75,4591.87,4473.63,4572.17,17820800.0,2023-10-30
3827,ASII.JK,Astra International,4611.58,4651.0,4552.46,4552.46,46118000.0,2023-10-31
3828,ASII.JK,Astra International,4651.0,4729.83,4572.17,4572.17,91836500.0,2023-11-01
3829,ASII.JK,Astra International,4611.58,4651.0,4572.17,4572.17,46166200.0,2023-11-02
3830,ASII.JK,Astra International,4611.58,4670.7,4591.87,4651.0,43395900.0,2023-11-03
3831,ASII.JK,Astra International,4670.71,4690.41,4651.0,4670.71,29757300.0,2023-11-06
3832,ASII.JK,Astra International,4670.7,4690.41,4552.46,4591.87,30298200.0,2023-11-07
3833,ASII.JK,Astra International,4572.17,4591.87,4473.63,4513.04,38367700.0,2023-11-08
3834,ASII.JK,Astra International,4552.46,4591.87,4513.04,4532.75,20420100.0,2023-11-09
3835,ASII.JK,Astra International,4513.04,4552.46,4513.04,4552.46,15229800.0,2023-11-10
3836,ASII.JK,Astra International,4591.87,4591.87,4453.92,4453.92,24673700.0,2023-11-13
3837,ASII.JK,Astra International,4473.63,4513.04,4453.92,4473.63,12066000.0,2023-11-14
3838,ASII.JK,Astra International,4532.75,4611.58,4493.34,4532.75,34814300.0,2023-11-15
3839,ASII.JK,Astra International,4532.75,4591.87,4513.04,4591.87,17422800.0,2023-11-16
3840,ASII.JK,Astra International,4572.17,4591.87,4493.34,4493.34,27116700.0,2023-11-17
3841,ASII.JK,Astra International,4513.04,4611.58,4493.34,4572.17,22940000.0,2023-11-20
3842,ASII.JK,Astra International,4572.17,4611.58,4532.75,4552.46,17153300.0,2023-11-21
3843,ASII.JK,Astra International,4552.46,4552.46,4453.92,4473.63,36329500.0,2023-11-22
3844,ASII.JK,Astra International,4473.63,4513.04,4473.63,4493.34,43425400.0,2023-11-23
3845,ASII.JK,Astra International,4493.34,4532.75,4493.34,4513.04,9347300.0,2023-11-24
3846,ASII.JK,Astra International,4513.04,4532.75,4414.51,4434.21,63360900.0,2023-11-27
3847,ASII.JK,Astra International,4473.63,4473.63,4375.09,4375.09,86907600.0,2023-11-28
3848,ASII.JK,Astra International,4414.51,4453.92,4355.38,4355.38,75070800.0,2023-11-29
3849,ASII.JK,Astra International,4394.8,4394.8,4256.84,4256.84,161684600.0,2023-11-30
3850,ASII.JK,Astra International,4296.26,4532.75,4296.26,4532.75,145374400.0,2023-12-01
3851,ASII.JK,Astra International,4532.75,4591.87,4513.04,4532.75,57590700.0,2023-12-04
3852,ASII.JK,Astra International,4552.46,4572.17,4473.63,4513.04,25787200.0,2023-12-05
3853,ASII.JK,Astra International,4493.34,4591.87,4493.34,4513.04,41363700.0,2023-12-06
3854,ASII.JK,Astra International,4532.75,4532.75,4414.51,4473.63,40599000.0,2023-12-07
3855,ASII.JK,Astra International,4473.63,4493.34,4434.21,4473.63,26972000.0,2023-12-08
3856,ASII.JK,Astra International,4453.92,4473.63,4355.38,4414.51,39510200.0,2023-12-11
3857,ASII.JK,Astra International,4473.63,4473.63,4375.09,4394.8,19272900.0,2023-12-12
3858,ASII.JK,Astra International,4375.09,4414.51,4355.38,4355.38,31196600.0,2023-12-13
3859,ASII.JK,Astra International,4414.51,4453.92,4394.8,4434.21,65510200.0,2023-12-14
3860,ASII.JK,Astra International,4434.21,4493.34,4414.51,4453.92,93580400.0,2023-12-15
3861,ASII.JK,Astra International,4453.92,4453.92,4375.09,4414.51,39134200.0,2023-12-18
3862,ASII.JK,Astra International,4434.21,4453.92,4414.51,4434.21,33668300.0,2023-12-19
3863,ASII.JK,Astra International,4453.92,4493.34,4434.21,4434.21,27178500.0,2023-12-20
3864,ASII.JK,Astra International,4414.51,4414.51,4315.97,4375.09,114749900.0,2023-12-21
3865,ASII.JK,Astra International,4375.09,4414.51,4335.68,4375.09,38055800.0,2023-12-22
3866,ASII.JK,Astra International,4375.09,4394.8,4335.68,4375.09,34332400.0,2023-12-27
3867,ASII.JK,Astra International,4394.8,4414.51,4375.09,4414.51,31643200.0,2023-12-28
3868,ASII.JK,Astra International,4414.51,4473.63,4394.8,4453.92,36245000.0,2023-12-29
3869,ASII.JK,Astra International,4434.21,4493.34,4394.8,4493.34,36479600.0,2024-01-02
3870,ASII.JK,Astra International,4493.34,4493.34,4414.51,4414.51,37187300.0,2024-01-03
3871,ASII.JK,Astra International,4414.51,4532.75,4414.51,4493.34,52008000.0,2024-01-04
3872,ASII.JK,Astra International,4513.04,4532.75,4434.21,4434.21,39167600.0,2024-01-05
3873,ASII.JK,Astra International,4434.21,4473.63,4375.09,4394.8,39614600.0,2024-01-08
3874,ASII.JK,Astra International,4414.51,4414.51,4355.38,4394.8,36777600.0,2024-01-09
3875,ASII.JK,Astra International,4335.67,4394.8,4296.26,4355.38,75423900.0,2024-01-10
3876,ASII.JK,Astra International,4375.09,4434.21,4355.38,4375.09,39941000.0,2024-01-11
3877,ASII.JK,Astra International,4375.09,4434.21,4375.09,4414.51,28821000.0,2024-01-12
3878,ASII.JK,Astra International,4414.51,4414.51,4335.67,4355.38,79502600.0,2024-01-15
3879,ASII.JK,Astra International,4355.38,4355.38,4315.97,4335.67,44840900.0,2024-01-16
3880,ASII.JK,Astra International,4335.68,4355.38,4217.43,4256.84,114587100.0,2024-01-17
3881,ASII.JK,Astra International,4256.84,4256.84,4197.72,4237.14,71517600.0,2024-01-18
3882,ASII.JK,Astra International,4237.14,4256.84,4178.01,4217.43,52865000.0,2024-01-19
3883,ASII.JK,Astra International,4217.43,4276.55,4118.89,4118.89,169967200.0,2024-01-22
3884,ASII.JK,Astra International,4059.77,4099.18,4000.65,4040.06,176612600.0,2024-01-23
3885,ASII.JK,Astra International,4059.77,4079.48,3925.76,4000.65,246293300.0,2024-01-24
3886,ASII.JK,Astra International,4000.65,4059.77,3961.23,3980.94,81025300.0,2024-01-25
3887,ASII.JK,Astra International,3980.94,4000.65,3933.64,4000.65,71861600.0,2024-01-26
3888,ASII.JK,Astra International,4000.65,4000.65,3870.58,3886.34,132819200.0,2024-01-29
3889,ASII.JK,Astra International,3878.46,4079.48,3862.69,4020.35,165689300.0,2024-01-30
3890,ASII.JK,Astra International,4040.06,4059.77,3980.94,4040.06,79343600.0,2024-01-31
3891,ASII.JK,Astra International,4020.35,4079.48,4000.65,4040.06,55358600.0,2024-02-01
3892,ASII.JK,Astra International,4059.77,4197.72,4040.06,4197.72,104840200.0,2024-02-02
3893,ASII.JK,Astra International,4197.72,4217.43,4059.77,4079.48,88826000.0,2024-02-05
3894,ASII.JK,Astra International,4079.48,4158.31,4059.77,4138.6,46257400.0,2024-02-06
3895,ASII.JK,Astra International,4138.6,4197.72,4138.6,4197.72,68376900.0,2024-02-07
3896,ASII.JK,Astra International,4178.01,4217.43,4118.89,4178.01,80552600.0,2024-02-12
3897,ASII.JK,Astra International,4178.01,4178.01,4059.77,4099.18,63689100.0,2024-02-13
3898,ASII.JK,Astra International,4197.72,4197.72,4000.65,4040.06,124120800.0,2024-02-15
3899,ASII.JK,Astra International,4040.06,4099.18,4020.35,4099.18,75502700.0,2024-02-16
3900,ASII.JK,Astra International,4099.18,4138.6,4000.65,4040.06,89709800.0,2024-02-19
3901,ASII.JK,Astra International,4040.06,4138.6,4040.06,4099.18,41623800.0,2024-02-20
3902,ASII.JK,Astra International,4099.18,4178.01,4079.48,4138.6,68374800.0,2024-02-21
3903,ASII.JK,Astra International,4158.31,4178.01,4158.31,4158.31,41938600.0,2024-02-22
3904,ASII.JK,Astra International,4138.6,4158.31,4020.35,4040.06,81214600.0,2024-02-23
3905,ASII.JK,Astra International,4059.77,4099.18,4000.65,4040.06,50291500.0,2024-02-26
3906,ASII.JK,Astra International,4040.06,4079.48,3980.94,4079.48,46555200.0,2024-02-27
3907,ASII.JK,Astra International,4197.72,4276.55,4099.18,4118.89,216020000.0,2024-02-28
3908,ASII.JK,Astra International,4138.6,4178.01,4099.18,4118.89,85412900.0,2024-02-29
3909,ASII.JK,Astra International,4118.89,4158.31,4059.77,4118.89,64835200.0,2024-03-01
3910,ASII.JK,Astra International,4138.6,4158.31,4079.48,4099.18,57118400.0,2024-03-04
3911,ASII.JK,Astra International,4118.89,4118.89,4020.35,4020.35,53172900.0,2024-03-05
3912,ASII.JK,Astra International,4040.06,4099.18,4020.35,4079.48,29210000.0,2024-03-06
3913,ASII.JK,Astra International,4079.48,4099.18,4020.35,4040.06,55244400.0,2024-03-07
3914,ASII.JK,Astra International,4059.77,4079.48,4040.06,4059.77,39983000.0,2024-03-08
3915,ASII.JK,Astra International,4059.77,4099.18,4040.06,4059.77,63672300.0,2024-03-13
3916,ASII.JK,Astra International,4079.48,4178.01,4059.77,4158.31,79465800.0,2024-03-14
3917,ASII.JK,Astra International,4178.01,4178.01,4079.48,4079.48,164222200.0,2024-03-15
3918,ASII.JK,Astra International,4099.18,4138.6,4059.77,4059.77,50943600.0,2024-03-18
3919,ASII.JK,Astra International,4059.77,4138.6,4059.77,4118.89,48398600.0,2024-03-19
3920,ASII.JK,Astra International,4118.89,4158.31,4118.89,4158.31,56191300.0,2024-03-20
3921,ASII.JK,Astra International,4178.01,4256.84,4158.31,4217.43,67351800.0,2024-03-21
3922,ASII.JK,Astra International,4237.14,4237.14,4197.72,4237.14,46341000.0,2024-03-22
3923,ASII.JK,Astra International,4276.55,4276.55,4197.72,4217.43,39759600.0,2024-03-25
3924,ASII.JK,Astra International,4237.14,4237.14,4138.6,4178.01,57175300.0,2024-03-26
3925,ASII.JK,Astra International,4178.01,4197.72,4138.6,4158.31,47174800.0,2024-03-27
3926,ASII.JK,Astra International,4158.31,4158.31,4020.35,4059.77,107123600.0,2024-03-28
3927,ASII.JK,Astra International,4079.48,4118.89,4059.77,4099.18,42828200.0,2024-04-01
3928,ASII.JK,Astra International,4118.89,4158.31,4079.48,4158.31,41029100.0,2024-04-02
3929,ASII.JK,Astra International,4158.31,4158.31,4099.18,4138.6,39260600.0,2024-04-03
3930,ASII.JK,Astra International,4138.6,4138.6,4059.77,4079.48,48395600.0,2024-04-04
3931,ASII.JK,Astra International,4059.77,4197.72,4059.77,4158.31,59190300.0,2024-04-05
3932,ASII.JK,Astra International,4079.48,4118.89,4020.35,4020.35,137258300.0,2024-04-16
3933,ASII.JK,Astra International,4059.77,4079.48,4020.35,4040.06,47211000.0,2024-04-17
3934,ASII.JK,Astra International,4059.77,4059.77,3980.94,4020.35,81583700.0,2024-04-18
3935,ASII.JK,Astra International,3980.94,4000.65,3839.04,3862.69,185008500.0,2024-04-19
3936,ASII.JK,Astra International,3894.22,3933.64,3894.22,3902.11,57689200.0,2024-04-22
3937,ASII.JK,Astra International,3933.64,4000.65,3933.64,3961.23,49438000.0,2024-04-23
3938,ASII.JK,Astra International,3941.52,3980.94,3870.58,3870.58,65796800.0,2024-04-24
3939,ASII.JK,Astra International,3870.58,3925.76,3870.58,3902.11,52139300.0,2024-04-25
3940,ASII.JK,Astra International,3925.76,3925.76,3846.93,3846.93,70877700.0,2024-04-26
3941,ASII.JK,Astra International,3878.46,3980.94,3862.69,3961.23,68303100.0,2024-04-29
3942,ASII.JK,Astra International,3980.94,4118.89,3925.76,4059.77,142632100.0,2024-04-30
3943,ASII.JK,Astra International,4118.89,4158.31,4079.48,4079.48,100889100.0,2024-05-02
3944,ASII.JK,Astra International,4118.89,4138.6,4099.18,4118.89,44094400.0,2024-05-03
3945,ASII.JK,Astra International,4138.6,4138.6,4000.65,4020.35,70400000.0,2024-05-06
3946,ASII.JK,Astra International,4020.35,4040.06,3961.23,3980.94,58780600.0,2024-05-07
3947,ASII.JK,Astra International,4000.65,4059.77,3941.52,4040.06,86738900.0,2024-05-08
3948,ASII.JK,Astra International,4059.77,4079.48,4000.65,4000.65,143316000.0,2024-05-13
3949,ASII.JK,Astra International,4023.0,4031.59,3937.03,3937.03,264535600.0,2024-05-14
3950,ASII.JK,Astra International,3928.44,3971.42,3894.05,3894.05,109962400.0,2024-05-15
3951,ASII.JK,Astra International,3945.63,4057.38,3902.65,4048.78,149039700.0,2024-05-16
3952,ASII.JK,Astra International,4048.78,4134.75,4031.59,4126.15,101492400.0,2024-05-17
3953,ASII.JK,Astra International,4126.15,4151.94,4065.98,4074.57,58021800.0,2024-05-20
3954,ASII.JK,Astra International,4083.17,4100.36,4040.19,4040.19,57558000.0,2024-05-21
3955,ASII.JK,Astra International,4057.38,4065.98,4040.19,4048.78,25932300.0,2024-05-22
3956,ASII.JK,Astra International,4040.19,4057.38,3911.25,3911.25,86050000.0,2024-05-27
3957,ASII.JK,Astra International,3919.84,3954.23,3876.86,3876.86,42542400.0,2024-05-28
3958,ASII.JK,Astra International,4126.15,4126.15,3756.52,3833.88,148814900.0,2024-05-29
3959,ASII.JK,Astra International,3825.28,3825.28,3704.94,3713.53,112636300.0,2024-05-30
3960,ASII.JK,Astra International,3730.73,3756.52,3687.75,3687.75,144592700.0,2024-05-31
3961,ASII.JK,Astra International,3722.13,3894.05,3722.13,3868.27,77444200.0,2024-06-03
3962,ASII.JK,Astra International,3876.86,3980.02,3851.07,3937.03,92676800.0,2024-06-04
3963,ASII.JK,Astra International,3919.84,3988.61,3911.25,3954.23,65856400.0,2024-06-05
3964,ASII.JK,Astra International,3971.42,3971.42,3894.05,3919.84,43632400.0,2024-06-06
3965,ASII.JK,Astra International,3911.25,3928.44,3894.05,3919.84,34027900.0,2024-06-07
3966,ASII.JK,Astra International,3919.84,3919.84,3868.27,3876.86,19932200.0,2024-06-10
3967,ASII.JK,Astra International,3868.27,3868.27,3739.32,3739.32,71234400.0,2024-06-11
3968,ASII.JK,Astra International,3739.32,3790.9,3687.75,3747.92,65665400.0,2024-06-12
3969,ASII.JK,Astra International,3790.9,3851.07,3782.3,3833.88,55824400.0,2024-06-13
3970,ASII.JK,Astra International,3851.07,3894.05,3790.9,3799.5,57967500.0,2024-06-14
3971,ASII.JK,Astra International,3825.28,3876.86,3799.5,3825.28,48727600.0,2024-06-19
3972,ASII.JK,Astra International,3816.69,3842.48,3747.92,3825.28,35160300.0,2024-06-20
3973,ASII.JK,Astra International,3825.28,3894.05,3790.9,3859.67,98313200.0,2024-06-21
3974,ASII.JK,Astra International,3851.07,3868.27,3790.9,3808.09,36677200.0,2024-06-24
3975,ASII.JK,Astra International,3816.69,3816.69,3747.92,3782.3,50385000.0,2024-06-25
3976,ASII.JK,Astra International,3782.3,3825.28,3756.52,3799.5,38397100.0,2024-06-26
3977,ASII.JK,Astra International,3808.09,3816.69,3782.3,3808.09,21784700.0,2024-06-27
3978,ASII.JK,Astra International,3808.09,3919.84,3808.09,3833.88,127293900.0,2024-06-28
3979,ASII.JK,Astra International,3859.67,3971.42,3859.67,3971.42,141627300.0,2024-07-01
3980,ASII.JK,Astra International,3962.82,3971.42,3876.86,3894.05,72229800.0,2024-07-02
3981,ASII.JK,Astra International,3911.25,3937.03,3885.46,3928.44,30743200.0,2024-07-03
3982,ASII.JK,Astra International,3937.03,3962.82,3911.25,3911.25,44755400.0,2024-07-04
3983,ASII.JK,Astra International,3928.44,3962.82,3902.65,3937.03,53196500.0,2024-07-05
3984,ASII.JK,Astra International,3954.23,3988.61,3919.84,3988.61,69535000.0,2024-07-08
3985,ASII.JK,Astra International,3971.42,3971.42,3902.65,3919.84,84784500.0,2024-07-09
3986,ASII.JK,Astra International,3928.44,3937.03,3885.46,3902.65,44563900.0,2024-07-10
3987,ASII.JK,Astra International,3911.25,3954.23,3868.27,3876.86,71140800.0,2024-07-11
3988,ASII.JK,Astra International,3876.86,3928.44,3868.27,3902.65,54299700.0,2024-07-12
3989,ASII.JK,Astra International,3902.65,3911.25,3833.88,3842.48,53234000.0,2024-07-15
3990,ASII.JK,Astra International,3851.07,3859.67,3765.11,3765.11,83814800.0,2024-07-16
3991,ASII.JK,Astra International,3799.5,3842.48,3782.3,3833.88,49379700.0,2024-07-17
3992,ASII.JK,Astra International,3842.48,3902.65,3833.88,3902.65,54184300.0,2024-07-18
3993,ASII.JK,Astra International,3885.46,3902.65,3851.07,3894.05,40785800.0,2024-07-19
3994,ASII.JK,Astra International,3894.05,3902.65,3851.07,3885.46,33128600.0,2024-07-22
3995,ASII.JK,Astra International,3876.86,3894.05,3825.28,3825.28,46427300.0,2024-07-23
3996,ASII.JK,Astra International,3842.48,3919.84,3833.88,3894.05,50741700.0,2024-07-24
3997,ASII.JK,Astra International,3894.05,3894.05,3825.28,3859.67,40364400.0,2024-07-25
3998,ASII.JK,Astra International,3868.27,3971.42,3868.27,3962.82,92236800.0,2024-07-26
3999,ASII.JK,Astra International,3971.42,3980.02,3937.03,3962.82,42232800.0,2024-07-29
4000,ASII.JK,Astra International,3962.82,3962.82,3885.46,3902.65,40995800.0,2024-07-30
4001,ASII.JK,Astra International,3971.42,4065.98,3945.63,4057.38,170406600.0,2024-07-31
4002,ASII.JK,Astra International,4040.19,4074.57,4005.8,4074.57,50775700.0,2024-08-01
4003,ASII.JK,Astra International,4048.78,4074.57,4014.4,4031.59,47509800.0,2024-08-02
4004,ASII.JK,Astra International,3988.61,3997.21,3885.46,3919.84,93952300.0,2024-08-05
4005,ASII.JK,Astra International,3954.23,3971.42,3902.65,3962.82,56748800.0,2024-08-06
4006,ASII.JK,Astra International,3954.23,3980.02,3919.84,3980.02,72464900.0,2024-08-07
4007,ASII.JK,Astra International,3971.42,4083.17,3954.23,4074.57,116387300.0,2024-08-08
4008,ASII.JK,Astra International,4091.76,4117.55,4065.98,4091.76,44489500.0,2024-08-09
4009,ASII.JK,Astra International,4091.76,4108.96,4057.38,4091.76,34027600.0,2024-08-12
4010,ASII.JK,Astra International,4126.15,4126.15,4074.57,4091.76,43904800.0,2024-08-13
4011,ASII.JK,Astra International,4126.15,4237.9,4100.36,4203.51,91874600.0,2024-08-14
4012,ASII.JK,Astra International,4203.51,4229.3,4160.53,4203.51,46694800.0,2024-08-15
4013,ASII.JK,Astra International,4212.11,4289.48,4212.11,4272.28,65502100.0,2024-08-16
4014,ASII.JK,Astra International,4272.28,4341.05,4246.5,4319.56,54296700.0,2024-08-19
4015,ASII.JK,Astra International,4341.05,4427.01,4319.56,4405.52,94493800.0,2024-08-20
4016,ASII.JK,Astra International,4427.01,4491.49,4362.54,4362.54,94502800.0,2024-08-21
4017,ASII.JK,Astra International,4319.56,4341.05,4289.48,4298.07,63177200.0,2024-08-22
4018,ASII.JK,Astra International,4341.05,4448.5,4341.05,4384.03,52275100.0,2024-08-23
4019,ASII.JK,Astra International,4405.52,4470.0,4405.52,4427.01,30540900.0,2024-08-26
4020,ASII.JK,Astra International,4427.01,4448.51,4362.54,4427.01,30475700.0,2024-08-27
4021,ASII.JK,Astra International,4427.01,4427.01,4298.07,4319.56,64090900.0,2024-08-28
4022,ASII.JK,Astra International,4341.05,4362.54,4298.07,4362.54,42502100.0,2024-08-29
4023,ASII.JK,Astra International,4362.54,4405.52,4319.56,4384.03,74429400.0,2024-08-30
4024,ASII.JK,Astra International,4384.03,4491.49,4384.03,4470.0,84858600.0,2024-09-02
4025,ASII.JK,Astra International,4491.49,4491.49,4405.52,4405.52,34864300.0,2024-09-03
4026,ASII.JK,Astra International,4341.05,4384.03,4319.56,4341.05,45331200.0,2024-09-04
4027,ASII.JK,Astra International,4362.54,4405.52,4341.05,4362.54,34711100.0,2024-09-05
4028,ASII.JK,Astra International,4341.05,4405.52,4341.05,4341.05,32014300.0,2024-09-06
4029,ASII.JK,Astra International,4341.05,4384.03,4298.07,4319.56,55466500.0,2024-09-09
4030,ASII.JK,Astra International,4362.54,4384.03,4298.07,4319.56,58871700.0,2024-09-10
4031,ASII.JK,Astra International,4319.56,4341.05,4298.07,4319.56,27381100.0,2024-09-11
4032,ASII.JK,Astra International,4319.56,4362.54,4319.56,4319.56,24718300.0,2024-09-12
4033,ASII.JK,Astra International,4319.56,4362.54,4319.56,4362.54,24921900.0,2024-09-13
4034,ASII.JK,Astra International,4362.54,4384.03,4319.56,4362.54,35574000.0,2024-09-17
4035,ASII.JK,Astra International,4384.03,4534.47,4362.54,4512.98,123540100.0,2024-09-18
4036,ASII.JK,Astra International,4534.47,4534.47,4470.0,4534.47,57254000.0,2024-09-19
4037,ASII.JK,Astra International,4534.47,4534.47,4469.99,4491.49,47509500.0,2024-09-20
4038,ASII.JK,Astra International,4512.98,4534.47,4491.49,4491.49,23362800.0,2024-09-23
4039,ASII.JK,Astra International,4512.98,4534.47,4491.49,4534.47,43482600.0,2024-09-24
4040,ASII.JK,Astra International,4555.96,4555.96,4427.01,4491.49,63437200.0,2024-09-25
4041,ASII.JK,Astra International,4512.98,4534.47,4448.5,4512.98,56030300.0,2024-09-26
4042,ASII.JK,Astra International,4534.47,4534.47,4341.05,4384.03,57476200.0,2024-09-27
4043,ASII.JK,Astra International,4384.03,4384.03,4298.07,4341.05,66737800.0,2024-09-30
4044,ASII.JK,Astra International,4384.03,4448.5,4362.54,4448.5,39024000.0,2024-10-01
4045,ASII.JK,Astra International,4427.01,4427.01,4341.05,4427.01,39888600.0,2024-10-02
4046,ASII.JK,Astra International,4448.5,4512.98,4384.03,4512.98,56763900.0,2024-10-03
4047,ASII.JK,Astra International,4512.98,4512.98,4384.03,4427.01,35939300.0,2024-10-04
4048,ASII.JK,Astra International,4427.01,4448.5,4362.54,4384.03,27889100.0,2024-10-07
4049,ASII.JK,Astra International,4384.03,4491.49,4362.54,4491.49,42347600.0,2024-10-08
4050,ASII.JK,Astra International,4491.49,4491.49,4362.54,4362.54,33544900.0,2024-10-09
4051,ASII.JK,Astra International,4384.03,4405.52,4362.54,4405.52,27734400.0,2024-10-10
4052,ASII.JK,Astra International,4405.52,4427.01,4362.54,4362.54,39320000.0,2024-10-11
4053,ASII.JK,Astra International,4404.62,4404.62,4312.58,4321.35,71369100.0,2024-10-14
4054,ASII.JK,Astra International,4321.35,4356.41,4295.05,4321.35,61263600.0,2024-10-15
4055,ASII.JK,Astra International,4338.88,4347.64,4295.05,4347.64,80530100.0,2024-10-16
4056,ASII.JK,Astra International,4338.88,4356.41,4321.35,4338.88,54164800.0,2024-10-17
4057,ASII.JK,Astra International,4347.64,4347.64,4312.58,4312.58,39805400.0,2024-10-18
4058,ASII.JK,Astra International,4338.88,4470.36,4321.35,4470.36,88954300.0,2024-10-21
4059,ASII.JK,Astra International,4492.27,4623.75,4470.36,4623.75,132222000.0,2024-10-22
4060,ASII.JK,Astra International,4623.75,4645.67,4536.1,4645.67,64519100.0,2024-10-23
4061,ASII.JK,Astra International,4645.67,4645.67,4558.01,4623.75,50777100.0,2024-10-24
4062,ASII.JK,Astra International,4623.75,4623.75,4558.01,4579.93,27247500.0,2024-10-25
4063,ASII.JK,Astra International,4601.84,4601.84,4492.27,4601.84,40165900.0,2024-10-28
4064,ASII.JK,Astra International,4601.84,4601.84,4492.27,4492.27,45247600.0,2024-10-29
4065,ASII.JK,Astra International,4492.27,4558.01,4426.53,4558.01,33200300.0,2024-10-30
4066,ASII.JK,Astra International,4645.67,4645.67,4470.36,4470.36,77263000.0,2024-10-31
4067,ASII.JK,Astra International,4492.27,4536.1,4426.53,4448.44,54219100.0,2024-11-01
4068,ASII.JK,Astra International,4448.44,4492.27,4365.17,4492.27,52362100.0,2024-11-04
4069,ASII.JK,Astra International,4492.27,4558.01,4448.44,4536.1,31165800.0,2024-11-05
4070,ASII.JK,Astra International,4536.1,4536.1,4404.62,4426.53,32975900.0,2024-11-06
4071,ASII.JK,Astra International,4426.53,4448.44,4382.7,4382.7,46053500.0,2024-11-07
4072,ASII.JK,Astra International,4426.53,4448.44,4338.88,4347.64,32828900.0,2024-11-08
4073,ASII.JK,Astra International,4347.64,4373.94,4251.22,4356.41,49885000.0,2024-11-11
4074,ASII.JK,Astra International,4382.7,4382.7,4321.35,4356.41,43239600.0,2024-11-12
4075,ASII.JK,Astra International,4382.7,4404.62,4338.88,4404.62,24479600.0,2024-11-13
4076,ASII.JK,Astra International,4404.62,4404.62,4321.35,4338.88,38255700.0,2024-11-14
4077,ASII.JK,Astra International,4330.11,4347.64,4312.58,4330.11,14867600.0,2024-11-15
4078,ASII.JK,Astra International,4338.88,4356.41,4303.82,4321.35,17408700.0,2024-11-18
4079,ASII.JK,Astra International,4321.35,4356.41,4295.05,4356.41,36816800.0,2024-11-19
4080,ASII.JK,Astra International,4356.41,4404.62,4338.88,4382.7,18634300.0,2024-11-20
4081,ASII.JK,Astra International,4373.94,4373.94,4286.28,4286.28,27662900.0,2024-11-21
4082,ASII.JK,Astra International,4295.05,4347.64,4259.99,4303.81,21241800.0,2024-11-22
4083,ASII.JK,Astra International,4338.88,4536.1,4330.11,4536.1,84518400.0,2024-11-25
4084,ASII.JK,Astra International,4514.19,4558.01,4470.36,4514.19,45059300.0,2024-11-26
4085,ASII.JK,Astra International,4558.01,4579.93,4492.27,4492.27,30554200.0,2024-11-28
4086,ASII.JK,Astra International,4492.27,4492.27,4404.62,4470.36,48756800.0,2024-11-29
4087,ASII.JK,Astra International,4470.36,4514.18,4295.05,4330.11,47373200.0,2024-12-02
4088,ASII.JK,Astra International,4365.17,4492.27,4356.41,4492.27,46752800.0,2024-12-03
4089,ASII.JK,Astra International,4470.36,4579.93,4448.44,4579.93,51733400.0,2024-12-04
4090,ASII.JK,Astra International,4579.93,4579.93,4492.27,4558.01,21948400.0,2024-12-05
4091,ASII.JK,Astra International,4514.19,4536.1,4426.53,4514.19,36599600.0,2024-12-06
4092,ASII.JK,Astra International,4514.18,4579.93,4470.36,4579.93,37208600.0,2024-12-09
4093,ASII.JK,Astra International,4558.01,4579.93,4514.18,4579.93,41536400.0,2024-12-10
4094,ASII.JK,Astra International,4536.1,4601.84,4536.1,4601.84,41090000.0,2024-12-11
4095,ASII.JK,Astra International,4514.18,4579.93,4426.53,4470.36,37254100.0,2024-12-12
4096,ASII.JK,Astra International,4470.36,4514.19,4426.53,4492.27,27732300.0,2024-12-13
4097,ASII.JK,Astra International,4448.44,4514.19,4382.7,4492.27,35937800.0,2024-12-16
4098,ASII.JK,Astra International,4470.36,4514.19,4338.88,4365.17,48682400.0,2024-12-17
4099,ASII.JK,Astra International,4365.17,4426.53,4347.64,4382.7,27412000.0,2024-12-18
4100,ASII.JK,Astra International,4338.88,4338.88,4259.99,4277.52,39151900.0,2024-12-19
4101,ASII.JK,Astra International,4277.52,4295.05,4251.22,4268.75,44851200.0,2024-12-20
4102,ASII.JK,Astra International,4295.05,4338.88,4268.75,4338.88,29678900.0,2024-12-23
4103,ASII.JK,Astra International,4330.11,4365.17,4277.52,4277.52,22600500.0,2024-12-24
4104,ASII.JK,Astra International,4286.28,4330.11,4277.52,4321.35,14456700.0,2024-12-27
4105,ASII.JK,Astra International,4321.35,4330.11,4277.52,4295.05,23926400.0,2024-12-30
4106,ASII.JK,Astra International,4303.82,4356.41,4295.05,4338.88,17924000.0,2025-01-02
4107,ASII.JK,Astra International,4338.88,4356.41,4312.58,4338.88,12711800.0,2025-01-03
4108,ASII.JK,Astra International,4338.88,4382.7,4259.99,4259.99,18412500.0,2025-01-06
4109,ASII.JK,Astra International,4259.99,4312.58,4251.22,4312.58,20452200.0,2025-01-07
4110,ASII.JK,Astra International,4277.52,4303.82,4216.16,4216.16,23739400.0,2025-01-08
4111,ASII.JK,Astra International,4233.69,4338.88,4233.69,4321.35,23802600.0,2025-01-09
4112,ASII.JK,Astra International,4330.11,4347.64,4259.99,4295.05,31951800.0,2025-01-10
4113,ASII.JK,Astra International,4303.81,4312.58,4137.27,4163.57,46247300.0,2025-01-13
4114,ASII.JK,Astra International,4181.1,4251.22,4163.57,4163.57,28096700.0,2025-01-14
4115,ASII.JK,Astra International,4198.63,4330.11,4189.86,4330.11,27497200.0,2025-01-15
4116,ASII.JK,Astra International,4404.62,4404.62,4277.52,4277.52,30520200.0,2025-01-16
4117,ASII.JK,Astra International,4259.99,4356.41,4242.46,4330.11,23691900.0,2025-01-17
4118,ASII.JK,Astra International,4330.11,4347.64,4295.05,4303.81,11873200.0,2025-01-20
4119,ASII.JK,Astra International,4321.35,4356.41,4295.05,4303.81,21762200.0,2025-01-21
4120,ASII.JK,Astra International,4312.58,4365.17,4277.52,4347.64,33116700.0,2025-01-22
4121,ASII.JK,Astra International,4347.64,4365.17,4295.05,4295.05,17049700.0,2025-01-23
4122,ASII.JK,Astra International,4295.05,4347.64,4268.75,4268.75,19663900.0,2025-01-24
4123,ASII.JK,Astra International,4268.75,4268.75,4189.86,4189.86,28147100.0,2025-01-30
4124,ASII.JK,Astra International,4198.63,4242.46,4198.63,4207.4,27064100.0,2025-01-31
4125,ASII.JK,Astra International,4207.4,4207.4,4154.8,4172.33,33116100.0,2025-02-03
4126,ASII.JK,Astra International,4181.1,4242.46,4172.33,4207.4,20631500.0,2025-02-04
4127,ASII.JK,Astra International,4251.22,4251.22,4146.04,4154.8,20436200.0,2025-02-05
4128,ASII.JK,Astra International,4154.8,4154.8,3961.96,3988.26,61645400.0,2025-02-06
4129,ASII.JK,Astra International,4040.85,4093.45,3970.73,4075.91,33223300.0,2025-02-07
4130,ASII.JK,Astra International,4040.85,4075.91,3961.96,4005.79,40230000.0,2025-02-10
4131,ASII.JK,Astra International,4023.32,4075.91,4005.79,4040.85,32956400.0,2025-02-11
4132,ASII.JK,Astra International,4102.21,4102.21,4049.62,4067.15,30762900.0,2025-02-12
4133,ASII.JK,Astra International,4067.15,4093.45,4014.56,4084.68,21320200.0,2025-02-13
4134,ASII.JK,Astra International,4084.68,4146.04,4067.15,4102.21,31409000.0,2025-02-14
4135,ASII.JK,Astra International,4102.21,4189.86,4093.45,4154.8,30270200.0,2025-02-17
4136,ASII.JK,Astra International,4154.8,4242.46,4154.8,4207.4,31828200.0,2025-02-18
4137,ASII.JK,Astra International,4224.93,4242.46,4040.85,4119.74,47951400.0,2025-02-19
4138,ASII.JK,Astra International,4119.74,4154.8,4075.92,4137.27,23653800.0,2025-02-20
4139,ASII.JK,Astra International,4154.8,4207.4,4032.09,4163.57,31937400.0,2025-02-21
4140,ASII.JK,Astra International,4163.57,4181.1,4084.68,4119.74,22303600.0,2025-02-24
4141,ASII.JK,Astra International,4128.51,4163.57,3988.26,3997.03,42728600.0,2025-02-25
4142,ASII.JK,Astra International,3997.03,4032.09,3961.96,4014.56,19351300.0,2025-02-26
4143,ASII.JK,Astra International,3988.26,4023.32,3926.9,4023.32,37731000.0,2025-02-27
4144,ASII.JK,Astra International,4075.91,4075.91,3830.48,3970.73,70620000.0,2025-02-28
4145,ASII.JK,Astra International,3970.73,4137.27,3944.43,4102.21,65345600.0,2025-03-03
4146,ASII.JK,Astra International,4102.21,4119.74,4023.32,4110.98,40873900.0,2025-03-04
4147,ASII.JK,Astra International,4119.74,4295.05,4110.98,4295.05,86703900.0,2025-03-05
4148,ASII.JK,Astra International,4295.05,4347.64,4259.99,4295.05,51276300.0,2025-03-06
4149,ASII.JK,Astra International,4295.05,4356.41,4198.63,4321.35,59830500.0,2025-03-07
4150,ASII.JK,Astra International,4295.05,4295.05,4163.57,4181.1,53139600.0,2025-03-10
4151,ASII.JK,Astra International,4137.27,4207.4,4119.74,4207.4,35571600.0,2025-03-11
4152,ASII.JK,Astra International,4172.33,4233.69,4154.8,4216.16,29264500.0,2025-03-12
4153,ASII.JK,Astra International,4198.63,4216.16,4102.21,4146.04,41066600.0,2025-03-13
4154,ASII.JK,Astra International,4146.04,4146.04,4040.85,4049.62,35967600.0,2025-03-14
4155,ASII.JK,Astra International,4084.68,4093.45,4040.85,4049.62,23856300.0,2025-03-17
4156,ASII.JK,Astra International,4058.38,4075.91,3909.37,4075.91,66583100.0,2025-03-18
4157,ASII.JK,Astra International,4075.91,4119.74,4040.85,4110.98,37556400.0,2025-03-19
4158,ASII.JK,Astra International,4110.98,4163.57,4067.15,4128.51,23310500.0,2025-03-20
4159,ASII.JK,Astra International,4137.27,4242.46,4058.38,4242.46,57730500.0,2025-03-21
4160,ASII.JK,Astra International,4189.87,4189.87,3979.5,4110.98,29695400.0,2025-03-24
4161,ASII.JK,Astra International,4119.74,4119.74,4040.85,4075.91,26320300.0,2025-03-25
4162,ASII.JK,Astra International,4084.68,4242.46,4084.68,4207.4,30508200.0,2025-03-26
4163,ASII.JK,Astra International,4207.4,4312.58,4198.63,4312.58,44551200.0,2025-03-27
4164,ASII.JK,Astra International,4207.4,4207.4,3900.61,3926.9,94752400.0,2025-04-08
4165,ASII.JK,Astra International,3926.9,4084.68,3918.14,4049.62,46086300.0,2025-04-09
4166,ASII.JK,Astra International,4163.57,4242.46,4110.98,4128.51,43115600.0,2025-04-10
4167,ASII.JK,Astra International,4084.68,4154.8,4049.62,4128.51,31446100.0,2025-04-11
4168,ASII.JK,Astra International,4154.8,4321.35,4128.51,4321.35,39843200.0,2025-04-14
4169,ASII.JK,Astra International,4321.35,4338.88,4207.4,4268.75,56488100.0,2025-04-15
4170,ASII.JK,Astra International,4251.22,4259.99,4110.98,4189.86,44479500.0,2025-04-16
4171,ASII.JK,Astra International,4181.1,4181.1,4128.51,4163.57,28099700.0,2025-04-17
4172,ASII.JK,Astra International,4163.57,4216.16,4154.8,4198.63,14313200.0,2025-04-21
4173,ASII.JK,Astra International,4163.57,4189.86,4137.27,4154.8,29906300.0,2025-04-22
4174,ASII.JK,Astra International,4181.1,4242.46,4181.1,4224.93,38609800.0,2025-04-23
4175,ASII.JK,Astra International,4233.69,4242.46,4181.1,4181.1,42307000.0,2025-04-24
4176,ASII.JK,Astra International,4198.63,4303.82,4198.63,4259.99,45465200.0,2025-04-25
4177,ASII.JK,Astra International,4277.52,4321.35,4268.75,4286.28,22380800.0,2025-04-28
4178,ASII.JK,Astra International,4303.81,4303.81,4207.4,4207.4,46881000.0,2025-04-29
4179,ASII.JK,Astra International,4207.4,4242.46,4189.86,4207.4,46038900.0,2025-04-30
4180,ASII.JK,Astra International,4216.16,4259.99,4172.33,4198.63,61301400.0,2025-05-02
4181,ASII.JK,Astra International,4207.4,4216.16,4181.1,4189.86,30747900.0,2025-05-05
4182,ASII.JK,Astra International,4189.86,4207.4,4163.57,4163.57,53222000.0,2025-05-06
4183,ASII.JK,Astra International,4189.86,4242.46,4181.1,4233.69,47790800.0,2025-05-07
4184,ASII.JK,Astra International,4259.99,4321.35,4189.86,4189.86,92459500.0,2025-05-08
4185,ASII.JK,Astra International,4198.63,4233.69,4189.86,4189.86,38964000.0,2025-05-09
4186,ASII.JK,Astra International,4259.99,4277.52,4207.4,4216.16,92389200.0,2025-05-14
4187,ASII.JK,Astra International,4224.93,4251.22,4216.16,4224.93,69701600.0,2025-05-15
4188,ASII.JK,Astra International,4242.46,4277.52,4216.16,4277.52,64271600.0,2025-05-16
4189,ASII.JK,Astra International,4286.28,4347.64,4277.52,4330.11,97782400.0,2025-05-19
4190,ASII.JK,Astra International,4347.64,4347.64,4259.99,4259.99,127610600.0,2025-05-20
4191,ASII.JK,Astra International,4304.91,4389.14,4276.83,4370.42,115335300.0,2025-05-21
4192,ASII.JK,Astra International,4379.78,4407.85,4332.98,4332.98,52032700.0,2025-05-22
4193,ASII.JK,Astra International,4464.0,4473.36,4426.57,4435.93,42300400.0,2025-05-23
4194,ASII.JK,Astra International,4464.0,4473.36,4389.14,4426.57,40971400.0,2025-05-26
4195,ASII.JK,Astra International,4407.85,4426.57,4361.06,4398.49,38680100.0,2025-05-27
4196,ASII.JK,Astra International,4407.85,4538.87,4361.06,4538.87,188036300.0,2025-05-28
4197,ASII.JK,Astra International,4473.36,4492.08,4426.57,4473.36,115876200.0,2025-06-02
4198,ASII.JK,Astra International,4445.29,4454.65,4351.7,4398.49,51574100.0,2025-06-03
4199,ASII.JK,Astra International,4454.65,4454.65,4314.27,4314.27,55901000.0,2025-06-04
4200,ASII.JK,Astra International,4342.34,4370.42,4314.27,4314.27,38381400.0,2025-06-05
4201,ASII.JK,Astra International,4370.42,4370.42,4304.91,4304.91,60469600.0,2025-06-10
4202,ASII.JK,Astra International,4314.27,4332.98,4286.19,4314.27,50550100.0,2025-06-11
4203,ASII.JK,Astra International,4314.27,4323.63,4267.47,4267.47,54629900.0,2025-06-12
4204,ASII.JK,Astra International,4286.19,4304.91,4267.47,4276.83,38510500.0,2025-06-13
4205,ASII.JK,Astra International,4276.83,4332.98,4267.48,4314.27,29939400.0,2025-06-16
4206,ASII.JK,Astra International,4342.34,4342.34,4295.55,4304.91,29978400.0,2025-06-17
4207,ASII.JK,Astra International,4314.27,4323.63,4295.55,4295.55,19386900.0,2025-06-18
4208,ASII.JK,Astra International,4295.55,4304.91,4211.32,4239.4,30832700.0,2025-06-19
4209,ASII.JK,Astra International,4239.4,4239.4,4192.61,4201.97,50116600.0,2025-06-20
4210,ASII.JK,Astra International,4183.25,4183.25,4117.74,4145.81,28820000.0,2025-06-23
4211,ASII.JK,Astra International,4183.25,4211.32,4145.81,4183.25,37523200.0,2025-06-24
4212,ASII.JK,Astra International,4239.4,4239.4,4136.46,4183.25,33217200.0,2025-06-25
4213,ASII.JK,Astra International,4155.17,4164.53,4127.1,4164.53,26909800.0,2025-06-26
4214,ASII.JK,Astra International,4183.25,4230.04,4164.53,4211.32,41865200.0,2025-06-30
4215,ASII.JK,Astra International,4201.97,4220.68,4155.17,4164.53,27410600.0,2025-07-01
4216,ASII.JK,Astra International,4164.53,4258.12,4155.17,4248.76,34231600.0,2025-07-02
4217,ASII.JK,Astra International,4248.76,4295.55,4239.4,4276.83,24120100.0,2025-07-03
4218,ASII.JK,Astra International,4304.91,4351.7,4276.83,4323.63,25298100.0,2025-07-04
4219,ASII.JK,Astra International,4323.63,4379.78,4295.55,4379.78,20181800.0,2025-07-07
4220,ASII.JK,Astra International,4370.42,4370.42,4323.63,4361.06,21173700.0,2025-07-08
4221,ASII.JK,Astra International,4379.78,4417.21,4370.42,4417.21,32577400.0,2025-07-09
4222,ASII.JK,Astra International,4417.21,4426.57,4379.78,4379.78,21464100.0,2025-07-10
4223,ASII.JK,Astra International,4417.21,4417.21,4379.78,4407.85,19382400.0,2025-07-11
4224,ASII.JK,Astra International,4407.85,4445.29,4351.7,4398.49,32985800.0,2025-07-14
4225,ASII.JK,Astra International,4398.49,4398.49,4332.98,4398.49,25045900.0,2025-07-15
4226,ASII.JK,Astra International,4398.49,4501.44,4389.14,4445.29,53394000.0,2025-07-16
4227,ASII.JK,Astra International,4445.29,4510.8,4426.57,4482.72,37859000.0,2025-07-17
4228,ASII.JK,Astra International,4501.44,4529.51,4445.29,4445.29,23680400.0,2025-07-18
4229,ASII.JK,Astra International,4501.44,4501.44,4417.21,4454.64,17018900.0,2025-07-21
4230,ASII.JK,Astra International,4454.65,4454.65,4379.78,4389.14,47232600.0,2025-07-22
4231,ASII.JK,Astra International,4435.93,4632.46,4417.21,4632.46,94669900.0,2025-07-23
4232,ASII.JK,Astra International,4669.89,4749.44,4660.53,4726.04,72459700.0,2025-07-24
4233,ASII.JK,Astra International,4679.25,4726.04,4632.46,4679.25,28079000.0,2025-07-25
4234,ASII.JK,Astra International,4702.65,4772.83,4669.89,4772.83,59414600.0,2025-07-28
4235,ASII.JK,Astra International,4772.83,4796.23,4702.65,4772.83,36861000.0,2025-07-29
4236,ASII.JK,Astra International,4772.83,4819.63,4749.44,4819.63,53075600.0,2025-07-30
4237,ASII.JK,Astra International,4819.63,4843.02,4772.83,4772.83,44048400.0,2025-07-31
4238,ASII.JK,Astra International,4796.23,4819.63,4641.81,4679.25,33392000.0,2025-08-01
4239,ASII.JK,Astra International,4679.25,4726.04,4623.1,4702.65,21561700.0,2025-08-04
4240,ASII.JK,Astra International,4726.04,4726.04,4669.89,4702.65,20210600.0,2025-08-05
4241,ASII.JK,Astra International,4702.65,4702.65,4585.66,4585.66,24786300.0,2025-08-06
4242,ASII.JK,Astra International,4604.38,4702.65,4604.38,4641.81,25930000.0,2025-08-07
4243,ASII.JK,Astra International,4632.46,4669.89,4604.38,4604.38,20639400.0,2025-08-08
4244,ASII.JK,Astra International,4604.38,4613.74,4557.59,4585.66,21955000.0,2025-08-11
4245,ASII.JK,Astra International,4585.66,4702.64,4576.31,4669.89,22725500.0,2025-08-12
4246,ASII.JK,Astra International,4772.83,4913.21,4702.64,4843.02,103458500.0,2025-08-13
4247,ASII.JK,Astra International,4796.23,4819.63,4749.44,4772.83,31796500.0,2025-08-14
4248,ASII.JK,Astra International,4772.83,4796.23,4702.65,4702.65,16434700.0,2025-08-15
4249,ASII.JK,Astra International,4936.61,5217.36,4866.42,5170.57,260942000.0,2025-08-19
4250,ASII.JK,Astra International,5170.57,5193.97,5100.38,5170.57,74517000.0,2025-08-20
4251,ASII.JK,Astra International,5170.57,5287.55,5147.17,5264.15,76746200.0,2025-08-21
4252,ASII.JK,Astra International,5287.55,5404.53,5240.76,5334.34,73126900.0,2025-08-22
4253,ASII.JK,Astra International,5381.14,5404.53,5310.95,5381.14,60737900.0,2025-08-25
4254,ASII.JK,Astra International,5357.74,5357.74,5123.78,5264.15,79136200.0,2025-08-26
4255,ASII.JK,Astra International,5287.55,5357.74,5147.17,5147.17,33172600.0,2025-08-27
4256,ASII.JK,Astra International,5170.57,5287.55,5170.57,5217.36,18032900.0,2025-08-28
4257,ASII.JK,Astra International,5100.38,5264.15,5076.98,5147.17,62869000.0,2025-08-29
4258,ASII.JK,Astra International,4866.42,5147.17,4866.42,5100.38,67904000.0,2025-09-01
4259,ASII.JK,Astra International,5147.17,5193.97,5053.59,5123.78,21623300.0,2025-09-02
4260,ASII.JK,Astra International,5170.57,5287.55,5100.38,5147.17,45471600.0,2025-09-03
4261,ASII.JK,Astra International,5147.17,5147.17,5053.59,5147.17,26987400.0,2025-09-04
4262,ASII.JK,Astra International,5240.76,5240.76,5006.8,5076.99,57081800.0,2025-09-08
4263,ASII.JK,Astra International,5053.59,5240.76,5006.8,5170.57,49240100.0,2025-09-09
4264,ASII.JK,Astra International,5170.57,5170.57,5053.59,5123.78,22964700.0,2025-09-10
4265,ASII.JK,Astra International,5123.78,5240.76,5100.38,5193.97,28151500.0,2025-09-11
4266,ASII.JK,Astra International,5264.16,5334.34,5240.76,5310.95,30653500.0,2025-09-12
4267,ASII.JK,Astra International,5310.95,5334.34,5240.76,5264.15,26368000.0,2025-09-15
4268,ASII.JK,Astra International,5287.55,5310.95,5240.76,5287.55,15987900.0,2025-09-16
4269,ASII.JK,Astra International,5287.55,5334.34,5240.76,5334.34,23879700.0,2025-09-17
4270,ASII.JK,Astra International,5334.34,5357.74,5193.97,5217.36,27261300.0,2025-09-18
4271,ASII.JK,Astra International,5217.36,5381.14,5217.36,5357.74,52162200.0,2025-09-19
4272,ASII.JK,Astra International,5357.74,5357.74,5264.15,5334.34,35106300.0,2025-09-22
4273,ASII.JK,Astra International,5310.95,5568.31,5287.55,5521.51,41044200.0,2025-09-23
4274,ASII.JK,Astra International,5568.31,5568.31,5474.72,5521.51,61167600.0,2025-09-24
4275,ASII.JK,Astra International,5521.51,5521.51,5381.14,5404.53,35805100.0,2025-09-25
4276,ASII.JK,Astra International,5498.12,5615.1,5404.53,5498.12,42677800.0,2025-09-26
4277,ASII.JK,Astra International,5498.12,5521.51,5381.14,5404.53,20892700.0,2025-09-29
4278,ASII.JK,Astra International,5381.14,5451.32,5334.34,5404.53,41266900.0,2025-09-30
4279,ASII.JK,Astra International,5451.33,5474.72,5287.55,5310.95,26508200.0,2025-10-01
4280,ASII.JK,Astra International,5381.14,5381.14,5264.15,5334.34,29346300.0,2025-10-02
4281,ASII.JK,Astra International,5381.14,5474.72,5381.14,5451.32,27951100.0,2025-10-03
4282,ASII.JK,Astra International,5521.51,5544.91,5427.93,5451.32,21809400.0,2025-10-06
4283,ASII.JK,Astra International,5544.91,5661.89,5357.74,5381.14,43328700.0,2025-10-07
4284,ASII.JK,Astra International,5451.32,5498.12,5287.55,5357.74,30080700.0,2025-10-08
4285,ASII.JK,Astra International,5404.53,5544.91,5381.14,5544.91,27699300.0,2025-10-09
4286,ASII.JK,Astra International,5544.91,5568.31,5474.72,5521.51,27133800.0,2025-10-10
4287,ASII.JK,Astra International,5474.72,5544.91,5404.53,5427.93,29034500.0,2025-10-13
4288,ASII.JK,Astra International,5521.22,5735.4,5521.22,5545.02,53096200.0,2025-10-14
4289,ASII.JK,Astra International,5664.01,5664.01,5473.62,5497.42,96604500.0,2025-10-15
4290,ASII.JK,Astra International,5568.82,5568.82,5473.62,5473.62,15044500.0,2025-10-16
4291,ASII.JK,Astra International,5449.82,5521.22,5307.03,5354.63,31793700.0,2025-10-17
4292,ASII.JK,Astra International,5354.63,5640.21,5354.63,5640.21,29959700.0,2025-10-20
4293,ASII.JK,Astra International,5711.6,5759.2,5616.41,5711.6,46181700.0,2025-10-21
4294,ASII.JK,Astra International,5759.2,5997.19,5711.6,5878.19,98615300.0,2025-10-22
4295,ASII.JK,Astra International,5783.0,6092.38,5783.0,6020.98,60009000.0,2025-10-23
4296,ASII.JK,Astra International,6068.58,6354.16,6044.78,6258.97,93344500.0,2025-10-24
4297,ASII.JK,Astra International,6282.77,6401.76,6068.58,6282.77,64262300.0,2025-10-27
4298,ASII.JK,Astra International,6282.77,6282.77,5973.39,6020.98,37953500.0,2025-10-28
4299,ASII.JK,Astra International,5949.59,6187.57,5925.79,6163.77,39818900.0,2025-10-29
4300,ASII.JK,Astra International,6116.18,6139.98,5949.59,5973.39,28976800.0,2025-10-30
4301,ASII.JK,Astra International,5949.59,5997.19,5830.6,5854.4,64790000.0,2025-10-31
4302,ASII.JK,Astra International,5854.39,6139.98,5854.39,6044.78,59085000.0,2025-11-03
4303,ASII.JK,Astra International,5997.19,6068.58,5949.59,5997.19,62249200.0,2025-11-04
4304,ASII.JK,Astra International,5949.59,6020.98,5878.19,5949.59,43439100.0,2025-11-05
4305,ASII.JK,Astra International,5997.19,6044.78,5901.99,6020.98,48979900.0,2025-11-06
4306,ASII.JK,Astra International,6020.98,6139.98,5997.18,6116.18,42960800.0,2025-11-07
4307,ASII.JK,Astra International,6187.57,6187.57,6092.38,6116.18,45533400.0,2025-11-10
4308,ASII.JK,Astra International,6235.17,6282.77,6139.98,6211.37,43529600.0,2025-11-11
4309,ASII.JK,Astra International,6235.17,6258.97,6092.38,6139.98,37083400.0,2025-11-12
4310,ASII.JK,Astra International,6116.18,6116.18,6044.78,6068.58,21200000.0,2025-11-13
4311,ASII.JK,Astra International,6068.58,6139.98,6020.98,6092.38,23431700.0,2025-11-14
4312,ASII.JK,Astra International,6092.38,6187.57,6068.58,6139.98,40681500.0,2025-11-17
4313,ASII.JK,Astra International,6163.77,6235.17,6092.38,6116.18,27510900.0,2025-11-18
4314,ASII.JK,Astra International,6116.18,6163.77,5973.39,6092.38,45476700.0,2025-11-19
4315,ASII.JK,Astra International,6139.98,6187.57,6068.58,6116.18,30547700.0,2025-11-20
4316,ASII.JK,Astra International,6092.38,6116.18,6020.98,6116.18,43653200.0,2025-11-21
4317,ASII.JK,Astra International,6187.57,6211.37,6116.18,6163.77,71721700.0,2025-11-24
4318,ASII.JK,Astra International,6116.18,6163.77,6068.58,6139.98,20954400.0,2025-11-25
4319,ASII.JK,Astra International,6187.57,6282.77,6116.18,6282.77,29331000.0,2025-11-26
4320,ASII.JK,Astra International,6282.77,6282.77,6139.98,6258.97,23737100.0,2025-11-27
4321,ASII.JK,Astra International,6282.77,6282.77,6187.57,6235.17,38378700.0,2025-11-28
4322,ASII.JK,Astra International,6068.58,6187.57,6020.98,6068.58,38669000.0,2025-12-01
4323,ASII.JK,Astra International,6258.97,6306.56,6187.57,6306.56,53567600.0,2025-12-02
4324,ASII.JK,Astra International,6282.77,6330.36,6235.17,6282.77,24386200.0,2025-12-03
4325,ASII.JK,Astra International,6258.97,6401.76,6235.17,6401.76,38510600.0,2025-12-04
4326,ASII.JK,Astra International,6401.76,6568.35,6377.96,6377.96,67707300.0,2025-12-05
4327,ASII.JK,Astra International,6496.95,6496.95,6306.56,6401.76,38776000.0,2025-12-08
4328,ASII.JK,Astra International,6449.35,6449.35,6139.98,6282.77,38482800.0,2025-12-09
4329,ASII.JK,Astra International,6377.96,6401.76,6235.17,6306.56,34524000.0,2025-12-10
4330,ASII.JK,Astra International,6330.36,6354.16,6044.78,6139.98,42116700.0,2025-12-11
4331,ASII.JK,Astra International,6235.17,6282.77,6116.18,6282.77,28841900.0,2025-12-12
4332,ASII.JK,Astra International,6401.76,6401.76,6211.37,6282.77,38096700.0,2025-12-15
4333,ASII.JK,Astra International,6258.97,6282.77,6187.57,6282.77,34723600.0,2025-12-16
4334,ASII.JK,Astra International,6235.17,6282.77,6187.57,6282.77,32681400.0,2025-12-17
4335,ASII.JK,Astra International,6282.77,6282.77,6163.77,6187.57,20454400.0,2025-12-18
4336,ASII.JK,Astra International,6258.97,6258.97,6116.18,6211.37,61201100.0,2025-12-19
4337,ASII.JK,Astra International,6139.98,6282.77,6139.98,6258.97,30755900.0,2025-12-22
4338,ASII.JK,Astra International,6187.57,6258.97,6139.98,6187.57,13756700.0,2025-12-23
4339,ASII.JK,Astra International,6139.98,6354.16,6139.98,6306.56,20273000.0,2025-12-24
4340,ASII.JK,Astra International,6306.56,6401.76,6282.77,6354.16,20982300.0,2025-12-29
4341,ASII.JK,Astra International,6354.16,6401.76,6282.77,6377.96,23486000.0,2025-12-30
1,BBCA.JK,Bank Central Asia,5544.31,5614.7,5531.89,5540.17,49445000.0,2020-01-02
2,BBCA.JK,Bank Central Asia,5589.86,5631.27,5569.16,5631.27,47755500.0,2020-01-03
3,BBCA.JK,Bank Central Asia,5565.02,5589.86,5540.17,5577.44,27300000.0,2020-01-06
4,BBCA.JK,Bank Central Asia,5577.44,5606.42,5573.3,5581.58,45022500.0,2020-01-07
5,BBCA.JK,Bank Central Asia,5523.61,5585.72,5523.61,5531.89,53692500.0,2020-01-08
6,BBCA.JK,Bank Central Asia,5581.58,5594.0,5573.3,5581.58,40363500.0,2020-01-09
7,BBCA.JK,Bank Central Asia,5602.28,5651.97,5556.73,5569.16,73362000.0,2020-01-10
8,BBCA.JK,Bank Central Asia,5581.58,5598.14,5577.44,5585.72,67855000.0,2020-01-13
9,BBCA.JK,Bank Central Asia,5585.72,5701.66,5581.58,5689.24,93582000.0,2020-01-14
10,BBCA.JK,Bank Central Asia,5689.24,5846.58,5631.27,5660.25,75623500.0,2020-01-15
11,BBCA.JK,Bank Central Asia,5635.41,5705.8,5627.12,5672.67,88931500.0,2020-01-16
12,BBCA.JK,Bank Central Asia,5664.39,5705.8,5631.27,5693.38,38249500.0,2020-01-17
13,BBCA.JK,Bank Central Asia,5755.49,5776.19,5656.11,5660.25,93554500.0,2020-01-20
14,BBCA.JK,Bank Central Asia,5701.66,5709.94,5651.97,5656.11,103984500.0,2020-01-21
15,BBCA.JK,Bank Central Asia,5676.81,5709.94,5660.25,5664.39,94311500.0,2020-01-22
16,BBCA.JK,Bank Central Asia,5701.66,5709.94,5656.11,5664.39,87728000.0,2020-01-23
17,BBCA.JK,Bank Central Asia,5647.83,5697.52,5639.55,5639.55,69653500.0,2020-01-24
18,BBCA.JK,Bank Central Asia,5685.09,5747.2,5643.69,5664.39,39679000.0,2020-01-27
19,BBCA.JK,Bank Central Asia,5660.25,5668.53,5594.0,5622.98,82615000.0,2020-01-28
20,BBCA.JK,Bank Central Asia,5631.27,5668.53,5606.42,5618.84,43821000.0,2020-01-29
21,BBCA.JK,Bank Central Asia,5668.53,5668.53,5573.3,5581.58,71990000.0,2020-01-30
22,BBCA.JK,Bank Central Asia,5631.27,5635.41,5366.27,5366.27,163136500.0,2020-01-31
23,BBCA.JK,Bank Central Asia,5366.27,5453.22,5275.17,5333.14,149797000.0,2020-02-03
24,BBCA.JK,Bank Central Asia,5440.8,5482.2,5399.39,5465.64,113316500.0,2020-02-04
25,BBCA.JK,Bank Central Asia,5614.7,5614.7,5507.05,5573.3,123002500.0,2020-02-05
26,BBCA.JK,Bank Central Asia,5581.58,5614.7,5531.89,5581.58,154693500.0,2020-02-06
27,BBCA.JK,Bank Central Asia,5556.73,5614.7,5552.59,5598.14,82609000.0,2020-02-07
28,BBCA.JK,Bank Central Asia,5598.14,5618.84,5490.48,5618.84,66578500.0,2020-02-10
29,BBCA.JK,Bank Central Asia,5618.84,5618.84,5585.72,5614.7,77526500.0,2020-02-11
30,BBCA.JK,Bank Central Asia,5631.27,5631.27,5598.14,5631.27,69971500.0,2020-02-12
31,BBCA.JK,Bank Central Asia,5647.83,5647.83,5581.58,5622.98,49737000.0,2020-02-13
32,BBCA.JK,Bank Central Asia,5614.7,5627.13,5527.75,5531.89,147028500.0,2020-02-14
33,BBCA.JK,Bank Central Asia,5531.89,5589.86,5531.89,5565.02,115319000.0,2020-02-17
34,BBCA.JK,Bank Central Asia,5536.03,5565.02,5523.61,5544.31,98436500.0,2020-02-18
35,BBCA.JK,Bank Central Asia,5519.47,5598.14,5519.47,5544.31,74594000.0,2020-02-19
36,BBCA.JK,Bank Central Asia,5540.17,5544.31,5436.66,5461.5,136724500.0,2020-02-20
37,BBCA.JK,Bank Central Asia,5465.64,5515.33,5461.5,5478.06,98261000.0,2020-02-21
38,BBCA.JK,Bank Central Asia,5436.66,5465.64,5391.11,5403.53,84910000.0,2020-02-24
39,BBCA.JK,Bank Central Asia,5424.23,5432.52,5391.11,5407.67,86446500.0,2020-02-25
40,BBCA.JK,Bank Central Asia,5382.83,5411.81,5316.58,5316.58,92824500.0,2020-02-26
41,BBCA.JK,Bank Central Asia,5357.98,5362.12,5134.39,5208.92,129254500.0,2020-02-27
42,BBCA.JK,Bank Central Asia,5134.39,5208.92,4997.75,5208.92,169946500.0,2020-02-28
43,BBCA.JK,Bank Central Asia,5208.92,5208.92,4997.75,5035.01,144871500.0,2020-03-02
44,BBCA.JK,Bank Central Asia,5134.39,5258.61,5134.39,5233.76,114663500.0,2020-03-03
45,BBCA.JK,Bank Central Asia,5229.62,5382.83,5184.08,5333.14,83025000.0,2020-03-04
46,BBCA.JK,Bank Central Asia,5415.95,5415.95,5250.33,5329.0,77583000.0,2020-03-05
47,BBCA.JK,Bank Central Asia,5258.61,5258.61,5134.39,5134.39,77835500.0,2020-03-06
48,BBCA.JK,Bank Central Asia,4968.76,5001.89,4790.72,4790.72,140889500.0,2020-03-09
49,BBCA.JK,Bank Central Asia,4836.26,4977.05,4836.26,4906.66,133667000.0,2020-03-10
50,BBCA.JK,Bank Central Asia,4927.36,4952.2,4794.86,4844.54,93204500.0,2020-03-11
51,BBCA.JK,Bank Central Asia,4637.51,4670.64,4521.57,4604.39,129845500.0,2020-03-12
52,BBCA.JK,Bank Central Asia,4604.39,4604.39,4604.39,4604.39,129845500.0,2020-03-13
53,BBCA.JK,Bank Central Asia,4604.39,4604.39,4604.39,4604.39,129845500.0,2020-03-16
54,BBCA.JK,Bank Central Asia,4550.56,4558.84,4240.01,4240.01,212200000.0,2020-03-17
55,BBCA.JK,Bank Central Asia,4240.01,4455.33,3946.03,4140.64,180053500.0,2020-03-18
56,BBCA.JK,Bank Central Asia,4136.5,4136.5,3850.79,3850.79,264419000.0,2020-03-19
57,BBCA.JK,Bank Central Asia,3809.39,4459.47,3581.65,3921.18,335132000.0,2020-03-20
58,BBCA.JK,Bank Central Asia,3941.89,4140.64,3647.9,3668.6,217843500.0,2020-03-23
59,BBCA.JK,Bank Central Asia,3685.17,4136.5,3685.17,3726.57,253971000.0,2020-03-24
60,BBCA.JK,Bank Central Asia,3850.79,4467.75,3850.79,4372.51,331633000.0,2020-03-26
61,BBCA.JK,Bank Central Asia,4438.76,4881.81,4434.62,4562.98,269683000.0,2020-03-27
62,BBCA.JK,Bank Central Asia,4538.14,4600.25,4269.0,4550.56,159964500.0,2020-03-30
63,BBCA.JK,Bank Central Asia,4687.2,4728.61,4542.28,4575.4,182638500.0,2020-03-31
64,BBCA.JK,Bank Central Asia,4604.39,4761.73,4492.59,4538.14,152831500.0,2020-04-01
65,BBCA.JK,Bank Central Asia,4529.86,4529.86,4438.76,4480.17,136623500.0,2020-04-02
66,BBCA.JK,Bank Central Asia,4521.58,4579.55,4442.9,4550.56,110506000.0,2020-04-03
67,BBCA.JK,Bank Central Asia,4571.26,4753.45,4550.56,4749.31,78184000.0,2020-04-06
68,BBCA.JK,Bank Central Asia,4749.31,5051.58,4620.95,4683.06,149153500.0,2020-04-07
69,BBCA.JK,Bank Central Asia,4683.06,4687.2,4538.14,4666.5,106111500.0,2020-04-08
70,BBCA.JK,Bank Central Asia,4637.51,4716.19,4554.7,4633.37,89997000.0,2020-04-09
71,BBCA.JK,Bank Central Asia,4587.82,4649.93,4538.14,4554.7,58043000.0,2020-04-13
72,BBCA.JK,Bank Central Asia,4558.84,4629.23,4509.15,4567.12,95796000.0,2020-04-14
73,BBCA.JK,Bank Central Asia,4567.12,4662.36,4509.15,4542.28,95342000.0,2020-04-15
74,BBCA.JK,Bank Central Asia,4542.28,4571.26,4293.84,4339.39,176990500.0,2020-04-16
75,BBCA.JK,Bank Central Asia,4389.08,4509.15,4372.51,4492.59,160935500.0,2020-04-17
76,BBCA.JK,Bank Central Asia,4496.73,4554.7,4413.92,4434.62,90744000.0,2020-04-20
77,BBCA.JK,Bank Central Asia,4511.28,4511.28,4347.01,4347.01,73431000.0,2020-04-21
78,BBCA.JK,Bank Central Asia,4347.01,4410.19,4250.13,4334.37,107263500.0,2020-04-22
79,BBCA.JK,Bank Central Asia,4363.86,4418.62,4313.31,4313.31,105419500.0,2020-04-23
80,BBCA.JK,Bank Central Asia,4313.31,4330.16,4144.82,4144.82,131149500.0,2020-04-24
81,BBCA.JK,Bank Central Asia,4161.67,4229.07,4090.06,4178.52,151103500.0,2020-04-27
82,BBCA.JK,Bank Central Asia,4178.52,4191.16,4047.94,4069.0,180488000.0,2020-04-28
83,BBCA.JK,Bank Central Asia,4064.79,4085.85,4043.73,4085.85,121161000.0,2020-04-29
84,BBCA.JK,Bank Central Asia,4111.12,4422.83,4111.12,4355.43,174081000.0,2020-04-30
85,BBCA.JK,Bank Central Asia,4338.58,4464.95,4212.22,4397.55,114497500.0,2020-05-04
86,BBCA.JK,Bank Central Asia,4397.55,4498.65,4380.71,4452.31,118643500.0,2020-05-05
87,BBCA.JK,Bank Central Asia,4477.59,4523.92,4464.95,4511.28,86395500.0,2020-05-06
88,BBCA.JK,Bank Central Asia,4502.86,4549.19,4338.58,4418.62,123028000.0,2020-05-08
89,BBCA.JK,Bank Central Asia,4418.62,4486.01,4418.62,4460.74,40615500.0,2020-05-11
90,BBCA.JK,Bank Central Asia,4498.65,4498.65,4237.49,4397.55,118660000.0,2020-05-12
91,BBCA.JK,Bank Central Asia,4347.01,4355.43,4283.83,4304.89,94973000.0,2020-05-13
92,BBCA.JK,Bank Central Asia,4271.19,4304.89,4132.19,4144.82,131268000.0,2020-05-14
93,BBCA.JK,Bank Central Asia,4144.82,4208.01,3942.64,4031.09,205790000.0,2020-05-15
94,BBCA.JK,Bank Central Asia,4043.73,4081.64,4001.61,4014.24,139997500.0,2020-05-18
95,BBCA.JK,Bank Central Asia,4077.43,4178.52,3942.64,3942.64,128504500.0,2020-05-19
96,BBCA.JK,Bank Central Asia,3976.33,4043.73,3951.06,4014.24,119158000.0,2020-05-20
97,BBCA.JK,Bank Central Asia,4022.67,4212.22,4022.67,4186.94,176076500.0,2020-05-26
98,BBCA.JK,Bank Central Asia,4186.94,4212.22,4090.06,4182.73,151753500.0,2020-05-27
99,BBCA.JK,Bank Central Asia,4212.22,4481.8,4212.22,4460.74,229233000.0,2020-05-28
100,BBCA.JK,Bank Central Asia,4460.74,4460.74,4372.28,4372.28,399414000.0,2020-05-29
101,BBCA.JK,Bank Central Asia,4431.25,4633.44,4414.4,4515.5,181369500.0,2020-06-02
102,BBCA.JK,Bank Central Asia,4557.62,4869.32,4549.19,4869.32,279673500.0,2020-06-03
103,BBCA.JK,Bank Central Asia,4869.32,5046.24,4717.68,4877.75,236158500.0,2020-06-04
104,BBCA.JK,Bank Central Asia,4877.75,4932.51,4705.05,4822.99,88157500.0,2020-06-05
105,BBCA.JK,Bank Central Asia,4848.26,4991.48,4848.26,4970.42,173557500.0,2020-06-08
106,BBCA.JK,Bank Central Asia,5004.11,5050.45,4881.96,4890.38,100110000.0,2020-06-09
107,BBCA.JK,Bank Central Asia,4886.17,4940.93,4713.47,4886.17,115382500.0,2020-06-10
108,BBCA.JK,Bank Central Asia,4844.05,4894.6,4721.9,4785.08,85187500.0,2020-06-11
109,BBCA.JK,Bank Central Asia,4785.08,4785.08,4616.59,4776.65,96044000.0,2020-06-12
110,BBCA.JK,Bank Central Asia,4785.08,4810.35,4633.44,4633.44,100844500.0,2020-06-15
111,BBCA.JK,Bank Central Asia,4700.83,4881.96,4700.83,4852.47,91518500.0,2020-06-16
112,BBCA.JK,Bank Central Asia,4886.17,4886.17,4785.08,4818.78,79800000.0,2020-06-17
113,BBCA.JK,Bank Central Asia,4818.78,4835.62,4705.05,4705.05,68032000.0,2020-06-18
114,BBCA.JK,Bank Central Asia,4717.68,4759.8,4671.35,4696.62,110071000.0,2020-06-19
115,BBCA.JK,Bank Central Asia,4713.47,4768.23,4658.71,4667.14,51590500.0,2020-06-22
116,BBCA.JK,Bank Central Asia,4692.41,4768.23,4650.29,4734.53,69954000.0,2020-06-23
117,BBCA.JK,Bank Central Asia,4759.8,4852.47,4751.38,4806.14,57333000.0,2020-06-24
118,BBCA.JK,Bank Central Asia,4801.93,4839.84,4751.38,4822.99,51415000.0,2020-06-25
119,BBCA.JK,Bank Central Asia,4818.78,4852.47,4751.38,4755.59,57467500.0,2020-06-26
120,BBCA.JK,Bank Central Asia,4751.38,4797.72,4705.05,4780.87,48796500.0,2020-06-29
121,BBCA.JK,Bank Central Asia,4801.93,4835.63,4768.23,4797.72,74474000.0,2020-06-30
122,BBCA.JK,Bank Central Asia,4801.93,4886.17,4780.87,4886.17,63959000.0,2020-07-01
123,BBCA.JK,Bank Central Asia,4865.11,4945.14,4852.48,4945.14,75585500.0,2020-07-02
124,BBCA.JK,Bank Central Asia,4945.14,4974.63,4919.87,4945.14,52219000.0,2020-07-03
125,BBCA.JK,Bank Central Asia,4936.72,4999.9,4928.29,4999.9,67800000.0,2020-07-06
126,BBCA.JK,Bank Central Asia,5004.11,5050.45,4970.42,5046.24,74168000.0,2020-07-07
127,BBCA.JK,Bank Central Asia,5046.24,5277.91,5037.81,5223.15,106444500.0,2020-07-08
128,BBCA.JK,Bank Central Asia,5231.57,5256.85,5079.93,5138.9,93543500.0,2020-07-09
129,BBCA.JK,Bank Central Asia,5138.9,5256.85,5122.06,5223.15,67224000.0,2020-07-10
130,BBCA.JK,Bank Central Asia,5248.42,5256.85,5172.6,5202.09,86006000.0,2020-07-13
131,BBCA.JK,Bank Central Asia,5202.09,5223.15,5147.33,5223.15,45616500.0,2020-07-14
132,BBCA.JK,Bank Central Asia,5223.15,5256.85,5181.03,5181.03,61468000.0,2020-07-15
133,BBCA.JK,Bank Central Asia,5181.03,5223.15,5172.6,5206.3,66520500.0,2020-07-16
134,BBCA.JK,Bank Central Asia,5168.39,5206.3,5088.36,5155.75,73348000.0,2020-07-17
135,BBCA.JK,Bank Central Asia,5155.75,5189.45,5105.21,5172.6,59794500.0,2020-07-20
136,BBCA.JK,Bank Central Asia,5138.9,5252.63,5138.9,5223.15,84159500.0,2020-07-21
137,BBCA.JK,Bank Central Asia,5231.57,5265.27,5164.18,5206.3,44725500.0,2020-07-22
138,BBCA.JK,Bank Central Asia,5206.3,5235.79,5172.6,5223.15,84026500.0,2020-07-23
139,BBCA.JK,Bank Central Asia,5223.15,5223.15,5138.9,5138.9,58366500.0,2020-07-24
140,BBCA.JK,Bank Central Asia,5138.9,5172.6,5054.66,5138.9,41972500.0,2020-07-27
141,BBCA.JK,Bank Central Asia,5155.75,5223.15,5105.21,5210.51,65279000.0,2020-07-28
142,BBCA.JK,Bank Central Asia,5210.51,5210.51,5138.9,5168.39,50262500.0,2020-07-29
143,BBCA.JK,Bank Central Asia,5168.39,5256.85,5100.99,5256.85,80533500.0,2020-07-30
144,BBCA.JK,Bank Central Asia,5240.0,5252.64,4907.23,5164.18,137079000.0,2020-08-03
145,BBCA.JK,Bank Central Asia,5185.24,5240.0,5164.18,5231.57,79357000.0,2020-08-04
146,BBCA.JK,Bank Central Asia,5223.15,5240.0,5138.9,5227.36,49393000.0,2020-08-05
147,BBCA.JK,Bank Central Asia,5235.79,5303.18,5210.51,5273.7,55258500.0,2020-08-06
148,BBCA.JK,Bank Central Asia,5277.91,5294.76,5189.45,5206.3,43621000.0,2020-08-07
149,BBCA.JK,Bank Central Asia,5206.3,5223.15,5143.12,5155.75,37774500.0,2020-08-10
150,BBCA.JK,Bank Central Asia,5172.6,5223.15,5164.18,5202.09,38795500.0,2020-08-11
151,BBCA.JK,Bank Central Asia,5202.09,5273.7,5189.45,5273.7,35612000.0,2020-08-12
152,BBCA.JK,Bank Central Asia,5273.7,5307.39,5206.3,5307.39,48581000.0,2020-08-13
153,BBCA.JK,Bank Central Asia,5307.39,5395.85,5256.85,5395.85,57316000.0,2020-08-14
154,BBCA.JK,Bank Central Asia,5395.85,5412.7,5307.39,5357.94,81563500.0,2020-08-18
155,BBCA.JK,Bank Central Asia,5357.94,5400.06,5315.82,5332.67,58793500.0,2020-08-19
156,BBCA.JK,Bank Central Asia,5341.09,5374.79,5290.54,5320.03,66882500.0,2020-08-24
157,BBCA.JK,Bank Central Asia,5324.24,5374.79,5311.61,5362.15,49211000.0,2020-08-25
158,BBCA.JK,Bank Central Asia,5379.0,5383.21,5311.61,5341.09,42983000.0,2020-08-26
159,BBCA.JK,Bank Central Asia,5362.15,5560.13,5341.09,5560.13,68326000.0,2020-08-27
160,BBCA.JK,Bank Central Asia,5526.43,5560.13,5412.7,5471.67,52292500.0,2020-08-28
161,BBCA.JK,Bank Central Asia,5475.88,5509.58,5286.33,5286.33,97032000.0,2020-08-31
162,BBCA.JK,Bank Central Asia,5290.54,5492.73,5256.85,5492.73,67446000.0,2020-09-01
163,BBCA.JK,Bank Central Asia,5492.73,5526.43,5362.15,5421.12,66065000.0,2020-09-02
164,BBCA.JK,Bank Central Asia,5446.4,5475.88,5307.39,5475.88,68208500.0,2020-09-03
165,BBCA.JK,Bank Central Asia,5433.76,5433.76,5277.91,5374.79,80613500.0,2020-09-04
166,BBCA.JK,Bank Central Asia,5336.88,5357.94,5223.15,5294.76,64249500.0,2020-09-07
167,BBCA.JK,Bank Central Asia,5294.76,5357.94,5294.76,5336.88,39649000.0,2020-09-08
168,BBCA.JK,Bank Central Asia,5307.39,5324.24,5231.57,5261.06,49285000.0,2020-09-09
169,BBCA.JK,Bank Central Asia,5240.0,5240.0,4894.6,4894.6,175735000.0,2020-09-10
170,BBCA.JK,Bank Central Asia,4886.17,5033.6,4734.53,4974.63,403032500.0,2020-09-11
171,BBCA.JK,Bank Central Asia,5054.66,5151.54,5042.02,5096.78,138115000.0,2020-09-14
172,BBCA.JK,Bank Central Asia,5088.36,5138.9,4936.72,4936.72,170087000.0,2020-09-15
173,BBCA.JK,Bank Central Asia,4936.72,4945.14,4839.84,4844.05,158565500.0,2020-09-16
174,BBCA.JK,Bank Central Asia,4844.05,4932.51,4772.44,4848.26,138796000.0,2020-09-17
175,BBCA.JK,Bank Central Asia,4801.93,4831.41,4692.41,4742.96,316912000.0,2020-09-18
176,BBCA.JK,Bank Central Asia,4751.38,4831.41,4713.47,4721.89,112443000.0,2020-09-21
177,BBCA.JK,Bank Central Asia,4650.29,4688.2,4574.47,4591.32,163442500.0,2020-09-22
178,BBCA.JK,Bank Central Asia,4591.32,4705.05,4570.26,4637.65,100517000.0,2020-09-23
179,BBCA.JK,Bank Central Asia,4574.47,4662.92,4540.77,4587.1,88618500.0,2020-09-24
180,BBCA.JK,Bank Central Asia,4616.59,4738.74,4599.74,4726.11,100705000.0,2020-09-25
181,BBCA.JK,Bank Central Asia,4759.81,4797.72,4633.44,4646.08,93522000.0,2020-09-28
182,BBCA.JK,Bank Central Asia,4696.62,4747.17,4599.74,4637.65,117778500.0,2020-09-29
183,BBCA.JK,Bank Central Asia,4688.2,4688.2,4566.04,4566.04,107377000.0,2020-09-30
184,BBCA.JK,Bank Central Asia,4620.8,4692.41,4616.59,4692.41,56893000.0,2020-10-01
185,BBCA.JK,Bank Central Asia,4683.99,4688.2,4582.89,4637.65,66848000.0,2020-10-02
186,BBCA.JK,Bank Central Asia,4646.08,4683.99,4599.74,4650.29,58291000.0,2020-10-05
187,BBCA.JK,Bank Central Asia,4742.96,4814.56,4717.68,4801.93,141955500.0,2020-10-06
188,BBCA.JK,Bank Central Asia,4717.68,4848.26,4700.83,4848.26,89937500.0,2020-10-07
189,BBCA.JK,Bank Central Asia,4877.75,4886.17,4810.35,4869.32,77384500.0,2020-10-08
190,BBCA.JK,Bank Central Asia,4844.05,4865.11,4818.78,4865.11,54250500.0,2020-10-09
191,BBCA.JK,Bank Central Asia,4919.87,4949.36,4911.45,4932.51,82918500.0,2020-10-12
192,BBCA.JK,Bank Central Asia,4919.87,4936.72,4860.9,4932.51,48250500.0,2020-10-13
193,BBCA.JK,Bank Central Asia,4919.87,4970.42,4894.6,4970.42,83117500.0,2020-10-14
194,BBCA.JK,Bank Central Asia,4949.35,4953.57,4852.47,4873.53,82067000.0,2020-10-15
195,BBCA.JK,Bank Central Asia,4873.54,4877.75,4827.2,4852.47,89051500.0,2020-10-16
196,BBCA.JK,Bank Central Asia,4844.05,4970.42,4810.35,4970.42,56871500.0,2020-10-19
197,BBCA.JK,Bank Central Asia,4953.57,4953.57,4873.54,4890.38,74995500.0,2020-10-20
198,BBCA.JK,Bank Central Asia,4936.72,4940.93,4827.2,4869.32,77944000.0,2020-10-21
199,BBCA.JK,Bank Central Asia,4835.63,4886.17,4806.14,4886.17,96872500.0,2020-10-22
200,BBCA.JK,Bank Central Asia,4919.87,4919.87,4844.05,4860.9,66328000.0,2020-10-23
201,BBCA.JK,Bank Central Asia,4822.99,4915.66,4822.99,4898.81,70452500.0,2020-10-26
202,BBCA.JK,Bank Central Asia,4898.81,4911.45,4848.26,4877.75,89482000.0,2020-10-27
203,BBCA.JK,Bank Central Asia,4852.47,4907.23,4818.78,4903.02,151006500.0,2020-11-02
204,BBCA.JK,Bank Central Asia,4919.87,4966.2,4915.66,4961.99,78152000.0,2020-11-03
205,BBCA.JK,Bank Central Asia,4970.42,5004.11,4873.54,4903.02,78626000.0,2020-11-04
206,BBCA.JK,Bank Central Asia,4970.42,5206.3,4970.42,5181.03,161090000.0,2020-11-05
207,BBCA.JK,Bank Central Asia,5189.45,5307.39,5105.21,5307.39,137303500.0,2020-11-06
208,BBCA.JK,Bank Central Asia,5307.39,5391.64,5235.79,5294.76,82739500.0,2020-11-09
209,BBCA.JK,Bank Central Asia,5387.43,5560.13,5374.79,5459.03,191073500.0,2020-11-10
210,BBCA.JK,Bank Central Asia,5509.58,5530.64,5459.03,5509.58,131383500.0,2020-11-11
211,BBCA.JK,Bank Central Asia,5400.06,5471.67,5395.85,5408.49,83082500.0,2020-11-12
212,BBCA.JK,Bank Central Asia,5408.49,5433.76,5324.24,5383.21,82374500.0,2020-11-13
213,BBCA.JK,Bank Central Asia,5463.24,5463.24,5379.0,5459.03,54905000.0,2020-11-16
214,BBCA.JK,Bank Central Asia,5475.88,5530.64,5467.46,5518.0,119784000.0,2020-11-17
215,BBCA.JK,Bank Central Asia,5518.0,5539.06,5509.58,5534.85,99789000.0,2020-11-18
216,BBCA.JK,Bank Central Asia,5492.73,5593.82,5488.52,5572.76,147346500.0,2020-11-19
217,BBCA.JK,Bank Central Asia,5593.82,5602.25,5518.0,5560.13,68468500.0,2020-11-20
218,BBCA.JK,Bank Central Asia,5560.13,5568.55,5518.0,5560.13,75265500.0,2020-11-23
219,BBCA.JK,Bank Central Asia,5560.13,5560.13,5513.79,5530.64,72349500.0,2020-11-24
220,BBCA.JK,Bank Central Asia,5543.28,5547.49,5374.79,5400.06,170140500.0,2020-11-25
221,BBCA.JK,Bank Central Asia,5349.52,5467.46,5307.39,5459.03,64339000.0,2020-11-26
222,BBCA.JK,Bank Central Asia,5459.03,5467.46,5374.79,5379.0,87361500.0,2020-11-27
223,BBCA.JK,Bank Central Asia,5379.0,5391.64,5168.39,5227.36,393091500.0,2020-11-30
224,BBCA.JK,Bank Central Asia,5240.0,5421.12,5240.0,5387.43,114563500.0,2020-12-01
225,BBCA.JK,Bank Central Asia,5442.18,5463.25,5341.09,5433.76,93897500.0,2020-12-02
226,BBCA.JK,Bank Central Asia,5475.88,5496.94,5412.7,5442.18,98210000.0,2020-12-03
227,BBCA.JK,Bank Central Asia,5442.18,5446.4,5357.94,5383.21,64995500.0,2020-12-04
228,BBCA.JK,Bank Central Asia,5475.88,5543.28,5459.03,5492.73,96636000.0,2020-12-07
229,BBCA.JK,Bank Central Asia,5492.73,5492.73,5412.7,5467.46,70561500.0,2020-12-08
230,BBCA.JK,Bank Central Asia,5568.52,5576.97,5526.27,5555.84,151420500.0,2020-12-10
231,BBCA.JK,Bank Central Asia,5576.97,5729.07,5572.74,5691.04,214160000.0,2020-12-11
232,BBCA.JK,Bank Central Asia,5745.97,5771.32,5741.74,5762.87,179785500.0,2020-12-14
233,BBCA.JK,Bank Central Asia,5771.32,5830.47,5581.19,5737.52,164024500.0,2020-12-15
234,BBCA.JK,Bank Central Asia,5796.67,5872.72,5779.77,5872.72,138674000.0,2020-12-16
235,BBCA.JK,Bank Central Asia,5885.39,5914.97,5762.87,5860.04,91920000.0,2020-12-17
236,BBCA.JK,Bank Central Asia,5860.04,5860.04,5707.94,5745.97,147238500.0,2020-12-18
237,BBCA.JK,Bank Central Asia,5822.02,5822.02,5745.97,5771.32,93692500.0,2020-12-21
238,BBCA.JK,Bank Central Asia,5695.27,5762.87,5669.92,5674.14,61790500.0,2020-12-22
239,BBCA.JK,Bank Central Asia,5834.69,5834.69,5593.87,5682.59,76948000.0,2020-12-23
240,BBCA.JK,Bank Central Asia,5737.52,5762.87,5627.67,5729.07,60234000.0,2020-12-28
241,BBCA.JK,Bank Central Asia,5724.84,5754.42,5695.27,5716.39,34212500.0,2020-12-29
242,BBCA.JK,Bank Central Asia,5745.97,5745.97,5661.47,5720.62,52675500.0,2020-12-30
243,BBCA.JK,Bank Central Asia,5745.97,5792.44,5678.37,5775.54,47937000.0,2021-01-04
244,BBCA.JK,Bank Central Asia,5796.67,5991.02,5788.22,5991.02,104831000.0,2021-01-05
245,BBCA.JK,Bank Central Asia,5957.22,5978.34,5813.57,5868.49,89753500.0,2021-01-06
246,BBCA.JK,Bank Central Asia,5914.97,5957.22,5838.92,5885.39,71360000.0,2021-01-07
247,BBCA.JK,Bank Central Asia,5944.54,5982.57,5893.84,5957.22,75033500.0,2021-01-08
248,BBCA.JK,Bank Central Asia,6041.72,6219.17,6037.49,6206.49,169034500.0,2021-01-11
249,BBCA.JK,Bank Central Asia,6206.49,6236.06,6050.17,6050.17,95235000.0,2021-01-12
250,BBCA.JK,Bank Central Asia,6121.99,6147.34,5974.12,6016.37,76581500.0,2021-01-13
251,BBCA.JK,Bank Central Asia,5957.22,5991.02,5910.74,5931.87,89319500.0,2021-01-14
252,BBCA.JK,Bank Central Asia,5995.24,5999.47,5779.77,5876.94,89853500.0,2021-01-15
253,BBCA.JK,Bank Central Asia,5876.94,6020.59,5783.99,6016.37,86343000.0,2021-01-18
254,BBCA.JK,Bank Central Asia,6016.37,6016.37,5919.19,5995.24,73777000.0,2021-01-19
255,BBCA.JK,Bank Central Asia,6054.39,6164.24,5974.12,5995.24,107216000.0,2021-01-20
256,BBCA.JK,Bank Central Asia,6151.57,6168.47,5965.67,5978.34,66428000.0,2021-01-21
257,BBCA.JK,Bank Central Asia,5978.34,6050.17,5978.34,5982.57,80829000.0,2021-01-22
258,BBCA.JK,Bank Central Asia,6083.97,6083.97,5914.97,5944.54,76836500.0,2021-01-25
259,BBCA.JK,Bank Central Asia,5876.94,5914.97,5762.87,5762.87,98658000.0,2021-01-26
260,BBCA.JK,Bank Central Asia,5762.87,5855.82,5665.69,5737.52,97920000.0,2021-01-27
261,BBCA.JK,Bank Central Asia,5737.52,5851.59,5737.52,5830.47,104627000.0,2021-01-28
262,BBCA.JK,Bank Central Asia,5830.47,5914.97,5712.17,5712.17,132762500.0,2021-01-29
263,BBCA.JK,Bank Central Asia,5712.17,5847.37,5572.74,5762.87,113129000.0,2021-02-01
264,BBCA.JK,Bank Central Asia,5885.39,5898.07,5745.97,5745.97,86741000.0,2021-02-02
265,BBCA.JK,Bank Central Asia,5914.97,5914.97,5767.09,5767.09,67291000.0,2021-02-03
266,BBCA.JK,Bank Central Asia,5847.37,5914.97,5775.54,5792.44,80950500.0,2021-02-04
267,BBCA.JK,Bank Central Asia,5805.12,5872.72,5792.44,5843.14,51602000.0,2021-02-05
268,BBCA.JK,Bank Central Asia,5957.22,5961.44,5813.57,5847.37,45604000.0,2021-02-08
269,BBCA.JK,Bank Central Asia,5914.97,5940.32,5876.94,5898.07,75574000.0,2021-02-09
270,BBCA.JK,Bank Central Asia,5957.22,5957.22,5830.47,5847.37,44984500.0,2021-02-10
271,BBCA.JK,Bank Central Asia,5902.29,5902.29,5779.77,5813.57,36926000.0,2021-02-11
272,BBCA.JK,Bank Central Asia,5771.32,5822.02,5678.37,5745.97,83922000.0,2021-02-15
273,BBCA.JK,Bank Central Asia,5813.57,5868.49,5771.32,5864.27,47221000.0,2021-02-16
274,BBCA.JK,Bank Central Asia,5822.02,5881.17,5788.22,5830.47,66011500.0,2021-02-17
275,BBCA.JK,Bank Central Asia,5788.22,5830.47,5691.04,5691.04,91204000.0,2021-02-18
276,BBCA.JK,Bank Central Asia,5729.07,5788.22,5712.17,5767.09,70487500.0,2021-02-19
277,BBCA.JK,Bank Central Asia,5830.47,5864.27,5737.52,5737.52,68913000.0,2021-02-22
278,BBCA.JK,Bank Central Asia,5762.87,5783.99,5724.84,5767.09,58360000.0,2021-02-23
279,BBCA.JK,Bank Central Asia,5767.09,5775.54,5682.59,5682.59,71869000.0,2021-02-24
280,BBCA.JK,Bank Central Asia,5695.27,5720.62,5644.57,5665.69,78688000.0,2021-02-25
281,BBCA.JK,Bank Central Asia,5665.69,5754.42,5614.99,5669.92,173631500.0,2021-02-26
282,BBCA.JK,Bank Central Asia,5771.32,5952.99,5745.97,5952.99,205539000.0,2021-03-01
283,BBCA.JK,Bank Central Asia,6016.37,6050.17,5914.97,5927.64,81446500.0,2021-03-02
284,BBCA.JK,Bank Central Asia,5969.89,5986.79,5914.97,5914.97,84470000.0,2021-03-03
285,BBCA.JK,Bank Central Asia,5834.69,5914.97,5678.37,5678.37,120802500.0,2021-03-04
286,BBCA.JK,Bank Central Asia,5678.37,5851.59,5678.37,5745.97,111871500.0,2021-03-05
287,BBCA.JK,Bank Central Asia,5872.72,5872.72,5678.37,5678.37,90883000.0,2021-03-08
288,BBCA.JK,Bank Central Asia,5661.47,5674.14,5576.97,5581.19,135582000.0,2021-03-09
289,BBCA.JK,Bank Central Asia,5678.37,5678.37,5593.87,5665.69,50302000.0,2021-03-10
290,BBCA.JK,Bank Central Asia,5809.34,5813.57,5674.14,5716.39,74328000.0,2021-03-12
291,BBCA.JK,Bank Central Asia,5758.64,5762.87,5631.89,5631.89,57416000.0,2021-03-15
292,BBCA.JK,Bank Central Asia,5669.92,5669.92,5593.87,5598.09,70755500.0,2021-03-16
293,BBCA.JK,Bank Central Asia,5619.22,5631.89,5581.19,5585.42,71474500.0,2021-03-17
294,BBCA.JK,Bank Central Asia,5593.87,5678.37,5585.42,5665.69,70067500.0,2021-03-18
295,BBCA.JK,Bank Central Asia,5720.62,5720.62,5598.09,5712.17,125853000.0,2021-03-19
296,BBCA.JK,Bank Central Asia,5610.77,5644.57,5585.42,5593.87,67523500.0,2021-03-22
297,BBCA.JK,Bank Central Asia,5678.37,5678.37,5538.94,5547.39,127762500.0,2021-03-23
298,BBCA.JK,Bank Central Asia,5505.14,5534.72,5424.87,5441.77,152050000.0,2021-03-24
299,BBCA.JK,Bank Central Asia,5407.97,5441.77,5348.82,5382.62,119101500.0,2021-03-25
300,BBCA.JK,Bank Central Asia,5382.62,5445.99,5323.47,5420.64,134467500.0,2021-03-26
301,BBCA.JK,Bank Central Asia,5416.42,5505.14,5374.17,5374.17,113370500.0,2021-03-29
302,BBCA.JK,Bank Central Asia,5382.62,5454.44,5382.62,5403.75,83115500.0,2021-03-30
303,BBCA.JK,Bank Central Asia,5399.52,5403.75,5192.5,5251.65,223390500.0,2021-03-31
304,BBCA.JK,Bank Central Asia,5251.65,5298.12,5200.95,5260.1,112286000.0,2021-04-01
305,BBCA.JK,Bank Central Asia,5281.22,5315.02,5200.95,5200.95,73311500.0,2021-04-05
306,BBCA.JK,Bank Central Asia,5184.05,5213.62,5137.57,5209.4,80215000.0,2021-04-06
307,BBCA.JK,Bank Central Asia,5200.95,5302.35,5184.05,5281.22,107908000.0,2021-04-07
308,BBCA.JK,Bank Central Asia,5312.41,5325.26,5248.15,5256.72,123697500.0,2021-04-08
309,BBCA.JK,Bank Central Asia,5410.95,5415.23,5265.28,5312.41,116961000.0,2021-04-09
310,BBCA.JK,Bank Central Asia,5393.81,5393.81,5192.45,5196.74,110411500.0,2021-04-12
311,BBCA.JK,Bank Central Asia,5183.88,5192.45,5123.9,5141.04,119211500.0,2021-04-13
312,BBCA.JK,Bank Central Asia,5231.01,5402.38,5192.45,5402.38,135519500.0,2021-04-14
313,BBCA.JK,Bank Central Asia,5402.38,5406.66,5295.27,5380.96,102686500.0,2021-04-15
314,BBCA.JK,Bank Central Asia,5458.07,5458.07,5325.26,5376.67,79293500.0,2021-04-16
315,BBCA.JK,Bank Central Asia,5376.67,5380.96,5338.12,5372.39,47095000.0,2021-04-19
316,BBCA.JK,Bank Central Asia,5312.41,5355.25,5299.56,5342.4,72721000.0,2021-04-20
317,BBCA.JK,Bank Central Asia,5312.41,5333.83,5282.42,5282.42,68397000.0,2021-04-21
318,BBCA.JK,Bank Central Asia,5312.41,5376.67,5295.27,5325.26,63758000.0,2021-04-22
319,BBCA.JK,Bank Central Asia,5380.96,5479.49,5333.83,5475.21,108498500.0,2021-04-23
320,BBCA.JK,Bank Central Asia,5479.49,5483.78,5380.96,5385.24,108742000.0,2021-04-26
321,BBCA.JK,Bank Central Asia,5458.07,5513.77,5445.22,5488.06,132650000.0,2021-04-27
322,BBCA.JK,Bank Central Asia,5483.78,5488.06,5410.95,5415.23,87660000.0,2021-04-28
323,BBCA.JK,Bank Central Asia,5535.19,5535.19,5449.5,5492.35,57355000.0,2021-04-29
324,BBCA.JK,Bank Central Asia,5526.62,5526.62,5466.64,5488.06,65829500.0,2021-04-30
325,BBCA.JK,Bank Central Asia,5552.33,5552.33,5436.65,5475.21,42065500.0,2021-05-03
326,BBCA.JK,Bank Central Asia,5440.93,5509.48,5432.37,5483.78,50123500.0,2021-05-04
327,BBCA.JK,Bank Central Asia,5500.91,5509.48,5483.78,5505.2,51685000.0,2021-05-05
328,BBCA.JK,Bank Central Asia,5483.78,5526.62,5483.78,5505.2,38115500.0,2021-05-06
329,BBCA.JK,Bank Central Asia,5535.19,5535.19,5470.92,5483.78,48864000.0,2021-05-07
330,BBCA.JK,Bank Central Asia,5483.78,5500.91,5479.49,5500.91,68180500.0,2021-05-10
331,BBCA.JK,Bank Central Asia,5483.78,5552.33,5402.38,5552.33,70680000.0,2021-05-11
332,BBCA.JK,Bank Central Asia,5569.46,5569.46,5462.36,5569.46,129058500.0,2021-05-17
333,BBCA.JK,Bank Central Asia,5483.78,5530.9,5453.79,5475.21,73563000.0,2021-05-18
334,BBCA.JK,Bank Central Asia,5466.64,5483.78,5428.08,5436.65,64912500.0,2021-05-19
335,BBCA.JK,Bank Central Asia,5475.21,5513.77,5440.94,5466.64,64950000.0,2021-05-20
336,BBCA.JK,Bank Central Asia,5526.62,5526.62,5363.82,5449.5,92620000.0,2021-05-21
337,BBCA.JK,Bank Central Asia,5445.22,5466.64,5389.53,5419.52,59210000.0,2021-05-24
338,BBCA.JK,Bank Central Asia,5398.09,5518.05,5398.09,5445.22,87470000.0,2021-05-25
339,BBCA.JK,Bank Central Asia,5518.05,5552.33,5372.39,5372.39,537971500.0,2021-05-27
340,BBCA.JK,Bank Central Asia,5423.8,5458.07,5423.8,5432.37,102108500.0,2021-05-28
341,BBCA.JK,Bank Central Asia,5449.5,5475.21,5419.51,5462.36,101442000.0,2021-05-31
342,BBCA.JK,Bank Central Asia,5569.46,5582.31,5500.91,5539.47,141732500.0,2021-06-02
343,BBCA.JK,Bank Central Asia,5565.18,5655.15,5509.48,5655.15,133810500.0,2021-06-03
344,BBCA.JK,Bank Central Asia,5672.28,5672.28,5569.46,5638.01,62108500.0,2021-06-04
345,BBCA.JK,Bank Central Asia,5620.87,5629.44,5509.48,5595.17,62576000.0,2021-06-07
346,BBCA.JK,Bank Central Asia,5633.72,5633.72,5509.48,5509.48,64348000.0,2021-06-08
347,BBCA.JK,Bank Central Asia,5449.5,5599.45,5449.5,5595.17,77198000.0,2021-06-09
348,BBCA.JK,Bank Central Asia,5616.59,5672.28,5560.89,5672.28,73262500.0,2021-06-10
349,BBCA.JK,Bank Central Asia,5629.44,5638.01,5535.19,5543.76,72780500.0,2021-06-11
350,BBCA.JK,Bank Central Asia,5586.6,5586.6,5483.78,5492.35,61478500.0,2021-06-14
351,BBCA.JK,Bank Central Asia,5522.34,5543.76,5488.06,5543.76,87799000.0,2021-06-15
352,BBCA.JK,Bank Central Asia,5500.92,5513.77,5449.5,5470.93,48984000.0,2021-06-16
353,BBCA.JK,Bank Central Asia,5475.21,5475.21,5376.67,5423.8,68448500.0,2021-06-17
354,BBCA.JK,Bank Central Asia,5398.09,5436.65,5380.96,5419.52,118043000.0,2021-06-18
355,BBCA.JK,Bank Central Asia,5398.09,5398.09,5320.98,5355.25,60823500.0,2021-06-21
356,BBCA.JK,Bank Central Asia,5355.25,5475.21,5346.68,5432.37,65824000.0,2021-06-22
357,BBCA.JK,Bank Central Asia,5393.81,5432.37,5338.11,5338.11,52451000.0,2021-06-23
358,BBCA.JK,Bank Central Asia,5406.66,5406.66,5312.41,5320.98,56010000.0,2021-06-24
359,BBCA.JK,Bank Central Asia,5338.11,5363.82,5303.84,5303.84,68939500.0,2021-06-25
360,BBCA.JK,Bank Central Asia,5226.73,5269.57,5188.17,5188.17,84420500.0,2021-06-28
361,BBCA.JK,Bank Central Asia,5183.88,5218.16,5175.32,5179.6,53704000.0,2021-06-29
362,BBCA.JK,Bank Central Asia,5141.04,5201.02,5141.04,5162.46,65795000.0,2021-06-30
363,BBCA.JK,Bank Central Asia,5192.45,5205.3,5141.04,5162.46,58153000.0,2021-07-01
364,BBCA.JK,Bank Central Asia,5201.02,5261.0,5175.32,5226.73,67392500.0,2021-07-02
365,BBCA.JK,Bank Central Asia,5226.73,5252.43,5201.02,5235.29,39710500.0,2021-07-05
366,BBCA.JK,Bank Central Asia,5235.29,5235.29,5188.17,5188.17,34279500.0,2021-07-06
367,BBCA.JK,Bank Central Asia,5295.27,5295.27,5166.75,5196.74,35595000.0,2021-07-07
368,BBCA.JK,Bank Central Asia,5141.04,5175.32,5123.91,5153.89,47297000.0,2021-07-08
369,BBCA.JK,Bank Central Asia,5149.61,5158.18,5132.47,5158.18,40707500.0,2021-07-09
370,BBCA.JK,Bank Central Asia,5201.02,5295.27,5158.18,5286.7,65981500.0,2021-07-12
371,BBCA.JK,Bank Central Asia,5286.7,5290.99,5153.89,5179.6,65946500.0,2021-07-13
372,BBCA.JK,Bank Central Asia,5158.18,5166.75,5123.91,5132.47,59321000.0,2021-07-14
373,BBCA.JK,Bank Central Asia,5141.04,5239.58,5136.76,5239.58,49724000.0,2021-07-15
374,BBCA.JK,Bank Central Asia,5286.7,5286.7,5188.17,5235.29,47998500.0,2021-07-16
375,BBCA.JK,Bank Central Asia,5235.29,5235.29,5145.33,5145.33,47119000.0,2021-07-19
376,BBCA.JK,Bank Central Asia,5183.88,5243.86,5149.61,5149.61,55009500.0,2021-07-21
377,BBCA.JK,Bank Central Asia,5239.58,5273.85,5183.88,5273.85,60792000.0,2021-07-22
378,BBCA.JK,Bank Central Asia,5295.27,5303.84,5162.46,5171.03,79938000.0,2021-07-23
379,BBCA.JK,Bank Central Asia,5175.32,5192.45,5145.33,5145.33,48171500.0,2021-07-26
380,BBCA.JK,Bank Central Asia,5145.33,5192.45,5141.04,5145.33,53107500.0,2021-07-27
381,BBCA.JK,Bank Central Asia,5145.33,5149.61,5115.34,5123.9,74133000.0,2021-07-28
382,BBCA.JK,Bank Central Asia,5188.17,5213.87,5123.91,5175.32,84605000.0,2021-07-29
383,BBCA.JK,Bank Central Asia,5175.32,5226.73,5106.77,5115.34,105685000.0,2021-07-30
384,BBCA.JK,Bank Central Asia,5192.45,5196.74,5059.64,5106.77,119981500.0,2021-08-02
385,BBCA.JK,Bank Central Asia,5162.46,5295.27,5128.19,5265.28,110071500.0,2021-08-03
386,BBCA.JK,Bank Central Asia,5265.28,5269.57,5192.45,5243.86,41112000.0,2021-08-04
387,BBCA.JK,Bank Central Asia,5286.7,5406.66,5261.0,5398.09,93768000.0,2021-08-05
388,BBCA.JK,Bank Central Asia,5449.5,5449.5,5256.72,5278.14,67285000.0,2021-08-06
389,BBCA.JK,Bank Central Asia,5256.72,5312.41,5231.01,5312.41,52858500.0,2021-08-09
390,BBCA.JK,Bank Central Asia,5355.25,5398.09,5239.58,5398.09,60446000.0,2021-08-10
391,BBCA.JK,Bank Central Asia,5243.86,5415.23,5243.86,5398.09,118325500.0,2021-08-12
392,BBCA.JK,Bank Central Asia,5440.94,5513.77,5419.51,5492.35,86929000.0,2021-08-13
393,BBCA.JK,Bank Central Asia,5500.91,5500.91,5402.38,5500.91,69282000.0,2021-08-16
394,BBCA.JK,Bank Central Asia,5586.6,5792.24,5535.19,5655.15,186354500.0,2021-08-18
395,BBCA.JK,Bank Central Asia,5655.15,5655.15,5595.17,5655.15,100926000.0,2021-08-19
396,BBCA.JK,Bank Central Asia,5655.15,5655.15,5578.03,5655.15,120163500.0,2021-08-20
397,BBCA.JK,Bank Central Asia,5582.31,5646.58,5582.31,5646.58,68253000.0,2021-08-23
398,BBCA.JK,Bank Central Asia,5629.44,5655.15,5569.46,5655.15,59561500.0,2021-08-24
399,BBCA.JK,Bank Central Asia,5655.15,5659.43,5642.29,5655.15,80751500.0,2021-08-25
400,BBCA.JK,Bank Central Asia,5620.87,5638.01,5543.76,5620.87,74337000.0,2021-08-26
401,BBCA.JK,Bank Central Asia,5560.89,5595.17,5560.89,5578.03,71572500.0,2021-08-27
402,BBCA.JK,Bank Central Asia,5595.17,5638.01,5586.6,5625.16,74564500.0,2021-08-30
403,BBCA.JK,Bank Central Asia,5586.6,5629.44,5582.31,5612.3,115373500.0,2021-08-31
404,BBCA.JK,Bank Central Asia,5612.3,5655.15,5599.45,5625.16,67362500.0,2021-09-01
405,BBCA.JK,Bank Central Asia,5590.88,5633.72,5530.9,5603.74,53257000.0,2021-09-02
406,BBCA.JK,Bank Central Asia,5620.87,5655.15,5582.31,5655.15,35764500.0,2021-09-03
407,BBCA.JK,Bank Central Asia,5655.15,5659.43,5612.3,5633.72,36780000.0,2021-09-06
408,BBCA.JK,Bank Central Asia,5650.86,5659.43,5629.44,5629.44,53902000.0,2021-09-07
409,BBCA.JK,Bank Central Asia,5612.3,5650.86,5500.91,5518.05,77888000.0,2021-09-08
410,BBCA.JK,Bank Central Asia,5492.35,5629.44,5492.35,5629.44,110074000.0,2021-09-09
411,BBCA.JK,Bank Central Asia,5565.18,5625.16,5565.18,5586.6,41483500.0,2021-09-10
412,BBCA.JK,Bank Central Asia,5620.87,5620.87,5590.88,5616.59,29929000.0,2021-09-13
413,BBCA.JK,Bank Central Asia,5646.58,5650.86,5565.18,5608.02,51990500.0,2021-09-14
414,BBCA.JK,Bank Central Asia,5608.02,5612.3,5556.61,5565.18,44514000.0,2021-09-15
415,BBCA.JK,Bank Central Asia,5638.01,5638.01,5552.32,5569.46,58672500.0,2021-09-16
416,BBCA.JK,Bank Central Asia,5560.89,5599.45,5552.33,5586.6,117540000.0,2021-09-17
417,BBCA.JK,Bank Central Asia,5629.44,5646.58,5578.03,5642.29,73157500.0,2021-09-20
418,BBCA.JK,Bank Central Asia,5578.03,5599.45,5543.76,5560.89,57115500.0,2021-09-21
419,BBCA.JK,Bank Central Asia,5569.46,5638.01,5569.46,5616.59,68722000.0,2021-09-22
420,BBCA.JK,Bank Central Asia,5616.59,5646.58,5608.02,5638.01,60998500.0,2021-09-23
421,BBCA.JK,Bank Central Asia,5569.46,5642.29,5569.46,5642.29,60539500.0,2021-09-24
422,BBCA.JK,Bank Central Asia,5642.29,5650.86,5616.59,5638.01,55052500.0,2021-09-27
423,BBCA.JK,Bank Central Asia,5603.74,5620.87,5569.46,5586.6,80186000.0,2021-09-28
424,BBCA.JK,Bank Central Asia,5586.6,5638.01,5582.31,5638.01,74079000.0,2021-09-29
425,BBCA.JK,Bank Central Asia,5655.15,5997.88,5650.86,5997.88,156848000.0,2021-09-30
426,BBCA.JK,Bank Central Asia,5912.2,5912.2,5749.4,5792.24,103954500.0,2021-10-01
427,BBCA.JK,Bank Central Asia,5775.1,5963.61,5775.1,5963.61,74719000.0,2021-10-04
428,BBCA.JK,Bank Central Asia,5920.77,5950.76,5877.92,5950.76,54986500.0,2021-10-05
429,BBCA.JK,Bank Central Asia,5980.75,6152.11,5972.18,6152.11,174312000.0,2021-10-06
430,BBCA.JK,Bank Central Asia,6147.83,6147.83,6066.43,6134.98,107263500.0,2021-10-07
431,BBCA.JK,Bank Central Asia,6169.25,6254.93,6147.83,6246.37,94643500.0,2021-10-08
432,BBCA.JK,Bank Central Asia,6203.52,6246.37,6194.96,6216.38,47201000.0,2021-10-11
433,BBCA.JK,Bank Central Asia,6216.38,6272.07,6207.81,6272.07,91067000.0,2021-10-12
434,BBCA.JK,Bank Central Asia,6340.62,7068.93,6340.62,6447.72,210893300.0,2021-10-13
435,BBCA.JK,Bank Central Asia,6511.99,6769.04,6511.99,6640.51,138811900.0,2021-10-14
436,BBCA.JK,Bank Central Asia,6683.35,6747.62,6383.46,6554.83,142378200.0,2021-10-15
437,BBCA.JK,Bank Central Asia,6554.83,6576.25,6404.88,6447.72,116644300.0,2021-10-18
438,BBCA.JK,Bank Central Asia,6404.88,6447.72,6297.78,6426.3,134601200.0,2021-10-19
439,BBCA.JK,Bank Central Asia,6426.3,6469.14,6297.78,6340.62,106120100.0,2021-10-21
440,BBCA.JK,Bank Central Asia,6383.46,6469.14,6362.04,6447.72,96730700.0,2021-10-22
441,BBCA.JK,Bank Central Asia,6340.62,6447.72,6340.62,6447.72,60329800.0,2021-10-25
442,BBCA.JK,Bank Central Asia,6511.99,6511.99,6426.3,6447.72,70103000.0,2021-10-26
443,BBCA.JK,Bank Central Asia,6490.57,6490.57,6362.04,6383.46,57067000.0,2021-10-27
444,BBCA.JK,Bank Central Asia,6297.78,6362.04,6297.78,6319.2,75271900.0,2021-10-28
445,BBCA.JK,Bank Central Asia,6383.46,6404.88,6319.2,6404.88,60639200.0,2021-10-29
446,BBCA.JK,Bank Central Asia,6469.14,6469.14,6340.62,6340.62,38593400.0,2021-11-01
447,BBCA.JK,Bank Central Asia,6319.2,6362.04,6212.09,6254.93,90535400.0,2021-11-02
448,BBCA.JK,Bank Central Asia,6254.93,6340.62,6212.09,6297.78,61621500.0,2021-11-03
449,BBCA.JK,Bank Central Asia,6362.04,6404.88,6319.2,6319.2,61081400.0,2021-11-04
450,BBCA.JK,Bank Central Asia,6404.88,6404.88,6319.2,6383.46,43120400.0,2021-11-05
451,BBCA.JK,Bank Central Asia,6426.3,6511.99,6383.46,6490.56,85441700.0,2021-11-08
452,BBCA.JK,Bank Central Asia,6511.99,6576.25,6490.56,6576.25,101785800.0,2021-11-09
453,BBCA.JK,Bank Central Asia,6576.25,6576.25,6490.57,6554.83,47503900.0,2021-11-10
454,BBCA.JK,Bank Central Asia,6597.67,6640.51,6511.99,6576.25,55790000.0,2021-11-11
455,BBCA.JK,Bank Central Asia,6640.51,6640.51,6447.72,6447.72,52590100.0,2021-11-12
456,BBCA.JK,Bank Central Asia,6533.41,6533.41,6426.3,6426.3,67344200.0,2021-11-15
457,BBCA.JK,Bank Central Asia,6340.62,6404.88,6276.35,6404.88,98616900.0,2021-11-16
458,BBCA.JK,Bank Central Asia,6447.87,6512.35,6383.39,6512.35,61968100.0,2021-11-17
459,BBCA.JK,Bank Central Asia,6383.39,6447.87,6361.89,6361.89,78839600.0,2021-11-18
460,BBCA.JK,Bank Central Asia,6383.39,6404.88,6340.4,6383.39,68203700.0,2021-11-19
461,BBCA.JK,Bank Central Asia,6383.39,6469.36,6361.9,6426.37,66328300.0,2021-11-22
462,BBCA.JK,Bank Central Asia,6361.9,6447.87,6361.9,6426.37,43477500.0,2021-11-23
463,BBCA.JK,Bank Central Asia,6512.35,6512.35,6383.39,6426.37,35181400.0,2021-11-24
464,BBCA.JK,Bank Central Asia,6404.88,6469.36,6383.39,6383.39,40216100.0,2021-11-25
465,BBCA.JK,Bank Central Asia,6361.9,6404.88,6232.94,6254.43,113288400.0,2021-11-26
466,BBCA.JK,Bank Central Asia,6254.43,6383.39,6168.46,6361.89,87907900.0,2021-11-29
467,BBCA.JK,Bank Central Asia,6297.42,6383.39,6254.43,6254.43,144923700.0,2021-11-30
468,BBCA.JK,Bank Central Asia,6254.43,6404.88,6254.43,6275.92,76538100.0,2021-12-01
469,BBCA.JK,Bank Central Asia,6340.4,6447.87,6275.92,6447.87,66831000.0,2021-12-02
470,BBCA.JK,Bank Central Asia,6469.36,6469.36,6318.91,6340.4,63283700.0,2021-12-03
471,BBCA.JK,Bank Central Asia,6404.88,6426.37,6318.91,6318.91,56944100.0,2021-12-06
472,BBCA.JK,Bank Central Asia,6404.88,6426.37,6318.91,6318.91,51258200.0,2021-12-07
473,BBCA.JK,Bank Central Asia,6404.88,6426.37,6361.9,6383.39,74775000.0,2021-12-08
474,BBCA.JK,Bank Central Asia,6361.9,6404.88,6318.91,6318.91,54886400.0,2021-12-09
475,BBCA.JK,Bank Central Asia,6297.42,6340.4,6254.43,6340.4,91092400.0,2021-12-10
476,BBCA.JK,Bank Central Asia,6340.4,6361.9,6275.92,6275.92,59977100.0,2021-12-13
477,BBCA.JK,Bank Central Asia,6275.92,6340.4,6254.43,6275.92,49763600.0,2021-12-14
478,BBCA.JK,Bank Central Asia,6275.92,6340.4,6254.43,6275.92,52477600.0,2021-12-15
479,BBCA.JK,Bank Central Asia,6340.4,6361.9,6254.43,6254.43,95171400.0,2021-12-16
480,BBCA.JK,Bank Central Asia,6297.42,6447.87,6275.92,6447.87,107096800.0,2021-12-17
481,BBCA.JK,Bank Central Asia,6318.91,6361.9,6297.42,6340.4,74753000.0,2021-12-20
482,BBCA.JK,Bank Central Asia,6297.42,6361.9,6297.42,6340.4,52386100.0,2021-12-21
483,BBCA.JK,Bank Central Asia,6383.39,6383.39,6297.42,6297.42,33232000.0,2021-12-22
484,BBCA.JK,Bank Central Asia,6297.42,6318.91,6275.92,6275.92,37136400.0,2021-12-23
485,BBCA.JK,Bank Central Asia,6275.92,6318.91,6275.92,6275.92,30802100.0,2021-12-24
486,BBCA.JK,Bank Central Asia,6275.92,6318.91,6275.92,6318.91,20722100.0,2021-12-27
487,BBCA.JK,Bank Central Asia,6340.4,6361.9,6297.42,6318.91,39343800.0,2021-12-28
488,BBCA.JK,Bank Central Asia,6318.91,6340.4,6275.92,6275.92,42079500.0,2021-12-29
489,BBCA.JK,Bank Central Asia,6318.91,6318.91,6275.92,6275.92,49954700.0,2021-12-30
490,BBCA.JK,Bank Central Asia,6297.42,6361.9,6275.92,6297.42,54287400.0,2022-01-03
491,BBCA.JK,Bank Central Asia,6297.42,6404.88,6297.42,6361.89,70624000.0,2022-01-04
492,BBCA.JK,Bank Central Asia,6404.88,6469.36,6340.4,6404.88,76164900.0,2022-01-05
493,BBCA.JK,Bank Central Asia,6447.87,6469.36,6383.39,6426.37,63657100.0,2022-01-06
494,BBCA.JK,Bank Central Asia,6490.85,6619.81,6447.87,6576.82,143433300.0,2022-01-07
495,BBCA.JK,Bank Central Asia,6512.35,6576.82,6490.85,6533.84,45351900.0,2022-01-10
496,BBCA.JK,Bank Central Asia,6576.82,6619.81,6555.33,6619.81,110334600.0,2022-01-11
497,BBCA.JK,Bank Central Asia,6619.81,6619.81,6576.82,6619.81,62606000.0,2022-01-12
498,BBCA.JK,Bank Central Asia,6619.81,6662.8,6576.82,6619.81,50025200.0,2022-01-13
499,BBCA.JK,Bank Central Asia,6619.81,6748.77,6576.82,6748.77,65898700.0,2022-01-14
500,BBCA.JK,Bank Central Asia,6791.75,6791.75,6619.81,6662.8,63902600.0,2022-01-17
501,BBCA.JK,Bank Central Asia,6684.29,6684.29,6490.85,6598.32,71476300.0,2022-01-18
502,BBCA.JK,Bank Central Asia,6576.82,6641.3,6512.35,6598.32,60389700.0,2022-01-19
503,BBCA.JK,Bank Central Asia,6641.3,6684.29,6555.33,6684.29,59925500.0,2022-01-20
504,BBCA.JK,Bank Central Asia,6684.29,6834.74,6619.81,6834.74,63370500.0,2022-01-21
505,BBCA.JK,Bank Central Asia,6727.27,6748.77,6684.29,6705.78,40278300.0,2022-01-24
506,BBCA.JK,Bank Central Asia,6598.32,6684.29,6555.33,6684.29,106796900.0,2022-01-25
507,BBCA.JK,Bank Central Asia,6619.81,6662.8,6576.82,6619.81,53350200.0,2022-01-26
508,BBCA.JK,Bank Central Asia,6555.33,6705.78,6555.33,6705.78,71945100.0,2022-01-27
509,BBCA.JK,Bank Central Asia,6705.78,6727.27,6619.81,6684.29,70595000.0,2022-01-28
510,BBCA.JK,Bank Central Asia,6684.29,6684.29,6555.33,6555.33,68122000.0,2022-01-31
511,BBCA.JK,Bank Central Asia,6684.29,6705.78,6598.32,6705.78,65308100.0,2022-02-02
512,BBCA.JK,Bank Central Asia,6705.78,6727.27,6619.81,6641.3,35100600.0,2022-02-03
513,BBCA.JK,Bank Central Asia,6662.8,6705.78,6619.81,6641.3,39324700.0,2022-02-04
514,BBCA.JK,Bank Central Asia,6684.29,6705.78,6619.81,6705.78,56813200.0,2022-02-07
515,BBCA.JK,Bank Central Asia,6662.8,6748.77,6641.3,6641.3,61883100.0,2022-02-08
516,BBCA.JK,Bank Central Asia,6748.77,6834.74,6705.78,6834.74,108922200.0,2022-02-09
517,BBCA.JK,Bank Central Asia,6834.74,6834.74,6662.8,6662.8,93277000.0,2022-02-10
518,BBCA.JK,Bank Central Asia,6598.32,6727.27,6576.82,6727.27,71968800.0,2022-02-11
519,BBCA.JK,Bank Central Asia,6662.8,6684.29,6619.81,6619.81,57710700.0,2022-02-14
520,BBCA.JK,Bank Central Asia,6662.8,6770.26,6641.3,6770.26,55617000.0,2022-02-15
521,BBCA.JK,Bank Central Asia,6748.77,6856.23,6727.27,6856.23,77055100.0,2022-02-16
522,BBCA.JK,Bank Central Asia,6748.77,6813.25,6705.78,6791.75,48704600.0,2022-02-17
523,BBCA.JK,Bank Central Asia,6834.74,6834.74,6748.77,6813.25,56813400.0,2022-02-18
524,BBCA.JK,Bank Central Asia,6813.25,6856.23,6791.75,6834.74,43821700.0,2022-02-21
525,BBCA.JK,Bank Central Asia,6791.75,6834.74,6748.77,6791.75,80095500.0,2022-02-22
526,BBCA.JK,Bank Central Asia,6791.75,6963.7,6770.26,6920.71,99240300.0,2022-02-23
527,BBCA.JK,Bank Central Asia,6985.19,7006.68,6813.25,6877.72,124947700.0,2022-02-24
528,BBCA.JK,Bank Central Asia,6834.74,7028.17,6813.25,6920.71,135899900.0,2022-02-25
529,BBCA.JK,Bank Central Asia,6877.72,7028.17,6877.72,6920.71,136616800.0,2022-03-01
530,BBCA.JK,Bank Central Asia,7071.16,7071.16,6856.23,6856.23,100301000.0,2022-03-02
531,BBCA.JK,Bank Central Asia,6856.23,6899.22,6791.75,6791.75,132983400.0,2022-03-04
532,BBCA.JK,Bank Central Asia,6705.78,6748.77,6619.81,6619.81,130990900.0,2022-03-07
533,BBCA.JK,Bank Central Asia,6619.81,6748.77,6576.82,6576.82,119256500.0,2022-03-08
534,BBCA.JK,Bank Central Asia,6619.81,6834.74,6576.82,6748.77,132814500.0,2022-03-09
535,BBCA.JK,Bank Central Asia,6813.25,6856.23,6705.78,6813.25,86484000.0,2022-03-10
536,BBCA.JK,Bank Central Asia,6641.3,6834.74,6641.3,6834.74,61053900.0,2022-03-11
537,BBCA.JK,Bank Central Asia,6920.71,6963.7,6834.74,6942.2,78432100.0,2022-03-14
538,BBCA.JK,Bank Central Asia,7006.68,7049.67,6942.2,7006.68,111214500.0,2022-03-15
539,BBCA.JK,Bank Central Asia,7114.15,7114.15,6942.2,7049.67,149761300.0,2022-03-16
540,BBCA.JK,Bank Central Asia,7135.64,7135.64,6877.72,6877.72,132439400.0,2022-03-17
541,BBCA.JK,Bank Central Asia,6877.72,6963.7,6791.75,6791.75,143981700.0,2022-03-18
542,BBCA.JK,Bank Central Asia,6705.78,6834.74,6705.78,6791.75,85485500.0,2022-03-21
543,BBCA.JK,Bank Central Asia,6791.75,6834.74,6770.26,6813.25,60010900.0,2022-03-22
544,BBCA.JK,Bank Central Asia,6813.25,6834.74,6727.27,6791.75,82208000.0,2022-03-23
545,BBCA.JK,Bank Central Asia,6748.77,6834.74,6705.78,6813.25,95245100.0,2022-03-24
546,BBCA.JK,Bank Central Asia,6791.75,6834.74,6791.75,6834.74,85101200.0,2022-03-25
547,BBCA.JK,Bank Central Asia,6830.37,6895.84,6808.55,6895.84,83911500.0,2022-03-28
548,BBCA.JK,Bank Central Asia,6874.02,6895.84,6830.37,6852.2,62180600.0,2022-03-29
549,BBCA.JK,Bank Central Asia,6895.84,6895.84,6830.37,6874.02,71430600.0,2022-03-30
550,BBCA.JK,Bank Central Asia,6917.66,6983.13,6874.02,6961.31,112691900.0,2022-03-31
551,BBCA.JK,Bank Central Asia,7048.6,7048.6,6852.2,6917.66,105575400.0,2022-04-01
552,BBCA.JK,Bank Central Asia,6917.66,6917.66,6830.37,6895.84,57321200.0,2022-04-04
553,BBCA.JK,Bank Central Asia,6895.84,6895.84,6852.2,6895.84,48528300.0,2022-04-05
554,BBCA.JK,Bank Central Asia,6830.37,6852.2,6764.91,6764.91,119263000.0,2022-04-06
555,BBCA.JK,Bank Central Asia,6743.09,6830.37,6721.26,6764.91,68619400.0,2022-04-07
556,BBCA.JK,Bank Central Asia,6808.55,6874.02,6786.73,6852.2,69791600.0,2022-04-08
557,BBCA.JK,Bank Central Asia,6830.37,6874.02,6743.08,6743.08,62776200.0,2022-04-11
558,BBCA.JK,Bank Central Asia,6743.09,6808.55,6721.26,6808.55,73471300.0,2022-04-12
559,BBCA.JK,Bank Central Asia,6808.55,6852.2,6764.91,6808.55,57622100.0,2022-04-13
560,BBCA.JK,Bank Central Asia,6808.55,6808.55,6721.26,6721.26,93342900.0,2022-04-14
561,BBCA.JK,Bank Central Asia,6721.26,6743.09,6655.8,6721.26,68464700.0,2022-04-18
562,BBCA.JK,Bank Central Asia,6721.26,6721.26,6655.8,6655.8,98632000.0,2022-04-19
563,BBCA.JK,Bank Central Asia,6743.09,6743.09,6655.8,6677.62,124388800.0,2022-04-20
564,BBCA.JK,Bank Central Asia,6808.55,6917.66,6764.91,6917.66,129323400.0,2022-04-21
565,BBCA.JK,Bank Central Asia,6852.2,6917.66,6808.55,6874.02,85956100.0,2022-04-22
566,BBCA.JK,Bank Central Asia,6874.02,6983.13,6830.37,6983.13,91279600.0,2022-04-25
567,BBCA.JK,Bank Central Asia,6917.66,7092.24,6917.66,7092.24,128360900.0,2022-04-26
568,BBCA.JK,Bank Central Asia,7048.6,7157.71,7048.6,7157.71,89463100.0,2022-04-27
569,BBCA.JK,Bank Central Asia,7201.35,7201.35,7048.6,7092.24,133730600.0,2022-04-28
570,BBCA.JK,Bank Central Asia,6874.02,6895.84,6633.97,6633.97,456796600.0,2022-05-09
571,BBCA.JK,Bank Central Asia,6328.46,6633.97,6328.46,6568.51,268445700.0,2022-05-10
572,BBCA.JK,Bank Central Asia,6568.51,6721.26,6503.04,6677.62,156535200.0,2022-05-11
573,BBCA.JK,Bank Central Asia,6568.51,6590.33,6350.28,6350.28,240529600.0,2022-05-12
574,BBCA.JK,Bank Central Asia,6328.46,6524.86,6328.46,6393.93,212968600.0,2022-05-13
575,BBCA.JK,Bank Central Asia,6350.28,6524.86,6350.28,6459.4,159657600.0,2022-05-17
576,BBCA.JK,Bank Central Asia,6546.68,6612.15,6437.57,6612.15,153514300.0,2022-05-18
577,BBCA.JK,Bank Central Asia,6459.4,6524.86,6437.57,6503.04,140908900.0,2022-05-19
578,BBCA.JK,Bank Central Asia,6481.22,6524.86,6459.4,6459.4,86520200.0,2022-05-20
579,BBCA.JK,Bank Central Asia,6503.04,6524.86,6415.75,6437.57,71603500.0,2022-05-23
580,BBCA.JK,Bank Central Asia,6393.93,6524.86,6393.93,6415.75,108710800.0,2022-05-24
581,BBCA.JK,Bank Central Asia,6459.4,6503.04,6415.75,6437.57,76747400.0,2022-05-25
582,BBCA.JK,Bank Central Asia,6568.51,6612.15,6524.86,6612.15,84336900.0,2022-05-27
583,BBCA.JK,Bank Central Asia,6612.15,6633.97,6524.86,6612.15,105411400.0,2022-05-30
584,BBCA.JK,Bank Central Asia,6633.97,6764.91,6568.51,6764.91,286292700.0,2022-05-31
585,BBCA.JK,Bank Central Asia,6655.8,6699.44,6568.51,6612.15,149226300.0,2022-06-02
586,BBCA.JK,Bank Central Asia,6633.97,6699.44,6612.15,6633.97,80563100.0,2022-06-03
587,BBCA.JK,Bank Central Asia,6590.33,6612.15,6481.22,6503.04,81140300.0,2022-06-06
588,BBCA.JK,Bank Central Asia,6372.11,6524.86,6372.11,6437.57,129242500.0,2022-06-07
589,BBCA.JK,Bank Central Asia,6546.68,6633.97,6481.22,6633.97,108910500.0,2022-06-08
590,BBCA.JK,Bank Central Asia,6546.69,6612.15,6546.69,6546.69,107828300.0,2022-06-09
591,BBCA.JK,Bank Central Asia,6459.4,6503.04,6415.75,6415.75,111768600.0,2022-06-10
592,BBCA.JK,Bank Central Asia,6372.11,6459.4,6350.28,6415.75,85539500.0,2022-06-13
593,BBCA.JK,Bank Central Asia,6372.11,6459.4,6328.46,6459.4,80865100.0,2022-06-14
594,BBCA.JK,Bank Central Asia,6372.11,6437.57,6372.11,6393.93,130367100.0,2022-06-15
595,BBCA.JK,Bank Central Asia,6459.4,6633.97,6437.57,6612.15,132666300.0,2022-06-16
596,BBCA.JK,Bank Central Asia,6481.22,6590.33,6481.22,6546.69,117839400.0,2022-06-17
597,BBCA.JK,Bank Central Asia,6633.97,6677.62,6546.68,6655.8,88138700.0,2022-06-20
598,BBCA.JK,Bank Central Asia,6633.97,6677.62,6590.33,6677.62,44295700.0,2022-06-21
599,BBCA.JK,Bank Central Asia,6655.8,6677.62,6546.69,6546.69,53041800.0,2022-06-22
600,BBCA.JK,Bank Central Asia,6503.04,6612.15,6503.04,6568.51,60443000.0,2022-06-23
601,BBCA.JK,Bank Central Asia,6633.97,6633.97,6524.86,6524.86,57956600.0,2022-06-24
602,BBCA.JK,Bank Central Asia,6524.86,6546.68,6415.75,6415.75,76354100.0,2022-06-27
603,BBCA.JK,Bank Central Asia,6372.11,6459.4,6372.11,6372.11,146078100.0,2022-06-28
604,BBCA.JK,Bank Central Asia,6393.93,6459.4,6350.28,6350.28,98517800.0,2022-06-29
605,BBCA.JK,Bank Central Asia,6372.11,6459.4,6328.46,6328.46,101343900.0,2022-06-30
606,BBCA.JK,Bank Central Asia,6372.11,6393.93,6328.46,6328.46,68738800.0,2022-07-01
607,BBCA.JK,Bank Central Asia,6328.46,6350.28,6110.24,6153.88,102238600.0,2022-07-04
608,BBCA.JK,Bank Central Asia,6197.53,6393.93,6197.53,6328.46,69172900.0,2022-07-05
609,BBCA.JK,Bank Central Asia,6372.11,6393.93,6263.0,6372.11,66801100.0,2022-07-06
610,BBCA.JK,Bank Central Asia,6306.64,6328.46,6197.53,6197.53,86126800.0,2022-07-07
611,BBCA.JK,Bank Central Asia,6219.35,6263.0,6175.71,6241.17,64312400.0,2022-07-08
612,BBCA.JK,Bank Central Asia,6284.82,6284.82,6219.35,6219.35,36830800.0,2022-07-11
613,BBCA.JK,Bank Central Asia,6263.0,6328.46,6241.17,6263.0,34269000.0,2022-07-12
614,BBCA.JK,Bank Central Asia,6197.53,6219.35,6110.24,6110.24,71988200.0,2022-07-13
615,BBCA.JK,Bank Central Asia,6132.06,6197.53,6110.24,6132.06,83316300.0,2022-07-14
616,BBCA.JK,Bank Central Asia,6197.53,6197.53,6110.24,6110.24,57419900.0,2022-07-15
617,BBCA.JK,Bank Central Asia,6132.06,6241.17,6132.06,6241.17,60077700.0,2022-07-18
618,BBCA.JK,Bank Central Asia,6197.53,6263.0,6197.53,6263.0,59641000.0,2022-07-19
619,BBCA.JK,Bank Central Asia,6284.82,6459.4,6262.99,6459.4,105792900.0,2022-07-20
620,BBCA.JK,Bank Central Asia,6459.4,6459.4,6328.46,6459.4,64337100.0,2022-07-21
621,BBCA.JK,Bank Central Asia,6459.4,6459.4,6372.11,6393.93,38956500.0,2022-07-22
622,BBCA.JK,Bank Central Asia,6415.75,6437.57,6372.11,6372.11,31247600.0,2022-07-25
623,BBCA.JK,Bank Central Asia,6328.46,6437.57,6328.46,6372.11,44379900.0,2022-07-26
624,BBCA.JK,Bank Central Asia,6393.93,6415.75,6350.28,6393.93,58465500.0,2022-07-27
625,BBCA.JK,Bank Central Asia,6437.57,6503.04,6393.93,6415.75,86909700.0,2022-07-28
626,BBCA.JK,Bank Central Asia,6459.4,6524.86,6415.75,6415.75,131553000.0,2022-07-29
627,BBCA.JK,Bank Central Asia,6415.75,6546.69,6415.75,6546.69,104841600.0,2022-08-01
628,BBCA.JK,Bank Central Asia,6633.97,6655.8,6546.68,6633.97,106466900.0,2022-08-02
629,BBCA.JK,Bank Central Asia,6655.8,6655.8,6612.15,6655.8,60170600.0,2022-08-03
630,BBCA.JK,Bank Central Asia,6699.44,6808.55,6677.62,6808.55,164221000.0,2022-08-04
631,BBCA.JK,Bank Central Asia,6830.37,6874.02,6743.09,6874.02,118734200.0,2022-08-05
632,BBCA.JK,Bank Central Asia,6874.02,6917.66,6764.91,6874.02,84328900.0,2022-08-08
633,BBCA.JK,Bank Central Asia,6874.02,6961.31,6874.02,6895.84,92875800.0,2022-08-09
634,BBCA.JK,Bank Central Asia,6808.55,6895.84,6743.08,6895.84,104376300.0,2022-08-10
635,BBCA.JK,Bank Central Asia,6852.2,6939.49,6830.37,6939.49,73204700.0,2022-08-11
636,BBCA.JK,Bank Central Asia,6917.66,6961.31,6852.2,6917.66,59381200.0,2022-08-12
637,BBCA.JK,Bank Central Asia,6939.49,6961.31,6895.84,6939.49,81411000.0,2022-08-15
638,BBCA.JK,Bank Central Asia,6939.49,6961.31,6852.2,6961.31,83556700.0,2022-08-16
639,BBCA.JK,Bank Central Asia,6895.84,7004.95,6874.02,6983.13,86136900.0,2022-08-18
640,BBCA.JK,Bank Central Asia,7026.77,7026.77,6895.84,6895.84,58194900.0,2022-08-19
641,BBCA.JK,Bank Central Asia,6852.2,6983.13,6830.37,6983.13,97293300.0,2022-08-22
642,BBCA.JK,Bank Central Asia,6983.13,6983.13,6895.84,6895.84,71671800.0,2022-08-23
643,BBCA.JK,Bank Central Asia,6939.49,7004.95,6895.84,6939.49,108892400.0,2022-08-24
644,BBCA.JK,Bank Central Asia,6983.13,7070.42,6895.84,7048.6,99503500.0,2022-08-25
645,BBCA.JK,Bank Central Asia,7004.95,7092.24,6983.13,6983.13,80472400.0,2022-08-26
646,BBCA.JK,Bank Central Asia,6983.13,7114.06,6939.49,7114.06,57762100.0,2022-08-29
647,BBCA.JK,Bank Central Asia,7070.42,7223.18,7048.6,7135.89,124467000.0,2022-08-30
648,BBCA.JK,Bank Central Asia,7048.6,7179.53,7026.78,7157.71,137659900.0,2022-08-31
649,BBCA.JK,Bank Central Asia,7114.06,7201.35,7092.24,7114.06,74960800.0,2022-09-01
650,BBCA.JK,Bank Central Asia,7114.06,7179.53,7114.06,7179.53,71430600.0,2022-09-02
651,BBCA.JK,Bank Central Asia,7179.53,7245.0,7157.71,7223.18,62906000.0,2022-09-05
652,BBCA.JK,Bank Central Asia,7245.0,7288.64,7201.35,7223.18,67079900.0,2022-09-06
653,BBCA.JK,Bank Central Asia,7201.35,7310.46,7201.35,7310.46,117931700.0,2022-09-07
654,BBCA.JK,Bank Central Asia,7332.29,7419.58,7288.64,7288.64,132777400.0,2022-09-08
655,BBCA.JK,Bank Central Asia,7419.58,7419.58,7223.18,7310.46,91234600.0,2022-09-09
656,BBCA.JK,Bank Central Asia,7266.82,7354.11,7266.82,7310.46,52395300.0,2022-09-12
657,BBCA.JK,Bank Central Asia,7310.46,7485.04,7310.46,7441.4,124485200.0,2022-09-13
658,BBCA.JK,Bank Central Asia,7310.46,7550.51,7310.46,7419.58,116642400.0,2022-09-14
659,BBCA.JK,Bank Central Asia,7419.58,7746.91,7419.58,7637.8,190404800.0,2022-09-15
660,BBCA.JK,Bank Central Asia,7594.15,7615.98,7375.93,7375.93,363127600.0,2022-09-16
661,BBCA.JK,Bank Central Asia,7397.75,7637.8,7375.93,7550.51,102530600.0,2022-09-19
662,BBCA.JK,Bank Central Asia,7463.22,7550.51,7463.22,7463.22,89238400.0,2022-09-20
663,BBCA.JK,Bank Central Asia,7441.4,7506.87,7354.11,7397.75,90933700.0,2022-09-21
664,BBCA.JK,Bank Central Asia,7310.46,7441.4,7310.46,7397.75,61908500.0,2022-09-22
665,BBCA.JK,Bank Central Asia,7310.46,7397.75,7310.46,7310.46,60567600.0,2022-09-23
666,BBCA.JK,Bank Central Asia,7157.71,7419.58,7157.71,7354.11,106228200.0,2022-09-26
667,BBCA.JK,Bank Central Asia,7310.46,7375.93,7245.0,7245.0,89567100.0,2022-09-27
668,BBCA.JK,Bank Central Asia,7201.35,7354.11,7201.35,7266.82,89153400.0,2022-09-28
669,BBCA.JK,Bank Central Asia,7266.82,7375.93,7266.82,7310.46,62643700.0,2022-09-29
670,BBCA.JK,Bank Central Asia,7310.46,7485.04,7223.18,7463.22,176524800.0,2022-09-30
671,BBCA.JK,Bank Central Asia,7375.93,7441.4,7375.93,7419.58,115079600.0,2022-10-03
672,BBCA.JK,Bank Central Asia,7441.4,7528.69,7441.4,7463.22,80524500.0,2022-10-04
673,BBCA.JK,Bank Central Asia,7441.4,7463.22,7354.11,7375.93,63788000.0,2022-10-05
674,BBCA.JK,Bank Central Asia,7397.75,7419.58,7354.11,7354.11,43967400.0,2022-10-06
675,BBCA.JK,Bank Central Asia,7266.82,7310.46,7157.71,7157.71,112043400.0,2022-10-07
676,BBCA.JK,Bank Central Asia,7114.06,7310.46,7092.24,7245.0,80238200.0,2022-10-10
677,BBCA.JK,Bank Central Asia,7157.71,7245.0,7114.06,7201.35,64060000.0,2022-10-11
678,BBCA.JK,Bank Central Asia,7157.71,7266.82,7135.89,7266.82,47569700.0,2022-10-12
679,BBCA.JK,Bank Central Asia,7223.18,7310.46,7223.18,7223.18,62282800.0,2022-10-13
680,BBCA.JK,Bank Central Asia,7245.0,7288.64,7201.35,7201.35,70642900.0,2022-10-14
681,BBCA.JK,Bank Central Asia,7201.35,7245.0,7135.89,7201.35,56387500.0,2022-10-17
682,BBCA.JK,Bank Central Asia,7223.17,7397.75,7201.35,7245.0,85665300.0,2022-10-18
683,BBCA.JK,Bank Central Asia,7201.35,7288.64,7179.53,7223.18,66753500.0,2022-10-19
684,BBCA.JK,Bank Central Asia,7201.35,7419.58,7201.35,7419.58,91812300.0,2022-10-20
685,BBCA.JK,Bank Central Asia,7375.93,7615.98,7375.93,7550.51,122777800.0,2022-10-21
686,BBCA.JK,Bank Central Asia,7637.8,7768.73,7615.98,7768.73,89416500.0,2022-10-24
687,BBCA.JK,Bank Central Asia,7703.27,7746.91,7594.15,7594.15,84696300.0,2022-10-25
688,BBCA.JK,Bank Central Asia,7528.69,7550.51,7463.22,7463.22,98962100.0,2022-10-26
689,BBCA.JK,Bank Central Asia,7463.22,7594.15,7463.22,7594.15,77003400.0,2022-10-27
690,BBCA.JK,Bank Central Asia,7550.51,7637.8,7550.51,7637.8,84980600.0,2022-10-28
691,BBCA.JK,Bank Central Asia,7725.09,7725.09,7659.62,7681.44,138922800.0,2022-10-31
692,BBCA.JK,Bank Central Asia,7856.02,7856.02,7615.98,7681.44,118118400.0,2022-11-01
693,BBCA.JK,Bank Central Asia,7681.44,7703.27,7615.98,7637.8,68323600.0,2022-11-02
694,BBCA.JK,Bank Central Asia,7594.15,7703.27,7594.15,7681.44,81856300.0,2022-11-03
695,BBCA.JK,Bank Central Asia,7659.62,7681.44,7572.33,7659.62,84458300.0,2022-11-04
696,BBCA.JK,Bank Central Asia,7615.98,7725.09,7572.33,7725.09,94794000.0,2022-11-07
697,BBCA.JK,Bank Central Asia,7725.09,7746.91,7615.98,7637.8,42525500.0,2022-11-08
698,BBCA.JK,Bank Central Asia,7572.33,7746.91,7572.33,7746.91,96599500.0,2022-11-09
699,BBCA.JK,Bank Central Asia,7615.98,7681.44,7615.98,7681.44,89463000.0,2022-11-10
700,BBCA.JK,Bank Central Asia,7768.73,7790.55,7703.27,7725.09,59597900.0,2022-11-11
701,BBCA.JK,Bank Central Asia,7746.91,7768.73,7637.8,7637.8,49208200.0,2022-11-14
702,BBCA.JK,Bank Central Asia,7659.62,7725.09,7637.8,7681.44,59092900.0,2022-11-15
703,BBCA.JK,Bank Central Asia,7528.69,7572.33,7463.22,7506.87,143424800.0,2022-11-16
704,BBCA.JK,Bank Central Asia,7528.69,7703.27,7506.87,7615.98,72679800.0,2022-11-17
705,BBCA.JK,Bank Central Asia,7615.98,7768.73,7615.98,7703.27,83556900.0,2022-11-18
706,BBCA.JK,Bank Central Asia,7746.91,7768.73,7615.98,7615.98,35901000.0,2022-11-21
707,BBCA.JK,Bank Central Asia,7768.73,7812.38,7725.09,7768.73,84684200.0,2022-11-22
708,BBCA.JK,Bank Central Asia,7768.73,7834.2,7746.91,7746.91,84642100.0,2022-11-23
709,BBCA.JK,Bank Central Asia,7834.2,7856.02,7812.38,7856.02,53520800.0,2022-11-24
710,BBCA.JK,Bank Central Asia,7856.02,7856.02,7768.73,7834.2,75048300.0,2022-11-25
711,BBCA.JK,Bank Central Asia,7899.67,7943.31,7834.2,7877.84,96209700.0,2022-11-28
712,BBCA.JK,Bank Central Asia,7834.2,7921.49,7790.55,7834.2,91562100.0,2022-11-29
713,BBCA.JK,Bank Central Asia,7746.91,8205.18,7725.09,8117.89,644359600.0,2022-11-30
714,BBCA.JK,Bank Central Asia,8096.07,8161.53,7856.02,7856.02,155775400.0,2022-12-01
715,BBCA.JK,Bank Central Asia,7799.06,7864.78,7799.06,7799.06,130982100.0,2022-12-02
716,BBCA.JK,Bank Central Asia,7711.43,7799.06,7689.52,7689.52,114656300.0,2022-12-05
717,BBCA.JK,Bank Central Asia,7645.71,7667.62,7514.27,7601.9,180553800.0,2022-12-06
718,BBCA.JK,Bank Central Asia,7448.54,7514.26,7404.73,7404.73,229308700.0,2022-12-07
719,BBCA.JK,Bank Central Asia,7339.01,7514.27,7317.1,7448.54,172590100.0,2022-12-08
720,BBCA.JK,Bank Central Asia,7448.54,7536.17,7404.73,7514.27,90851300.0,2022-12-09
721,BBCA.JK,Bank Central Asia,7470.45,7623.8,7426.64,7623.8,102851800.0,2022-12-12
722,BBCA.JK,Bank Central Asia,7558.08,7623.8,7492.36,7623.8,104580200.0,2022-12-13
723,BBCA.JK,Bank Central Asia,7536.17,7623.8,7470.45,7558.08,118164300.0,2022-12-14
724,BBCA.JK,Bank Central Asia,7514.27,7536.17,7448.54,7448.54,113255700.0,2022-12-15
725,BBCA.JK,Bank Central Asia,7382.82,7579.99,7360.91,7536.17,181516700.0,2022-12-16
726,BBCA.JK,Bank Central Asia,7579.99,7623.8,7536.17,7579.99,67482900.0,2022-12-19
727,BBCA.JK,Bank Central Asia,7492.36,7579.99,7492.36,7514.27,41243700.0,2022-12-20
728,BBCA.JK,Bank Central Asia,7536.17,7623.8,7514.27,7601.9,33617700.0,2022-12-21
729,BBCA.JK,Bank Central Asia,7579.99,7601.9,7514.27,7514.27,59591500.0,2022-12-22
730,BBCA.JK,Bank Central Asia,7470.45,7514.27,7448.54,7448.54,47393000.0,2022-12-23
731,BBCA.JK,Bank Central Asia,7448.54,7558.08,7448.54,7514.27,20495900.0,2022-12-26
732,BBCA.JK,Bank Central Asia,7536.17,7579.99,7514.27,7536.17,27193800.0,2022-12-27
733,BBCA.JK,Bank Central Asia,7579.99,7579.99,7492.36,7579.99,40420200.0,2022-12-28
734,BBCA.JK,Bank Central Asia,7470.45,7536.17,7448.54,7514.27,47020900.0,2022-12-29
735,BBCA.JK,Bank Central Asia,7514.26,7579.99,7492.36,7492.36,44681400.0,2022-12-30
736,BBCA.JK,Bank Central Asia,7514.26,7536.17,7448.54,7492.36,10653900.0,2023-01-02
737,BBCA.JK,Bank Central Asia,7492.36,7536.17,7470.45,7492.36,27399100.0,2023-01-03
738,BBCA.JK,Bank Central Asia,7470.45,7514.26,7317.1,7317.1,90918800.0,2023-01-04
739,BBCA.JK,Bank Central Asia,7317.1,7339.01,7141.84,7229.47,128838500.0,2023-01-05
740,BBCA.JK,Bank Central Asia,7098.02,7295.19,7098.02,7273.28,69286600.0,2023-01-06
741,BBCA.JK,Bank Central Asia,7295.19,7404.73,7295.19,7404.73,86916900.0,2023-01-09
742,BBCA.JK,Bank Central Asia,7360.91,7382.82,7141.84,7163.75,101759100.0,2023-01-10
743,BBCA.JK,Bank Central Asia,7054.21,7141.84,7010.39,7119.93,96069100.0,2023-01-11
744,BBCA.JK,Bank Central Asia,7141.84,7251.38,7119.93,7163.75,103804600.0,2023-01-12
745,BBCA.JK,Bank Central Asia,7141.84,7163.75,7032.3,7054.21,119748200.0,2023-01-13
746,BBCA.JK,Bank Central Asia,7054.21,7185.65,7054.21,7141.84,105710700.0,2023-01-16
747,BBCA.JK,Bank Central Asia,7163.75,7339.0,7141.84,7295.19,88695900.0,2023-01-17
748,BBCA.JK,Bank Central Asia,7185.65,7295.19,7163.75,7273.28,96814600.0,2023-01-18
749,BBCA.JK,Bank Central Asia,7317.1,7317.1,7229.47,7295.19,66391800.0,2023-01-19
750,BBCA.JK,Bank Central Asia,7251.38,7295.19,7229.47,7273.28,96859500.0,2023-01-20
751,BBCA.JK,Bank Central Asia,7273.28,7317.1,7207.56,7207.56,42474500.0,2023-01-24
752,BBCA.JK,Bank Central Asia,7273.28,7273.28,7185.65,7185.65,66124500.0,2023-01-25
753,BBCA.JK,Bank Central Asia,7207.56,7426.64,7207.56,7426.64,77582300.0,2023-01-26
754,BBCA.JK,Bank Central Asia,7623.8,7755.25,7492.36,7623.8,196804700.0,2023-01-27
755,BBCA.JK,Bank Central Asia,7645.71,7689.53,7514.27,7623.8,68544300.0,2023-01-30
756,BBCA.JK,Bank Central Asia,7558.08,7601.9,7426.64,7426.64,200589000.0,2023-01-31
757,BBCA.JK,Bank Central Asia,7514.27,7514.27,7404.73,7448.54,77396200.0,2023-02-01
758,BBCA.JK,Bank Central Asia,7382.82,7470.45,7360.91,7404.73,99109500.0,2023-02-02
759,BBCA.JK,Bank Central Asia,7492.36,7623.8,7448.54,7623.8,71716700.0,2023-02-03
760,BBCA.JK,Bank Central Asia,7667.62,7667.62,7579.99,7645.71,117757700.0,2023-02-06
761,BBCA.JK,Bank Central Asia,7689.53,7755.25,7667.62,7755.25,116014700.0,2023-02-07
762,BBCA.JK,Bank Central Asia,7733.34,7755.25,7711.43,7733.34,54495500.0,2023-02-08
763,BBCA.JK,Bank Central Asia,7733.34,7799.06,7711.43,7799.06,72381700.0,2023-02-09
764,BBCA.JK,Bank Central Asia,7777.16,7799.06,7623.8,7733.34,62060900.0,2023-02-10
765,BBCA.JK,Bank Central Asia,7777.16,7799.06,7689.53,7777.16,63775000.0,2023-02-13
766,BBCA.JK,Bank Central Asia,7755.25,7842.88,7733.34,7842.88,81678200.0,2023-02-14
767,BBCA.JK,Bank Central Asia,7777.16,7799.06,7667.62,7777.16,38037000.0,2023-02-15
768,BBCA.JK,Bank Central Asia,7733.34,7755.25,7623.8,7623.8,66040400.0,2023-02-16
769,BBCA.JK,Bank Central Asia,7689.52,7755.25,7645.71,7645.71,43588900.0,2023-02-17
770,BBCA.JK,Bank Central Asia,7645.71,7733.34,7623.8,7667.62,40077000.0,2023-02-20
771,BBCA.JK,Bank Central Asia,7689.53,7711.43,7623.8,7623.8,25390500.0,2023-02-21
772,BBCA.JK,Bank Central Asia,7623.8,7667.62,7558.08,7601.9,38671900.0,2023-02-22
773,BBCA.JK,Bank Central Asia,7558.08,7667.62,7558.08,7645.71,53412300.0,2023-02-23
774,BBCA.JK,Bank Central Asia,7689.52,7755.25,7601.9,7601.9,44123400.0,2023-02-24
775,BBCA.JK,Bank Central Asia,7601.89,7689.52,7579.99,7689.52,59983900.0,2023-02-27
776,BBCA.JK,Bank Central Asia,7689.52,7689.52,7601.89,7667.62,106349400.0,2023-02-28
777,BBCA.JK,Bank Central Asia,7645.71,7667.62,7536.17,7536.17,67034700.0,2023-03-01
778,BBCA.JK,Bank Central Asia,7536.17,7623.8,7536.17,7558.08,56672000.0,2023-03-02
779,BBCA.JK,Bank Central Asia,7579.99,7601.9,7426.64,7426.64,95376900.0,2023-03-03
780,BBCA.JK,Bank Central Asia,7492.36,7492.36,7360.91,7360.91,92652000.0,2023-03-06
781,BBCA.JK,Bank Central Asia,7317.1,7426.64,7317.1,7382.82,106115600.0,2023-03-07
782,BBCA.JK,Bank Central Asia,7360.91,7514.27,7360.91,7514.27,79350900.0,2023-03-08
783,BBCA.JK,Bank Central Asia,7579.99,7579.99,7492.36,7514.27,54201400.0,2023-03-09
784,BBCA.JK,Bank Central Asia,7448.54,7492.36,7404.73,7404.73,59580100.0,2023-03-10
785,BBCA.JK,Bank Central Asia,7404.73,7558.08,7404.73,7492.36,82077700.0,2023-03-13
786,BBCA.JK,Bank Central Asia,7382.82,7426.63,7295.19,7295.19,90495300.0,2023-03-14
787,BBCA.JK,Bank Central Asia,7404.73,7426.63,7295.19,7295.19,86747400.0,2023-03-15
788,BBCA.JK,Bank Central Asia,7273.28,7317.1,7229.47,7273.28,105894000.0,2023-03-16
789,BBCA.JK,Bank Central Asia,7339.0,7404.73,7295.19,7339.0,198558600.0,2023-03-17
790,BBCA.JK,Bank Central Asia,7360.91,7426.64,7339.01,7360.91,37277900.0,2023-03-20
791,BBCA.JK,Bank Central Asia,7360.91,7448.54,7339.01,7448.54,91617400.0,2023-03-21
792,BBCA.JK,Bank Central Asia,7623.8,7733.34,7558.08,7733.34,145603600.0,2023-03-24
793,BBCA.JK,Bank Central Asia,7733.34,7733.34,7623.8,7623.8,110692800.0,2023-03-27
794,BBCA.JK,Bank Central Asia,7711.43,7711.43,7601.9,7601.9,98296600.0,2023-03-28
795,BBCA.JK,Bank Central Asia,7753.84,7865.57,7709.15,7865.57,101068200.0,2023-03-29
796,BBCA.JK,Bank Central Asia,7954.95,7954.95,7865.57,7887.92,118912100.0,2023-03-30
797,BBCA.JK,Bank Central Asia,7887.92,7910.26,7798.53,7820.88,97146900.0,2023-03-31
798,BBCA.JK,Bank Central Asia,7887.92,7887.92,7820.88,7865.57,60288900.0,2023-04-03
799,BBCA.JK,Bank Central Asia,7887.92,7887.92,7731.5,7843.22,60975800.0,2023-04-04
800,BBCA.JK,Bank Central Asia,7843.22,7865.57,7798.53,7798.53,36922100.0,2023-04-05
801,BBCA.JK,Bank Central Asia,7776.19,7843.22,7776.19,7820.88,45489400.0,2023-04-06
802,BBCA.JK,Bank Central Asia,7798.53,7865.57,7776.19,7865.57,32996000.0,2023-04-10
803,BBCA.JK,Bank Central Asia,7887.92,7887.92,7820.88,7887.92,44554300.0,2023-04-11
804,BBCA.JK,Bank Central Asia,7954.95,7954.95,7887.92,7954.95,91903600.0,2023-04-12
805,BBCA.JK,Bank Central Asia,7999.64,7999.64,7932.61,7977.3,51726500.0,2023-04-13
806,BBCA.JK,Bank Central Asia,8044.33,8044.33,7999.64,8044.33,110354200.0,2023-04-14
807,BBCA.JK,Bank Central Asia,8066.68,8089.02,7954.95,8066.68,83946900.0,2023-04-17
808,BBCA.JK,Bank Central Asia,8089.02,8200.75,8066.68,8156.06,91178700.0,2023-04-18
809,BBCA.JK,Bank Central Asia,8156.06,8223.1,8044.33,8223.1,186928200.0,2023-04-26
810,BBCA.JK,Bank Central Asia,8133.71,8200.75,8111.37,8178.41,54842400.0,2023-04-27
811,BBCA.JK,Bank Central Asia,8133.71,8156.06,8089.02,8089.02,145775300.0,2023-04-28
812,BBCA.JK,Bank Central Asia,8133.71,8133.71,7954.95,8089.02,83645900.0,2023-05-02
813,BBCA.JK,Bank Central Asia,8089.02,8089.02,7932.61,7977.3,83728800.0,2023-05-03
814,BBCA.JK,Bank Central Asia,7977.3,8066.68,7932.61,8044.33,67565000.0,2023-05-04
815,BBCA.JK,Bank Central Asia,8044.33,8089.02,7999.64,8044.33,64815100.0,2023-05-05
816,BBCA.JK,Bank Central Asia,8044.33,8111.37,7999.64,8044.33,84754500.0,2023-05-08
817,BBCA.JK,Bank Central Asia,7999.64,8021.99,7954.95,7977.3,40929600.0,2023-05-09
818,BBCA.JK,Bank Central Asia,7977.3,7999.64,7954.95,7977.3,45322600.0,2023-05-10
819,BBCA.JK,Bank Central Asia,7954.95,7954.95,7865.57,7887.92,81993900.0,2023-05-11
820,BBCA.JK,Bank Central Asia,7820.88,7932.61,7798.53,7865.57,96525600.0,2023-05-12
821,BBCA.JK,Bank Central Asia,7932.61,7932.61,7798.53,7843.22,64830300.0,2023-05-15
822,BBCA.JK,Bank Central Asia,7865.57,7887.92,7776.19,7776.19,49497000.0,2023-05-16
823,BBCA.JK,Bank Central Asia,7843.22,7910.26,7820.88,7843.22,69996100.0,2023-05-17
824,BBCA.JK,Bank Central Asia,7954.95,8044.33,7887.91,8044.33,123592500.0,2023-05-19
825,BBCA.JK,Bank Central Asia,8044.33,8111.37,7977.3,8044.33,91000000.0,2023-05-22
826,BBCA.JK,Bank Central Asia,8089.02,8178.41,8066.68,8156.06,102980500.0,2023-05-23
827,BBCA.JK,Bank Central Asia,8223.1,8223.1,8066.68,8066.68,77392900.0,2023-05-24
828,BBCA.JK,Bank Central Asia,8133.71,8178.4,8089.02,8089.02,76325700.0,2023-05-25
829,BBCA.JK,Bank Central Asia,8200.75,8223.1,8133.71,8178.41,55675900.0,2023-05-26
830,BBCA.JK,Bank Central Asia,8267.79,8267.79,8111.37,8178.41,79148200.0,2023-05-29
831,BBCA.JK,Bank Central Asia,8223.1,8334.82,8178.41,8267.79,97189500.0,2023-05-30
832,BBCA.JK,Bank Central Asia,8312.48,8334.82,8089.02,8089.02,722827900.0,2023-05-31
833,BBCA.JK,Bank Central Asia,8178.41,8334.82,8133.72,8223.1,163535600.0,2023-06-05
834,BBCA.JK,Bank Central Asia,8089.02,8223.1,8089.02,8178.41,74872200.0,2023-06-06
835,BBCA.JK,Bank Central Asia,8156.06,8200.75,8111.37,8133.72,87492200.0,2023-06-07
836,BBCA.JK,Bank Central Asia,8111.37,8156.06,8111.37,8156.06,53188400.0,2023-06-08
837,BBCA.JK,Bank Central Asia,8200.75,8200.75,8133.72,8133.72,44632400.0,2023-06-09
838,BBCA.JK,Bank Central Asia,8178.41,8178.41,8133.71,8178.41,38082300.0,2023-06-12
839,BBCA.JK,Bank Central Asia,8200.75,8200.75,8133.71,8178.41,45552600.0,2023-06-13
840,BBCA.JK,Bank Central Asia,8133.71,8156.06,8089.02,8111.37,72223700.0,2023-06-14
841,BBCA.JK,Bank Central Asia,8133.71,8133.71,8089.02,8089.02,59073000.0,2023-06-15
842,BBCA.JK,Bank Central Asia,8133.71,8133.71,8021.99,8089.02,112769400.0,2023-06-16
843,BBCA.JK,Bank Central Asia,8044.33,8089.02,8044.33,8044.33,32330600.0,2023-06-19
844,BBCA.JK,Bank Central Asia,8066.68,8089.02,7999.64,8089.02,54990100.0,2023-06-20
845,BBCA.JK,Bank Central Asia,8089.02,8156.06,8044.33,8156.06,42676300.0,2023-06-21
846,BBCA.JK,Bank Central Asia,8156.06,8178.4,8089.02,8089.02,48291100.0,2023-06-22
847,BBCA.JK,Bank Central Asia,8066.68,8178.4,8066.68,8089.02,47813500.0,2023-06-23
848,BBCA.JK,Bank Central Asia,8066.68,8156.06,8066.68,8111.37,36389900.0,2023-06-26
849,BBCA.JK,Bank Central Asia,8089.02,8178.41,8089.02,8178.41,36225100.0,2023-06-27
850,BBCA.JK,Bank Central Asia,8066.68,8111.37,8066.68,8111.37,108855900.0,2023-07-03
851,BBCA.JK,Bank Central Asia,8178.4,8178.4,8089.02,8089.02,35049300.0,2023-07-04
852,BBCA.JK,Bank Central Asia,8089.02,8111.37,8066.68,8089.02,44609200.0,2023-07-05
853,BBCA.JK,Bank Central Asia,8089.02,8133.71,8066.68,8111.37,52532400.0,2023-07-06
854,BBCA.JK,Bank Central Asia,8066.68,8133.71,8066.68,8066.68,37641300.0,2023-07-07
855,BBCA.JK,Bank Central Asia,8133.71,8133.71,8089.02,8089.02,28981500.0,2023-07-10
856,BBCA.JK,Bank Central Asia,8133.71,8133.71,8066.68,8066.68,43703500.0,2023-07-11
857,BBCA.JK,Bank Central Asia,8111.37,8200.75,8089.02,8200.75,61566500.0,2023-07-12
858,BBCA.JK,Bank Central Asia,8223.1,8245.44,8156.06,8156.06,65230900.0,2023-07-13
859,BBCA.JK,Bank Central Asia,8200.75,8223.1,8156.06,8223.1,55554500.0,2023-07-14
860,BBCA.JK,Bank Central Asia,8223.1,8267.79,8200.75,8200.75,62550100.0,2023-07-17
861,BBCA.JK,Bank Central Asia,8223.1,8267.79,8133.71,8178.41,52924600.0,2023-07-18
862,BBCA.JK,Bank Central Asia,8223.1,8245.44,8156.06,8178.41,83476600.0,2023-07-20
863,BBCA.JK,Bank Central Asia,8178.41,8200.75,8156.06,8178.41,42667800.0,2023-07-21
864,BBCA.JK,Bank Central Asia,8223.1,8223.1,8133.72,8133.72,62061200.0,2023-07-24
865,BBCA.JK,Bank Central Asia,8200.75,8312.48,8178.41,8178.41,122802700.0,2023-07-25
866,BBCA.JK,Bank Central Asia,8200.75,8357.17,8156.06,8357.17,113868700.0,2023-07-26
867,BBCA.JK,Bank Central Asia,8401.86,8401.86,8245.44,8245.44,77848400.0,2023-07-27
868,BBCA.JK,Bank Central Asia,8223.1,8245.44,8156.06,8156.06,74510200.0,2023-07-28
869,BBCA.JK,Bank Central Asia,8200.75,8223.1,8133.72,8156.06,80868000.0,2023-07-31
870,BBCA.JK,Bank Central Asia,8200.75,8200.75,8133.72,8156.06,49756400.0,2023-08-01
871,BBCA.JK,Bank Central Asia,8156.06,8223.1,8156.06,8223.1,60629900.0,2023-08-02
872,BBCA.JK,Bank Central Asia,8178.41,8312.48,8178.41,8267.79,64596100.0,2023-08-03
873,BBCA.JK,Bank Central Asia,8267.79,8290.13,8156.06,8178.41,52675900.0,2023-08-04
874,BBCA.JK,Bank Central Asia,8178.4,8290.13,8178.4,8290.13,55589300.0,2023-08-07
875,BBCA.JK,Bank Central Asia,8290.13,8312.48,8223.1,8223.1,43373400.0,2023-08-08
876,BBCA.JK,Bank Central Asia,8290.13,8401.86,8267.79,8401.86,77056800.0,2023-08-09
877,BBCA.JK,Bank Central Asia,8401.86,8424.2,8357.17,8401.86,76738100.0,2023-08-10
878,BBCA.JK,Bank Central Asia,8424.2,8446.55,8379.51,8401.86,68898600.0,2023-08-11
879,BBCA.JK,Bank Central Asia,8334.82,8357.17,8245.44,8357.17,75495400.0,2023-08-14
880,BBCA.JK,Bank Central Asia,8334.82,8379.51,8312.48,8312.48,59303700.0,2023-08-15
881,BBCA.JK,Bank Central Asia,8290.13,8334.82,8267.79,8312.48,53440000.0,2023-08-16
882,BBCA.JK,Bank Central Asia,8267.79,8357.17,8267.79,8267.79,79328900.0,2023-08-18
883,BBCA.JK,Bank Central Asia,8245.44,8267.79,8200.75,8200.75,73573000.0,2023-08-21
884,BBCA.JK,Bank Central Asia,8178.4,8334.82,8178.4,8312.48,65664600.0,2023-08-22
885,BBCA.JK,Bank Central Asia,8312.48,8334.82,8290.13,8312.48,63749800.0,2023-08-23
886,BBCA.JK,Bank Central Asia,8267.79,8334.82,8223.1,8223.1,53725900.0,2023-08-24
887,BBCA.JK,Bank Central Asia,8223.09,8290.13,8200.75,8290.13,50379000.0,2023-08-25
888,BBCA.JK,Bank Central Asia,8267.79,8267.79,8223.1,8223.1,44423100.0,2023-08-28
889,BBCA.JK,Bank Central Asia,8290.13,8312.48,8223.1,8267.79,45428500.0,2023-08-29
890,BBCA.JK,Bank Central Asia,8312.48,8312.48,8223.1,8223.1,56227000.0,2023-08-30
891,BBCA.JK,Bank Central Asia,8223.1,8245.44,8133.71,8200.75,136107200.0,2023-08-31
892,BBCA.JK,Bank Central Asia,8223.1,8290.13,8200.75,8245.44,42152700.0,2023-09-01
893,BBCA.JK,Bank Central Asia,8245.44,8290.13,8200.75,8245.44,40610600.0,2023-09-04
894,BBCA.JK,Bank Central Asia,8267.79,8267.79,8223.1,8245.44,42007200.0,2023-09-05
895,BBCA.JK,Bank Central Asia,8223.1,8267.79,8178.41,8178.41,49318400.0,2023-09-06
896,BBCA.JK,Bank Central Asia,8156.06,8200.75,8133.71,8200.75,61405200.0,2023-09-07
897,BBCA.JK,Bank Central Asia,8133.72,8178.41,8089.02,8156.06,80732300.0,2023-09-08
898,BBCA.JK,Bank Central Asia,8111.37,8156.06,8111.37,8156.06,53155900.0,2023-09-11
899,BBCA.JK,Bank Central Asia,8133.72,8156.06,8111.37,8133.72,66479000.0,2023-09-12
900,BBCA.JK,Bank Central Asia,8089.02,8111.37,8044.33,8111.37,69490200.0,2023-09-13
901,BBCA.JK,Bank Central Asia,8044.33,8156.06,8044.33,8133.72,112757900.0,2023-09-14
902,BBCA.JK,Bank Central Asia,8089.02,8133.71,8044.33,8044.33,121005300.0,2023-09-15
903,BBCA.JK,Bank Central Asia,8089.02,8111.37,8044.33,8044.33,34272200.0,2023-09-18
904,BBCA.JK,Bank Central Asia,8044.33,8111.37,8021.99,8111.37,33325800.0,2023-09-19
905,BBCA.JK,Bank Central Asia,8156.06,8200.75,8111.37,8178.41,54305500.0,2023-09-20
906,BBCA.JK,Bank Central Asia,8156.06,8178.41,8111.37,8156.06,40607000.0,2023-09-21
907,BBCA.JK,Bank Central Asia,8156.06,8178.4,8111.37,8111.37,42445300.0,2023-09-22
908,BBCA.JK,Bank Central Asia,8111.37,8111.37,8044.33,8044.33,56132200.0,2023-09-25
909,BBCA.JK,Bank Central Asia,8044.33,8066.68,7999.64,7999.64,73544700.0,2023-09-26
910,BBCA.JK,Bank Central Asia,7954.95,8044.33,7932.61,7932.61,84345000.0,2023-09-27
911,BBCA.JK,Bank Central Asia,7887.92,7954.95,7887.92,7887.92,118960000.0,2023-09-29
912,BBCA.JK,Bank Central Asia,7954.95,8133.71,7932.61,8111.37,93663000.0,2023-10-02
913,BBCA.JK,Bank Central Asia,8111.37,8223.1,8066.68,8223.1,98380200.0,2023-10-03
914,BBCA.JK,Bank Central Asia,8223.1,8267.79,8156.06,8223.1,112582800.0,2023-10-04
915,BBCA.JK,Bank Central Asia,8223.1,8223.1,8111.37,8111.37,72855700.0,2023-10-05
916,BBCA.JK,Bank Central Asia,8133.71,8133.71,8066.68,8066.68,53344400.0,2023-10-06
917,BBCA.JK,Bank Central Asia,8066.68,8156.06,8066.68,8089.02,43774500.0,2023-10-09
918,BBCA.JK,Bank Central Asia,8044.33,8044.33,7977.3,7977.3,71966100.0,2023-10-10
919,BBCA.JK,Bank Central Asia,7977.3,8066.68,7977.3,7977.3,84305800.0,2023-10-11
920,BBCA.JK,Bank Central Asia,8044.33,8133.71,8044.33,8089.02,71064500.0,2023-10-12
921,BBCA.JK,Bank Central Asia,8133.71,8156.06,8066.68,8111.37,62941800.0,2023-10-13
922,BBCA.JK,Bank Central Asia,8156.06,8156.06,8089.02,8133.72,29429200.0,2023-10-16
923,BBCA.JK,Bank Central Asia,8089.02,8111.37,7999.64,7999.64,59606000.0,2023-10-17
924,BBCA.JK,Bank Central Asia,7977.3,7999.64,7910.26,7910.26,50919200.0,2023-10-18
925,BBCA.JK,Bank Central Asia,7887.92,7910.26,7820.88,7820.88,89509700.0,2023-10-19
926,BBCA.JK,Bank Central Asia,7798.53,8066.68,7798.53,8021.99,64554500.0,2023-10-20
927,BBCA.JK,Bank Central Asia,7932.61,7977.3,7910.26,7910.26,50633500.0,2023-10-23
928,BBCA.JK,Bank Central Asia,7843.22,7932.61,7843.22,7843.22,76963200.0,2023-10-24
929,BBCA.JK,Bank Central Asia,7887.92,7977.3,7887.92,7932.61,54748400.0,2023-10-25
930,BBCA.JK,Bank Central Asia,7977.3,7999.64,7798.53,7798.53,63199400.0,2023-10-26
931,BBCA.JK,Bank Central Asia,7798.53,7865.57,7776.19,7776.19,52450700.0,2023-10-27
932,BBCA.JK,Bank Central Asia,7776.19,7910.26,7776.19,7910.26,51958200.0,2023-10-30
933,BBCA.JK,Bank Central Asia,7865.57,7887.92,7798.53,7820.88,64907600.0,2023-10-31
934,BBCA.JK,Bank Central Asia,7820.88,7843.22,7686.81,7686.81,67027600.0,2023-11-01
935,BBCA.JK,Bank Central Asia,7798.53,7954.95,7798.53,7910.26,56050900.0,2023-11-02
936,BBCA.JK,Bank Central Asia,7977.3,7999.64,7910.26,7954.95,60414100.0,2023-11-03
937,BBCA.JK,Bank Central Asia,8021.99,8089.02,7999.64,8089.02,84994200.0,2023-11-06
938,BBCA.JK,Bank Central Asia,8044.33,8066.68,7954.95,8021.99,60648200.0,2023-11-07
939,BBCA.JK,Bank Central Asia,7999.64,8044.33,7954.95,8044.33,31829300.0,2023-11-08
940,BBCA.JK,Bank Central Asia,7954.95,8089.02,7954.95,8044.33,46076800.0,2023-11-09
941,BBCA.JK,Bank Central Asia,7999.64,8044.33,7887.92,7887.92,50754600.0,2023-11-10
942,BBCA.JK,Bank Central Asia,7932.61,7977.3,7910.26,7932.61,20827700.0,2023-11-13
943,BBCA.JK,Bank Central Asia,7954.95,7999.64,7932.61,7977.3,37195700.0,2023-11-14
944,BBCA.JK,Bank Central Asia,8021.99,8089.02,7999.64,8089.02,84977900.0,2023-11-15
945,BBCA.JK,Bank Central Asia,8089.02,8111.37,7999.64,8111.37,48714300.0,2023-11-16
946,BBCA.JK,Bank Central Asia,8066.68,8111.37,8021.99,8111.37,57050500.0,2023-11-17
947,BBCA.JK,Bank Central Asia,8021.99,8066.68,7932.61,7932.61,49216000.0,2023-11-20
948,BBCA.JK,Bank Central Asia,7887.92,7954.95,7843.22,7843.22,107614800.0,2023-11-21
949,BBCA.JK,Bank Central Asia,7843.22,7932.61,7843.22,7932.61,40364800.0,2023-11-22
950,BBCA.JK,Bank Central Asia,7910.26,8021.99,7910.26,7977.3,55542100.0,2023-11-23
951,BBCA.JK,Bank Central Asia,7977.3,8021.99,7954.95,7977.3,43631900.0,2023-11-24
952,BBCA.JK,Bank Central Asia,7954.95,7999.64,7932.61,7932.61,35679000.0,2023-11-27
953,BBCA.JK,Bank Central Asia,7932.61,7999.64,7910.26,7932.61,69070600.0,2023-11-28
954,BBCA.JK,Bank Central Asia,7954.95,7999.64,7954.95,7954.95,54715600.0,2023-11-29
955,BBCA.JK,Bank Central Asia,7977.3,8021.99,7954.95,8021.99,205312100.0,2023-11-30
956,BBCA.JK,Bank Central Asia,7977.3,8021.99,7954.95,7999.64,80566400.0,2023-12-01
957,BBCA.JK,Bank Central Asia,8037.81,8105.17,8015.36,8015.36,54747400.0,2023-12-04
958,BBCA.JK,Bank Central Asia,8037.81,8037.81,7925.55,7992.91,94363900.0,2023-12-05
959,BBCA.JK,Bank Central Asia,7948.0,8037.81,7903.1,7903.1,81852800.0,2023-12-06
960,BBCA.JK,Bank Central Asia,7858.19,7925.55,7835.74,7925.55,91322500.0,2023-12-07
961,BBCA.JK,Bank Central Asia,7903.1,7948.0,7858.19,7858.19,43891600.0,2023-12-08
962,BBCA.JK,Bank Central Asia,7790.84,7880.65,7790.84,7858.19,78642800.0,2023-12-11
963,BBCA.JK,Bank Central Asia,7813.29,7858.19,7813.29,7813.29,87589300.0,2023-12-12
964,BBCA.JK,Bank Central Asia,7813.29,7858.19,7790.84,7790.84,51560500.0,2023-12-13
965,BBCA.JK,Bank Central Asia,7880.65,8127.62,7858.19,8127.62,115332800.0,2023-12-14
966,BBCA.JK,Bank Central Asia,8194.97,8284.78,8150.07,8284.78,275013500.0,2023-12-15
967,BBCA.JK,Bank Central Asia,8262.33,8284.78,8217.43,8262.33,111712200.0,2023-12-18
968,BBCA.JK,Bank Central Asia,8194.98,8307.24,8194.98,8307.24,65174500.0,2023-12-19
969,BBCA.JK,Bank Central Asia,8307.23,8352.14,8284.78,8352.14,72938100.0,2023-12-20
970,BBCA.JK,Bank Central Asia,8352.14,8374.59,8307.23,8374.59,88116700.0,2023-12-21
971,BBCA.JK,Bank Central Asia,8329.69,8397.04,8329.69,8374.59,64449600.0,2023-12-22
972,BBCA.JK,Bank Central Asia,8419.49,8441.95,8374.59,8419.49,64464700.0,2023-12-27
973,BBCA.JK,Bank Central Asia,8374.59,8464.4,8374.59,8441.95,70184600.0,2023-12-28
974,BBCA.JK,Bank Central Asia,8464.4,8486.85,8397.04,8441.95,79903400.0,2023-12-29
975,BBCA.JK,Bank Central Asia,8441.95,8464.4,8397.04,8464.4,30545200.0,2024-01-02
976,BBCA.JK,Bank Central Asia,8464.4,8464.4,8374.59,8397.04,34603300.0,2024-01-03
977,BBCA.JK,Bank Central Asia,8441.95,8509.3,8419.49,8509.3,56501800.0,2024-01-04
978,BBCA.JK,Bank Central Asia,8531.75,8621.56,8509.3,8599.11,85290100.0,2024-01-05
979,BBCA.JK,Bank Central Asia,8621.56,8644.01,8509.3,8599.11,50896000.0,2024-01-08
980,BBCA.JK,Bank Central Asia,8621.56,8644.02,8599.11,8644.02,59848600.0,2024-01-09
981,BBCA.JK,Bank Central Asia,8666.47,8666.47,8576.66,8576.66,52774900.0,2024-01-10
982,BBCA.JK,Bank Central Asia,8644.01,8666.47,8599.11,8599.11,39381500.0,2024-01-11
983,BBCA.JK,Bank Central Asia,8666.47,8711.37,8621.56,8711.37,68253400.0,2024-01-12
984,BBCA.JK,Bank Central Asia,8756.27,8756.27,8666.47,8733.82,88399500.0,2024-01-15
985,BBCA.JK,Bank Central Asia,8711.37,8756.27,8688.92,8711.37,44869200.0,2024-01-16
986,BBCA.JK,Bank Central Asia,8756.27,8756.27,8666.46,8756.27,107706100.0,2024-01-17
987,BBCA.JK,Bank Central Asia,8688.92,8756.27,8644.01,8688.92,71048900.0,2024-01-18
988,BBCA.JK,Bank Central Asia,8778.73,8778.73,8621.56,8644.02,63176500.0,2024-01-19
989,BBCA.JK,Bank Central Asia,8621.56,8666.47,8554.21,8644.02,52868300.0,2024-01-22
990,BBCA.JK,Bank Central Asia,8486.85,8621.56,8486.85,8621.56,92348600.0,2024-01-23
991,BBCA.JK,Bank Central Asia,8621.56,8621.56,8509.3,8554.21,84906000.0,2024-01-24
992,BBCA.JK,Bank Central Asia,8486.85,8599.11,8486.85,8531.75,63212700.0,2024-01-25
993,BBCA.JK,Bank Central Asia,8441.95,8486.85,8352.14,8397.04,78977300.0,2024-01-26
994,BBCA.JK,Bank Central Asia,8441.95,8576.66,8419.5,8576.66,73452800.0,2024-01-29
995,BBCA.JK,Bank Central Asia,8531.75,8666.47,8509.3,8666.47,73136400.0,2024-01-30
996,BBCA.JK,Bank Central Asia,8711.37,8711.37,8576.66,8576.66,102581200.0,2024-01-31
997,BBCA.JK,Bank Central Asia,8666.47,8733.82,8599.11,8711.37,104208700.0,2024-02-01
998,BBCA.JK,Bank Central Asia,8778.73,8801.18,8644.01,8711.37,99324000.0,2024-02-02
999,BBCA.JK,Bank Central Asia,8688.92,8688.92,8554.21,8599.11,57983300.0,2024-02-05
1000,BBCA.JK,Bank Central Asia,8756.28,8756.28,8644.02,8644.02,87651000.0,2024-02-06
1001,BBCA.JK,Bank Central Asia,8711.37,8733.82,8666.47,8711.37,92953500.0,2024-02-07
1002,BBCA.JK,Bank Central Asia,8756.27,8801.18,8711.37,8801.18,87949400.0,2024-02-12
1003,BBCA.JK,Bank Central Asia,8756.27,8801.18,8711.37,8733.82,66072400.0,2024-02-13
1004,BBCA.JK,Bank Central Asia,8935.89,8958.34,8846.08,8846.08,164748900.0,2024-02-15
1005,BBCA.JK,Bank Central Asia,8958.34,8980.79,8868.53,8935.89,142277200.0,2024-02-16
1006,BBCA.JK,Bank Central Asia,8890.99,8958.34,8823.63,8868.53,53341300.0,2024-02-19
1007,BBCA.JK,Bank Central Asia,8846.08,9003.25,8846.08,9003.25,63997700.0,2024-02-20
1008,BBCA.JK,Bank Central Asia,8935.89,8980.79,8846.08,8958.34,75371600.0,2024-02-21
1009,BBCA.JK,Bank Central Asia,8958.34,8958.34,8868.53,8868.53,66913000.0,2024-02-22
1010,BBCA.JK,Bank Central Asia,8890.98,8913.44,8801.18,8823.63,55192300.0,2024-02-23
1011,BBCA.JK,Bank Central Asia,8756.27,8868.53,8733.82,8801.18,41356000.0,2024-02-26
1012,BBCA.JK,Bank Central Asia,8756.27,8890.99,8756.27,8868.53,43735800.0,2024-02-27
1013,BBCA.JK,Bank Central Asia,8958.34,8980.79,8890.99,8980.79,54043100.0,2024-02-28
1014,BBCA.JK,Bank Central Asia,8980.79,8980.79,8846.08,8868.53,126671200.0,2024-02-29
1015,BBCA.JK,Bank Central Asia,8890.98,8913.44,8801.18,8823.63,51520600.0,2024-03-01
1016,BBCA.JK,Bank Central Asia,8801.18,8823.63,8756.27,8756.27,43822900.0,2024-03-04
1017,BBCA.JK,Bank Central Asia,8890.99,8890.99,8778.73,8801.18,61952900.0,2024-03-05
1018,BBCA.JK,Bank Central Asia,8890.99,8980.79,8778.73,8935.89,70242200.0,2024-03-06
1019,BBCA.JK,Bank Central Asia,9025.7,9137.96,8980.79,9093.05,118369300.0,2024-03-07
1020,BBCA.JK,Bank Central Asia,9205.31,9250.22,9093.05,9115.51,100947200.0,2024-03-08
1021,BBCA.JK,Bank Central Asia,9340.03,9340.03,8980.79,8980.79,141622600.0,2024-03-13
1022,BBCA.JK,Bank Central Asia,9025.7,9272.67,9003.25,9272.67,110681100.0,2024-03-14
1023,BBCA.JK,Bank Central Asia,9160.41,9250.22,9025.7,9115.51,154176800.0,2024-03-15
1024,BBCA.JK,Bank Central Asia,9137.96,9227.77,9115.51,9115.51,62444100.0,2024-03-18
1025,BBCA.JK,Bank Central Asia,9115.51,9205.31,9115.51,9137.96,55004800.0,2024-03-19
1026,BBCA.JK,Bank Central Asia,9070.6,9115.5,9048.15,9093.05,66269700.0,2024-03-20
1027,BBCA.JK,Bank Central Asia,9137.96,9182.86,9025.7,9093.05,90279400.0,2024-03-21
1028,BBCA.JK,Bank Central Asia,8980.79,9093.05,8935.89,9070.6,91968200.0,2024-03-22
1029,BBCA.JK,Bank Central Asia,9256.65,9256.65,9118.84,9256.65,66971000.0,2024-03-25
1030,BBCA.JK,Bank Central Asia,9233.68,9233.68,9141.81,9233.68,65742700.0,2024-03-26
1031,BBCA.JK,Bank Central Asia,9210.72,9256.65,9187.75,9256.65,39514100.0,2024-03-27
1032,BBCA.JK,Bank Central Asia,9210.72,9279.62,9164.78,9256.65,79229700.0,2024-03-28
1033,BBCA.JK,Bank Central Asia,9256.65,9279.62,9026.96,9049.93,79248700.0,2024-04-01
1034,BBCA.JK,Bank Central Asia,9118.84,9141.81,9003.99,9095.87,76763100.0,2024-04-02
1035,BBCA.JK,Bank Central Asia,8958.05,9003.99,8751.33,8751.33,177418400.0,2024-04-03
1036,BBCA.JK,Bank Central Asia,8797.27,9049.93,8797.27,9049.93,75993500.0,2024-04-04
1037,BBCA.JK,Bank Central Asia,9141.81,9141.81,9026.96,9026.96,70428600.0,2024-04-05
1038,BBCA.JK,Bank Central Asia,8590.54,8797.27,8498.66,8705.39,283265900.0,2024-04-16
1039,BBCA.JK,Bank Central Asia,8774.3,8889.14,8751.33,8751.33,95620700.0,2024-04-17
1040,BBCA.JK,Bank Central Asia,8751.33,8797.27,8682.42,8705.39,127134000.0,2024-04-18
1041,BBCA.JK,Bank Central Asia,8590.54,8728.36,8544.6,8705.39,147784300.0,2024-04-19
1042,BBCA.JK,Bank Central Asia,8636.48,8659.45,8590.54,8590.54,128908000.0,2024-04-22
1043,BBCA.JK,Bank Central Asia,8636.48,8981.02,8636.48,8935.08,178833000.0,2024-04-23
1044,BBCA.JK,Bank Central Asia,9026.96,9141.81,8958.05,9141.81,132832700.0,2024-04-24
1045,BBCA.JK,Bank Central Asia,9187.75,9187.75,8912.11,8981.02,104874100.0,2024-04-25
1046,BBCA.JK,Bank Central Asia,8912.11,9026.96,8843.21,8843.21,100932900.0,2024-04-26
1047,BBCA.JK,Bank Central Asia,8751.33,9049.93,8751.33,9003.99,90063500.0,2024-04-29
1048,BBCA.JK,Bank Central Asia,9233.68,9233.68,9003.99,9003.99,109623000.0,2024-04-30
1049,BBCA.JK,Bank Central Asia,9095.87,9095.87,8728.36,8774.3,97079400.0,2024-05-02
1050,BBCA.JK,Bank Central Asia,8958.05,9049.93,8889.15,9049.93,81200400.0,2024-05-03
1051,BBCA.JK,Bank Central Asia,9049.93,9072.9,8981.02,9003.99,53076200.0,2024-05-06
1052,BBCA.JK,Bank Central Asia,8912.11,8958.05,8843.21,8912.11,66746800.0,2024-05-07
1053,BBCA.JK,Bank Central Asia,8820.24,8912.11,8613.51,8613.51,112808900.0,2024-05-08
1054,BBCA.JK,Bank Central Asia,8452.73,8751.33,8452.73,8751.33,145469900.0,2024-05-13
1055,BBCA.JK,Bank Central Asia,8843.21,8889.14,8751.33,8774.3,95363500.0,2024-05-14
1056,BBCA.JK,Bank Central Asia,8728.36,8820.24,8659.45,8728.36,54741900.0,2024-05-15
1057,BBCA.JK,Bank Central Asia,8797.27,8889.14,8751.33,8820.24,61126000.0,2024-05-16
1058,BBCA.JK,Bank Central Asia,8820.24,9049.93,8797.27,8958.05,99848500.0,2024-05-17
1059,BBCA.JK,Bank Central Asia,8912.11,9003.99,8705.39,8705.39,87890100.0,2024-05-20
1060,BBCA.JK,Bank Central Asia,8682.42,8797.27,8613.51,8613.51,75311400.0,2024-05-21
1061,BBCA.JK,Bank Central Asia,8705.39,8797.27,8567.57,8659.45,121712700.0,2024-05-22
1062,BBCA.JK,Bank Central Asia,8544.6,8613.51,8521.63,8544.6,128578500.0,2024-05-27
1063,BBCA.JK,Bank Central Asia,8544.6,8636.48,8544.6,8544.6,73945700.0,2024-05-28
1064,BBCA.JK,Bank Central Asia,8521.63,8567.57,8406.79,8406.79,117351600.0,2024-05-29
1065,BBCA.JK,Bank Central Asia,8268.97,8498.66,8062.25,8268.97,207115100.0,2024-05-30
1066,BBCA.JK,Bank Central Asia,8360.85,8498.67,8291.94,8498.67,756431600.0,2024-05-31
1067,BBCA.JK,Bank Central Asia,8590.54,8590.54,8475.7,8521.63,72197700.0,2024-06-03
1068,BBCA.JK,Bank Central Asia,8751.33,8751.33,8590.54,8590.54,75353100.0,2024-06-04
1069,BBCA.JK,Bank Central Asia,8728.36,8728.36,8544.6,8682.42,82087300.0,2024-06-05
1070,BBCA.JK,Bank Central Asia,8751.33,8751.33,8682.42,8705.39,44991300.0,2024-06-06
1071,BBCA.JK,Bank Central Asia,8728.36,8728.36,8567.57,8567.57,51599800.0,2024-06-07
1072,BBCA.JK,Bank Central Asia,8728.36,8751.33,8682.42,8751.33,45584700.0,2024-06-10
1073,BBCA.JK,Bank Central Asia,8774.3,8774.3,8544.6,8544.6,68690900.0,2024-06-11
1074,BBCA.JK,Bank Central Asia,8544.6,8567.57,8498.67,8498.67,49785700.0,2024-06-12
1075,BBCA.JK,Bank Central Asia,8705.39,8705.39,8452.73,8452.73,84652200.0,2024-06-13
1076,BBCA.JK,Bank Central Asia,8452.73,8498.67,8360.85,8452.73,52986300.0,2024-06-14
1077,BBCA.JK,Bank Central Asia,8498.67,8498.67,8314.91,8314.91,100051000.0,2024-06-19
1078,BBCA.JK,Bank Central Asia,8406.79,8659.45,8360.85,8659.45,81474800.0,2024-06-20
1079,BBCA.JK,Bank Central Asia,8705.39,8889.14,8636.48,8820.24,166841200.0,2024-06-21
1080,BBCA.JK,Bank Central Asia,8820.24,8958.05,8797.27,8820.24,79592300.0,2024-06-24
1081,BBCA.JK,Bank Central Asia,8820.24,8820.24,8682.42,8820.24,80029000.0,2024-06-25
1082,BBCA.JK,Bank Central Asia,8751.33,8866.17,8682.42,8728.36,77913200.0,2024-06-26
1083,BBCA.JK,Bank Central Asia,8797.27,8958.05,8774.3,8958.05,89150700.0,2024-06-27
1084,BBCA.JK,Bank Central Asia,9003.99,9164.78,8981.02,9118.84,166172300.0,2024-06-28
1085,BBCA.JK,Bank Central Asia,9049.93,9095.87,9026.96,9072.9,68634600.0,2024-07-01
1086,BBCA.JK,Bank Central Asia,9187.75,9187.75,9049.93,9095.87,78848500.0,2024-07-02
1087,BBCA.JK,Bank Central Asia,9164.78,9187.75,9118.84,9187.75,55860200.0,2024-07-03
1088,BBCA.JK,Bank Central Asia,9164.78,9187.75,9026.96,9026.96,67054000.0,2024-07-04
1089,BBCA.JK,Bank Central Asia,9118.84,9164.78,9072.9,9141.81,36946900.0,2024-07-05
1090,BBCA.JK,Bank Central Asia,9187.74,9233.68,9141.81,9233.68,72903600.0,2024-07-08
1091,BBCA.JK,Bank Central Asia,9279.62,9325.56,9256.65,9256.65,61853200.0,2024-07-09
1092,BBCA.JK,Bank Central Asia,9348.53,9394.47,9233.68,9279.62,62325900.0,2024-07-10
1093,BBCA.JK,Bank Central Asia,9187.75,9302.59,9187.75,9256.65,55908400.0,2024-07-11
1094,BBCA.JK,Bank Central Asia,9233.68,9279.62,9210.72,9256.65,62646500.0,2024-07-12
1095,BBCA.JK,Bank Central Asia,9233.68,9256.65,9141.81,9233.68,36682600.0,2024-07-15
1096,BBCA.JK,Bank Central Asia,9164.78,9210.71,9141.81,9141.81,37192700.0,2024-07-16
1097,BBCA.JK,Bank Central Asia,9095.87,9141.81,9003.99,9003.99,90666000.0,2024-07-17
1098,BBCA.JK,Bank Central Asia,9003.99,9279.62,9003.99,9279.62,65383200.0,2024-07-18
1099,BBCA.JK,Bank Central Asia,9233.68,9302.59,9164.78,9302.59,53880300.0,2024-07-19
1100,BBCA.JK,Bank Central Asia,9302.59,9325.56,9279.62,9279.62,31285300.0,2024-07-22
1101,BBCA.JK,Bank Central Asia,9371.5,9371.5,9302.59,9348.53,39321100.0,2024-07-23
1102,BBCA.JK,Bank Central Asia,9302.59,9348.53,9256.65,9256.65,24658000.0,2024-07-24
1103,BBCA.JK,Bank Central Asia,9394.47,9463.38,9371.5,9463.38,98088100.0,2024-07-25
1104,BBCA.JK,Bank Central Asia,9532.29,9555.26,9463.38,9486.35,75565800.0,2024-07-26
1105,BBCA.JK,Bank Central Asia,9555.26,9578.23,9348.53,9417.44,69092500.0,2024-07-29
1106,BBCA.JK,Bank Central Asia,9463.38,9463.38,9348.53,9348.53,32122900.0,2024-07-30
1107,BBCA.JK,Bank Central Asia,9509.32,9509.32,9394.47,9440.41,82519900.0,2024-07-31
1108,BBCA.JK,Bank Central Asia,9371.5,9532.29,9371.5,9532.29,61176200.0,2024-08-01
1109,BBCA.JK,Bank Central Asia,9440.41,9509.32,9371.5,9371.5,55699900.0,2024-08-02
1110,BBCA.JK,Bank Central Asia,9187.75,9325.56,9072.9,9072.9,126328300.0,2024-08-05
1111,BBCA.JK,Bank Central Asia,9256.65,9256.65,9141.81,9187.75,78473900.0,2024-08-06
1112,BBCA.JK,Bank Central Asia,9187.75,9279.62,9187.75,9279.62,52327400.0,2024-08-07
1113,BBCA.JK,Bank Central Asia,9325.56,9394.47,9256.65,9394.47,54162100.0,2024-08-08
1114,BBCA.JK,Bank Central Asia,9394.47,9417.44,9279.62,9325.56,47062400.0,2024-08-09
1115,BBCA.JK,Bank Central Asia,9279.62,9371.5,9256.65,9371.5,40364100.0,2024-08-12
1116,BBCA.JK,Bank Central Asia,9417.44,9463.38,9348.53,9463.38,55207100.0,2024-08-13
1117,BBCA.JK,Bank Central Asia,9463.38,9463.38,9371.5,9371.5,47999100.0,2024-08-14
1118,BBCA.JK,Bank Central Asia,9371.5,9463.38,9348.53,9394.47,33396600.0,2024-08-15
1119,BBCA.JK,Bank Central Asia,9463.38,9486.35,9417.44,9486.35,40731400.0,2024-08-16
1120,BBCA.JK,Bank Central Asia,9486.35,9578.22,9440.41,9532.29,51054400.0,2024-08-19
1121,BBCA.JK,Bank Central Asia,9486.35,9601.19,9463.38,9578.22,60304400.0,2024-08-20
1122,BBCA.JK,Bank Central Asia,9647.13,9647.13,9578.22,9578.22,84848800.0,2024-08-21
1123,BBCA.JK,Bank Central Asia,9509.32,9555.26,9394.47,9486.35,56611600.0,2024-08-22
1124,BBCA.JK,Bank Central Asia,9486.35,9532.29,9463.38,9486.35,46651600.0,2024-08-23
1125,BBCA.JK,Bank Central Asia,9440.41,9532.29,9417.44,9486.35,35145600.0,2024-08-26
1126,BBCA.JK,Bank Central Asia,9440.41,9463.38,9348.53,9371.5,60448400.0,2024-08-27
1127,BBCA.JK,Bank Central Asia,9463.38,9509.32,9417.44,9509.32,38489900.0,2024-08-28
1128,BBCA.JK,Bank Central Asia,9647.13,9647.13,9394.47,9394.47,53004700.0,2024-08-29
1129,BBCA.JK,Bank Central Asia,9486.35,9486.35,9371.5,9486.35,158403700.0,2024-08-30
1130,BBCA.JK,Bank Central Asia,9532.29,9532.29,9371.5,9440.41,72008600.0,2024-09-02
1131,BBCA.JK,Bank Central Asia,9486.35,9486.35,9325.56,9348.53,50950200.0,2024-09-03
1132,BBCA.JK,Bank Central Asia,9325.56,9463.38,9302.59,9463.38,44817000.0,2024-09-04
1133,BBCA.JK,Bank Central Asia,9509.32,9509.32,9417.44,9417.44,39332900.0,2024-09-05
1134,BBCA.JK,Bank Central Asia,9394.47,9463.38,9394.47,9463.38,31541800.0,2024-09-06
1135,BBCA.JK,Bank Central Asia,9463.38,9509.32,9371.5,9440.41,36185100.0,2024-09-09
1136,BBCA.JK,Bank Central Asia,9509.32,9509.32,9440.41,9509.32,55093100.0,2024-09-10
1137,BBCA.JK,Bank Central Asia,9578.22,9578.22,9509.32,9578.22,64621300.0,2024-09-11
1138,BBCA.JK,Bank Central Asia,9601.19,9647.13,9532.29,9624.16,70759100.0,2024-09-12
1139,BBCA.JK,Bank Central Asia,9555.26,9578.22,9486.35,9578.22,70057100.0,2024-09-13
1140,BBCA.JK,Bank Central Asia,9601.19,9647.13,9509.32,9647.13,89745000.0,2024-09-17
1141,BBCA.JK,Bank Central Asia,9647.13,9761.98,9601.19,9761.98,65420200.0,2024-09-18
1142,BBCA.JK,Bank Central Asia,9830.89,10014.64,9784.95,10014.64,140886600.0,2024-09-19
1143,BBCA.JK,Bank Central Asia,10014.64,10014.64,9899.8,9899.8,142194600.0,2024-09-20
1144,BBCA.JK,Bank Central Asia,9853.86,10060.58,9853.86,10060.58,72553800.0,2024-09-23
1145,BBCA.JK,Bank Central Asia,9899.8,10060.58,9899.8,9922.77,105191100.0,2024-09-24
1146,BBCA.JK,Bank Central Asia,9807.92,9968.7,9670.1,9968.7,158369100.0,2024-09-25
1147,BBCA.JK,Bank Central Asia,9991.67,9991.67,9807.92,9830.89,84960100.0,2024-09-26
1148,BBCA.JK,Bank Central Asia,9647.13,9876.83,9555.26,9784.95,93027400.0,2024-09-27
1149,BBCA.JK,Bank Central Asia,9624.16,9693.07,9486.35,9486.35,144692100.0,2024-09-30
1150,BBCA.JK,Bank Central Asia,9555.26,9693.07,9532.29,9693.07,59797700.0,2024-10-01
1151,BBCA.JK,Bank Central Asia,9486.35,9693.07,9486.35,9647.13,86746200.0,2024-10-02
1152,BBCA.JK,Bank Central Asia,9601.19,9670.1,9555.26,9601.19,60887000.0,2024-10-03
1153,BBCA.JK,Bank Central Asia,9555.26,9624.16,9509.32,9624.16,58500400.0,2024-10-04
1154,BBCA.JK,Bank Central Asia,9509.32,9532.29,9417.44,9463.38,91867900.0,2024-10-07
1155,BBCA.JK,Bank Central Asia,9371.5,9647.13,9325.56,9555.26,99622900.0,2024-10-08
1156,BBCA.JK,Bank Central Asia,9555.26,9670.1,9555.26,9578.22,56835200.0,2024-10-09
1157,BBCA.JK,Bank Central Asia,9578.22,9647.13,9555.26,9647.13,51080000.0,2024-10-10
1158,BBCA.JK,Bank Central Asia,9716.04,9716.04,9532.29,9532.29,44632100.0,2024-10-11
1159,BBCA.JK,Bank Central Asia,9532.29,9647.13,9532.29,9647.13,31738600.0,2024-10-14
1160,BBCA.JK,Bank Central Asia,9693.07,9761.98,9601.19,9761.98,66635200.0,2024-10-15
1161,BBCA.JK,Bank Central Asia,9830.89,9853.86,9624.16,9624.16,63255900.0,2024-10-16
1162,BBCA.JK,Bank Central Asia,9693.07,9922.76,9647.13,9853.86,66993300.0,2024-10-17
1163,BBCA.JK,Bank Central Asia,9991.67,9991.67,9853.86,9876.83,56299600.0,2024-10-18
1164,BBCA.JK,Bank Central Asia,9968.7,9968.7,9807.92,9807.92,36472500.0,2024-10-21
1165,BBCA.JK,Bank Central Asia,9624.16,9739.01,9624.16,9647.13,94799500.0,2024-10-22
1166,BBCA.JK,Bank Central Asia,9624.16,9784.95,9624.16,9784.95,48903000.0,2024-10-23
1167,BBCA.JK,Bank Central Asia,9853.86,9968.7,9830.89,9830.89,85341200.0,2024-10-24
1168,BBCA.JK,Bank Central Asia,9784.95,9876.83,9761.98,9876.83,34847500.0,2024-10-25
1169,BBCA.JK,Bank Central Asia,9945.74,9945.74,9739.01,9739.01,39061500.0,2024-10-28
1170,BBCA.JK,Bank Central Asia,9670.1,9716.04,9647.13,9647.13,49680100.0,2024-10-29
1171,BBCA.JK,Bank Central Asia,9440.41,9555.26,9440.41,9509.32,114484100.0,2024-10-30
1172,BBCA.JK,Bank Central Asia,9486.35,9624.16,9417.44,9417.44,97553400.0,2024-10-31
1173,BBCA.JK,Bank Central Asia,9440.41,9578.22,9440.41,9578.22,47710000.0,2024-11-01
1174,BBCA.JK,Bank Central Asia,9578.22,9647.13,9463.38,9532.29,49275700.0,2024-11-04
1175,BBCA.JK,Bank Central Asia,9463.38,9716.04,9463.38,9647.13,50296500.0,2024-11-05
1176,BBCA.JK,Bank Central Asia,9624.16,9647.13,9532.29,9601.19,50324900.0,2024-11-06
1177,BBCA.JK,Bank Central Asia,9486.35,9601.2,9348.53,9348.53,131579100.0,2024-11-07
1178,BBCA.JK,Bank Central Asia,9371.5,9394.47,9233.68,9256.65,92166100.0,2024-11-08
1179,BBCA.JK,Bank Central Asia,9003.99,9233.68,9003.99,9233.68,128707600.0,2024-11-11
1180,BBCA.JK,Bank Central Asia,9279.62,9394.47,9187.75,9325.56,80378500.0,2024-11-12
1181,BBCA.JK,Bank Central Asia,9394.47,9417.44,9325.56,9325.56,62933100.0,2024-11-13
1182,BBCA.JK,Bank Central Asia,9302.59,9348.53,9233.68,9279.62,56381400.0,2024-11-14
1183,BBCA.JK,Bank Central Asia,9233.69,9440.41,9233.69,9348.53,63598200.0,2024-11-15
1184,BBCA.JK,Bank Central Asia,9256.65,9302.59,9187.75,9187.75,65716200.0,2024-11-18
1185,BBCA.JK,Bank Central Asia,9095.87,9210.72,9095.87,9118.84,85295300.0,2024-11-19
1186,BBCA.JK,Bank Central Asia,9210.72,9325.56,9187.75,9256.65,58584400.0,2024-11-20
1187,BBCA.JK,Bank Central Asia,9233.57,9233.57,9095.07,9095.07,93181200.0,2024-11-21
1188,BBCA.JK,Bank Central Asia,9164.32,9187.4,9095.07,9095.07,58396100.0,2024-11-22
1189,BBCA.JK,Bank Central Asia,9187.4,9418.24,9141.24,9395.16,165369400.0,2024-11-25
1190,BBCA.JK,Bank Central Asia,9464.41,9464.41,9233.57,9233.57,62310100.0,2024-11-26
1191,BBCA.JK,Bank Central Asia,9210.49,9302.82,9164.32,9233.57,57443500.0,2024-11-28
1192,BBCA.JK,Bank Central Asia,9233.57,9325.91,9187.4,9233.57,76886000.0,2024-11-29
1193,BBCA.JK,Bank Central Asia,9233.57,9279.74,9002.73,9002.73,87879600.0,2024-12-02
1194,BBCA.JK,Bank Central Asia,9256.65,9441.33,9141.23,9418.24,126087100.0,2024-12-03
1195,BBCA.JK,Bank Central Asia,9395.16,9464.41,9279.74,9418.24,97876300.0,2024-12-04
1196,BBCA.JK,Bank Central Asia,9464.41,9556.75,9441.33,9464.41,96904400.0,2024-12-05
1197,BBCA.JK,Bank Central Asia,9325.91,9395.16,9279.74,9302.82,68247200.0,2024-12-06
1198,BBCA.JK,Bank Central Asia,9256.65,9556.75,9233.57,9556.75,64458400.0,2024-12-09
1199,BBCA.JK,Bank Central Asia,9533.66,9556.75,9487.49,9556.75,61230400.0,2024-12-10
1200,BBCA.JK,Bank Central Asia,9441.32,9626.0,9441.32,9626.0,37934300.0,2024-12-11
1201,BBCA.JK,Bank Central Asia,9510.58,9579.83,9395.16,9395.16,44780100.0,2024-12-12
1202,BBCA.JK,Bank Central Asia,9348.99,9441.32,9256.65,9279.74,75126400.0,2024-12-13
1203,BBCA.JK,Bank Central Asia,9233.57,9348.99,9233.57,9325.91,57746100.0,2024-12-16
1204,BBCA.JK,Bank Central Asia,9187.4,9279.74,9141.23,9141.23,99845900.0,2024-12-17
1205,BBCA.JK,Bank Central Asia,9141.23,9256.65,9048.9,9048.9,84868500.0,2024-12-18
1206,BBCA.JK,Bank Central Asia,8956.56,9025.81,8818.06,8933.48,104254100.0,2024-12-19
1207,BBCA.JK,Bank Central Asia,8910.39,9002.73,8887.31,8910.39,91576900.0,2024-12-20
1208,BBCA.JK,Bank Central Asia,8956.56,9095.07,8956.56,9025.82,43292100.0,2024-12-23
1209,BBCA.JK,Bank Central Asia,9095.07,9141.23,9002.73,9002.73,32415700.0,2024-12-24
1210,BBCA.JK,Bank Central Asia,9048.9,9071.98,8979.65,9048.9,24016700.0,2024-12-27
1211,BBCA.JK,Bank Central Asia,9048.9,9071.98,8933.48,8933.48,56350100.0,2024-12-30
1212,BBCA.JK,Bank Central Asia,8910.4,9141.23,8910.4,9141.23,38124800.0,2025-01-02
1213,BBCA.JK,Bank Central Asia,9095.07,9164.32,9071.98,9095.07,41916000.0,2025-01-03
1214,BBCA.JK,Bank Central Asia,9095.07,9118.15,8910.39,8933.48,41593900.0,2025-01-06
1215,BBCA.JK,Bank Central Asia,8933.48,8979.65,8794.98,8794.98,71318600.0,2025-01-07
1216,BBCA.JK,Bank Central Asia,8933.48,9025.81,8841.14,8933.48,55943100.0,2025-01-08
1217,BBCA.JK,Bank Central Asia,9002.73,9118.15,8979.65,9095.07,42733800.0,2025-01-09
1218,BBCA.JK,Bank Central Asia,9048.9,9164.32,8979.65,8979.65,72531300.0,2025-01-10
1219,BBCA.JK,Bank Central Asia,8887.31,8979.65,8887.31,8933.48,88270100.0,2025-01-13
1220,BBCA.JK,Bank Central Asia,8864.23,8979.65,8794.98,8794.98,70942600.0,2025-01-14
1221,BBCA.JK,Bank Central Asia,8841.14,9048.9,8818.06,9048.9,77098000.0,2025-01-15
1222,BBCA.JK,Bank Central Asia,9095.07,9164.32,9002.73,9002.73,76979000.0,2025-01-16
1223,BBCA.JK,Bank Central Asia,9002.73,9141.23,8910.4,9141.23,71033100.0,2025-01-17
1224,BBCA.JK,Bank Central Asia,9095.07,9118.15,8887.31,8887.31,112111200.0,2025-01-20
1225,BBCA.JK,Bank Central Asia,8864.23,8933.48,8818.06,8841.14,124547900.0,2025-01-21
1226,BBCA.JK,Bank Central Asia,8910.4,8933.48,8841.14,8864.23,90154800.0,2025-01-22
1227,BBCA.JK,Bank Central Asia,8864.23,9002.73,8864.23,8864.23,120515400.0,2025-01-23
1228,BBCA.JK,Bank Central Asia,8887.31,8910.39,8633.39,8633.39,152057000.0,2025-01-24
1229,BBCA.JK,Bank Central Asia,8448.72,8564.14,8448.72,8448.72,154645800.0,2025-01-30
1230,BBCA.JK,Bank Central Asia,8541.05,8771.89,8517.97,8725.72,112982800.0,2025-01-31
1231,BBCA.JK,Bank Central Asia,8679.56,8679.56,8517.97,8633.39,90439900.0,2025-02-03
1232,BBCA.JK,Bank Central Asia,8633.39,8679.56,8471.8,8471.8,94607700.0,2025-02-04
1233,BBCA.JK,Bank Central Asia,8402.55,8471.8,8402.55,8425.63,98229900.0,2025-02-05
1234,BBCA.JK,Bank Central Asia,8379.46,8402.55,8171.71,8264.04,171477800.0,2025-02-06
1235,BBCA.JK,Bank Central Asia,8264.04,8633.39,8148.63,8633.39,131162200.0,2025-02-07
1236,BBCA.JK,Bank Central Asia,8333.3,8541.05,8333.3,8448.72,76209100.0,2025-02-10
1237,BBCA.JK,Bank Central Asia,8333.3,8402.55,8310.21,8379.46,71188300.0,2025-02-11
1238,BBCA.JK,Bank Central Asia,8264.05,8448.72,8264.05,8448.72,121172600.0,2025-02-12
1239,BBCA.JK,Bank Central Asia,8402.55,8448.72,8310.21,8310.21,90439700.0,2025-02-13
1240,BBCA.JK,Bank Central Asia,8310.21,8379.46,8264.04,8287.13,116274500.0,2025-02-14
1241,BBCA.JK,Bank Central Asia,8287.13,8610.3,8287.13,8610.3,89096400.0,2025-02-17
1242,BBCA.JK,Bank Central Asia,8610.3,8841.14,8541.05,8587.22,107318300.0,2025-02-18
1243,BBCA.JK,Bank Central Asia,8517.97,8541.05,8264.04,8264.04,154438200.0,2025-02-19
1244,BBCA.JK,Bank Central Asia,8287.13,8333.3,8264.05,8310.21,119260800.0,2025-02-20
1245,BBCA.JK,Bank Central Asia,8264.05,8310.21,8240.96,8310.21,106054700.0,2025-02-21
1246,BBCA.JK,Bank Central Asia,8240.96,8287.13,8194.79,8240.96,108530300.0,2025-02-24
1247,BBCA.JK,Bank Central Asia,8217.88,8310.21,8148.63,8148.63,101592700.0,2025-02-25
1248,BBCA.JK,Bank Central Asia,8125.54,8217.88,8056.29,8102.46,117843500.0,2025-02-26
1249,BBCA.JK,Bank Central Asia,8125.54,8125.54,7848.53,7871.62,199991600.0,2025-02-27
1250,BBCA.JK,Bank Central Asia,7871.62,8010.12,7779.28,7779.28,293095000.0,2025-02-28
1251,BBCA.JK,Bank Central Asia,7940.87,8217.88,7894.7,8125.54,192944300.0,2025-03-03
1252,BBCA.JK,Bank Central Asia,8217.88,8240.96,8010.12,8171.71,125418500.0,2025-03-04
1253,BBCA.JK,Bank Central Asia,8148.63,8471.8,8148.63,8310.21,155207900.0,2025-03-05
1254,BBCA.JK,Bank Central Asia,8494.88,8494.88,8287.13,8287.13,96270100.0,2025-03-06
1255,BBCA.JK,Bank Central Asia,8310.21,8310.21,8240.96,8240.96,82295300.0,2025-03-07
1256,BBCA.JK,Bank Central Asia,8079.37,8287.13,8056.29,8240.96,97652100.0,2025-03-10
1257,BBCA.JK,Bank Central Asia,8264.04,8356.38,8194.79,8240.96,109295600.0,2025-03-11
1258,BBCA.JK,Bank Central Asia,8333.3,8425.63,8287.13,8425.63,87968900.0,2025-03-12
1259,BBCA.JK,Bank Central Asia,8448.72,8471.8,8287.13,8287.13,83030700.0,2025-03-13
1260,BBCA.JK,Bank Central Asia,8125.54,8240.96,8079.37,8079.37,111397800.0,2025-03-14
1261,BBCA.JK,Bank Central Asia,8079.37,8102.46,7894.7,7940.87,151365700.0,2025-03-17
1262,BBCA.JK,Bank Central Asia,7848.53,7894.7,7456.11,7663.86,417305700.0,2025-03-18
1263,BBCA.JK,Bank Central Asia,7663.86,7756.2,7594.61,7686.95,214108200.0,2025-03-19
1264,BBCA.JK,Bank Central Asia,7802.37,7825.45,7710.03,7733.11,152917300.0,2025-03-20
1265,BBCA.JK,Bank Central Asia,7875.88,7875.88,7518.97,7518.97,377916400.0,2025-03-21
1266,BBCA.JK,Bank Central Asia,7447.58,7709.32,7257.23,7566.56,331836800.0,2025-03-24
1267,BBCA.JK,Bank Central Asia,7685.53,7756.91,7614.14,7661.73,136341700.0,2025-03-25
1268,BBCA.JK,Bank Central Asia,7899.67,8232.79,7875.88,8113.82,283104600.0,2025-03-26
1269,BBCA.JK,Bank Central Asia,8018.65,8161.41,7971.06,8090.03,122943900.0,2025-03-27
1270,BBCA.JK,Bank Central Asia,7043.08,7614.14,6924.11,7400.0,533073600.0,2025-04-08
1271,BBCA.JK,Bank Central Asia,7328.61,7566.56,7304.82,7542.76,136753900.0,2025-04-09
1272,BBCA.JK,Bank Central Asia,8090.03,8232.79,7780.7,7828.29,144148600.0,2025-04-10
1273,BBCA.JK,Bank Central Asia,7804.5,7923.47,7661.73,7875.88,82603000.0,2025-04-11
1274,BBCA.JK,Bank Central Asia,7852.09,7994.85,7852.09,7994.85,83319300.0,2025-04-14
1275,BBCA.JK,Bank Central Asia,8161.41,8185.2,8042.44,8161.41,83431800.0,2025-04-15
1276,BBCA.JK,Bank Central Asia,8090.03,8137.62,8018.65,8066.23,76874900.0,2025-04-16
1277,BBCA.JK,Bank Central Asia,8042.44,8090.03,7947.26,8090.03,83540600.0,2025-04-17
1278,BBCA.JK,Bank Central Asia,8090.03,8090.03,7899.67,7899.67,40683800.0,2025-04-21
1279,BBCA.JK,Bank Central Asia,7923.47,8090.03,7923.47,8090.03,56537100.0,2025-04-22
1280,BBCA.JK,Bank Central Asia,8137.62,8304.18,8137.62,8304.18,92329600.0,2025-04-23
1281,BBCA.JK,Bank Central Asia,8423.15,8423.15,8066.23,8066.23,143675300.0,2025-04-24
1282,BBCA.JK,Bank Central Asia,8232.79,8232.79,8161.41,8185.2,58297000.0,2025-04-25
1283,BBCA.JK,Bank Central Asia,8327.97,8351.76,8232.79,8351.76,73235400.0,2025-04-28
1284,BBCA.JK,Bank Central Asia,8375.56,8399.35,8280.38,8304.18,60315700.0,2025-04-29
1285,BBCA.JK,Bank Central Asia,8375.56,8494.53,8256.59,8399.35,164597500.0,2025-04-30
1286,BBCA.JK,Bank Central Asia,8565.91,8565.91,8423.15,8542.12,92219000.0,2025-05-02
1287,BBCA.JK,Bank Central Asia,8565.91,8613.5,8542.12,8542.12,86385600.0,2025-05-05
1288,BBCA.JK,Bank Central Asia,8613.5,8613.5,8542.12,8589.71,48860500.0,2025-05-06
1289,BBCA.JK,Bank Central Asia,8637.29,8661.09,8565.91,8637.29,77382000.0,2025-05-07
1290,BBCA.JK,Bank Central Asia,8637.29,8756.26,8494.53,8542.12,99614500.0,2025-05-08
1291,BBCA.JK,Bank Central Asia,8613.5,8613.5,8542.12,8565.91,47167500.0,2025-05-09
1292,BBCA.JK,Bank Central Asia,8803.85,8851.44,8708.68,8827.65,149002900.0,2025-05-14
1293,BBCA.JK,Bank Central Asia,8827.65,8946.62,8803.85,8827.65,101401300.0,2025-05-15
1294,BBCA.JK,Bank Central Asia,8851.44,8875.24,8780.06,8851.44,63007500.0,2025-05-16
1295,BBCA.JK,Bank Central Asia,8827.65,9041.8,8803.85,9041.8,111597200.0,2025-05-19
1296,BBCA.JK,Bank Central Asia,9041.8,9208.36,9018.0,9018.0,160614800.0,2025-05-20
1297,BBCA.JK,Bank Central Asia,9232.15,9255.94,9089.38,9232.15,169739200.0,2025-05-21
1298,BBCA.JK,Bank Central Asia,9327.33,9327.33,9184.56,9184.56,103113000.0,2025-05-22
1299,BBCA.JK,Bank Central Asia,9208.35,9232.15,9160.77,9208.35,48521800.0,2025-05-23
1300,BBCA.JK,Bank Central Asia,9136.97,9184.56,9041.8,9160.77,56625300.0,2025-05-26
1301,BBCA.JK,Bank Central Asia,9089.38,9136.97,8994.21,8994.21,93212000.0,2025-05-27
1302,BBCA.JK,Bank Central Asia,8994.21,9089.38,8946.62,8946.62,236950800.0,2025-05-28
1303,BBCA.JK,Bank Central Asia,8589.71,8732.47,8589.71,8661.09,264428700.0,2025-06-02
1304,BBCA.JK,Bank Central Asia,8613.5,8684.88,8518.32,8613.5,128318100.0,2025-06-03
1305,BBCA.JK,Bank Central Asia,8661.09,8684.88,8518.32,8542.12,93357200.0,2025-06-04
1306,BBCA.JK,Bank Central Asia,8565.91,8613.5,8470.73,8494.53,95529000.0,2025-06-05
1307,BBCA.JK,Bank Central Asia,8542.12,8661.09,8518.32,8661.09,80406400.0,2025-06-10
1308,BBCA.JK,Bank Central Asia,8661.09,8684.88,8613.5,8613.5,56632600.0,2025-06-11
1309,BBCA.JK,Bank Central Asia,8565.91,8684.88,8565.91,8684.88,41337300.0,2025-06-12
1310,BBCA.JK,Bank Central Asia,8661.09,8684.88,8542.12,8589.71,83318000.0,2025-06-13
1311,BBCA.JK,Bank Central Asia,8494.53,8565.91,8470.73,8494.53,57825000.0,2025-06-16
1312,BBCA.JK,Bank Central Asia,8542.12,8661.09,8542.12,8637.29,54927900.0,2025-06-17
1313,BBCA.JK,Bank Central Asia,8518.32,8589.71,8470.74,8470.74,86270200.0,2025-06-18
1314,BBCA.JK,Bank Central Asia,8470.73,8494.53,8327.97,8351.76,78879500.0,2025-06-19
1315,BBCA.JK,Bank Central Asia,8280.38,8446.94,8209.0,8280.38,445915100.0,2025-06-20
1316,BBCA.JK,Bank Central Asia,8161.41,8280.38,8090.03,8209.0,87324500.0,2025-06-23
1317,BBCA.JK,Bank Central Asia,8304.18,8423.15,8280.38,8351.76,110158900.0,2025-06-24
1318,BBCA.JK,Bank Central Asia,8304.18,8351.76,8066.23,8185.2,117561000.0,2025-06-25
1319,BBCA.JK,Bank Central Asia,8113.82,8232.79,8113.82,8232.79,117281700.0,2025-06-26
1320,BBCA.JK,Bank Central Asia,8161.41,8399.35,8137.62,8256.59,185441800.0,2025-06-30
1321,BBCA.JK,Bank Central Asia,8327.97,8351.76,8185.21,8280.38,82364500.0,2025-07-01
1322,BBCA.JK,Bank Central Asia,8161.41,8256.59,8161.41,8256.59,68545100.0,2025-07-02
1323,BBCA.JK,Bank Central Asia,8280.38,8327.97,8185.2,8185.2,50370800.0,2025-07-03
1324,BBCA.JK,Bank Central Asia,8232.79,8280.38,8137.62,8232.79,43593300.0,2025-07-04
1325,BBCA.JK,Bank Central Asia,8209.0,8232.79,8137.62,8209.0,49936900.0,2025-07-07
1326,BBCA.JK,Bank Central Asia,8137.62,8185.2,8018.65,8090.03,215611000.0,2025-07-08
1327,BBCA.JK,Bank Central Asia,8090.03,8137.62,8042.44,8090.03,94459300.0,2025-07-09
1328,BBCA.JK,Bank Central Asia,8113.82,8232.79,8090.03,8185.2,111769400.0,2025-07-10
1329,BBCA.JK,Bank Central Asia,8161.41,8256.59,8161.41,8209.0,135986500.0,2025-07-11
1330,BBCA.JK,Bank Central Asia,8232.79,8256.59,8042.44,8113.82,125196000.0,2025-07-14
1331,BBCA.JK,Bank Central Asia,8185.2,8185.2,8066.23,8137.62,77219300.0,2025-07-15
1332,BBCA.JK,Bank Central Asia,8137.62,8185.2,8090.03,8113.82,97475300.0,2025-07-16
1333,BBCA.JK,Bank Central Asia,8090.03,8137.62,8090.03,8113.82,86016400.0,2025-07-17
1334,BBCA.JK,Bank Central Asia,8137.62,8161.41,8018.65,8018.65,80432200.0,2025-07-18
1335,BBCA.JK,Bank Central Asia,8042.44,8090.03,7971.06,8042.44,95383500.0,2025-07-21
1336,BBCA.JK,Bank Central Asia,8042.44,8066.23,7994.85,7994.85,77981700.0,2025-07-22
1337,BBCA.JK,Bank Central Asia,8042.44,8090.03,7994.85,8018.65,70969500.0,2025-07-23
1338,BBCA.JK,Bank Central Asia,8066.23,8137.62,8042.44,8090.03,138256800.0,2025-07-24
1339,BBCA.JK,Bank Central Asia,8090.03,8113.82,8042.44,8042.44,58682800.0,2025-07-25
1340,BBCA.JK,Bank Central Asia,8209.0,8209.0,8066.23,8090.03,99484300.0,2025-07-28
1341,BBCA.JK,Bank Central Asia,8090.03,8090.03,7971.06,7994.85,104240300.0,2025-07-29
1342,BBCA.JK,Bank Central Asia,8066.23,8066.23,7923.47,7971.06,98098100.0,2025-07-30
1343,BBCA.JK,Bank Central Asia,7947.26,7971.06,7852.09,7875.88,206006300.0,2025-07-31
1344,BBCA.JK,Bank Central Asia,7994.85,8018.64,7899.67,7899.67,86196100.0,2025-08-01
1345,BBCA.JK,Bank Central Asia,7923.47,7947.26,7875.88,7875.88,49054500.0,2025-08-04
1346,BBCA.JK,Bank Central Asia,7947.26,8042.44,7923.47,8018.65,69475900.0,2025-08-05
1347,BBCA.JK,Bank Central Asia,8018.64,8018.64,7899.67,7899.67,56325400.0,2025-08-06
1348,BBCA.JK,Bank Central Asia,7923.47,7947.26,7899.67,7899.67,43621300.0,2025-08-07
1349,BBCA.JK,Bank Central Asia,7923.47,7994.85,7899.67,7899.67,68378700.0,2025-08-08
1350,BBCA.JK,Bank Central Asia,8090.03,8137.62,8018.65,8137.62,128561300.0,2025-08-11
1351,BBCA.JK,Bank Central Asia,8209.0,8446.94,8161.41,8423.15,171015700.0,2025-08-12
1352,BBCA.JK,Bank Central Asia,8542.12,8542.12,8304.17,8494.53,129083900.0,2025-08-13
1353,BBCA.JK,Bank Central Asia,8494.53,8518.32,8327.97,8351.76,122930900.0,2025-08-14
1354,BBCA.JK,Bank Central Asia,8399.35,8423.15,8280.38,8280.38,68754200.0,2025-08-15
1355,BBCA.JK,Bank Central Asia,8185.2,8185.2,8042.44,8090.03,128591700.0,2025-08-19
1356,BBCA.JK,Bank Central Asia,7971.06,8185.2,7947.26,8113.82,202260200.0,2025-08-20
1357,BBCA.JK,Bank Central Asia,8137.62,8161.41,8090.03,8137.62,69470200.0,2025-08-21
1358,BBCA.JK,Bank Central Asia,8161.41,8161.41,8042.44,8042.44,66394100.0,2025-08-22
1359,BBCA.JK,Bank Central Asia,8113.82,8137.62,8066.23,8066.23,64052700.0,2025-08-25
1360,BBCA.JK,Bank Central Asia,8042.44,8066.23,7852.09,7852.09,326794200.0,2025-08-26
1361,BBCA.JK,Bank Central Asia,7852.09,7947.26,7804.5,7899.67,111915700.0,2025-08-27
1362,BBCA.JK,Bank Central Asia,7947.26,7971.06,7875.88,7923.47,81281400.0,2025-08-28
1363,BBCA.JK,Bank Central Asia,7852.09,7875.88,7685.53,7685.53,236499300.0,2025-08-29
1364,BBCA.JK,Bank Central Asia,7281.03,7661.73,7233.44,7614.14,421127500.0,2025-09-01
1365,BBCA.JK,Bank Central Asia,7614.14,7780.7,7614.14,7614.14,155531500.0,2025-09-02
1366,BBCA.JK,Bank Central Asia,7518.97,7614.14,7518.97,7590.35,212372700.0,2025-09-03
1367,BBCA.JK,Bank Central Asia,7590.35,7614.14,7542.76,7614.14,103534800.0,2025-09-04
1368,BBCA.JK,Bank Central Asia,7637.94,7637.94,7328.61,7328.61,321191900.0,2025-09-08
1369,BBCA.JK,Bank Central Asia,7257.23,7352.41,7114.47,7162.05,595368700.0,2025-09-09
1370,BBCA.JK,Bank Central Asia,7185.85,7423.79,7185.85,7423.79,246849600.0,2025-09-10
1371,BBCA.JK,Bank Central Asia,7518.97,7590.35,7471.38,7471.38,235173400.0,2025-09-11
1372,BBCA.JK,Bank Central Asia,7590.35,7590.35,7471.38,7542.76,156084700.0,2025-09-12
1373,BBCA.JK,Bank Central Asia,7614.14,7709.32,7590.35,7637.94,142567700.0,2025-09-15
1374,BBCA.JK,Bank Central Asia,7661.73,7685.53,7518.97,7542.76,129312900.0,2025-09-16
1375,BBCA.JK,Bank Central Asia,7471.38,7518.97,7423.79,7471.38,183725900.0,2025-09-17
1376,BBCA.JK,Bank Central Asia,7471.38,7518.97,7281.03,7328.61,275378700.0,2025-09-18
1377,BBCA.JK,Bank Central Asia,7281.02,7447.58,7281.02,7423.79,149025300.0,2025-09-19
1378,BBCA.JK,Bank Central Asia,7423.79,7447.58,7352.41,7352.41,92588800.0,2025-09-22
1379,BBCA.JK,Bank Central Asia,7376.2,7518.97,7376.2,7495.17,102606200.0,2025-09-23
1380,BBCA.JK,Bank Central Asia,7566.56,7566.56,7352.41,7400.0,150428400.0,2025-09-24
1381,BBCA.JK,Bank Central Asia,7352.41,7400.0,7328.61,7328.61,147986600.0,2025-09-25
1382,BBCA.JK,Bank Central Asia,7209.64,7328.61,7209.64,7257.23,121657700.0,2025-09-26
1383,BBCA.JK,Bank Central Asia,7376.2,7423.79,7328.61,7400.0,116454700.0,2025-09-29
1384,BBCA.JK,Bank Central Asia,7328.61,7400.0,7257.23,7257.23,170666700.0,2025-09-30
1385,BBCA.JK,Bank Central Asia,7233.44,7304.82,7138.26,7138.26,202433400.0,2025-10-01
1386,BBCA.JK,Bank Central Asia,7138.26,7233.44,7138.26,7138.26,126952400.0,2025-10-02
1387,BBCA.JK,Bank Central Asia,7162.05,7185.85,7138.26,7162.05,76787500.0,2025-10-03
1388,BBCA.JK,Bank Central Asia,7138.26,7185.85,7090.67,7138.26,104032400.0,2025-10-06
1389,BBCA.JK,Bank Central Asia,7185.85,7233.44,7138.26,7209.64,74282600.0,2025-10-07
1390,BBCA.JK,Bank Central Asia,7138.26,7162.05,7019.29,7019.29,168080800.0,2025-10-08
1391,BBCA.JK,Bank Central Asia,7019.29,7328.61,6947.91,7185.85,293567400.0,2025-10-09
1392,BBCA.JK,Bank Central Asia,7090.67,7090.67,6995.49,7043.08,107426000.0,2025-10-10
1393,BBCA.JK,Bank Central Asia,6947.91,7019.29,6947.91,6971.7,101847900.0,2025-10-13
1394,BBCA.JK,Bank Central Asia,6924.11,6995.49,6900.32,6900.32,151862300.0,2025-10-14
1395,BBCA.JK,Bank Central Asia,6900.32,6995.49,6876.52,6900.32,133206400.0,2025-10-15
1396,BBCA.JK,Bank Central Asia,6900.32,6971.7,6876.52,6947.91,120611200.0,2025-10-16
1397,BBCA.JK,Bank Central Asia,6947.91,7162.05,6924.11,7138.26,157334400.0,2025-10-17
1398,BBCA.JK,Bank Central Asia,7328.61,7614.14,7257.23,7495.17,393421800.0,2025-10-20
1399,BBCA.JK,Bank Central Asia,7709.32,8066.23,7709.32,8066.23,529802600.0,2025-10-21
1400,BBCA.JK,Bank Central Asia,8280.38,8280.38,7804.5,7804.5,392957200.0,2025-10-22
1401,BBCA.JK,Bank Central Asia,7804.5,7947.26,7756.91,7923.47,187003900.0,2025-10-23
1402,BBCA.JK,Bank Central Asia,7899.67,7971.06,7875.88,7875.88,133355100.0,2025-10-24
1403,BBCA.JK,Bank Central Asia,7923.47,8018.65,7804.5,7947.26,182275600.0,2025-10-27
1404,BBCA.JK,Bank Central Asia,7947.26,7994.85,7852.09,7875.88,180270000.0,2025-10-28
1405,BBCA.JK,Bank Central Asia,7899.67,8185.2,7875.88,8185.2,239156800.0,2025-10-29
1406,BBCA.JK,Bank Central Asia,8161.41,8327.97,8066.23,8113.82,259009800.0,2025-10-30
1407,BBCA.JK,Bank Central Asia,8137.62,8232.79,8113.82,8113.82,177088000.0,2025-10-31
1408,BBCA.JK,Bank Central Asia,8232.79,8232.79,8113.82,8232.79,115007100.0,2025-11-03
1409,BBCA.JK,Bank Central Asia,8232.79,8280.38,8209.0,8232.79,155231500.0,2025-11-04
1410,BBCA.JK,Bank Central Asia,8209.0,8280.38,8185.21,8280.38,125731500.0,2025-11-05
1411,BBCA.JK,Bank Central Asia,8209.0,8256.59,8137.62,8137.62,89756900.0,2025-11-06
1412,BBCA.JK,Bank Central Asia,8137.62,8256.59,8137.62,8256.59,75241900.0,2025-11-07
1413,BBCA.JK,Bank Central Asia,8256.59,8256.59,8161.41,8161.41,79897700.0,2025-11-10
1414,BBCA.JK,Bank Central Asia,8161.41,8185.2,7994.85,7994.85,130897600.0,2025-11-11
1415,BBCA.JK,Bank Central Asia,8018.65,8137.62,7994.85,8090.03,85415600.0,2025-11-12
1416,BBCA.JK,Bank Central Asia,7994.85,8066.23,7971.06,7971.06,104113800.0,2025-11-13
1417,BBCA.JK,Bank Central Asia,7971.06,8090.03,7971.06,8018.65,89815300.0,2025-11-14
1418,BBCA.JK,Bank Central Asia,8090.03,8161.41,8066.23,8161.41,129411100.0,2025-11-17
1419,BBCA.JK,Bank Central Asia,8137.62,8161.41,7994.85,7994.85,119377900.0,2025-11-18
1420,BBCA.JK,Bank Central Asia,7947.26,8090.03,7923.47,8066.23,114209700.0,2025-11-19
1421,BBCA.JK,Bank Central Asia,8066.23,8185.2,7994.85,8018.65,124087400.0,2025-11-20
1422,BBCA.JK,Bank Central Asia,7971.06,8018.65,7947.26,7994.85,103917100.0,2025-11-21
1423,BBCA.JK,Bank Central Asia,7994.85,8066.23,7947.26,8066.23,279590600.0,2025-11-24
1424,BBCA.JK,Bank Central Asia,8066.23,8090.03,7971.06,8090.03,98807700.0,2025-11-25
1425,BBCA.JK,Bank Central Asia,7994.85,8042.44,7971.06,8018.65,77094400.0,2025-11-26
1426,BBCA.JK,Bank Central Asia,8018.65,8042.44,7923.47,7923.47,71051300.0,2025-11-27
1427,BBCA.JK,Bank Central Asia,7923.47,7947.26,7875.88,7875.88,67559300.0,2025-11-28
1428,BBCA.JK,Bank Central Asia,8042.44,8042.44,7947.26,7994.85,76359200.0,2025-12-01
1429,BBCA.JK,Bank Central Asia,7947.26,8018.65,7947.26,7971.06,97044000.0,2025-12-02
1430,BBCA.JK,Bank Central Asia,7999.8,8047.7,7951.9,7951.9,103550900.0,2025-12-03
1431,BBCA.JK,Bank Central Asia,7975.85,7999.8,7880.04,7880.04,71410400.0,2025-12-04
1432,BBCA.JK,Bank Central Asia,7856.09,7951.9,7856.09,7951.9,71162300.0,2025-12-05
1433,BBCA.JK,Bank Central Asia,7999.8,7999.8,7903.99,7951.9,61745200.0,2025-12-08
1434,BBCA.JK,Bank Central Asia,7951.9,7951.9,7760.28,7760.28,113057200.0,2025-12-09
1435,BBCA.JK,Bank Central Asia,7760.28,7832.14,7688.43,7736.33,143418300.0,2025-12-10
1436,BBCA.JK,Bank Central Asia,7832.14,7856.09,7568.67,7664.48,140766000.0,2025-12-11
1437,BBCA.JK,Bank Central Asia,7568.67,7664.48,7520.77,7664.48,100006800.0,2025-12-12
1438,BBCA.JK,Bank Central Asia,7592.62,7951.9,7592.62,7951.9,143105700.0,2025-12-15
1439,BBCA.JK,Bank Central Asia,8023.75,8023.75,7688.43,7736.33,122332000.0,2025-12-16
1440,BBCA.JK,Bank Central Asia,7664.48,7784.24,7640.53,7688.43,89802700.0,2025-12-17
1441,BBCA.JK,Bank Central Asia,7688.43,7903.99,7688.43,7832.14,88497200.0,2025-12-18
1442,BBCA.JK,Bank Central Asia,7856.09,7880.04,7712.38,7712.38,131069800.0,2025-12-19
1443,BBCA.JK,Bank Central Asia,7712.38,7832.14,7688.43,7832.14,72424200.0,2025-12-22
1444,BBCA.JK,Bank Central Asia,7760.28,7784.24,7640.53,7688.43,85044100.0,2025-12-23
1445,BBCA.JK,Bank Central Asia,7688.43,7736.33,7664.48,7688.43,71260500.0,2025-12-24
1446,BBCA.JK,Bank Central Asia,7688.43,7688.43,7616.57,7688.43,78399400.0,2025-12-29
1447,BBCA.JK,Bank Central Asia,7616.58,7832.14,7616.58,7736.33,101995600.0,2025-12-30
5789,ICBP.JK,Indofood CBP,9870.94,9892.83,9717.73,9761.51,1240200.0,2020-01-02
5790,ICBP.JK,Indofood CBP,9761.51,9870.94,9673.96,9849.05,3044300.0,2020-01-03
5791,ICBP.JK,Indofood CBP,9849.05,10111.7,9783.39,10067.92,3369400.0,2020-01-06
5792,ICBP.JK,Indofood CBP,10111.7,10111.7,9805.28,10067.92,4636500.0,2020-01-07
5793,ICBP.JK,Indofood CBP,9892.83,10111.69,9892.83,10111.69,3602100.0,2020-01-08
5794,ICBP.JK,Indofood CBP,10111.7,10111.7,9980.38,10089.81,4490400.0,2020-01-09
5795,ICBP.JK,Indofood CBP,10111.7,10133.58,10046.04,10089.81,4671700.0,2020-01-10
5796,ICBP.JK,Indofood CBP,10155.47,10155.47,10089.81,10111.69,3006900.0,2020-01-13
5797,ICBP.JK,Indofood CBP,10177.36,10177.36,10111.7,10155.47,4265000.0,2020-01-14
5798,ICBP.JK,Indofood CBP,10177.36,10177.36,10002.26,10046.04,4462500.0,2020-01-15
5799,ICBP.JK,Indofood CBP,10046.04,10155.47,10002.26,10155.47,4698300.0,2020-01-16
5800,ICBP.JK,Indofood CBP,10155.47,10155.47,10111.7,10133.58,2827400.0,2020-01-17
5801,ICBP.JK,Indofood CBP,10133.58,10155.47,10111.7,10155.47,3167900.0,2020-01-20
5802,ICBP.JK,Indofood CBP,10177.36,10330.56,10155.47,10243.02,3918900.0,2020-01-21
5803,ICBP.JK,Indofood CBP,10243.02,10396.22,10221.13,10286.79,5004000.0,2020-01-22
5804,ICBP.JK,Indofood CBP,10243.02,10308.68,10199.24,10243.02,1669200.0,2020-01-23
5805,ICBP.JK,Indofood CBP,10221.13,10243.02,10155.47,10243.02,1701000.0,2020-01-24
5806,ICBP.JK,Indofood CBP,10243.02,10264.9,10177.36,10199.24,2236100.0,2020-01-27
5807,ICBP.JK,Indofood CBP,10177.36,10199.24,9892.83,10177.36,3602200.0,2020-01-28
5808,ICBP.JK,Indofood CBP,10199.24,10330.56,10199.24,10243.02,2873700.0,2020-01-29
5809,ICBP.JK,Indofood CBP,10286.79,10418.11,10046.04,10177.36,5091400.0,2020-01-30
5810,ICBP.JK,Indofood CBP,10155.47,10155.47,9958.49,9958.49,6281100.0,2020-01-31
5811,ICBP.JK,Indofood CBP,9958.49,10002.26,9892.83,9980.38,2396500.0,2020-02-03
5812,ICBP.JK,Indofood CBP,10111.7,10243.02,10046.04,10155.47,6060300.0,2020-02-04
5813,ICBP.JK,Indofood CBP,10155.47,10177.36,10024.15,10067.92,2591600.0,2020-02-05
5814,ICBP.JK,Indofood CBP,10046.04,10199.24,10046.04,10067.92,2299400.0,2020-02-06
5815,ICBP.JK,Indofood CBP,10067.92,10111.7,9980.37,10067.92,1786400.0,2020-02-07
5816,ICBP.JK,Indofood CBP,10199.24,10199.24,9980.37,10133.58,2697700.0,2020-02-10
5817,ICBP.JK,Indofood CBP,10133.58,10133.58,9980.38,10046.04,13191900.0,2020-02-11
5818,ICBP.JK,Indofood CBP,9673.96,9673.96,9236.22,9411.32,38781300.0,2020-02-12
5819,ICBP.JK,Indofood CBP,9367.54,9586.41,9280.0,9455.09,6782100.0,2020-02-13
5820,ICBP.JK,Indofood CBP,9476.98,9498.87,9411.32,9433.21,5096600.0,2020-02-14
5821,ICBP.JK,Indofood CBP,9411.32,9564.53,9389.43,9498.87,3487400.0,2020-02-17
5822,ICBP.JK,Indofood CBP,9498.87,9586.41,9476.98,9498.87,5428000.0,2020-02-18
5823,ICBP.JK,Indofood CBP,9586.41,9630.19,9455.09,9630.19,3665500.0,2020-02-19
5824,ICBP.JK,Indofood CBP,9652.07,9958.49,9630.19,9827.17,5472600.0,2020-02-20
5825,ICBP.JK,Indofood CBP,9827.17,9870.94,9564.53,9586.41,4520700.0,2020-02-21
5826,ICBP.JK,Indofood CBP,9411.32,9739.62,9411.32,9652.07,2871700.0,2020-02-24
5827,ICBP.JK,Indofood CBP,9630.19,9695.85,9520.75,9608.3,3213600.0,2020-02-25
5828,ICBP.JK,Indofood CBP,9542.64,9564.53,9433.21,9476.98,4142700.0,2020-02-26
5829,ICBP.JK,Indofood CBP,9411.32,9476.98,9061.13,9236.22,5781400.0,2020-02-27
5830,ICBP.JK,Indofood CBP,8842.26,9148.68,8667.17,8995.47,12019600.0,2020-02-28
5831,ICBP.JK,Indofood CBP,8995.47,8995.47,8732.83,8886.04,6373100.0,2020-03-02
5832,ICBP.JK,Indofood CBP,9323.77,9739.62,9170.56,9586.41,7187600.0,2020-03-03
5833,ICBP.JK,Indofood CBP,9608.3,9630.19,9411.32,9586.41,4640300.0,2020-03-04
5834,ICBP.JK,Indofood CBP,9652.07,9695.85,9455.09,9586.41,6386500.0,2020-03-05
5835,ICBP.JK,Indofood CBP,9411.32,9630.19,9411.32,9586.41,5805700.0,2020-03-06
5836,ICBP.JK,Indofood CBP,9367.54,9367.54,9061.13,9083.02,4459700.0,2020-03-09
5837,ICBP.JK,Indofood CBP,9017.36,9630.19,9017.36,9433.21,4665700.0,2020-03-10
5838,ICBP.JK,Indofood CBP,9433.21,9586.41,9148.68,9586.41,5798300.0,2020-03-11
5839,ICBP.JK,Indofood CBP,9433.21,9586.41,9192.45,9214.34,4114900.0,2020-03-12
5840,ICBP.JK,Indofood CBP,9214.34,9717.73,8579.62,9608.3,9473800.0,2020-03-13
5841,ICBP.JK,Indofood CBP,9476.98,9564.53,9039.24,9104.9,6384200.0,2020-03-16
5842,ICBP.JK,Indofood CBP,9104.9,9192.45,8492.07,8535.85,8147300.0,2020-03-17
5843,ICBP.JK,Indofood CBP,8645.28,8710.94,7944.9,8163.77,6285700.0,2020-03-18
5844,ICBP.JK,Indofood CBP,7966.79,7966.79,7594.71,7747.92,7344600.0,2020-03-19
5845,ICBP.JK,Indofood CBP,7879.24,8492.07,7266.41,7857.36,16501400.0,2020-03-20
5846,ICBP.JK,Indofood CBP,7835.47,7835.47,7310.19,7310.19,4901900.0,2020-03-23
5847,ICBP.JK,Indofood CBP,7266.41,7923.02,7113.21,7266.41,10642400.0,2020-03-24
5848,ICBP.JK,Indofood CBP,7463.39,8667.17,7288.3,8316.98,14307800.0,2020-03-26
5849,ICBP.JK,Indofood CBP,8316.98,9061.13,8316.98,8732.83,6618600.0,2020-03-27
5850,ICBP.JK,Indofood CBP,8710.94,8842.26,8141.88,8448.3,4572400.0,2020-03-30
5851,ICBP.JK,Indofood CBP,8448.3,9367.55,8448.3,8951.7,10710300.0,2020-03-31
5852,ICBP.JK,Indofood CBP,8929.81,9170.56,8667.17,8886.04,4606400.0,2020-04-01
5853,ICBP.JK,Indofood CBP,8842.26,9017.36,8579.62,8929.81,7811800.0,2020-04-02
5854,ICBP.JK,Indofood CBP,8929.81,9017.36,8689.05,8754.71,4190800.0,2020-04-03
5855,ICBP.JK,Indofood CBP,8842.26,9017.36,8710.94,8973.58,5343900.0,2020-04-06
5856,ICBP.JK,Indofood CBP,9061.13,9280.0,8645.28,8820.38,6342100.0,2020-04-07
5857,ICBP.JK,Indofood CBP,8842.26,8929.81,8382.64,8404.53,7488000.0,2020-04-08
5858,ICBP.JK,Indofood CBP,8404.53,8864.15,8404.53,8842.26,5938100.0,2020-04-09
5859,ICBP.JK,Indofood CBP,8842.26,9017.36,8798.49,8929.81,3225000.0,2020-04-13
5860,ICBP.JK,Indofood CBP,8929.81,9061.13,8842.26,9061.13,4600800.0,2020-04-14
5861,ICBP.JK,Indofood CBP,9061.13,9061.13,8667.17,8907.92,3361900.0,2020-04-15
5862,ICBP.JK,Indofood CBP,8907.92,8907.92,8667.17,8667.17,5543800.0,2020-04-16
5863,ICBP.JK,Indofood CBP,8754.71,9017.36,8754.71,8929.81,6244900.0,2020-04-17
5864,ICBP.JK,Indofood CBP,9017.36,9017.36,8776.6,8820.38,5211200.0,2020-04-20
5865,ICBP.JK,Indofood CBP,8820.38,8929.81,8732.83,8732.83,2472900.0,2020-04-21
5866,ICBP.JK,Indofood CBP,8754.72,8907.92,8732.83,8776.6,4752000.0,2020-04-22
5867,ICBP.JK,Indofood CBP,8907.92,8973.58,8798.49,8886.04,5175900.0,2020-04-23
5868,ICBP.JK,Indofood CBP,8929.81,8929.81,8667.17,8667.17,6779300.0,2020-04-24
5869,ICBP.JK,Indofood CBP,8667.17,8798.49,8535.85,8689.05,3587100.0,2020-04-27
5870,ICBP.JK,Indofood CBP,8667.17,8798.49,8667.17,8776.6,3350600.0,2020-04-28
5871,ICBP.JK,Indofood CBP,8798.49,8842.26,8667.17,8754.71,3956900.0,2020-04-29
5872,ICBP.JK,Indofood CBP,8798.49,8886.04,8645.28,8645.28,7794500.0,2020-04-30
5873,ICBP.JK,Indofood CBP,8645.28,8667.17,8492.07,8492.07,5036700.0,2020-05-04
5874,ICBP.JK,Indofood CBP,8623.39,8623.39,8492.07,8535.85,2481700.0,2020-05-05
5875,ICBP.JK,Indofood CBP,8557.73,8645.28,8448.3,8470.19,5417100.0,2020-05-06
5876,ICBP.JK,Indofood CBP,8492.07,8557.73,8360.75,8426.41,7505800.0,2020-05-08
5877,ICBP.JK,Indofood CBP,8513.96,8601.51,8492.07,8535.85,3409000.0,2020-05-11
5878,ICBP.JK,Indofood CBP,8535.85,8579.62,8426.41,8535.85,10015800.0,2020-05-12
5879,ICBP.JK,Indofood CBP,8535.85,8557.73,8404.53,8448.3,3462800.0,2020-05-13
5880,ICBP.JK,Indofood CBP,8470.19,8732.83,8404.53,8513.96,7272200.0,2020-05-14
5881,ICBP.JK,Indofood CBP,8579.62,8667.17,8492.07,8492.07,6164400.0,2020-05-15
5882,ICBP.JK,Indofood CBP,8492.07,8601.51,8426.41,8513.96,3533300.0,2020-05-18
5883,ICBP.JK,Indofood CBP,8579.62,8710.94,8579.62,8667.17,6299300.0,2020-05-19
5884,ICBP.JK,Indofood CBP,8579.62,8667.17,8185.66,8404.53,11973600.0,2020-05-20
5885,ICBP.JK,Indofood CBP,8404.53,8404.53,7835.47,7835.47,10324600.0,2020-05-26
5886,ICBP.JK,Indofood CBP,7616.6,7616.6,7288.3,7288.3,13319000.0,2020-05-27
5887,ICBP.JK,Indofood CBP,7069.43,7507.17,6784.9,7288.3,204450600.0,2020-05-28
5888,ICBP.JK,Indofood CBP,7310.19,7441.51,7135.09,7135.09,61130900.0,2020-05-29
5889,ICBP.JK,Indofood CBP,7222.64,7485.28,7222.64,7419.62,39990400.0,2020-06-02
5890,ICBP.JK,Indofood CBP,7529.05,7704.15,7353.96,7441.51,38866800.0,2020-06-03
5891,ICBP.JK,Indofood CBP,7463.39,7616.6,7441.51,7441.51,28171800.0,2020-06-04
5892,ICBP.JK,Indofood CBP,7463.4,7550.94,7353.96,7550.94,13685700.0,2020-06-05
5893,ICBP.JK,Indofood CBP,7638.49,7879.24,7616.6,7682.26,24469300.0,2020-06-08
5894,ICBP.JK,Indofood CBP,7747.92,7857.36,7704.15,7791.7,21394700.0,2020-06-09
5895,ICBP.JK,Indofood CBP,7704.15,7791.7,7550.94,7572.83,15356000.0,2020-06-10
5896,ICBP.JK,Indofood CBP,7507.17,7660.37,7397.73,7529.05,11516100.0,2020-06-11
5897,ICBP.JK,Indofood CBP,7529.05,7550.94,7178.87,7529.05,15411500.0,2020-06-12
5898,ICBP.JK,Indofood CBP,7529.05,7704.15,7507.17,7616.6,12064600.0,2020-06-15
5899,ICBP.JK,Indofood CBP,7616.6,7791.7,7616.6,7769.81,9437600.0,2020-06-16
5900,ICBP.JK,Indofood CBP,7769.81,7879.24,7769.81,7835.47,7449300.0,2020-06-17
5901,ICBP.JK,Indofood CBP,7791.7,7857.36,7660.38,7660.38,6346200.0,2020-06-18
5902,ICBP.JK,Indofood CBP,7616.6,7813.58,7594.72,7813.58,6381100.0,2020-06-19
5903,ICBP.JK,Indofood CBP,7813.58,8098.11,7791.7,7966.79,15587900.0,2020-06-22
5904,ICBP.JK,Indofood CBP,8010.56,8010.56,7813.58,7813.58,12104800.0,2020-06-23
5905,ICBP.JK,Indofood CBP,7835.47,7944.9,7813.58,7944.9,6518200.0,2020-06-24
5906,ICBP.JK,Indofood CBP,7944.9,7944.9,7835.47,7857.36,5614100.0,2020-06-25
5907,ICBP.JK,Indofood CBP,7944.9,8098.11,7879.24,8076.22,10454900.0,2020-06-26
5908,ICBP.JK,Indofood CBP,8054.34,8273.21,7988.68,8229.43,12020200.0,2020-06-29
5909,ICBP.JK,Indofood CBP,8273.21,8316.98,8185.66,8185.66,13922700.0,2020-06-30
5910,ICBP.JK,Indofood CBP,8185.66,8229.43,8054.34,8054.34,7022000.0,2020-07-01
5911,ICBP.JK,Indofood CBP,8098.11,8360.75,8076.23,8360.75,7749600.0,2020-07-02
5912,ICBP.JK,Indofood CBP,8338.87,8404.53,8229.43,8251.32,3649100.0,2020-07-03
5913,ICBP.JK,Indofood CBP,8251.32,8338.87,8229.43,8251.32,3042600.0,2020-07-06
5914,ICBP.JK,Indofood CBP,8251.32,8316.98,8229.43,8316.98,6629600.0,2020-07-07
5915,ICBP.JK,Indofood CBP,8251.32,8360.75,8141.89,8273.21,9140000.0,2020-07-08
5916,ICBP.JK,Indofood CBP,8316.98,8338.87,8185.66,8185.66,5609200.0,2020-07-09
5917,ICBP.JK,Indofood CBP,8185.66,8229.43,8054.34,8076.22,6827600.0,2020-07-10
5918,ICBP.JK,Indofood CBP,8163.77,8185.66,8076.23,8098.11,4046700.0,2020-07-13
5919,ICBP.JK,Indofood CBP,8229.43,8273.21,8098.11,8273.21,4863900.0,2020-07-14
5920,ICBP.JK,Indofood CBP,8273.21,8316.98,8251.32,8273.21,5436400.0,2020-07-15
5921,ICBP.JK,Indofood CBP,8316.98,8448.3,8273.21,8382.64,12667900.0,2020-07-16
5922,ICBP.JK,Indofood CBP,8448.3,8448.3,7988.68,8120.0,18966400.0,2020-07-17
5923,ICBP.JK,Indofood CBP,8185.66,8251.32,8076.22,8163.77,13802800.0,2020-07-20
5924,ICBP.JK,Indofood CBP,8163.77,8251.32,8163.77,8163.77,7936100.0,2020-07-21
5925,ICBP.JK,Indofood CBP,8207.54,8251.32,8163.77,8207.54,5859000.0,2020-07-22
5926,ICBP.JK,Indofood CBP,8207.55,8295.09,8207.55,8229.43,9044800.0,2020-07-23
5927,ICBP.JK,Indofood CBP,8332.47,8354.87,8220.47,8220.47,9935000.0,2020-07-24
5928,ICBP.JK,Indofood CBP,8242.87,8332.47,8063.68,8063.68,12846800.0,2020-07-27
5929,ICBP.JK,Indofood CBP,8130.88,8198.07,8063.68,8108.48,9219900.0,2020-07-28
5930,ICBP.JK,Indofood CBP,8130.88,8175.67,8108.48,8175.67,6255400.0,2020-07-29
5931,ICBP.JK,Indofood CBP,8175.67,8242.87,8130.88,8242.87,8499300.0,2020-07-30
5932,ICBP.JK,Indofood CBP,8242.87,8422.07,8130.88,8332.47,20483300.0,2020-08-03
5933,ICBP.JK,Indofood CBP,8444.46,9340.43,8242.87,8982.04,45798800.0,2020-08-04
5934,ICBP.JK,Indofood CBP,8959.64,9519.62,8892.45,9452.42,25765000.0,2020-08-05
5935,ICBP.JK,Indofood CBP,9474.82,9497.22,9250.83,9250.83,11910700.0,2020-08-06
5936,ICBP.JK,Indofood CBP,9250.83,9295.63,9026.84,9116.44,11490600.0,2020-08-07
5937,ICBP.JK,Indofood CBP,9138.84,9183.63,9004.44,9116.44,8662600.0,2020-08-10
5938,ICBP.JK,Indofood CBP,9116.44,9273.23,9071.64,9138.84,8829900.0,2020-08-11
5939,ICBP.JK,Indofood CBP,9161.23,9228.43,9071.64,9094.04,7687000.0,2020-08-12
5940,ICBP.JK,Indofood CBP,9094.04,9206.03,9094.04,9183.63,8840200.0,2020-08-13
5941,ICBP.JK,Indofood CBP,9183.63,9228.43,9071.64,9116.44,6382600.0,2020-08-14
5942,ICBP.JK,Indofood CBP,9138.84,9206.03,9071.64,9138.84,6105900.0,2020-08-18
5943,ICBP.JK,Indofood CBP,9138.84,9206.03,9049.24,9049.24,5372500.0,2020-08-19
5944,ICBP.JK,Indofood CBP,9094.04,9206.03,9094.04,9161.23,7070300.0,2020-08-24
5945,ICBP.JK,Indofood CBP,9161.23,9385.22,9138.83,9340.43,8463700.0,2020-08-25
5946,ICBP.JK,Indofood CBP,9340.43,9407.63,9250.83,9273.23,4974600.0,2020-08-26
5947,ICBP.JK,Indofood CBP,9362.83,9362.83,9228.43,9273.23,3609200.0,2020-08-27
5948,ICBP.JK,Indofood CBP,9318.03,9318.03,9183.63,9250.83,3591500.0,2020-08-28
5949,ICBP.JK,Indofood CBP,9250.83,9295.63,9161.23,9161.23,6480900.0,2020-08-31
5950,ICBP.JK,Indofood CBP,9116.44,9183.63,9071.64,9161.23,5985500.0,2020-09-01
5951,ICBP.JK,Indofood CBP,9250.83,9273.23,9138.84,9138.84,6190400.0,2020-09-02
5952,ICBP.JK,Indofood CBP,9138.84,9273.23,9138.84,9161.23,4452600.0,2020-09-03
5953,ICBP.JK,Indofood CBP,9183.63,9295.63,9049.24,9228.43,6204400.0,2020-09-04
5954,ICBP.JK,Indofood CBP,9206.03,9250.83,9183.63,9250.83,2898700.0,2020-09-07
5955,ICBP.JK,Indofood CBP,9250.83,9295.63,9206.03,9250.83,8859000.0,2020-09-08
5956,ICBP.JK,Indofood CBP,9228.43,9362.83,9183.63,9206.03,5255900.0,2020-09-09
5957,ICBP.JK,Indofood CBP,9161.23,9161.23,8601.26,8937.24,14206300.0,2020-09-10
5958,ICBP.JK,Indofood CBP,8870.05,9407.62,8713.25,9183.63,12182000.0,2020-09-11
5959,ICBP.JK,Indofood CBP,9318.03,9497.22,9295.63,9452.42,6768500.0,2020-09-14
5960,ICBP.JK,Indofood CBP,9474.82,9497.22,9295.63,9318.03,3665900.0,2020-09-15
5961,ICBP.JK,Indofood CBP,9407.63,9452.42,9273.23,9362.83,3624200.0,2020-09-16
5962,ICBP.JK,Indofood CBP,9362.83,9385.23,9004.44,9138.84,4053600.0,2020-09-17
5963,ICBP.JK,Indofood CBP,9138.84,9206.03,9094.04,9116.44,4415000.0,2020-09-18
5964,ICBP.JK,Indofood CBP,9116.44,9206.03,8959.64,9094.04,2745700.0,2020-09-21
5965,ICBP.JK,Indofood CBP,9004.44,9273.23,8914.84,9183.63,5540400.0,2020-09-22
5966,ICBP.JK,Indofood CBP,9273.23,9295.63,9094.04,9273.23,6495900.0,2020-09-23
5967,ICBP.JK,Indofood CBP,9161.23,9161.23,8982.04,9049.24,5972900.0,2020-09-24
5968,ICBP.JK,Indofood CBP,9138.84,9183.63,9004.44,9004.44,6329100.0,2020-09-25
5969,ICBP.JK,Indofood CBP,9116.44,9116.44,9004.44,9026.84,3033500.0,2020-09-28
5970,ICBP.JK,Indofood CBP,9116.44,9116.44,9004.44,9094.04,3448900.0,2020-09-29
5971,ICBP.JK,Indofood CBP,9138.84,9138.84,9026.84,9026.84,3833100.0,2020-09-30
5972,ICBP.JK,Indofood CBP,9026.84,9116.44,9026.84,9094.04,2693500.0,2020-10-01
5973,ICBP.JK,Indofood CBP,9094.04,9116.44,8982.04,9026.84,2634300.0,2020-10-02
5974,ICBP.JK,Indofood CBP,9026.84,9116.44,9004.44,9049.24,2439600.0,2020-10-05
5975,ICBP.JK,Indofood CBP,9138.84,9138.84,9049.24,9049.24,2538900.0,2020-10-06
5976,ICBP.JK,Indofood CBP,9094.04,9094.04,8959.64,8959.64,4764400.0,2020-10-07
5977,ICBP.JK,Indofood CBP,8982.04,9026.84,8982.04,9026.84,3209400.0,2020-10-08
5978,ICBP.JK,Indofood CBP,9049.24,9049.24,9004.44,9004.44,2004200.0,2020-10-09
5979,ICBP.JK,Indofood CBP,9004.44,9026.84,8914.84,8914.84,6518600.0,2020-10-12
5980,ICBP.JK,Indofood CBP,8870.05,8914.85,8847.65,8892.45,7526700.0,2020-10-13
5981,ICBP.JK,Indofood CBP,8959.64,8959.64,8847.65,8914.84,9351800.0,2020-10-14
5982,ICBP.JK,Indofood CBP,8892.45,8914.84,8735.65,8735.65,10009200.0,2020-10-15
5983,ICBP.JK,Indofood CBP,8758.05,8892.45,8735.65,8735.65,7227300.0,2020-10-16
5984,ICBP.JK,Indofood CBP,8758.05,8847.65,8758.05,8802.85,2188500.0,2020-10-19
5985,ICBP.JK,Indofood CBP,8802.85,8825.25,8713.25,8713.25,6697000.0,2020-10-20
5986,ICBP.JK,Indofood CBP,8713.25,8825.25,8646.06,8690.85,9752700.0,2020-10-21
5987,ICBP.JK,Indofood CBP,8690.85,8713.25,8646.05,8646.05,5281200.0,2020-10-22
5988,ICBP.JK,Indofood CBP,8690.85,8758.05,8690.85,8713.25,2466700.0,2020-10-23
5989,ICBP.JK,Indofood CBP,8713.25,8847.65,8690.85,8758.05,5331300.0,2020-10-26
5990,ICBP.JK,Indofood CBP,8735.65,8758.05,8646.05,8646.05,4979000.0,2020-10-27
5991,ICBP.JK,Indofood CBP,8646.05,8892.45,8623.66,8735.65,9102800.0,2020-11-02
5992,ICBP.JK,Indofood CBP,8802.85,8802.85,8713.25,8713.25,4004300.0,2020-11-03
5993,ICBP.JK,Indofood CBP,8735.65,8802.85,8735.65,8758.05,2680800.0,2020-11-04
5994,ICBP.JK,Indofood CBP,8825.25,8870.05,8780.45,8870.05,5042500.0,2020-11-05
5995,ICBP.JK,Indofood CBP,8870.05,8914.84,8780.45,8847.65,10391600.0,2020-11-06
5996,ICBP.JK,Indofood CBP,8870.05,8914.84,8735.65,8735.65,9146900.0,2020-11-09
5997,ICBP.JK,Indofood CBP,8758.05,8825.25,8646.06,8668.46,21280100.0,2020-11-10
5998,ICBP.JK,Indofood CBP,8758.05,8758.05,8601.26,8601.26,20988000.0,2020-11-11
5999,ICBP.JK,Indofood CBP,8668.45,8780.45,8668.45,8758.05,10317600.0,2020-11-12
6000,ICBP.JK,Indofood CBP,8758.05,8758.05,8668.46,8690.85,7350000.0,2020-11-13
6001,ICBP.JK,Indofood CBP,8758.05,8780.45,8690.85,8735.65,7054800.0,2020-11-16
6002,ICBP.JK,Indofood CBP,8780.45,9385.23,8780.45,9183.63,24735800.0,2020-11-17
6003,ICBP.JK,Indofood CBP,9183.63,9385.23,9183.63,9206.03,10675000.0,2020-11-18
6004,ICBP.JK,Indofood CBP,9206.03,9318.03,9094.04,9273.23,7159300.0,2020-11-19
6005,ICBP.JK,Indofood CBP,9318.03,9318.03,9049.24,9049.24,10424600.0,2020-11-20
6006,ICBP.JK,Indofood CBP,9094.04,9183.63,9071.64,9138.84,5293500.0,2020-11-23
6007,ICBP.JK,Indofood CBP,9161.24,9183.63,9049.24,9071.64,8640800.0,2020-11-24
6008,ICBP.JK,Indofood CBP,9071.64,9116.44,8959.64,8959.64,12555600.0,2020-11-25
6009,ICBP.JK,Indofood CBP,8959.64,9094.04,8892.45,9071.64,13527800.0,2020-11-26
6010,ICBP.JK,Indofood CBP,9094.04,9497.22,9026.84,9497.22,28037600.0,2020-11-27
6011,ICBP.JK,Indofood CBP,9497.22,9519.62,8870.05,8870.05,64378700.0,2020-11-30
6012,ICBP.JK,Indofood CBP,8959.64,9094.04,8914.84,9049.24,20983400.0,2020-12-01
6013,ICBP.JK,Indofood CBP,9116.44,9138.84,8982.04,9116.44,14997900.0,2020-12-02
6014,ICBP.JK,Indofood CBP,9138.84,9161.23,8982.04,8982.04,15979900.0,2020-12-03
6015,ICBP.JK,Indofood CBP,8982.04,8982.04,8914.84,8914.84,16025500.0,2020-12-04
6016,ICBP.JK,Indofood CBP,8937.24,8982.04,8914.84,8914.84,14777600.0,2020-12-07
6017,ICBP.JK,Indofood CBP,8914.85,8937.24,8735.65,8780.45,37259300.0,2020-12-08
6018,ICBP.JK,Indofood CBP,8847.65,8914.84,8713.25,8914.84,27446400.0,2020-12-10
6019,ICBP.JK,Indofood CBP,8914.85,8937.24,8780.45,8802.85,15130000.0,2020-12-11
6020,ICBP.JK,Indofood CBP,8802.85,8847.65,8780.45,8802.85,7997300.0,2020-12-14
6021,ICBP.JK,Indofood CBP,8802.85,8825.25,8690.85,8690.85,17300900.0,2020-12-15
6022,ICBP.JK,Indofood CBP,8713.25,8780.45,8690.85,8758.05,16458300.0,2020-12-16
6023,ICBP.JK,Indofood CBP,8780.45,8825.25,8713.25,8713.25,12290800.0,2020-12-17
6024,ICBP.JK,Indofood CBP,8735.65,8758.05,8668.46,8690.85,15122100.0,2020-12-18
6025,ICBP.JK,Indofood CBP,8690.85,8802.85,8646.05,8758.05,10927500.0,2020-12-21
6026,ICBP.JK,Indofood CBP,8802.85,8802.85,8601.26,8601.26,15824100.0,2020-12-22
6027,ICBP.JK,Indofood CBP,8601.26,8668.45,8466.86,8534.06,11933300.0,2020-12-23
6028,ICBP.JK,Indofood CBP,8534.06,8556.46,8466.86,8489.26,10841700.0,2020-12-28
6029,ICBP.JK,Indofood CBP,8511.66,8578.86,8310.07,8332.47,18237100.0,2020-12-29
6030,ICBP.JK,Indofood CBP,8332.47,8578.86,8332.47,8578.86,16093100.0,2020-12-30
6031,ICBP.JK,Indofood CBP,8601.26,8601.26,8422.07,8578.86,6040400.0,2021-01-04
6032,ICBP.JK,Indofood CBP,8534.06,8578.86,8466.86,8466.86,10086200.0,2021-01-05
6033,ICBP.JK,Indofood CBP,8466.86,8556.46,8399.67,8444.46,10369600.0,2021-01-06
6034,ICBP.JK,Indofood CBP,8444.46,8601.26,8422.06,8511.66,8826900.0,2021-01-07
6035,ICBP.JK,Indofood CBP,8556.46,8578.86,8466.86,8534.06,11195000.0,2021-01-08
6036,ICBP.JK,Indofood CBP,8534.06,8601.26,8511.66,8534.06,5309300.0,2021-01-11
6037,ICBP.JK,Indofood CBP,8534.06,8556.46,8444.46,8444.46,6644300.0,2021-01-12
6038,ICBP.JK,Indofood CBP,8444.46,8466.86,8354.87,8354.87,11366200.0,2021-01-13
6039,ICBP.JK,Indofood CBP,8377.26,8489.26,8354.87,8377.26,6211400.0,2021-01-14
6040,ICBP.JK,Indofood CBP,8377.27,8444.46,8354.87,8399.67,6773600.0,2021-01-15
6041,ICBP.JK,Indofood CBP,8399.66,8646.05,8399.66,8623.66,15779400.0,2021-01-18
6042,ICBP.JK,Indofood CBP,8690.85,8870.05,8623.66,8735.65,34368300.0,2021-01-19
6043,ICBP.JK,Indofood CBP,8735.65,8802.85,8601.26,8668.46,14452800.0,2021-01-20
6044,ICBP.JK,Indofood CBP,8690.85,8735.65,8578.86,8578.86,7065100.0,2021-01-21
6045,ICBP.JK,Indofood CBP,8578.86,8601.26,8422.06,8489.26,5631500.0,2021-01-22
6046,ICBP.JK,Indofood CBP,8466.86,8578.86,8354.87,8511.66,8009500.0,2021-01-25
6047,ICBP.JK,Indofood CBP,8578.86,8690.85,8422.06,8511.66,13587300.0,2021-01-26
6048,ICBP.JK,Indofood CBP,8511.66,8646.05,8422.06,8511.66,9466000.0,2021-01-27
6049,ICBP.JK,Indofood CBP,8511.66,8511.66,8377.26,8377.26,8804700.0,2021-01-28
6050,ICBP.JK,Indofood CBP,8377.27,8422.06,8063.68,8153.27,14066800.0,2021-01-29
6051,ICBP.JK,Indofood CBP,8063.68,8332.47,8063.68,8265.27,6846000.0,2021-02-01
6052,ICBP.JK,Indofood CBP,8287.67,8578.86,8265.27,8511.66,12534000.0,2021-02-02
6053,ICBP.JK,Indofood CBP,8534.06,8556.46,8422.06,8444.46,8510200.0,2021-02-03
6054,ICBP.JK,Indofood CBP,8444.46,8489.26,8265.27,8354.87,6585300.0,2021-02-04
6055,ICBP.JK,Indofood CBP,8354.87,8377.27,8220.47,8265.27,7215800.0,2021-02-05
6056,ICBP.JK,Indofood CBP,8265.27,8310.07,8153.27,8153.27,11335300.0,2021-02-08
6057,ICBP.JK,Indofood CBP,8198.07,8242.87,7884.48,7884.48,35900200.0,2021-02-09
6058,ICBP.JK,Indofood CBP,7929.28,8130.88,7929.28,8063.68,19472200.0,2021-02-10
6059,ICBP.JK,Indofood CBP,8063.68,8108.48,8018.88,8041.28,4249400.0,2021-02-11
6060,ICBP.JK,Indofood CBP,8063.68,8086.08,8018.88,8041.28,4050100.0,2021-02-15
6061,ICBP.JK,Indofood CBP,8063.68,8086.08,7884.49,7906.88,14656600.0,2021-02-16
6062,ICBP.JK,Indofood CBP,7906.88,7974.08,7884.49,7906.88,5044600.0,2021-02-17
6063,ICBP.JK,Indofood CBP,7974.08,7996.48,7839.69,7839.69,10242500.0,2021-02-18
6064,ICBP.JK,Indofood CBP,7839.69,7884.49,7660.49,7705.29,16657400.0,2021-02-19
6065,ICBP.JK,Indofood CBP,7817.29,7839.69,7727.69,7727.69,6220800.0,2021-02-22
6066,ICBP.JK,Indofood CBP,7727.69,7727.69,7660.49,7660.49,11933200.0,2021-02-23
6067,ICBP.JK,Indofood CBP,7660.49,7817.29,7615.7,7750.09,17672400.0,2021-02-24
6068,ICBP.JK,Indofood CBP,7794.89,7839.69,7682.89,7682.89,7989700.0,2021-02-25
6069,ICBP.JK,Indofood CBP,7660.49,7750.09,7615.7,7682.89,11519000.0,2021-02-26
6070,ICBP.JK,Indofood CBP,7705.29,7750.09,7682.89,7705.29,4982200.0,2021-03-01
6071,ICBP.JK,Indofood CBP,7705.29,7974.08,7705.29,7794.89,13965700.0,2021-03-02
6072,ICBP.JK,Indofood CBP,7794.89,7839.69,7750.09,7817.29,9225100.0,2021-03-03
6073,ICBP.JK,Indofood CBP,7862.09,7862.09,7705.29,7705.29,7279700.0,2021-03-04
6074,ICBP.JK,Indofood CBP,7705.29,7705.29,7615.7,7615.7,12683100.0,2021-03-05
6075,ICBP.JK,Indofood CBP,7615.7,7660.49,7458.9,7503.7,12971400.0,2021-03-08
6076,ICBP.JK,Indofood CBP,7503.7,7548.5,7436.5,7458.9,8629600.0,2021-03-09
6077,ICBP.JK,Indofood CBP,7458.9,7615.7,7458.9,7503.7,7208800.0,2021-03-10
6078,ICBP.JK,Indofood CBP,7526.1,7593.3,7503.7,7503.7,6857000.0,2021-03-12
6079,ICBP.JK,Indofood CBP,7593.3,7772.49,7570.9,7615.7,9366100.0,2021-03-15
6080,ICBP.JK,Indofood CBP,7682.89,7727.69,7638.1,7705.29,4733700.0,2021-03-16
6081,ICBP.JK,Indofood CBP,7750.09,7750.09,7660.49,7727.69,6268400.0,2021-03-17
6082,ICBP.JK,Indofood CBP,7772.49,7817.29,7750.09,7794.89,8262600.0,2021-03-18
6083,ICBP.JK,Indofood CBP,7794.89,7951.68,7727.69,7906.88,15236900.0,2021-03-19
6084,ICBP.JK,Indofood CBP,7929.28,7974.08,7884.49,7906.88,7289500.0,2021-03-22
6085,ICBP.JK,Indofood CBP,8153.27,8310.07,8153.27,8242.87,30860800.0,2021-03-23
6086,ICBP.JK,Indofood CBP,8242.87,8310.07,8108.48,8287.67,12586500.0,2021-03-24
6087,ICBP.JK,Indofood CBP,8242.87,8265.27,7951.68,8018.88,11930600.0,2021-03-25
6088,ICBP.JK,Indofood CBP,8108.48,8153.27,8041.28,8153.27,7860900.0,2021-03-26
6089,ICBP.JK,Indofood CBP,8153.27,8265.27,8108.48,8265.27,5927500.0,2021-03-29
6090,ICBP.JK,Indofood CBP,8242.87,8265.27,8086.08,8130.88,6974500.0,2021-03-30
6091,ICBP.JK,Indofood CBP,8130.88,8242.87,7884.49,8242.87,11218500.0,2021-03-31
6092,ICBP.JK,Indofood CBP,8130.88,8198.07,7996.48,8018.88,8292600.0,2021-04-01
6093,ICBP.JK,Indofood CBP,8063.68,8108.48,7996.48,7996.48,1842800.0,2021-04-05
6094,ICBP.JK,Indofood CBP,7996.48,8018.88,7884.49,7906.88,4493200.0,2021-04-06
6095,ICBP.JK,Indofood CBP,7929.28,8041.28,7929.28,7974.08,3186900.0,2021-04-07
6096,ICBP.JK,Indofood CBP,7974.08,8018.88,7884.48,7884.48,7579300.0,2021-04-08
6097,ICBP.JK,Indofood CBP,7884.49,7974.08,7884.49,7951.68,2731400.0,2021-04-09
6098,ICBP.JK,Indofood CBP,7974.08,7996.48,7750.09,7750.09,5958000.0,2021-04-12
6099,ICBP.JK,Indofood CBP,7750.09,7817.29,7660.49,7727.69,2735700.0,2021-04-13
6100,ICBP.JK,Indofood CBP,7794.89,7839.69,7772.49,7839.69,2798800.0,2021-04-14
6101,ICBP.JK,Indofood CBP,7839.69,7862.09,7772.49,7839.69,2319600.0,2021-04-15
6102,ICBP.JK,Indofood CBP,7839.69,8018.88,7839.69,8018.88,4801000.0,2021-04-16
6103,ICBP.JK,Indofood CBP,8041.28,8063.68,7974.08,8018.88,4496300.0,2021-04-19
6104,ICBP.JK,Indofood CBP,8063.68,8063.68,7929.28,7974.08,2117200.0,2021-04-20
6105,ICBP.JK,Indofood CBP,7929.28,7974.08,7884.48,7884.48,2711600.0,2021-04-21
6106,ICBP.JK,Indofood CBP,7906.89,7951.68,7839.69,7839.69,1843600.0,2021-04-22
6107,ICBP.JK,Indofood CBP,7884.49,7996.48,7839.69,7951.68,3492000.0,2021-04-23
6108,ICBP.JK,Indofood CBP,7951.68,7974.08,7794.89,7794.89,4114300.0,2021-04-26
6109,ICBP.JK,Indofood CBP,7794.89,7817.29,7660.49,7705.29,7502700.0,2021-04-27
6110,ICBP.JK,Indofood CBP,7705.29,7772.49,7615.7,7682.89,5144400.0,2021-04-28
6111,ICBP.JK,Indofood CBP,7705.29,7772.49,7682.89,7727.69,2352400.0,2021-04-29
6112,ICBP.JK,Indofood CBP,7750.09,7794.89,7682.89,7794.89,3825600.0,2021-04-30
6113,ICBP.JK,Indofood CBP,7794.89,7794.89,7660.49,7660.49,3563800.0,2021-05-03
6114,ICBP.JK,Indofood CBP,7660.49,7682.89,7570.9,7638.09,6310100.0,2021-05-04
6115,ICBP.JK,Indofood CBP,7638.09,7705.29,7615.7,7638.09,2506600.0,2021-05-05
6116,ICBP.JK,Indofood CBP,7660.49,7705.29,7526.1,7615.7,6187000.0,2021-05-06
6117,ICBP.JK,Indofood CBP,7615.7,7638.1,7548.5,7570.9,2904100.0,2021-05-07
6118,ICBP.JK,Indofood CBP,7570.9,7705.29,7548.5,7705.29,3839900.0,2021-05-10
6119,ICBP.JK,Indofood CBP,7705.29,7705.29,7615.7,7638.09,2161700.0,2021-05-11
6120,ICBP.JK,Indofood CBP,7660.49,7682.89,7346.91,7391.71,9477500.0,2021-05-17
6121,ICBP.JK,Indofood CBP,7391.71,7526.1,7391.71,7436.5,3770500.0,2021-05-18
6122,ICBP.JK,Indofood CBP,7436.5,7481.3,7391.71,7414.1,4186400.0,2021-05-19
6123,ICBP.JK,Indofood CBP,7436.5,7570.9,7414.1,7503.7,4715400.0,2021-05-20
6124,ICBP.JK,Indofood CBP,7526.1,7548.5,7436.5,7458.9,2032000.0,2021-05-21
6125,ICBP.JK,Indofood CBP,7481.3,7481.3,7346.91,7346.91,3906400.0,2021-05-24
6126,ICBP.JK,Indofood CBP,7346.91,7369.31,7257.31,7324.51,8978000.0,2021-05-25
6127,ICBP.JK,Indofood CBP,7346.91,7414.1,7302.11,7414.1,11260600.0,2021-05-27
6128,ICBP.JK,Indofood CBP,7414.1,7436.5,7212.51,7279.71,7763900.0,2021-05-28
6129,ICBP.JK,Indofood CBP,7302.11,7369.31,7234.91,7346.91,4574100.0,2021-05-31
6130,ICBP.JK,Indofood CBP,7391.7,7503.7,7346.91,7369.31,5611200.0,2021-06-02
6131,ICBP.JK,Indofood CBP,7391.71,7794.89,7391.71,7794.89,10251900.0,2021-06-03
6132,ICBP.JK,Indofood CBP,7772.49,7772.49,7548.5,7570.9,9862700.0,2021-06-04
6133,ICBP.JK,Indofood CBP,7615.7,7638.1,7458.9,7481.3,3596700.0,2021-06-07
6134,ICBP.JK,Indofood CBP,7481.3,7503.7,7279.71,7324.51,8321100.0,2021-06-08
6135,ICBP.JK,Indofood CBP,7324.51,7391.71,7279.71,7302.11,4260000.0,2021-06-09
6136,ICBP.JK,Indofood CBP,7324.51,7369.31,7302.11,7302.11,2264700.0,2021-06-10
6137,ICBP.JK,Indofood CBP,7324.51,7369.31,7302.11,7324.51,2528900.0,2021-06-11
6138,ICBP.JK,Indofood CBP,7324.51,7391.71,7302.11,7302.11,2865900.0,2021-06-14
6139,ICBP.JK,Indofood CBP,7324.51,7346.91,7279.71,7302.11,4067700.0,2021-06-15
6140,ICBP.JK,Indofood CBP,7324.51,7458.9,7302.11,7324.51,4552800.0,2021-06-16
6141,ICBP.JK,Indofood CBP,7324.51,7391.71,7279.71,7279.71,4122100.0,2021-06-17
6142,ICBP.JK,Indofood CBP,7279.71,7302.11,6943.72,6943.72,22478200.0,2021-06-18
6143,ICBP.JK,Indofood CBP,6921.32,7167.71,6831.73,7100.52,8643800.0,2021-06-21
6144,ICBP.JK,Indofood CBP,7145.32,7302.11,7122.92,7212.51,4253300.0,2021-06-22
6145,ICBP.JK,Indofood CBP,7302.11,7302.11,7122.92,7145.32,3698700.0,2021-06-23
6146,ICBP.JK,Indofood CBP,7167.71,7279.71,7055.72,7190.11,5529100.0,2021-06-24
6147,ICBP.JK,Indofood CBP,7190.11,7257.31,7167.71,7190.11,3121500.0,2021-06-25
6148,ICBP.JK,Indofood CBP,7190.11,7257.31,7078.12,7145.32,3796900.0,2021-06-28
6149,ICBP.JK,Indofood CBP,7212.51,7436.5,7167.71,7391.71,9487400.0,2021-06-29
6150,ICBP.JK,Indofood CBP,7391.71,7481.3,7302.11,7302.11,5574700.0,2021-06-30
6151,ICBP.JK,Indofood CBP,7548.5,7794.89,7481.3,7615.7,17723600.0,2021-07-01
6152,ICBP.JK,Indofood CBP,7615.7,7682.89,7481.3,7548.5,10481800.0,2021-07-02
6153,ICBP.JK,Indofood CBP,7548.5,7548.5,7346.91,7369.31,3802800.0,2021-07-05
6154,ICBP.JK,Indofood CBP,7414.1,7526.1,7369.31,7526.1,2930700.0,2021-07-06
6155,ICBP.JK,Indofood CBP,7481.3,7615.7,7458.9,7570.9,4513900.0,2021-07-07
6156,ICBP.JK,Indofood CBP,7593.3,7660.49,7548.5,7593.3,3402100.0,2021-07-08
6157,ICBP.JK,Indofood CBP,7526.1,7705.29,7503.7,7660.49,6327200.0,2021-07-09
6158,ICBP.JK,Indofood CBP,7660.49,7974.08,7615.7,7906.88,12916200.0,2021-07-12
6159,ICBP.JK,Indofood CBP,7906.88,8086.08,7817.29,8018.88,16894100.0,2021-07-13
6160,ICBP.JK,Indofood CBP,8018.88,8018.88,7705.29,7794.89,7941000.0,2021-07-14
6161,ICBP.JK,Indofood CBP,7772.49,7884.49,7705.29,7772.49,2707700.0,2021-07-15
6162,ICBP.JK,Indofood CBP,7772.49,7817.29,7570.9,7682.89,5375000.0,2021-07-16
6163,ICBP.JK,Indofood CBP,7682.89,7682.89,7548.5,7615.7,3177400.0,2021-07-19
6164,ICBP.JK,Indofood CBP,7548.5,7727.69,7548.5,7615.7,4519000.0,2021-07-21
6165,ICBP.JK,Indofood CBP,7682.89,7929.28,7638.1,7906.88,4700400.0,2021-07-22
6166,ICBP.JK,Indofood CBP,7906.89,7906.89,7660.49,7750.09,4113700.0,2021-07-23
6167,ICBP.JK,Indofood CBP,7794.89,7884.49,7705.29,7817.29,3926200.0,2021-07-26
6168,ICBP.JK,Indofood CBP,7839.69,7862.09,7570.9,7615.7,3332900.0,2021-07-27
6169,ICBP.JK,Indofood CBP,7615.7,7660.49,7526.1,7615.7,2409400.0,2021-07-28
6170,ICBP.JK,Indofood CBP,7615.7,7615.7,7481.3,7481.3,4082900.0,2021-07-29
6171,ICBP.JK,Indofood CBP,7458.9,7481.3,7279.71,7279.71,7765100.0,2021-07-30
6172,ICBP.JK,Indofood CBP,7279.71,7391.71,7234.91,7279.71,5251600.0,2021-08-02
6173,ICBP.JK,Indofood CBP,7302.11,7436.5,7279.71,7369.31,3370400.0,2021-08-03
6174,ICBP.JK,Indofood CBP,7391.71,7414.1,7302.11,7324.51,2039900.0,2021-08-04
6175,ICBP.JK,Indofood CBP,7324.51,7346.91,7279.71,7302.11,4600500.0,2021-08-05
6176,ICBP.JK,Indofood CBP,7324.51,7458.9,7302.11,7414.1,2308400.0,2021-08-06
6177,ICBP.JK,Indofood CBP,7458.9,7481.3,7257.31,7302.11,2627400.0,2021-08-09
6178,ICBP.JK,Indofood CBP,7346.91,7346.91,7122.92,7212.51,6585900.0,2021-08-10
6179,ICBP.JK,Indofood CBP,7279.71,7369.31,7212.51,7234.91,3115600.0,2021-08-12
6180,ICBP.JK,Indofood CBP,7234.91,7391.71,7234.91,7346.91,2441900.0,2021-08-13
6181,ICBP.JK,Indofood CBP,7346.91,7391.71,7302.11,7391.71,1827100.0,2021-08-16
6182,ICBP.JK,Indofood CBP,7391.71,7503.7,7391.71,7481.3,4277300.0,2021-08-18
6183,ICBP.JK,Indofood CBP,7481.3,7503.7,7302.11,7302.11,4775800.0,2021-08-19
6184,ICBP.JK,Indofood CBP,7302.11,7346.91,7257.31,7302.11,2045300.0,2021-08-20
6185,ICBP.JK,Indofood CBP,7391.7,7391.7,7324.51,7369.31,1949700.0,2021-08-23
6186,ICBP.JK,Indofood CBP,7369.31,7414.1,7279.71,7346.91,5218600.0,2021-08-24
6187,ICBP.JK,Indofood CBP,7436.5,7436.5,7234.91,7369.31,7193700.0,2021-08-25
6188,ICBP.JK,Indofood CBP,7369.31,7391.7,7279.71,7369.31,3990200.0,2021-08-26
6189,ICBP.JK,Indofood CBP,7369.31,7436.5,7279.71,7436.5,7356500.0,2021-08-27
6190,ICBP.JK,Indofood CBP,7481.3,7750.09,7458.9,7705.29,11729900.0,2021-08-30
6191,ICBP.JK,Indofood CBP,7705.29,7727.69,7548.5,7548.5,5271700.0,2021-08-31
6192,ICBP.JK,Indofood CBP,7615.7,7615.7,7458.9,7526.1,3241900.0,2021-09-01
6193,ICBP.JK,Indofood CBP,7548.5,7570.9,7458.9,7570.9,1920100.0,2021-09-02
6194,ICBP.JK,Indofood CBP,7570.9,7615.7,7548.5,7593.3,3556700.0,2021-09-03
6195,ICBP.JK,Indofood CBP,7615.7,7660.49,7615.7,7638.09,4167800.0,2021-09-06
6196,ICBP.JK,Indofood CBP,7651.88,7743.8,7651.88,7743.8,2986500.0,2021-09-07
6197,ICBP.JK,Indofood CBP,7766.78,7766.78,7674.86,7743.8,6423000.0,2021-09-08
6198,ICBP.JK,Indofood CBP,7743.8,7835.71,7697.84,7835.71,3731500.0,2021-09-09
6199,ICBP.JK,Indofood CBP,7835.71,7835.71,7766.78,7812.73,1793900.0,2021-09-10
6200,ICBP.JK,Indofood CBP,7720.82,7789.75,7697.84,7743.8,2351900.0,2021-09-13
6201,ICBP.JK,Indofood CBP,7743.8,7789.75,7720.82,7766.78,1167000.0,2021-09-14
6202,ICBP.JK,Indofood CBP,7766.78,7766.78,7674.86,7697.84,5544500.0,2021-09-15
6203,ICBP.JK,Indofood CBP,7697.84,7720.82,7514.01,7559.97,6857300.0,2021-09-16
6204,ICBP.JK,Indofood CBP,7559.97,7559.97,7491.03,7491.03,4816000.0,2021-09-17
6205,ICBP.JK,Indofood CBP,7582.95,7582.95,7422.1,7468.05,4134700.0,2021-09-20
6206,ICBP.JK,Indofood CBP,7445.07,7697.84,7445.07,7628.9,3757800.0,2021-09-21
6207,ICBP.JK,Indofood CBP,7628.9,7651.88,7536.99,7536.99,1639100.0,2021-09-22
6208,ICBP.JK,Indofood CBP,7605.92,7628.9,7536.99,7582.95,1829100.0,2021-09-23
6209,ICBP.JK,Indofood CBP,7582.95,7628.9,7514.01,7628.9,2634400.0,2021-09-24
6210,ICBP.JK,Indofood CBP,7628.9,7674.86,7536.99,7674.86,5104700.0,2021-09-27
6211,ICBP.JK,Indofood CBP,7674.86,7674.86,7514.01,7559.97,4369400.0,2021-09-28
6212,ICBP.JK,Indofood CBP,7559.97,7559.97,7491.03,7559.97,2750800.0,2021-09-29
6213,ICBP.JK,Indofood CBP,7559.97,7720.82,7559.97,7674.86,5656600.0,2021-09-30
6214,ICBP.JK,Indofood CBP,7674.86,7720.82,7559.97,7651.88,4065700.0,2021-10-01
6215,ICBP.JK,Indofood CBP,7697.84,7950.6,7674.86,7950.6,11058600.0,2021-10-04
6216,ICBP.JK,Indofood CBP,7950.6,8134.43,7904.65,8111.46,13184600.0,2021-10-05
6217,ICBP.JK,Indofood CBP,8111.46,8180.39,7996.56,8134.43,9047000.0,2021-10-06
6218,ICBP.JK,Indofood CBP,8134.43,8272.31,8088.48,8134.43,9890400.0,2021-10-07
6219,ICBP.JK,Indofood CBP,8134.43,8203.37,8065.5,8180.39,5016500.0,2021-10-08
6220,ICBP.JK,Indofood CBP,8180.39,8203.37,8088.48,8134.43,4998400.0,2021-10-11
6221,ICBP.JK,Indofood CBP,8157.41,8180.39,8088.48,8157.41,7922600.0,2021-10-12
6222,ICBP.JK,Indofood CBP,8157.41,8272.3,8088.48,8226.35,9413800.0,2021-10-13
6223,ICBP.JK,Indofood CBP,8272.31,8571.03,8249.33,8571.03,19813500.0,2021-10-14
6224,ICBP.JK,Indofood CBP,8594.01,8662.94,8364.22,8525.07,10441700.0,2021-10-15
6225,ICBP.JK,Indofood CBP,8548.05,8594.01,8456.14,8548.05,7172800.0,2021-10-18
6226,ICBP.JK,Indofood CBP,8548.05,8594.01,8479.11,8548.05,5926900.0,2021-10-19
6227,ICBP.JK,Indofood CBP,8594.01,8594.01,8364.22,8479.11,8833800.0,2021-10-21
6228,ICBP.JK,Indofood CBP,8479.11,8479.11,8295.28,8364.22,8038500.0,2021-10-22
6229,ICBP.JK,Indofood CBP,8364.22,8410.18,8295.28,8364.22,5603700.0,2021-10-25
6230,ICBP.JK,Indofood CBP,8387.2,8456.13,8341.24,8364.22,6724600.0,2021-10-26
6231,ICBP.JK,Indofood CBP,8410.18,8433.16,8088.48,8134.43,7857600.0,2021-10-27
6232,ICBP.JK,Indofood CBP,8111.45,8134.43,7973.58,8088.48,7670900.0,2021-10-28
6233,ICBP.JK,Indofood CBP,8088.48,8203.37,8042.52,8088.48,7541300.0,2021-10-29
6234,ICBP.JK,Indofood CBP,8088.48,8157.41,7996.56,8088.48,6520400.0,2021-11-01
6235,ICBP.JK,Indofood CBP,8088.48,8157.41,8065.5,8134.43,3320900.0,2021-11-02
6236,ICBP.JK,Indofood CBP,8134.43,8134.43,7996.56,8065.5,6778900.0,2021-11-03
6237,ICBP.JK,Indofood CBP,8065.5,8157.41,8065.5,8088.48,2796400.0,2021-11-04
6238,ICBP.JK,Indofood CBP,8088.48,8134.43,8042.52,8088.48,5357200.0,2021-11-05
6239,ICBP.JK,Indofood CBP,8111.46,8180.39,8088.48,8180.39,2606200.0,2021-11-08
6240,ICBP.JK,Indofood CBP,8203.37,8249.33,8157.41,8203.37,2936800.0,2021-11-09
6241,ICBP.JK,Indofood CBP,8203.37,8226.35,8111.46,8180.39,2206900.0,2021-11-10
6242,ICBP.JK,Indofood CBP,8180.39,8203.37,8088.48,8134.43,1269200.0,2021-11-11
6243,ICBP.JK,Indofood CBP,8180.39,8226.35,8134.43,8226.35,1767300.0,2021-11-12
6244,ICBP.JK,Indofood CBP,8226.35,8249.33,8180.39,8203.37,2870000.0,2021-11-15
6245,ICBP.JK,Indofood CBP,8226.35,8249.33,8088.48,8111.46,6167400.0,2021-11-16
6246,ICBP.JK,Indofood CBP,8111.46,8157.41,8111.46,8134.43,6965500.0,2021-11-17
6247,ICBP.JK,Indofood CBP,8157.41,8433.15,8157.41,8341.24,9739300.0,2021-11-18
6248,ICBP.JK,Indofood CBP,8410.18,8456.13,8272.31,8295.28,4570900.0,2021-11-19
6249,ICBP.JK,Indofood CBP,8295.28,8364.22,8272.3,8341.24,3401900.0,2021-11-22
6250,ICBP.JK,Indofood CBP,8318.26,8318.26,8180.39,8226.35,5458400.0,2021-11-23
6251,ICBP.JK,Indofood CBP,8249.33,8272.31,8226.35,8272.31,1648300.0,2021-11-24
6252,ICBP.JK,Indofood CBP,8272.3,8295.28,8226.35,8226.35,1599300.0,2021-11-25
6253,ICBP.JK,Indofood CBP,8226.35,8249.33,8134.43,8157.41,5372700.0,2021-11-26
6254,ICBP.JK,Indofood CBP,8157.41,8180.39,8088.48,8157.41,7196000.0,2021-11-29
6255,ICBP.JK,Indofood CBP,8295.28,8318.26,7766.78,7766.78,12610000.0,2021-11-30
6256,ICBP.JK,Indofood CBP,8019.54,8226.35,7996.56,8203.37,15597800.0,2021-12-01
6257,ICBP.JK,Indofood CBP,8180.39,8249.33,8088.48,8134.43,2949200.0,2021-12-02
6258,ICBP.JK,Indofood CBP,8111.46,8134.43,7973.58,7996.56,5921800.0,2021-12-03
6259,ICBP.JK,Indofood CBP,8019.54,8134.43,7996.56,8042.52,4168800.0,2021-12-06
6260,ICBP.JK,Indofood CBP,8088.48,8088.48,7996.56,8042.52,4921400.0,2021-12-07
6261,ICBP.JK,Indofood CBP,8042.52,8180.39,8042.52,8065.5,2751100.0,2021-12-08
6262,ICBP.JK,Indofood CBP,8157.41,8226.35,8088.48,8226.35,2668700.0,2021-12-09
6263,ICBP.JK,Indofood CBP,8226.35,8249.33,8019.54,8134.43,4209200.0,2021-12-10
6264,ICBP.JK,Indofood CBP,8226.35,8226.35,8042.52,8042.52,2949100.0,2021-12-13
6265,ICBP.JK,Indofood CBP,8042.52,8065.5,7996.56,7996.56,4739900.0,2021-12-14
6266,ICBP.JK,Indofood CBP,7996.56,8088.48,7996.56,8088.48,2295800.0,2021-12-15
6267,ICBP.JK,Indofood CBP,8111.46,8111.46,7973.58,8042.52,3678900.0,2021-12-16
6268,ICBP.JK,Indofood CBP,8019.54,8088.48,7996.56,8088.48,5451900.0,2021-12-17
6269,ICBP.JK,Indofood CBP,8088.48,8111.46,7996.56,8111.46,2285700.0,2021-12-20
6270,ICBP.JK,Indofood CBP,8065.5,8111.46,7996.56,8042.52,2317600.0,2021-12-21
6271,ICBP.JK,Indofood CBP,8042.52,8065.5,7812.73,7973.58,6189900.0,2021-12-22
6272,ICBP.JK,Indofood CBP,7996.56,8065.5,7950.6,8065.5,2797800.0,2021-12-23
6273,ICBP.JK,Indofood CBP,8065.5,8088.48,7950.61,8019.54,2906000.0,2021-12-24
6274,ICBP.JK,Indofood CBP,8019.54,8019.54,7927.63,7950.6,1290200.0,2021-12-27
6275,ICBP.JK,Indofood CBP,7950.6,8042.52,7950.6,7996.56,3719600.0,2021-12-28
6276,ICBP.JK,Indofood CBP,7996.56,8019.54,7950.6,7973.58,2009000.0,2021-12-29
6277,ICBP.JK,Indofood CBP,7973.58,8019.54,7904.65,7996.56,4302200.0,2021-12-30
6278,ICBP.JK,Indofood CBP,7973.58,8019.54,7904.65,7927.63,2449700.0,2022-01-03
6279,ICBP.JK,Indofood CBP,7950.6,8134.43,7927.63,8065.5,4450000.0,2022-01-04
6280,ICBP.JK,Indofood CBP,8042.52,8111.46,7973.58,8111.46,3133400.0,2022-01-05
6281,ICBP.JK,Indofood CBP,8111.46,8134.43,8019.54,8134.43,1984800.0,2022-01-06
6282,ICBP.JK,Indofood CBP,8088.48,8226.35,8065.5,8157.41,6266500.0,2022-01-07
6283,ICBP.JK,Indofood CBP,8180.39,8249.33,8111.46,8134.43,3461300.0,2022-01-10
6284,ICBP.JK,Indofood CBP,8134.43,8134.43,7950.6,7996.56,3692600.0,2022-01-11
6285,ICBP.JK,Indofood CBP,8019.54,8111.46,7996.56,8042.52,2584900.0,2022-01-12
6286,ICBP.JK,Indofood CBP,8019.54,8111.46,7996.56,8065.5,2367700.0,2022-01-13
6287,ICBP.JK,Indofood CBP,8065.5,8111.46,8019.54,8042.52,1865900.0,2022-01-14
6288,ICBP.JK,Indofood CBP,8042.52,8088.48,8019.54,8065.5,3363800.0,2022-01-17
6289,ICBP.JK,Indofood CBP,8065.5,8065.5,7996.56,8065.5,3038300.0,2022-01-18
6290,ICBP.JK,Indofood CBP,8065.5,8065.5,7950.61,8042.52,2877200.0,2022-01-19
6291,ICBP.JK,Indofood CBP,8019.54,8042.52,7835.71,7835.71,9525700.0,2022-01-20
6292,ICBP.JK,Indofood CBP,7858.69,8019.54,7858.69,7973.58,8287900.0,2022-01-21
6293,ICBP.JK,Indofood CBP,7973.58,8019.54,7881.67,7904.65,2233500.0,2022-01-24
6294,ICBP.JK,Indofood CBP,7904.65,8065.5,7904.65,8042.52,5194200.0,2022-01-25
6295,ICBP.JK,Indofood CBP,8065.5,8111.46,8019.54,8042.52,3207700.0,2022-01-26
6296,ICBP.JK,Indofood CBP,8042.52,8088.48,7950.6,7996.56,1600000.0,2022-01-27
6297,ICBP.JK,Indofood CBP,7996.56,8088.48,7881.67,7973.58,3084800.0,2022-01-28
6298,ICBP.JK,Indofood CBP,7973.58,8042.52,7881.67,8019.54,11996000.0,2022-01-31
6299,ICBP.JK,Indofood CBP,8019.54,8019.54,7904.65,7973.58,2102100.0,2022-02-02
6300,ICBP.JK,Indofood CBP,7904.65,7904.65,7812.73,7812.73,4600200.0,2022-02-03
6301,ICBP.JK,Indofood CBP,7835.71,7996.56,7789.75,7927.63,4939500.0,2022-02-04
6302,ICBP.JK,Indofood CBP,7927.63,8042.52,7904.65,7950.6,5159100.0,2022-02-07
6303,ICBP.JK,Indofood CBP,7950.6,8042.52,7904.65,7927.63,4900000.0,2022-02-08
6304,ICBP.JK,Indofood CBP,7927.63,8019.54,7927.63,7973.58,6006500.0,2022-02-09
6305,ICBP.JK,Indofood CBP,7973.58,8019.54,7927.63,7927.63,5007100.0,2022-02-10
6306,ICBP.JK,Indofood CBP,7927.63,7973.58,7858.69,7950.6,6545700.0,2022-02-11
6307,ICBP.JK,Indofood CBP,7881.67,7950.6,7835.71,7858.69,3905100.0,2022-02-14
6308,ICBP.JK,Indofood CBP,7858.69,7927.63,7674.86,7858.69,11049400.0,2022-02-15
6309,ICBP.JK,Indofood CBP,7858.69,7904.65,7789.75,7812.73,7178700.0,2022-02-16
6310,ICBP.JK,Indofood CBP,7835.71,7881.67,7812.73,7835.71,5767000.0,2022-02-17
6311,ICBP.JK,Indofood CBP,7835.71,7950.6,7835.71,7835.71,9210400.0,2022-02-18
6312,ICBP.JK,Indofood CBP,7835.71,7881.67,7812.73,7812.73,7714500.0,2022-02-21
6313,ICBP.JK,Indofood CBP,7835.71,7835.71,7720.82,7835.71,7311200.0,2022-02-22
6314,ICBP.JK,Indofood CBP,7835.71,8019.54,7789.75,7996.56,7812000.0,2022-02-23
6315,ICBP.JK,Indofood CBP,7973.58,7996.56,7766.78,7835.71,10974000.0,2022-02-24
6316,ICBP.JK,Indofood CBP,7835.71,7950.6,7789.75,7812.73,10382300.0,2022-02-25
6317,ICBP.JK,Indofood CBP,7812.73,7835.71,7491.03,7582.95,21470900.0,2022-03-01
6318,ICBP.JK,Indofood CBP,7445.07,7559.97,7261.25,7284.22,28428600.0,2022-03-02
6319,ICBP.JK,Indofood CBP,7261.25,7307.2,7123.37,7192.31,24282500.0,2022-03-04
6320,ICBP.JK,Indofood CBP,7169.33,7169.33,6778.69,6801.67,25237400.0,2022-03-07
6321,ICBP.JK,Indofood CBP,6801.67,6985.5,6801.67,6985.5,21825800.0,2022-03-08
6322,ICBP.JK,Indofood CBP,7031.46,7123.37,6939.55,7008.48,11438800.0,2022-03-09
6323,ICBP.JK,Indofood CBP,7146.35,7169.33,7031.46,7123.37,8712200.0,2022-03-10
6324,ICBP.JK,Indofood CBP,7123.37,7146.35,6939.55,6939.55,8055000.0,2022-03-11
6325,ICBP.JK,Indofood CBP,6962.52,6985.5,6893.59,6916.57,6353200.0,2022-03-14
6326,ICBP.JK,Indofood CBP,6916.57,6985.5,6778.7,6824.65,15064300.0,2022-03-15
6327,ICBP.JK,Indofood CBP,6824.65,7031.46,6824.65,7008.48,7742600.0,2022-03-16
6328,ICBP.JK,Indofood CBP,7031.46,7077.42,6870.61,6962.52,6832200.0,2022-03-17
6329,ICBP.JK,Indofood CBP,6985.5,6985.5,6847.63,6962.52,8157900.0,2022-03-18
6330,ICBP.JK,Indofood CBP,6985.5,6985.5,6847.63,6847.63,4030800.0,2022-03-21
6331,ICBP.JK,Indofood CBP,6870.61,6985.5,6870.61,6870.61,4588300.0,2022-03-22
6332,ICBP.JK,Indofood CBP,6870.61,6939.55,6870.61,6893.59,3310700.0,2022-03-23
6333,ICBP.JK,Indofood CBP,6916.57,6939.55,6893.59,6939.55,3315100.0,2022-03-24
6334,ICBP.JK,Indofood CBP,6939.55,6939.55,6617.84,6663.8,28613700.0,2022-03-25
6335,ICBP.JK,Indofood CBP,6663.8,6801.67,6617.84,6686.78,13828500.0,2022-03-28
6336,ICBP.JK,Indofood CBP,6709.76,6801.67,6663.8,6709.76,9243600.0,2022-03-29
6337,ICBP.JK,Indofood CBP,6755.72,6870.61,6732.74,6778.69,9768800.0,2022-03-30
6338,ICBP.JK,Indofood CBP,6801.67,6847.63,6709.76,6755.72,6875300.0,2022-03-31
6339,ICBP.JK,Indofood CBP,6755.72,6939.55,6755.72,6916.57,14229300.0,2022-04-01
6340,ICBP.JK,Indofood CBP,6939.55,7031.46,6939.55,6939.55,9542200.0,2022-04-04
6341,ICBP.JK,Indofood CBP,6939.55,6985.5,6893.59,6962.52,6290300.0,2022-04-05
6342,ICBP.JK,Indofood CBP,6962.52,6985.5,6732.74,6801.67,14545900.0,2022-04-06
6343,ICBP.JK,Indofood CBP,6801.67,6985.5,6778.69,6962.52,11142300.0,2022-04-07
6344,ICBP.JK,Indofood CBP,6962.52,6985.5,6824.65,6847.63,4565300.0,2022-04-08
6345,ICBP.JK,Indofood CBP,6847.63,6916.57,6778.69,6916.57,4994400.0,2022-04-11
6346,ICBP.JK,Indofood CBP,6893.59,6893.59,6732.74,6801.67,4546800.0,2022-04-12
6347,ICBP.JK,Indofood CBP,6801.67,6824.65,6709.76,6732.74,8990800.0,2022-04-13
6348,ICBP.JK,Indofood CBP,6709.76,6732.74,6571.89,6594.87,10581800.0,2022-04-14
6349,ICBP.JK,Indofood CBP,6594.87,6640.82,6479.97,6525.93,7820300.0,2022-04-18
6350,ICBP.JK,Indofood CBP,6548.91,6663.8,6525.93,6594.87,8334300.0,2022-04-19
6351,ICBP.JK,Indofood CBP,6617.84,6801.67,6617.84,6732.74,7752700.0,2022-04-20
6352,ICBP.JK,Indofood CBP,6732.74,6870.61,6732.74,6824.65,8557700.0,2022-04-21
6353,ICBP.JK,Indofood CBP,6824.65,6847.63,6663.8,6709.76,6678100.0,2022-04-22
6354,ICBP.JK,Indofood CBP,6709.76,6847.63,6686.78,6824.65,7140000.0,2022-04-25
6355,ICBP.JK,Indofood CBP,6847.63,6985.5,6755.72,6962.52,11541600.0,2022-04-26
6356,ICBP.JK,Indofood CBP,6962.52,6985.5,6847.63,6985.5,7890200.0,2022-04-27
6357,ICBP.JK,Indofood CBP,6985.5,7031.46,6916.57,7008.48,7891500.0,2022-04-28
6358,ICBP.JK,Indofood CBP,6939.55,6962.52,6801.67,6801.67,9648400.0,2022-05-09
6359,ICBP.JK,Indofood CBP,6709.76,7353.16,6617.84,7330.18,24691800.0,2022-05-10
6360,ICBP.JK,Indofood CBP,7307.2,7674.86,7146.35,7628.9,21331500.0,2022-05-11
6361,ICBP.JK,Indofood CBP,7628.9,7651.88,7307.2,7376.14,16279900.0,2022-05-12
6362,ICBP.JK,Indofood CBP,7353.16,7605.93,7238.27,7514.01,11232900.0,2022-05-13
6363,ICBP.JK,Indofood CBP,7307.2,7307.2,7123.37,7192.31,11289000.0,2022-05-17
6364,ICBP.JK,Indofood CBP,7238.27,7582.95,7192.31,7445.07,13474300.0,2022-05-18
6365,ICBP.JK,Indofood CBP,7353.16,7559.97,7238.27,7330.18,10620900.0,2022-05-19
6366,ICBP.JK,Indofood CBP,7353.16,7445.07,7353.16,7399.12,5593000.0,2022-05-20
6367,ICBP.JK,Indofood CBP,7422.1,7445.07,7284.22,7330.18,5300800.0,2022-05-23
6368,ICBP.JK,Indofood CBP,7399.12,7514.01,7330.18,7491.03,6395400.0,2022-05-24
6369,ICBP.JK,Indofood CBP,7491.03,7582.95,7491.03,7582.95,6948800.0,2022-05-25
6370,ICBP.JK,Indofood CBP,7628.9,7950.6,7605.93,7927.63,14411000.0,2022-05-27
6371,ICBP.JK,Indofood CBP,7927.63,7950.6,7812.73,7858.69,5869400.0,2022-05-30
6372,ICBP.JK,Indofood CBP,7858.69,7881.67,7766.78,7881.67,8505500.0,2022-05-31
6373,ICBP.JK,Indofood CBP,8042.52,8088.48,7766.78,7858.69,8258900.0,2022-06-02
6374,ICBP.JK,Indofood CBP,7858.69,7950.6,7835.71,7881.67,4816900.0,2022-06-03
6375,ICBP.JK,Indofood CBP,7881.67,7973.58,7858.69,7950.6,4912400.0,2022-06-06
6376,ICBP.JK,Indofood CBP,7973.58,7996.56,7881.67,7881.67,5391500.0,2022-06-07
6377,ICBP.JK,Indofood CBP,7904.65,7973.58,7881.67,7881.67,4854600.0,2022-06-08
6378,ICBP.JK,Indofood CBP,7881.67,7950.6,7858.69,7927.63,6835000.0,2022-06-09
6379,ICBP.JK,Indofood CBP,7858.69,7904.65,7812.73,7812.73,6748700.0,2022-06-10
6380,ICBP.JK,Indofood CBP,7697.84,7927.63,7536.99,7904.65,9404100.0,2022-06-13
6381,ICBP.JK,Indofood CBP,7904.65,7950.6,7766.78,7950.6,5273000.0,2022-06-14
6382,ICBP.JK,Indofood CBP,7904.65,7927.63,7789.75,7904.65,2774400.0,2022-06-15
6383,ICBP.JK,Indofood CBP,7973.58,7996.56,7950.6,7973.58,6615900.0,2022-06-16
6384,ICBP.JK,Indofood CBP,7927.63,7950.6,7858.69,7858.69,15529900.0,2022-06-17
6385,ICBP.JK,Indofood CBP,7950.6,8249.33,7904.65,8249.33,18639200.0,2022-06-20
6386,ICBP.JK,Indofood CBP,8272.31,8456.13,8272.31,8410.18,18588800.0,2022-06-21
6387,ICBP.JK,Indofood CBP,8410.18,8479.11,8226.35,8479.11,12168500.0,2022-06-22
6388,ICBP.JK,Indofood CBP,8479.11,8594.01,8433.16,8571.03,14035700.0,2022-06-23
6389,ICBP.JK,Indofood CBP,8594.01,8685.92,8548.05,8662.94,14596100.0,2022-06-24
6390,ICBP.JK,Indofood CBP,8662.94,8731.88,8616.98,8731.88,12022100.0,2022-06-27
6391,ICBP.JK,Indofood CBP,8731.88,8754.86,8685.92,8731.88,14198000.0,2022-06-28
6392,ICBP.JK,Indofood CBP,8823.79,8846.77,8639.96,8685.92,7580700.0,2022-06-29
6393,ICBP.JK,Indofood CBP,8685.92,8800.81,8685.92,8777.84,14236800.0,2022-06-30
6394,ICBP.JK,Indofood CBP,8777.83,8777.83,8525.07,8594.01,6160300.0,2022-07-01
6395,ICBP.JK,Indofood CBP,8594.01,8594.01,8249.33,8479.11,8105800.0,2022-07-04
6396,ICBP.JK,Indofood CBP,8502.09,8594.01,8410.18,8433.16,4827900.0,2022-07-05
6397,ICBP.JK,Indofood CBP,8433.16,8685.92,8433.16,8685.92,8890700.0,2022-07-06
6398,ICBP.JK,Indofood CBP,8708.9,8731.88,8616.98,8708.9,8219500.0,2022-07-07
6399,ICBP.JK,Indofood CBP,8731.88,8731.88,8502.09,8662.94,4717000.0,2022-07-08
6400,ICBP.JK,Indofood CBP,8639.96,8685.92,8548.05,8685.92,2464400.0,2022-07-11
6401,ICBP.JK,Indofood CBP,8685.92,8731.88,8571.03,8571.03,4425700.0,2022-07-12
6402,ICBP.JK,Indofood CBP,8548.05,8639.96,8479.11,8548.05,6786200.0,2022-07-13
6403,ICBP.JK,Indofood CBP,8479.11,8548.05,8410.18,8502.09,5480200.0,2022-07-14
6404,ICBP.JK,Indofood CBP,8456.13,8662.94,8456.13,8594.01,5190200.0,2022-07-15
6405,ICBP.JK,Indofood CBP,8594.01,8731.88,8456.13,8731.88,4903100.0,2022-07-18
6406,ICBP.JK,Indofood CBP,8731.88,8731.88,8594.01,8685.92,4373500.0,2022-07-19
6407,ICBP.JK,Indofood CBP,8639.96,8731.88,8639.96,8685.92,7280900.0,2022-07-20
6408,ICBP.JK,Indofood CBP,8685.92,8731.88,8571.03,8731.88,5238400.0,2022-07-21
6409,ICBP.JK,Indofood CBP,8731.88,8823.79,8639.96,8639.96,4172000.0,2022-07-22
6410,ICBP.JK,Indofood CBP,8639.96,8731.88,8639.96,8685.92,2168900.0,2022-07-25
6411,ICBP.JK,Indofood CBP,8685.92,8685.92,8525.07,8616.98,3983700.0,2022-07-26
6412,ICBP.JK,Indofood CBP,8616.98,8616.98,8456.13,8525.07,6584100.0,2022-07-27
6413,ICBP.JK,Indofood CBP,8502.09,8502.09,8157.41,8249.33,36869300.0,2022-07-28
6414,ICBP.JK,Indofood CBP,8226.35,8249.33,8065.5,8111.46,15100400.0,2022-07-29
6415,ICBP.JK,Indofood CBP,8134.43,8249.33,8111.46,8180.39,5969300.0,2022-08-01
6416,ICBP.JK,Indofood CBP,8241.61,8453.54,8194.52,8453.54,8753500.0,2022-08-02
6417,ICBP.JK,Indofood CBP,8429.99,8429.99,8218.07,8288.71,8092700.0,2022-08-03
6418,ICBP.JK,Indofood CBP,8335.8,8406.45,8194.52,8406.45,7101900.0,2022-08-04
6419,ICBP.JK,Indofood CBP,8406.45,8429.99,8241.61,8288.71,5847300.0,2022-08-05
6420,ICBP.JK,Indofood CBP,8288.71,8406.45,8241.61,8288.71,5381600.0,2022-08-08
6421,ICBP.JK,Indofood CBP,8241.61,8288.71,8123.88,8218.07,9512100.0,2022-08-09
6422,ICBP.JK,Indofood CBP,8194.52,8218.07,8006.14,8218.07,9132000.0,2022-08-10
6423,ICBP.JK,Indofood CBP,8288.71,8359.35,8194.52,8359.35,8299700.0,2022-08-11
6424,ICBP.JK,Indofood CBP,8382.9,8382.9,8147.42,8170.97,12405000.0,2022-08-12
6425,ICBP.JK,Indofood CBP,8194.52,8359.35,8170.97,8359.35,7725900.0,2022-08-15
6426,ICBP.JK,Indofood CBP,8359.35,8382.9,8170.97,8241.62,6877200.0,2022-08-16
6427,ICBP.JK,Indofood CBP,8241.61,8335.8,8170.97,8265.16,4612700.0,2022-08-18
6428,ICBP.JK,Indofood CBP,8265.16,8288.71,8194.52,8194.52,2671500.0,2022-08-19
6429,ICBP.JK,Indofood CBP,8194.52,8241.61,8100.33,8218.07,6545700.0,2022-08-22
6430,ICBP.JK,Indofood CBP,8265.16,8335.8,8241.61,8288.71,4274600.0,2022-08-23
6431,ICBP.JK,Indofood CBP,8288.71,8312.26,8194.52,8265.16,4350700.0,2022-08-24
6432,ICBP.JK,Indofood CBP,8312.26,8312.26,8218.07,8265.16,3658400.0,2022-08-25
6433,ICBP.JK,Indofood CBP,8265.16,8288.71,8194.52,8218.07,3573500.0,2022-08-26
6434,ICBP.JK,Indofood CBP,8170.97,8335.8,8147.42,8335.8,2426600.0,2022-08-29
6435,ICBP.JK,Indofood CBP,8335.8,8359.35,8218.07,8218.07,5118700.0,2022-08-30
6436,ICBP.JK,Indofood CBP,7652.93,7935.5,7652.93,7817.76,40179900.0,2022-08-31
6437,ICBP.JK,Indofood CBP,7817.76,8218.07,7817.76,8194.52,22198800.0,2022-09-01
6438,ICBP.JK,Indofood CBP,8194.52,8218.07,8076.78,8218.07,8052700.0,2022-09-02
6439,ICBP.JK,Indofood CBP,8194.52,8218.07,8100.33,8194.52,7694000.0,2022-09-05
6440,ICBP.JK,Indofood CBP,8194.52,8265.16,8100.33,8147.42,8195400.0,2022-09-06
6441,ICBP.JK,Indofood CBP,8100.33,8147.42,8006.14,8053.23,7229800.0,2022-09-07
6442,ICBP.JK,Indofood CBP,8053.23,8100.33,8006.14,8029.69,2567400.0,2022-09-08
6443,ICBP.JK,Indofood CBP,8029.69,8053.23,7935.5,7959.04,4783500.0,2022-09-09
6444,ICBP.JK,Indofood CBP,7959.05,8100.33,7959.05,8100.33,3479000.0,2022-09-12
6445,ICBP.JK,Indofood CBP,8100.33,8100.33,8006.14,8029.69,5413000.0,2022-09-13
6446,ICBP.JK,Indofood CBP,7982.59,8100.33,7982.59,8029.69,5287300.0,2022-09-14
6447,ICBP.JK,Indofood CBP,8100.33,8147.43,8029.69,8100.33,6959000.0,2022-09-15
6448,ICBP.JK,Indofood CBP,8100.33,8147.42,8029.69,8147.42,13190200.0,2022-09-16
6449,ICBP.JK,Indofood CBP,8123.88,8265.16,8076.78,8194.52,4445400.0,2022-09-19
6450,ICBP.JK,Indofood CBP,8194.52,8382.9,8194.52,8359.35,6978300.0,2022-09-20
6451,ICBP.JK,Indofood CBP,8382.9,8382.9,8194.52,8194.52,4979500.0,2022-09-21
6452,ICBP.JK,Indofood CBP,8194.52,8312.26,8170.97,8312.26,3474200.0,2022-09-22
6453,ICBP.JK,Indofood CBP,8335.8,8477.09,8265.16,8477.09,7310000.0,2022-09-23
6454,ICBP.JK,Indofood CBP,8453.54,8571.28,8335.8,8547.73,11479900.0,2022-09-26
6455,ICBP.JK,Indofood CBP,8547.73,8547.73,8335.8,8335.8,8523700.0,2022-09-27
6456,ICBP.JK,Indofood CBP,8335.8,8429.99,8288.71,8288.71,3243300.0,2022-09-28
6457,ICBP.JK,Indofood CBP,8288.71,8359.35,8241.61,8335.8,4652900.0,2022-09-29
6458,ICBP.JK,Indofood CBP,8335.8,8359.35,8100.33,8147.42,8292000.0,2022-09-30
6459,ICBP.JK,Indofood CBP,8147.42,8241.61,8123.88,8218.07,3692900.0,2022-10-03
6460,ICBP.JK,Indofood CBP,8218.07,8265.16,7982.59,8029.69,7330500.0,2022-10-04
6461,ICBP.JK,Indofood CBP,8053.23,8218.07,8029.69,8147.42,3838300.0,2022-10-05
6462,ICBP.JK,Indofood CBP,8147.42,8359.35,8147.42,8312.26,4286500.0,2022-10-06
6463,ICBP.JK,Indofood CBP,8312.26,8382.9,8241.61,8382.9,3913000.0,2022-10-07
6464,ICBP.JK,Indofood CBP,8382.9,8429.99,8335.8,8429.99,5712500.0,2022-10-10
6465,ICBP.JK,Indofood CBP,8406.45,8477.09,8335.8,8477.09,3055500.0,2022-10-11
6466,ICBP.JK,Indofood CBP,8477.09,8477.09,8359.35,8429.99,4142100.0,2022-10-12
6467,ICBP.JK,Indofood CBP,8406.45,8429.99,8288.71,8335.8,3106000.0,2022-10-13
6468,ICBP.JK,Indofood CBP,8335.8,8335.8,8194.52,8194.52,2742200.0,2022-10-14
6469,ICBP.JK,Indofood CBP,8194.52,8312.26,8076.78,8312.26,3735500.0,2022-10-17
6470,ICBP.JK,Indofood CBP,8312.26,8429.99,8265.16,8429.99,4606600.0,2022-10-18
6471,ICBP.JK,Indofood CBP,8429.99,8618.37,8312.26,8594.83,5120900.0,2022-10-19
6472,ICBP.JK,Indofood CBP,8571.28,8948.04,8571.28,8948.04,11282000.0,2022-10-20
6473,ICBP.JK,Indofood CBP,8759.66,8924.49,8759.66,8877.4,12299200.0,2022-10-21
6474,ICBP.JK,Indofood CBP,8948.04,8971.59,8806.75,8877.4,7596200.0,2022-10-24
6475,ICBP.JK,Indofood CBP,8877.4,8971.59,8853.85,8971.59,10549000.0,2022-10-25
6476,ICBP.JK,Indofood CBP,8971.59,9230.61,8924.49,9230.61,21378000.0,2022-10-26
6477,ICBP.JK,Indofood CBP,9207.06,9324.8,9136.42,9254.16,9880700.0,2022-10-27
6478,ICBP.JK,Indofood CBP,9324.8,9324.8,9207.06,9230.61,10192100.0,2022-10-28
6479,ICBP.JK,Indofood CBP,9254.16,9324.8,9065.78,9159.97,12513900.0,2022-10-31
6480,ICBP.JK,Indofood CBP,9159.97,9159.97,8806.75,8948.04,10660500.0,2022-11-01
6481,ICBP.JK,Indofood CBP,8971.59,9112.87,8948.04,9042.23,5675700.0,2022-11-02
6482,ICBP.JK,Indofood CBP,9042.23,9089.32,8924.49,8995.13,4470100.0,2022-11-03
6483,ICBP.JK,Indofood CBP,8971.59,9089.32,8830.3,9089.32,7272400.0,2022-11-04
6484,ICBP.JK,Indofood CBP,9159.97,9207.06,9089.32,9183.51,8038600.0,2022-11-07
6485,ICBP.JK,Indofood CBP,9183.51,9183.51,9089.32,9183.51,1953700.0,2022-11-08
6486,ICBP.JK,Indofood CBP,9183.51,9207.06,9136.42,9183.51,7885600.0,2022-11-09
6487,ICBP.JK,Indofood CBP,9183.51,9207.06,9136.42,9159.97,3773300.0,2022-11-10
6488,ICBP.JK,Indofood CBP,9230.61,9324.8,9042.23,9277.7,8391000.0,2022-11-11
6489,ICBP.JK,Indofood CBP,9277.7,9277.7,9159.97,9183.51,2114500.0,2022-11-14
6490,ICBP.JK,Indofood CBP,9183.51,9254.16,9159.97,9230.61,5912100.0,2022-11-15
6491,ICBP.JK,Indofood CBP,9230.61,9230.61,9042.23,9207.06,3665800.0,2022-11-16
6492,ICBP.JK,Indofood CBP,9183.51,9230.61,9042.23,9112.87,3762600.0,2022-11-17
6493,ICBP.JK,Indofood CBP,9112.87,9207.06,8948.04,9089.32,3350000.0,2022-11-18
6494,ICBP.JK,Indofood CBP,9089.32,9254.16,9065.78,9230.61,2648000.0,2022-11-21
6495,ICBP.JK,Indofood CBP,9230.61,9277.7,9089.32,9089.32,2625200.0,2022-11-22
6496,ICBP.JK,Indofood CBP,9089.32,9324.8,9089.32,9324.8,2818100.0,2022-11-23
6497,ICBP.JK,Indofood CBP,9324.8,9324.8,9207.06,9230.61,2652000.0,2022-11-24
6498,ICBP.JK,Indofood CBP,9230.61,9324.8,9136.42,9324.8,4931600.0,2022-11-25
6499,ICBP.JK,Indofood CBP,9324.8,9418.99,9254.15,9395.44,7923400.0,2022-11-28
6500,ICBP.JK,Indofood CBP,9418.99,9418.99,9324.8,9395.44,4824800.0,2022-11-29
6501,ICBP.JK,Indofood CBP,9395.44,9513.18,9324.8,9513.18,21565300.0,2022-11-30
6502,ICBP.JK,Indofood CBP,9513.18,9583.82,9395.44,9560.27,11562700.0,2022-12-01
6503,ICBP.JK,Indofood CBP,9560.27,9607.37,9442.53,9607.37,7169200.0,2022-12-02
6504,ICBP.JK,Indofood CBP,9583.82,9748.65,9513.18,9748.65,6783100.0,2022-12-05
6505,ICBP.JK,Indofood CBP,9678.01,9748.65,9560.27,9748.65,4223600.0,2022-12-06
6506,ICBP.JK,Indofood CBP,9748.65,9748.65,9489.63,9725.1,5592100.0,2022-12-07
6507,ICBP.JK,Indofood CBP,9607.37,9630.91,9466.08,9607.37,4883200.0,2022-12-08
6508,ICBP.JK,Indofood CBP,9607.37,9630.91,9442.54,9560.27,3475600.0,2022-12-09
6509,ICBP.JK,Indofood CBP,9513.18,9795.75,9348.35,9795.75,7138500.0,2022-12-12
6510,ICBP.JK,Indofood CBP,9795.75,9795.75,9607.37,9701.56,5890400.0,2022-12-13
6511,ICBP.JK,Indofood CBP,9701.56,9725.1,9560.27,9725.1,2376400.0,2022-12-14
6512,ICBP.JK,Indofood CBP,9701.56,9748.65,9607.37,9701.56,3197500.0,2022-12-15
6513,ICBP.JK,Indofood CBP,9701.56,9842.84,9654.46,9819.29,9094300.0,2022-12-16
6514,ICBP.JK,Indofood CBP,9795.75,9795.75,9560.27,9560.27,3943600.0,2022-12-19
6515,ICBP.JK,Indofood CBP,9560.27,9701.56,9466.08,9701.56,1999800.0,2022-12-20
6516,ICBP.JK,Indofood CBP,9678.01,9701.56,9607.37,9630.92,1492500.0,2022-12-21
6517,ICBP.JK,Indofood CBP,9630.91,9748.65,9442.53,9536.72,1609900.0,2022-12-22
6518,ICBP.JK,Indofood CBP,9536.73,9583.82,9418.99,9442.54,1559600.0,2022-12-23
6519,ICBP.JK,Indofood CBP,9466.08,9560.27,9418.99,9560.27,1028000.0,2022-12-26
6520,ICBP.JK,Indofood CBP,9560.27,9607.37,9466.08,9489.63,1260200.0,2022-12-27
6521,ICBP.JK,Indofood CBP,9536.73,9583.82,9418.99,9583.82,1017400.0,2022-12-28
6522,ICBP.JK,Indofood CBP,9560.27,9583.82,9159.97,9583.82,3858600.0,2022-12-29
6523,ICBP.JK,Indofood CBP,9583.82,9583.82,9418.99,9418.99,1958000.0,2022-12-30
6524,ICBP.JK,Indofood CBP,9395.44,9607.37,9395.44,9560.27,1201400.0,2023-01-02
6525,ICBP.JK,Indofood CBP,9513.18,9701.56,9513.18,9583.82,3169800.0,2023-01-03
6526,ICBP.JK,Indofood CBP,9630.92,9654.46,9442.54,9513.18,3973100.0,2023-01-04
6527,ICBP.JK,Indofood CBP,9513.18,9630.92,9301.25,9630.92,3774400.0,2023-01-05
6528,ICBP.JK,Indofood CBP,9630.92,9701.56,9513.18,9583.82,6288100.0,2023-01-06
6529,ICBP.JK,Indofood CBP,9560.27,9678.01,9560.27,9607.37,5829300.0,2023-01-09
6530,ICBP.JK,Indofood CBP,9630.91,9678.01,9560.27,9607.37,12903700.0,2023-01-10
6531,ICBP.JK,Indofood CBP,9607.37,9984.13,9607.37,9913.48,10176300.0,2023-01-11
6532,ICBP.JK,Indofood CBP,9913.49,9913.49,9701.56,9842.84,5439200.0,2023-01-12
6533,ICBP.JK,Indofood CBP,9842.84,9866.39,9701.56,9842.84,6858700.0,2023-01-13
6534,ICBP.JK,Indofood CBP,9842.84,9866.39,9607.37,9795.75,4400700.0,2023-01-16
6535,ICBP.JK,Indofood CBP,9725.1,9889.94,9701.56,9748.65,3597900.0,2023-01-17
6536,ICBP.JK,Indofood CBP,9748.65,9866.39,9725.1,9866.39,1468700.0,2023-01-18
6537,ICBP.JK,Indofood CBP,9866.39,9889.94,9772.2,9889.94,3508100.0,2023-01-19
6538,ICBP.JK,Indofood CBP,9889.94,9913.48,9725.11,9889.94,2174100.0,2023-01-20
6539,ICBP.JK,Indofood CBP,9866.39,9866.39,9678.01,9795.75,1978500.0,2023-01-24
6540,ICBP.JK,Indofood CBP,9795.75,9842.84,9701.56,9819.29,1422900.0,2023-01-25
6541,ICBP.JK,Indofood CBP,9819.29,9819.29,9418.99,9489.63,11211000.0,2023-01-26
6542,ICBP.JK,Indofood CBP,9489.63,9536.72,9348.34,9418.99,6769700.0,2023-01-27
6543,ICBP.JK,Indofood CBP,9418.99,9583.82,9371.89,9513.18,3962300.0,2023-01-30
6544,ICBP.JK,Indofood CBP,9513.18,9772.2,9442.54,9513.18,19385600.0,2023-01-31
6545,ICBP.JK,Indofood CBP,9536.72,9772.2,9536.72,9772.2,6394700.0,2023-02-01
6546,ICBP.JK,Indofood CBP,9772.2,9795.75,9630.91,9654.46,3471900.0,2023-02-02
6547,ICBP.JK,Indofood CBP,9654.46,9889.94,9630.91,9866.39,6290200.0,2023-02-03
6548,ICBP.JK,Indofood CBP,9842.84,9866.39,9678.01,9678.01,3375400.0,2023-02-06
6549,ICBP.JK,Indofood CBP,9701.56,9795.75,9678.01,9678.01,1421900.0,2023-02-07
6550,ICBP.JK,Indofood CBP,9654.46,9819.29,9654.46,9725.1,1465900.0,2023-02-08
6551,ICBP.JK,Indofood CBP,9725.11,9795.75,9654.46,9701.56,3348000.0,2023-02-09
6552,ICBP.JK,Indofood CBP,9654.46,9772.2,9654.46,9701.56,2206800.0,2023-02-10
6553,ICBP.JK,Indofood CBP,9701.56,9960.58,9678.01,9678.01,9716000.0,2023-02-13
6554,ICBP.JK,Indofood CBP,9748.65,9889.94,9678.01,9701.56,8167300.0,2023-02-14
6555,ICBP.JK,Indofood CBP,9725.11,9795.75,9654.46,9701.56,2018800.0,2023-02-15
6556,ICBP.JK,Indofood CBP,9725.1,9725.1,9536.72,9607.37,3145300.0,2023-02-16
6557,ICBP.JK,Indofood CBP,9607.37,9795.75,9560.27,9748.65,2249400.0,2023-02-17
6558,ICBP.JK,Indofood CBP,9748.65,9748.65,9583.82,9748.65,1671600.0,2023-02-20
6559,ICBP.JK,Indofood CBP,9748.65,9842.84,9654.46,9701.56,2415800.0,2023-02-21
6560,ICBP.JK,Indofood CBP,9701.56,9701.56,9513.18,9630.92,1786400.0,2023-02-22
6561,ICBP.JK,Indofood CBP,9630.92,9701.56,9560.27,9630.92,2221800.0,2023-02-23
6562,ICBP.JK,Indofood CBP,9607.37,9654.46,9560.27,9583.82,1169200.0,2023-02-24
6563,ICBP.JK,Indofood CBP,9536.72,9560.27,9418.99,9466.08,3355700.0,2023-02-27
6564,ICBP.JK,Indofood CBP,9418.99,9536.72,9324.8,9536.72,6041600.0,2023-02-28
6565,ICBP.JK,Indofood CBP,9536.72,9536.72,9183.51,9324.8,11688400.0,2023-03-01
6566,ICBP.JK,Indofood CBP,9301.25,9301.25,9136.42,9277.7,9145000.0,2023-03-02
6567,ICBP.JK,Indofood CBP,9277.7,9324.8,9159.97,9159.97,4486000.0,2023-03-03
6568,ICBP.JK,Indofood CBP,9136.42,9277.7,9136.42,9183.51,4757200.0,2023-03-06
6569,ICBP.JK,Indofood CBP,9183.51,9583.82,9089.32,9395.44,10589900.0,2023-03-07
6570,ICBP.JK,Indofood CBP,9395.44,9395.44,9230.61,9230.61,4646700.0,2023-03-08
6571,ICBP.JK,Indofood CBP,9230.61,9348.35,9183.51,9230.61,1450100.0,2023-03-09
6572,ICBP.JK,Indofood CBP,9230.61,9395.44,9065.78,9183.51,3436700.0,2023-03-10
6573,ICBP.JK,Indofood CBP,9159.97,9301.25,9089.32,9089.32,1858700.0,2023-03-13
6574,ICBP.JK,Indofood CBP,9089.32,9159.97,9042.23,9089.32,2627200.0,2023-03-14
6575,ICBP.JK,Indofood CBP,9089.32,9159.97,8783.21,8783.21,4882400.0,2023-03-15
6576,ICBP.JK,Indofood CBP,8759.66,9042.23,8736.11,8853.85,5112400.0,2023-03-16
6577,ICBP.JK,Indofood CBP,8948.04,9230.61,8948.04,8995.13,8527800.0,2023-03-17
6578,ICBP.JK,Indofood CBP,8995.13,9065.78,8900.94,9065.78,2151300.0,2023-03-20
6579,ICBP.JK,Indofood CBP,9065.78,9159.97,8995.13,9136.42,3073600.0,2023-03-21
6580,ICBP.JK,Indofood CBP,9089.32,9536.72,9065.77,9395.44,7244800.0,2023-03-24
6581,ICBP.JK,Indofood CBP,9418.99,9442.53,9301.25,9395.44,2852200.0,2023-03-27
6582,ICBP.JK,Indofood CBP,9418.99,9607.37,9395.44,9513.18,5237500.0,2023-03-28
6583,ICBP.JK,Indofood CBP,9513.18,9536.72,9395.44,9395.44,5013700.0,2023-03-29
6584,ICBP.JK,Indofood CBP,9395.44,9395.44,9254.16,9301.25,5282600.0,2023-03-30
6585,ICBP.JK,Indofood CBP,9301.25,9418.99,9277.7,9395.44,4672700.0,2023-03-31
6586,ICBP.JK,Indofood CBP,9395.44,9395.44,9277.7,9395.44,3949200.0,2023-04-03
6587,ICBP.JK,Indofood CBP,9395.44,9607.37,9277.7,9607.37,6696500.0,2023-04-04
6588,ICBP.JK,Indofood CBP,9607.37,9607.37,9442.53,9536.72,4243900.0,2023-04-05
6589,ICBP.JK,Indofood CBP,9536.72,9536.72,9395.44,9489.63,2480300.0,2023-04-06
6590,ICBP.JK,Indofood CBP,9466.08,9489.63,9418.99,9489.63,2263100.0,2023-04-10
6591,ICBP.JK,Indofood CBP,9513.18,9607.37,9466.08,9607.37,1579100.0,2023-04-11
6592,ICBP.JK,Indofood CBP,9583.82,9583.82,9442.53,9466.08,3379700.0,2023-04-12
6593,ICBP.JK,Indofood CBP,9489.63,9772.2,9489.63,9654.46,3551000.0,2023-04-13
6594,ICBP.JK,Indofood CBP,9701.56,9748.65,9607.37,9654.46,4102000.0,2023-04-14
6595,ICBP.JK,Indofood CBP,9536.73,9630.92,9442.54,9630.92,4558000.0,2023-04-17
6596,ICBP.JK,Indofood CBP,9630.91,9725.1,9560.27,9607.37,4165200.0,2023-04-18
6597,ICBP.JK,Indofood CBP,9513.18,9748.65,9418.99,9607.37,11287900.0,2023-04-26
6598,ICBP.JK,Indofood CBP,9513.18,9701.56,9513.18,9654.46,4748200.0,2023-04-27
6599,ICBP.JK,Indofood CBP,9654.46,9960.58,9607.37,9960.58,9935000.0,2023-04-28
6600,ICBP.JK,Indofood CBP,9937.03,9937.03,9725.1,9795.75,5413700.0,2023-05-02
6601,ICBP.JK,Indofood CBP,10007.67,10219.6,9960.58,10125.41,19269600.0,2023-05-03
6602,ICBP.JK,Indofood CBP,10078.32,10219.6,10007.67,10172.51,8644600.0,2023-05-04
6603,ICBP.JK,Indofood CBP,10172.51,10243.15,10078.32,10243.15,15775700.0,2023-05-05
6604,ICBP.JK,Indofood CBP,10243.15,10407.98,10219.6,10384.43,16280400.0,2023-05-08
6605,ICBP.JK,Indofood CBP,10384.43,10478.62,10290.24,10360.89,12832600.0,2023-05-09
6606,ICBP.JK,Indofood CBP,10290.24,10407.98,10219.6,10266.7,4090800.0,2023-05-10
6607,ICBP.JK,Indofood CBP,10266.7,10337.34,10148.96,10337.34,4074000.0,2023-05-11
6608,ICBP.JK,Indofood CBP,10266.7,10337.34,10219.6,10243.15,3636400.0,2023-05-12
6609,ICBP.JK,Indofood CBP,10266.7,10478.62,10266.7,10360.89,11802100.0,2023-05-15
6610,ICBP.JK,Indofood CBP,10360.89,10384.43,10313.79,10360.89,6701500.0,2023-05-16
6611,ICBP.JK,Indofood CBP,10431.53,10431.53,10290.24,10360.89,9627800.0,2023-05-17
6612,ICBP.JK,Indofood CBP,10407.98,10407.98,10290.24,10313.79,13878600.0,2023-05-19
6613,ICBP.JK,Indofood CBP,10313.79,10431.53,10313.79,10360.89,18449000.0,2023-05-22
6614,ICBP.JK,Indofood CBP,10360.89,10690.55,10337.34,10525.72,16962200.0,2023-05-23
6615,ICBP.JK,Indofood CBP,10525.72,10596.36,10502.17,10549.27,10976800.0,2023-05-24
6616,ICBP.JK,Indofood CBP,10549.27,10619.91,10525.72,10549.27,16498000.0,2023-05-25
6617,ICBP.JK,Indofood CBP,10549.27,10596.36,10525.72,10549.27,9079400.0,2023-05-26
6618,ICBP.JK,Indofood CBP,10549.27,10596.36,10502.17,10525.72,7607500.0,2023-05-29
6619,ICBP.JK,Indofood CBP,10549.27,10667.0,10525.72,10549.27,11956500.0,2023-05-30
6620,ICBP.JK,Indofood CBP,10643.46,11020.22,10596.36,11020.22,55219100.0,2023-05-31
6621,ICBP.JK,Indofood CBP,10902.48,10902.48,10667.0,10878.93,19610600.0,2023-06-05
6622,ICBP.JK,Indofood CBP,10737.65,10878.93,10596.36,10643.46,16325200.0,2023-06-06
6623,ICBP.JK,Indofood CBP,10596.36,10808.29,10596.36,10643.46,14861700.0,2023-06-07
6624,ICBP.JK,Indofood CBP,10667.0,10855.38,10596.36,10643.46,10950100.0,2023-06-08
6625,ICBP.JK,Indofood CBP,10643.46,10737.65,10525.72,10714.1,14068100.0,2023-06-09
6626,ICBP.JK,Indofood CBP,10690.55,10737.65,10572.81,10643.46,5427500.0,2023-06-12
6627,ICBP.JK,Indofood CBP,10643.46,10667.0,10572.81,10596.36,5166300.0,2023-06-13
6628,ICBP.JK,Indofood CBP,10643.46,10643.46,10572.81,10643.46,4387300.0,2023-06-14
6629,ICBP.JK,Indofood CBP,10667.0,10690.55,10596.36,10667.0,8669700.0,2023-06-15
6630,ICBP.JK,Indofood CBP,10643.46,10737.65,10549.27,10549.27,14121200.0,2023-06-16
6631,ICBP.JK,Indofood CBP,10549.27,10619.91,10549.27,10596.36,4302900.0,2023-06-19
6632,ICBP.JK,Indofood CBP,10596.36,10596.36,10337.34,10549.27,8294300.0,2023-06-20
6633,ICBP.JK,Indofood CBP,10549.27,10714.1,10525.72,10667.0,9926300.0,2023-06-21
6634,ICBP.JK,Indofood CBP,10643.46,10643.46,10478.62,10525.72,6988400.0,2023-06-22
6635,ICBP.JK,Indofood CBP,10502.17,10596.36,10431.53,10525.72,5224200.0,2023-06-23
6636,ICBP.JK,Indofood CBP,10619.91,10714.1,10525.72,10667.0,7496000.0,2023-06-26
6637,ICBP.JK,Indofood CBP,10690.55,10784.74,10596.36,10667.0,11473200.0,2023-06-27
6638,ICBP.JK,Indofood CBP,10926.03,10926.03,10690.55,10902.48,7246700.0,2023-07-03
6639,ICBP.JK,Indofood CBP,10926.03,10926.03,10784.74,10808.29,3933600.0,2023-07-04
6640,ICBP.JK,Indofood CBP,10831.84,10878.93,10690.55,10784.74,8144000.0,2023-07-05
6641,ICBP.JK,Indofood CBP,10784.74,10784.74,10690.55,10737.65,3790500.0,2023-07-06
6642,ICBP.JK,Indofood CBP,10821.92,10917.69,10750.1,10797.98,3881200.0,2023-07-07
6643,ICBP.JK,Indofood CBP,10845.87,10965.58,10774.04,10845.87,3372200.0,2023-07-10
6644,ICBP.JK,Indofood CBP,10965.58,11109.23,10893.75,11037.4,7366100.0,2023-07-11
6645,ICBP.JK,Indofood CBP,11205.0,11372.6,11061.35,11157.12,11957300.0,2023-07-12
6646,ICBP.JK,Indofood CBP,11157.12,11420.48,11157.12,11205.0,9467200.0,2023-07-13
6647,ICBP.JK,Indofood CBP,11300.77,11300.77,11157.12,11276.83,4077400.0,2023-07-14
6648,ICBP.JK,Indofood CBP,11300.77,11372.6,11157.12,11157.12,8656700.0,2023-07-17
6649,ICBP.JK,Indofood CBP,11181.06,11300.77,11013.46,11252.88,8160500.0,2023-07-18
6650,ICBP.JK,Indofood CBP,11252.88,11252.88,10869.81,10989.52,17637200.0,2023-07-20
6651,ICBP.JK,Indofood CBP,11013.46,11109.23,10941.63,11013.46,5102000.0,2023-07-21
6652,ICBP.JK,Indofood CBP,11013.46,11133.17,10989.52,11037.4,4574500.0,2023-07-24
6653,ICBP.JK,Indofood CBP,10989.52,11061.35,10726.15,10750.1,9932300.0,2023-07-25
6654,ICBP.JK,Indofood CBP,10750.1,10750.1,10606.44,10702.21,5003000.0,2023-07-26
6655,ICBP.JK,Indofood CBP,10702.21,10821.92,10678.27,10702.21,4539400.0,2023-07-27
6656,ICBP.JK,Indofood CBP,10702.21,10726.15,10486.73,10726.15,7477300.0,2023-07-28
6657,ICBP.JK,Indofood CBP,10726.15,10797.98,10630.38,10726.15,4635800.0,2023-07-31
6658,ICBP.JK,Indofood CBP,10726.15,10726.15,10390.96,10606.44,7197300.0,2023-08-01
6659,ICBP.JK,Indofood CBP,10606.44,10750.1,10486.73,10702.21,6184000.0,2023-08-02
6660,ICBP.JK,Indofood CBP,10630.38,10821.92,10630.38,10726.15,5683300.0,2023-08-03
6661,ICBP.JK,Indofood CBP,10726.15,10821.92,10654.33,10774.04,6014000.0,2023-08-04
6662,ICBP.JK,Indofood CBP,10821.92,10821.92,10582.5,10654.33,5146000.0,2023-08-07
6663,ICBP.JK,Indofood CBP,10654.33,10774.04,10630.38,10678.27,3765300.0,2023-08-08
6664,ICBP.JK,Indofood CBP,10750.1,10750.1,10558.56,10630.38,2993400.0,2023-08-09
6665,ICBP.JK,Indofood CBP,10726.15,10965.58,10654.33,10965.58,7467000.0,2023-08-10
6666,ICBP.JK,Indofood CBP,10965.58,11037.4,10821.92,10989.52,5047600.0,2023-08-11
6667,ICBP.JK,Indofood CBP,11013.46,11013.46,10821.92,10917.69,4849400.0,2023-08-14
6668,ICBP.JK,Indofood CBP,10917.69,11013.46,10869.81,10989.52,4388600.0,2023-08-15
6669,ICBP.JK,Indofood CBP,11061.35,11205.0,10965.58,11181.06,5716100.0,2023-08-16
6670,ICBP.JK,Indofood CBP,11157.12,11205.0,11013.46,11205.0,6270900.0,2023-08-18
6671,ICBP.JK,Indofood CBP,11228.94,11276.83,11109.23,11181.06,4556600.0,2023-08-21
6672,ICBP.JK,Indofood CBP,11205.0,11205.0,10989.52,11037.4,2811800.0,2023-08-22
6673,ICBP.JK,Indofood CBP,11037.4,11037.4,10917.69,11013.46,5173500.0,2023-08-23
6674,ICBP.JK,Indofood CBP,11013.46,11013.46,10869.81,10869.81,2938500.0,2023-08-24
6675,ICBP.JK,Indofood CBP,10869.81,10941.63,10750.1,10941.63,2972100.0,2023-08-25
6676,ICBP.JK,Indofood CBP,10941.63,10941.63,10750.1,10821.92,2836900.0,2023-08-28
6677,ICBP.JK,Indofood CBP,10845.87,10941.63,10797.98,10893.75,3082600.0,2023-08-29
6678,ICBP.JK,Indofood CBP,10893.75,10893.75,10774.04,10774.04,3638000.0,2023-08-30
6679,ICBP.JK,Indofood CBP,10750.1,10774.04,10654.33,10726.15,10231100.0,2023-08-31
6680,ICBP.JK,Indofood CBP,10726.15,10797.98,10582.5,10726.15,4602100.0,2023-09-01
6681,ICBP.JK,Indofood CBP,10726.15,10917.69,10702.21,10726.15,4055000.0,2023-09-04
6682,ICBP.JK,Indofood CBP,10726.15,10797.98,10654.33,10702.21,2295000.0,2023-09-05
6683,ICBP.JK,Indofood CBP,10678.27,10774.04,10486.73,10582.5,4817600.0,2023-09-06
6684,ICBP.JK,Indofood CBP,10606.44,10726.15,10606.44,10726.15,4889200.0,2023-09-07
6685,ICBP.JK,Indofood CBP,10726.15,10869.81,10558.56,10654.33,5514100.0,2023-09-08
6686,ICBP.JK,Indofood CBP,10654.33,10750.1,10582.5,10702.21,3452600.0,2023-09-11
6687,ICBP.JK,Indofood CBP,10702.21,10726.15,10630.38,10726.15,3767200.0,2023-09-12
6688,ICBP.JK,Indofood CBP,10726.15,10726.15,10630.38,10726.15,3169500.0,2023-09-13
6689,ICBP.JK,Indofood CBP,10726.15,10750.1,10534.62,10534.62,4753700.0,2023-09-14
6690,ICBP.JK,Indofood CBP,10534.62,10582.5,10247.31,10510.67,8271100.0,2023-09-15
6691,ICBP.JK,Indofood CBP,10390.96,10510.67,10247.31,10390.96,4752900.0,2023-09-18
6692,ICBP.JK,Indofood CBP,10247.31,10414.9,10247.31,10367.02,3828900.0,2023-09-19
6693,ICBP.JK,Indofood CBP,10367.02,10582.5,10343.08,10390.96,4337500.0,2023-09-20
6694,ICBP.JK,Indofood CBP,10367.02,10726.15,10295.19,10726.15,5964300.0,2023-09-21
6695,ICBP.JK,Indofood CBP,10726.15,10965.58,10726.15,10869.81,8580400.0,2023-09-22
6696,ICBP.JK,Indofood CBP,10941.63,10965.58,10726.15,10774.04,2726800.0,2023-09-25
6697,ICBP.JK,Indofood CBP,10797.98,10797.98,10558.56,10702.21,3475600.0,2023-09-26
6698,ICBP.JK,Indofood CBP,10750.1,10750.1,10510.67,10534.62,2605000.0,2023-09-27
6699,ICBP.JK,Indofood CBP,10702.21,10702.21,10438.85,10606.44,3978700.0,2023-09-29
6700,ICBP.JK,Indofood CBP,10630.38,10726.15,10582.5,10630.38,3048800.0,2023-10-02
6701,ICBP.JK,Indofood CBP,10654.33,10702.21,10486.73,10486.73,4392200.0,2023-10-03
6702,ICBP.JK,Indofood CBP,10486.73,10726.15,10390.96,10726.15,9283000.0,2023-10-04
6703,ICBP.JK,Indofood CBP,10797.98,11181.06,10774.04,11133.17,12755300.0,2023-10-05
6704,ICBP.JK,Indofood CBP,11133.17,11205.0,10965.58,11013.46,4721300.0,2023-10-06
6705,ICBP.JK,Indofood CBP,10917.69,10917.69,10606.44,10630.38,4360800.0,2023-10-09
6706,ICBP.JK,Indofood CBP,10630.38,10630.38,10390.96,10390.96,5032600.0,2023-10-10
6707,ICBP.JK,Indofood CBP,10390.96,10510.67,10247.31,10247.31,6408300.0,2023-10-11
6708,ICBP.JK,Indofood CBP,10343.08,10678.27,10319.13,10510.67,6821900.0,2023-10-12
6709,ICBP.JK,Indofood CBP,10510.67,10630.38,10414.9,10414.9,2727400.0,2023-10-13
6710,ICBP.JK,Indofood CBP,10534.62,10534.62,10295.19,10438.85,2385800.0,2023-10-16
6711,ICBP.JK,Indofood CBP,10462.79,10510.67,10343.08,10438.85,4515200.0,2023-10-17
6712,ICBP.JK,Indofood CBP,10438.85,10438.85,10175.48,10175.48,5680900.0,2023-10-18
6713,ICBP.JK,Indofood CBP,10175.48,10247.31,9792.4,9983.94,11233800.0,2023-10-19
6714,ICBP.JK,Indofood CBP,10031.83,10319.13,10007.88,10151.54,3439700.0,2023-10-20
6715,ICBP.JK,Indofood CBP,10199.42,10271.25,10007.88,10055.77,4213500.0,2023-10-23
6716,ICBP.JK,Indofood CBP,10151.54,10367.02,10079.71,10343.08,5166900.0,2023-10-24
6717,ICBP.JK,Indofood CBP,10271.25,10319.13,10007.88,10007.88,3907400.0,2023-10-25
6718,ICBP.JK,Indofood CBP,10007.88,10151.54,9792.4,9840.29,6579200.0,2023-10-26
6719,ICBP.JK,Indofood CBP,9840.29,10103.65,9744.52,10079.71,5503300.0,2023-10-27
6720,ICBP.JK,Indofood CBP,10079.71,10079.71,9936.06,10079.71,3187000.0,2023-10-30
6721,ICBP.JK,Indofood CBP,10055.77,10055.77,9696.63,9912.12,4549800.0,2023-10-31
6722,ICBP.JK,Indofood CBP,9888.17,10103.65,9648.75,9936.06,13173300.0,2023-11-01
6723,ICBP.JK,Indofood CBP,9936.06,10127.6,9816.35,9912.12,4731600.0,2023-11-02
6724,ICBP.JK,Indofood CBP,9888.17,10103.65,9768.46,10007.88,4688400.0,2023-11-03
6725,ICBP.JK,Indofood CBP,10007.88,10055.77,9840.29,10031.83,4923200.0,2023-11-06
6726,ICBP.JK,Indofood CBP,10055.77,10079.71,9888.17,10031.83,5949700.0,2023-11-07
6727,ICBP.JK,Indofood CBP,10055.77,10055.77,9816.35,10031.83,5589900.0,2023-11-08
6728,ICBP.JK,Indofood CBP,10031.83,10199.42,10007.88,10007.88,2166300.0,2023-11-09
6729,ICBP.JK,Indofood CBP,10055.77,10127.6,9960.0,10127.6,2215700.0,2023-11-10
6730,ICBP.JK,Indofood CBP,10127.6,10223.37,9936.06,9936.06,2206900.0,2023-11-13
6731,ICBP.JK,Indofood CBP,9912.11,10055.77,9816.35,10007.88,6893000.0,2023-11-14
6732,ICBP.JK,Indofood CBP,10031.83,10199.42,10031.83,10127.6,3453900.0,2023-11-15
6733,ICBP.JK,Indofood CBP,10127.6,10127.6,9960.0,10127.6,5186400.0,2023-11-16
6734,ICBP.JK,Indofood CBP,10175.48,10175.48,9912.12,10031.83,4270900.0,2023-11-17
6735,ICBP.JK,Indofood CBP,10031.83,10103.65,10007.88,10079.71,972500.0,2023-11-20
6736,ICBP.JK,Indofood CBP,10079.71,10079.71,9960.0,10055.77,2778800.0,2023-11-21
6737,ICBP.JK,Indofood CBP,10055.77,10103.65,9960.0,10055.77,2170800.0,2023-11-22
6738,ICBP.JK,Indofood CBP,10079.71,10199.42,10031.83,10103.65,3034500.0,2023-11-23
6739,ICBP.JK,Indofood CBP,10103.65,10103.65,9960.0,9983.94,1244800.0,2023-11-24
6740,ICBP.JK,Indofood CBP,9983.94,10271.25,9983.94,10199.42,3045400.0,2023-11-27
6741,ICBP.JK,Indofood CBP,10223.37,10295.19,10103.65,10199.42,4504400.0,2023-11-28
6742,ICBP.JK,Indofood CBP,10199.42,10247.31,9960.0,10055.77,4096900.0,2023-11-29
6743,ICBP.JK,Indofood CBP,9912.12,11061.35,9840.29,11061.35,14781100.0,2023-11-30
6744,ICBP.JK,Indofood CBP,10223.36,10295.19,10031.83,10079.71,7478900.0,2023-12-01
6745,ICBP.JK,Indofood CBP,10127.6,10151.54,9912.12,10055.77,10072200.0,2023-12-04
6746,ICBP.JK,Indofood CBP,10079.71,10223.37,10007.88,10223.37,2323900.0,2023-12-05
6747,ICBP.JK,Indofood CBP,10223.37,10486.73,10103.65,10199.42,4963900.0,2023-12-06
6748,ICBP.JK,Indofood CBP,10199.42,10271.25,10079.71,10199.42,3033800.0,2023-12-07
6749,ICBP.JK,Indofood CBP,10223.37,10510.67,10223.37,10510.67,5209000.0,2023-12-08
6750,ICBP.JK,Indofood CBP,10438.85,10462.79,10031.83,10079.71,6701100.0,2023-12-11
6751,ICBP.JK,Indofood CBP,10079.71,10271.25,10055.77,10175.48,2993100.0,2023-12-12
6752,ICBP.JK,Indofood CBP,10175.48,10223.36,10055.77,10103.65,3286000.0,2023-12-13
6753,ICBP.JK,Indofood CBP,9960.0,10223.37,9960.0,10127.6,2834700.0,2023-12-14
6754,ICBP.JK,Indofood CBP,10127.6,10223.37,9983.94,9983.94,8340900.0,2023-12-15
6755,ICBP.JK,Indofood CBP,10007.88,10151.54,9936.06,10151.54,6538900.0,2023-12-18
6756,ICBP.JK,Indofood CBP,10199.42,10223.37,10079.71,10127.6,1511400.0,2023-12-19
6757,ICBP.JK,Indofood CBP,10127.6,10223.37,10127.6,10127.6,1858400.0,2023-12-20
6758,ICBP.JK,Indofood CBP,10127.6,10199.42,10103.65,10103.65,1724900.0,2023-12-21
6759,ICBP.JK,Indofood CBP,10127.6,10175.48,10031.83,10079.71,1311300.0,2023-12-22
6760,ICBP.JK,Indofood CBP,10079.71,10223.37,10079.71,10127.6,1530000.0,2023-12-27
6761,ICBP.JK,Indofood CBP,10175.48,10367.02,10151.54,10199.42,3160100.0,2023-12-28
6762,ICBP.JK,Indofood CBP,10223.37,10343.08,10127.6,10127.6,4680900.0,2023-12-29
6763,ICBP.JK,Indofood CBP,10127.6,10199.42,10103.65,10199.42,3555400.0,2024-01-02
6764,ICBP.JK,Indofood CBP,10199.42,10223.37,10151.54,10175.48,803100.0,2024-01-03
6765,ICBP.JK,Indofood CBP,10223.37,10678.27,10199.42,10582.5,6276400.0,2024-01-04
6766,ICBP.JK,Indofood CBP,10558.56,10558.56,10271.25,10271.25,3438400.0,2024-01-05
6767,ICBP.JK,Indofood CBP,10271.25,10462.79,10223.37,10295.19,3206700.0,2024-01-08
6768,ICBP.JK,Indofood CBP,10343.08,10606.44,10343.08,10558.56,4437300.0,2024-01-09
6769,ICBP.JK,Indofood CBP,10606.44,10893.75,10510.67,10869.81,7536000.0,2024-01-10
6770,ICBP.JK,Indofood CBP,10869.81,10869.81,10630.38,10654.33,3633700.0,2024-01-11
6771,ICBP.JK,Indofood CBP,10558.56,10702.21,10558.56,10702.21,1897600.0,2024-01-12
6772,ICBP.JK,Indofood CBP,10726.15,10869.81,10630.38,10654.33,3546600.0,2024-01-15
6773,ICBP.JK,Indofood CBP,10654.33,10774.04,10582.5,10606.44,3301700.0,2024-01-16
6774,ICBP.JK,Indofood CBP,10606.44,10654.33,10534.62,10654.33,2865600.0,2024-01-17
6775,ICBP.JK,Indofood CBP,10702.21,10869.81,10606.44,10797.98,5651900.0,2024-01-18
6776,ICBP.JK,Indofood CBP,10893.75,11133.17,10821.92,11061.35,9591900.0,2024-01-19
6777,ICBP.JK,Indofood CBP,11109.23,11133.17,10726.15,10917.69,6162800.0,2024-01-22
6778,ICBP.JK,Indofood CBP,10917.69,10917.69,10750.1,10893.75,3755700.0,2024-01-23
6779,ICBP.JK,Indofood CBP,10917.69,11037.4,10845.87,10917.69,3733500.0,2024-01-24
6780,ICBP.JK,Indofood CBP,10917.69,11013.46,10917.69,10917.69,4040000.0,2024-01-25
6781,ICBP.JK,Indofood CBP,11109.23,11133.17,10797.98,10965.58,5350200.0,2024-01-26
6782,ICBP.JK,Indofood CBP,10965.58,11013.46,10893.75,10917.69,2404000.0,2024-01-29
6783,ICBP.JK,Indofood CBP,10917.69,10941.64,10726.15,10750.1,3672600.0,2024-01-30
6784,ICBP.JK,Indofood CBP,10750.1,11324.71,10750.1,11276.83,16694400.0,2024-01-31
6785,ICBP.JK,Indofood CBP,11133.17,11276.83,10893.75,11085.29,7741600.0,2024-02-01
6786,ICBP.JK,Indofood CBP,11061.35,11228.94,10941.63,11085.29,6564300.0,2024-02-02
6787,ICBP.JK,Indofood CBP,11085.29,11085.29,10941.63,10989.52,2374000.0,2024-02-05
6788,ICBP.JK,Indofood CBP,11013.46,11061.35,10965.58,11037.4,2815200.0,2024-02-06
6789,ICBP.JK,Indofood CBP,11085.29,11085.29,10941.63,10941.63,2784200.0,2024-02-07
6790,ICBP.JK,Indofood CBP,11013.46,11157.12,10941.63,11157.12,6509900.0,2024-02-12
6791,ICBP.JK,Indofood CBP,11157.12,11157.12,10893.75,10893.75,5869200.0,2024-02-13
6792,ICBP.JK,Indofood CBP,11133.17,11252.88,11133.17,11157.12,6995500.0,2024-02-15
6793,ICBP.JK,Indofood CBP,11157.12,11181.06,10941.63,10965.58,6008600.0,2024-02-16
6794,ICBP.JK,Indofood CBP,10965.58,11157.12,10917.69,11085.29,3107400.0,2024-02-19
6795,ICBP.JK,Indofood CBP,11085.29,11157.12,10965.58,11061.35,4743300.0,2024-02-20
6796,ICBP.JK,Indofood CBP,11061.35,11061.35,10845.87,10989.52,4232000.0,2024-02-21
6797,ICBP.JK,Indofood CBP,11037.4,11133.17,10989.52,11109.23,4281600.0,2024-02-22
6798,ICBP.JK,Indofood CBP,11157.12,11157.12,10965.58,11061.35,4537500.0,2024-02-23
6799,ICBP.JK,Indofood CBP,11085.29,11157.12,10989.52,11061.35,2626300.0,2024-02-26
6800,ICBP.JK,Indofood CBP,11061.35,11157.12,11013.46,11109.23,3928400.0,2024-02-27
6801,ICBP.JK,Indofood CBP,11109.23,11133.17,11061.35,11109.23,1213000.0,2024-02-28
6802,ICBP.JK,Indofood CBP,11109.23,11133.17,10965.58,11061.35,5965900.0,2024-02-29
6803,ICBP.JK,Indofood CBP,10989.52,11133.17,10989.52,11133.17,9250500.0,2024-03-01
6804,ICBP.JK,Indofood CBP,11133.17,11133.17,10965.58,10965.58,3310000.0,2024-03-04
6805,ICBP.JK,Indofood CBP,10965.58,10989.52,10869.81,10893.75,3559500.0,2024-03-05
6806,ICBP.JK,Indofood CBP,10869.81,10869.81,10630.38,10678.27,4603700.0,2024-03-06
6807,ICBP.JK,Indofood CBP,10678.27,10678.27,10247.31,10247.31,14189000.0,2024-03-07
6808,ICBP.JK,Indofood CBP,10151.54,10438.85,10151.54,10319.13,10088700.0,2024-03-08
6809,ICBP.JK,Indofood CBP,10295.19,10390.96,10151.54,10271.25,13549200.0,2024-03-13
6810,ICBP.JK,Indofood CBP,10271.25,10438.85,10199.42,10438.85,9405800.0,2024-03-14
6811,ICBP.JK,Indofood CBP,10295.19,10343.08,10151.54,10271.25,15472200.0,2024-03-15
6812,ICBP.JK,Indofood CBP,10295.19,10486.73,10295.19,10390.96,9332700.0,2024-03-18
6813,ICBP.JK,Indofood CBP,10438.85,10750.1,10295.19,10534.62,12233400.0,2024-03-19
6814,ICBP.JK,Indofood CBP,10534.62,10750.1,10510.67,10750.1,4770900.0,2024-03-20
6815,ICBP.JK,Indofood CBP,10750.1,10750.1,10486.73,10486.73,8369200.0,2024-03-21
6816,ICBP.JK,Indofood CBP,10534.62,10654.33,10438.85,10654.33,4113600.0,2024-03-22
6817,ICBP.JK,Indofood CBP,10821.92,10821.92,10558.56,10726.15,4031700.0,2024-03-25
6818,ICBP.JK,Indofood CBP,10534.61,10534.61,9912.11,10390.96,17108300.0,2024-03-26
6819,ICBP.JK,Indofood CBP,10414.9,10678.27,10414.9,10534.62,5181700.0,2024-03-27
6820,ICBP.JK,Indofood CBP,10558.56,11109.23,10390.96,11109.23,8583800.0,2024-03-28
6821,ICBP.JK,Indofood CBP,10893.75,10893.75,10534.62,10750.1,5789500.0,2024-04-01
6822,ICBP.JK,Indofood CBP,10774.04,10774.04,10558.56,10726.15,4363900.0,2024-04-02
6823,ICBP.JK,Indofood CBP,10726.15,10726.15,10462.79,10534.62,2469800.0,2024-04-03
6824,ICBP.JK,Indofood CBP,10534.62,10630.38,10486.73,10558.56,2527700.0,2024-04-04
6825,ICBP.JK,Indofood CBP,10582.5,10582.5,10390.96,10390.96,2242100.0,2024-04-05
6826,ICBP.JK,Indofood CBP,9864.23,10175.48,9648.75,9672.69,18880100.0,2024-04-16
6827,ICBP.JK,Indofood CBP,9624.81,9864.23,9624.81,9720.58,14369100.0,2024-04-17
6828,ICBP.JK,Indofood CBP,9720.58,9744.52,9385.38,9672.69,11022600.0,2024-04-18
6829,ICBP.JK,Indofood CBP,9552.98,9576.92,9193.85,9313.56,11496400.0,2024-04-19
6830,ICBP.JK,Indofood CBP,9433.27,9552.98,9241.73,9385.38,8329600.0,2024-04-22
6831,ICBP.JK,Indofood CBP,9409.33,9600.87,9409.33,9505.1,5539400.0,2024-04-23
6832,ICBP.JK,Indofood CBP,9505.1,9792.4,9505.1,9744.52,8075100.0,2024-04-24
6833,ICBP.JK,Indofood CBP,9840.29,10462.79,9672.69,10247.31,16918500.0,2024-04-25
6834,ICBP.JK,Indofood CBP,10247.31,10319.13,10103.65,10151.54,4076200.0,2024-04-26
6835,ICBP.JK,Indofood CBP,10295.19,10343.08,10127.6,10223.37,4497500.0,2024-04-29
6836,ICBP.JK,Indofood CBP,10247.31,10510.67,10247.31,10414.9,6660300.0,2024-04-30
6837,ICBP.JK,Indofood CBP,10414.9,10414.9,9864.23,10031.83,5930000.0,2024-05-02
6838,ICBP.JK,Indofood CBP,10031.83,10390.96,9888.17,10390.96,3524800.0,2024-05-03
6839,ICBP.JK,Indofood CBP,10678.27,10678.27,10295.19,10390.96,2850400.0,2024-05-06
6840,ICBP.JK,Indofood CBP,10438.85,10462.79,10199.42,10319.13,2877500.0,2024-05-07
6841,ICBP.JK,Indofood CBP,10367.02,10390.96,10127.6,10319.13,4333600.0,2024-05-08
6842,ICBP.JK,Indofood CBP,10151.54,10151.54,9600.87,9864.23,7265800.0,2024-05-13
6843,ICBP.JK,Indofood CBP,9864.23,9960.0,9768.46,9864.23,8204800.0,2024-05-14
6844,ICBP.JK,Indofood CBP,9864.23,10151.54,9744.52,10151.54,5442200.0,2024-05-15
6845,ICBP.JK,Indofood CBP,10247.31,10438.85,10055.77,10127.6,4835200.0,2024-05-16
6846,ICBP.JK,Indofood CBP,10127.6,10295.19,10007.88,10103.65,4102700.0,2024-05-17
6847,ICBP.JK,Indofood CBP,10151.54,10271.25,10007.88,10055.77,2328300.0,2024-05-20
6848,ICBP.JK,Indofood CBP,10103.65,10127.6,9912.12,9960.0,3604100.0,2024-05-21
6849,ICBP.JK,Indofood CBP,10055.77,10151.54,9936.06,10031.83,3951100.0,2024-05-22
6850,ICBP.JK,Indofood CBP,9960.0,10031.83,9720.58,9983.94,4798800.0,2024-05-27
6851,ICBP.JK,Indofood CBP,10031.83,10319.13,10007.88,10151.54,4378100.0,2024-05-28
6852,ICBP.JK,Indofood CBP,10151.54,10151.54,9936.06,9983.94,2905300.0,2024-05-29
6853,ICBP.JK,Indofood CBP,9983.94,9983.94,9696.63,9720.58,6573700.0,2024-05-30
6854,ICBP.JK,Indofood CBP,9840.29,9983.94,9337.5,9337.5,13874400.0,2024-05-31
6855,ICBP.JK,Indofood CBP,9457.21,9983.94,9457.21,9768.46,7155200.0,2024-06-03
6856,ICBP.JK,Indofood CBP,9840.29,10031.83,9816.35,9888.17,2538200.0,2024-06-04
6857,ICBP.JK,Indofood CBP,10007.88,10079.71,9912.11,10007.88,3586600.0,2024-06-05
6858,ICBP.JK,Indofood CBP,10055.77,10151.54,9936.06,10151.54,3304700.0,2024-06-06
6859,ICBP.JK,Indofood CBP,10151.54,10199.42,10007.89,10127.6,2828600.0,2024-06-07
6860,ICBP.JK,Indofood CBP,10127.6,10199.42,9960.0,10055.77,3375400.0,2024-06-10
6861,ICBP.JK,Indofood CBP,9960.0,10151.54,9960.0,10103.65,2464400.0,2024-06-11
6862,ICBP.JK,Indofood CBP,10151.54,10199.42,10055.77,10127.6,4456800.0,2024-06-12
6863,ICBP.JK,Indofood CBP,10151.54,10295.19,10127.6,10223.37,4244200.0,2024-06-13
6864,ICBP.JK,Indofood CBP,10223.37,10271.25,9960.0,10055.77,7605600.0,2024-06-14
6865,ICBP.JK,Indofood CBP,10055.77,10055.77,9720.58,9768.46,6183700.0,2024-06-19
6866,ICBP.JK,Indofood CBP,9768.46,9792.4,9576.92,9744.52,7627200.0,2024-06-20
6867,ICBP.JK,Indofood CBP,9744.52,9888.17,9600.87,9864.23,8739800.0,2024-06-21
6868,ICBP.JK,Indofood CBP,9888.17,9936.06,9744.52,9864.23,1715900.0,2024-06-24
6869,ICBP.JK,Indofood CBP,9864.23,9888.17,9696.63,9696.63,3239400.0,2024-06-25
6870,ICBP.JK,Indofood CBP,9768.46,10007.88,9720.58,9936.06,4923000.0,2024-06-26
6871,ICBP.JK,Indofood CBP,9983.94,10151.54,9888.17,10055.77,5913800.0,2024-06-27
6872,ICBP.JK,Indofood CBP,9912.12,9960.0,9840.29,9864.23,6499600.0,2024-06-28
6873,ICBP.JK,Indofood CBP,9864.23,9960.0,9744.52,9864.23,2453800.0,2024-07-01
6874,ICBP.JK,Indofood CBP,9864.23,9864.23,9672.69,9816.35,3564300.0,2024-07-02
6875,ICBP.JK,Indofood CBP,9840.29,9840.29,9720.58,9840.29,5316900.0,2024-07-03
6876,ICBP.JK,Indofood CBP,9840.29,9912.11,9744.52,9792.4,3803000.0,2024-07-04
6877,ICBP.JK,Indofood CBP,9816.35,9840.29,9744.52,9840.29,2943200.0,2024-07-05
6878,ICBP.JK,Indofood CBP,9840.29,9960.0,9840.29,9960.0,6163500.0,2024-07-08
6879,ICBP.JK,Indofood CBP,10057.65,10179.71,9984.41,10082.06,10883600.0,2024-07-09
6880,ICBP.JK,Indofood CBP,10082.06,10082.06,9960.0,10057.65,3171100.0,2024-07-10
6881,ICBP.JK,Indofood CBP,10082.06,10106.47,10008.82,10057.65,3371100.0,2024-07-11
6882,ICBP.JK,Indofood CBP,10130.88,10301.77,10057.65,10130.88,1985800.0,2024-07-12
6883,ICBP.JK,Indofood CBP,10130.88,10326.18,10057.65,10326.18,3988500.0,2024-07-15
6884,ICBP.JK,Indofood CBP,10350.59,10350.59,10106.47,10228.53,1382300.0,2024-07-16
6885,ICBP.JK,Indofood CBP,10301.76,10619.12,10277.35,10497.06,9906800.0,2024-07-17
6886,ICBP.JK,Indofood CBP,10497.06,10545.88,10399.41,10497.06,3682500.0,2024-07-18
6887,ICBP.JK,Indofood CBP,10448.24,10545.88,10350.59,10545.88,4951000.0,2024-07-19
6888,ICBP.JK,Indofood CBP,10643.53,10692.35,10448.24,10643.53,2848600.0,2024-07-22
6889,ICBP.JK,Indofood CBP,10570.29,10741.18,10472.65,10472.65,4947600.0,2024-07-23
6890,ICBP.JK,Indofood CBP,10472.65,10594.71,10399.41,10545.88,2054400.0,2024-07-24
6891,ICBP.JK,Indofood CBP,10545.88,10619.12,10399.41,10594.71,3684200.0,2024-07-25
6892,ICBP.JK,Indofood CBP,10619.12,10741.18,10521.47,10594.71,6806800.0,2024-07-26
6893,ICBP.JK,Indofood CBP,10643.53,10692.35,10497.06,10570.29,5727200.0,2024-07-29
6894,ICBP.JK,Indofood CBP,10692.35,10692.35,10545.88,10643.53,2399400.0,2024-07-30
6895,ICBP.JK,Indofood CBP,10692.35,10692.35,10619.12,10667.94,2971700.0,2024-07-31
6896,ICBP.JK,Indofood CBP,10741.18,10863.24,10716.76,10741.18,6655400.0,2024-08-01
6897,ICBP.JK,Indofood CBP,10741.18,10985.29,10741.18,10912.06,7335300.0,2024-08-02
6898,ICBP.JK,Indofood CBP,10741.18,11009.71,10423.82,10643.53,10163800.0,2024-08-05
6899,ICBP.JK,Indofood CBP,10741.18,10838.82,10643.53,10741.18,7517800.0,2024-08-06
6900,ICBP.JK,Indofood CBP,10741.18,10887.65,10692.35,10790.0,5618600.0,2024-08-07
6901,ICBP.JK,Indofood CBP,10790.0,10863.24,10521.47,10716.76,5063700.0,2024-08-08
6902,ICBP.JK,Indofood CBP,10741.18,10985.29,10741.18,10936.47,4031800.0,2024-08-09
6903,ICBP.JK,Indofood CBP,10936.47,10936.47,10692.35,10741.18,3494700.0,2024-08-12
6904,ICBP.JK,Indofood CBP,10936.47,10936.47,10765.59,10912.06,5104600.0,2024-08-13
6905,ICBP.JK,Indofood CBP,10838.82,11278.24,10838.82,11082.94,9082000.0,2024-08-14
6906,ICBP.JK,Indofood CBP,11107.35,11107.35,10936.47,11009.71,3778300.0,2024-08-15
6907,ICBP.JK,Indofood CBP,11156.18,11156.18,10838.82,11107.35,5379900.0,2024-08-16
6908,ICBP.JK,Indofood CBP,11034.12,11131.76,11009.71,11131.76,5734300.0,2024-08-19
6909,ICBP.JK,Indofood CBP,11131.76,11229.41,11009.71,11156.18,9564900.0,2024-08-20
6910,ICBP.JK,Indofood CBP,11229.41,11229.41,11082.94,11180.59,2674000.0,2024-08-21
6911,ICBP.JK,Indofood CBP,11082.94,11205.0,10985.29,11082.94,4855400.0,2024-08-22
6912,ICBP.JK,Indofood CBP,11082.94,11229.41,11082.94,11205.0,4846300.0,2024-08-23
6913,ICBP.JK,Indofood CBP,11034.12,11156.18,10887.65,11131.76,6606600.0,2024-08-26
6914,ICBP.JK,Indofood CBP,11156.18,11229.41,11058.53,11156.18,4355700.0,2024-08-27
6915,ICBP.JK,Indofood CBP,11205.0,11302.65,11107.35,11131.76,4722500.0,2024-08-28
6916,ICBP.JK,Indofood CBP,11229.41,11278.24,11131.76,11131.76,3988700.0,2024-08-29
6917,ICBP.JK,Indofood CBP,10936.47,11205.0,10936.47,11205.0,7521300.0,2024-08-30
6918,ICBP.JK,Indofood CBP,11131.77,11278.24,11107.35,11229.41,7506100.0,2024-09-02
6919,ICBP.JK,Indofood CBP,11156.18,11180.59,11009.71,11107.35,4461700.0,2024-09-03
6920,ICBP.JK,Indofood CBP,10814.41,11156.18,10814.41,11131.76,6155200.0,2024-09-04
6921,ICBP.JK,Indofood CBP,11180.59,11449.12,11180.59,11375.88,7236600.0,2024-09-05
6922,ICBP.JK,Indofood CBP,11253.82,11424.71,11180.59,11180.59,4077500.0,2024-09-06
6923,ICBP.JK,Indofood CBP,11180.59,11327.06,10936.47,11327.06,8829500.0,2024-09-09
6924,ICBP.JK,Indofood CBP,11400.29,11400.29,11278.24,11302.65,4439800.0,2024-09-10
6925,ICBP.JK,Indofood CBP,11302.65,11327.06,11253.82,11302.65,3358600.0,2024-09-11
6926,ICBP.JK,Indofood CBP,11205.0,11351.47,11205.0,11205.0,2736700.0,2024-09-12
6927,ICBP.JK,Indofood CBP,11107.35,11180.59,11058.53,11058.53,4657400.0,2024-09-13
6928,ICBP.JK,Indofood CBP,11156.18,11180.59,11058.53,11131.76,3279400.0,2024-09-17
6929,ICBP.JK,Indofood CBP,11107.35,11253.82,11107.35,11229.41,1922500.0,2024-09-18
6930,ICBP.JK,Indofood CBP,11253.82,11522.35,11180.59,11424.71,7514700.0,2024-09-19
6931,ICBP.JK,Indofood CBP,11449.12,12059.41,11449.12,11717.65,11064700.0,2024-09-20
6932,ICBP.JK,Indofood CBP,11839.71,12010.59,11717.65,11912.94,5239500.0,2024-09-23
6933,ICBP.JK,Indofood CBP,12035.0,12425.59,11961.77,12132.65,12381000.0,2024-09-24
6934,ICBP.JK,Indofood CBP,12205.88,12205.88,11839.71,12157.06,7539700.0,2024-09-25
6935,ICBP.JK,Indofood CBP,12352.35,12572.06,12157.06,12474.41,12978300.0,2024-09-26
6936,ICBP.JK,Indofood CBP,12498.82,12498.82,12181.47,12352.35,7139400.0,2024-09-27
6937,ICBP.JK,Indofood CBP,12352.35,12352.35,12035.0,12035.0,7362100.0,2024-09-30
6938,ICBP.JK,Indofood CBP,12035.0,12279.12,11815.29,12157.06,6887000.0,2024-10-01
6939,ICBP.JK,Indofood CBP,11986.18,12108.24,11742.06,11912.94,8171200.0,2024-10-02
6940,ICBP.JK,Indofood CBP,11961.77,11961.77,11668.82,11717.65,10296200.0,2024-10-03
6941,ICBP.JK,Indofood CBP,11717.65,11961.76,11644.41,11839.71,5569800.0,2024-10-04
6942,ICBP.JK,Indofood CBP,11766.47,11864.12,11449.12,11717.65,4128800.0,2024-10-07
6943,ICBP.JK,Indofood CBP,11717.65,12059.41,11644.41,12010.59,5779300.0,2024-10-08
6944,ICBP.JK,Indofood CBP,11912.94,11986.18,11766.47,11790.88,4270800.0,2024-10-09
6945,ICBP.JK,Indofood CBP,11790.88,11937.35,11742.06,11766.47,1908600.0,2024-10-10
6946,ICBP.JK,Indofood CBP,12205.88,12205.88,11790.88,11961.76,4363700.0,2024-10-11
6947,ICBP.JK,Indofood CBP,11961.77,12205.88,11864.12,12059.41,3228200.0,2024-10-14
6948,ICBP.JK,Indofood CBP,12059.41,12327.94,12035.0,12279.12,4111700.0,2024-10-15
6949,ICBP.JK,Indofood CBP,12450.0,12450.0,11937.35,12205.88,3719000.0,2024-10-16
6950,ICBP.JK,Indofood CBP,12205.88,12352.35,12059.41,12205.88,5359100.0,2024-10-17
6951,ICBP.JK,Indofood CBP,12327.94,12547.65,12108.24,12498.82,5069700.0,2024-10-18
6952,ICBP.JK,Indofood CBP,12498.82,12498.82,12205.88,12205.88,3698000.0,2024-10-21
6953,ICBP.JK,Indofood CBP,12303.53,12376.76,12132.65,12230.29,2545600.0,2024-10-22
6954,ICBP.JK,Indofood CBP,12205.88,12352.35,12205.88,12303.53,3484200.0,2024-10-23
6955,ICBP.JK,Indofood CBP,12303.53,12376.76,12205.88,12230.29,1918300.0,2024-10-24
6956,ICBP.JK,Indofood CBP,12254.71,12547.65,12230.29,12352.35,3657800.0,2024-10-25
6957,ICBP.JK,Indofood CBP,12279.12,12352.35,12205.88,12352.35,2159300.0,2024-10-28
6958,ICBP.JK,Indofood CBP,12352.35,12376.76,12254.71,12279.12,1739200.0,2024-10-29
6959,ICBP.JK,Indofood CBP,12303.53,12303.53,12059.41,12157.06,3915400.0,2024-10-30
6960,ICBP.JK,Indofood CBP,12157.06,12157.06,12010.59,12035.0,2305900.0,2024-10-31
6961,ICBP.JK,Indofood CBP,12132.65,12157.06,11815.29,11815.29,4011200.0,2024-11-01
6962,ICBP.JK,Indofood CBP,11888.53,12205.88,11668.82,12035.0,3534000.0,2024-11-04
6963,ICBP.JK,Indofood CBP,12205.88,12303.53,12010.59,12303.53,3941300.0,2024-11-05
6964,ICBP.JK,Indofood CBP,12205.88,12205.88,11766.47,11864.12,4396900.0,2024-11-06
6965,ICBP.JK,Indofood CBP,11912.94,11961.77,11522.35,11790.88,7684900.0,2024-11-07
6966,ICBP.JK,Indofood CBP,11790.88,11888.53,11717.65,11815.29,2920900.0,2024-11-08
6967,ICBP.JK,Indofood CBP,11717.65,11717.65,11375.88,11668.82,3367300.0,2024-11-11
6968,ICBP.JK,Indofood CBP,11668.82,11790.88,11546.76,11571.18,3318200.0,2024-11-12
6969,ICBP.JK,Indofood CBP,11571.18,11717.65,11522.35,11571.18,4027500.0,2024-11-13
6970,ICBP.JK,Indofood CBP,11571.18,11571.18,11180.59,11180.59,5482800.0,2024-11-14
6971,ICBP.JK,Indofood CBP,11180.59,11449.12,11180.59,11400.29,3792500.0,2024-11-15
6972,ICBP.JK,Indofood CBP,11473.53,11742.06,11473.53,11693.24,2830700.0,2024-11-18
6973,ICBP.JK,Indofood CBP,11693.24,11742.06,11497.94,11620.0,5336100.0,2024-11-19
6974,ICBP.JK,Indofood CBP,11644.41,11644.41,11375.88,11522.35,2082200.0,2024-11-20
6975,ICBP.JK,Indofood CBP,11522.35,11620.0,11400.29,11522.35,4577300.0,2024-11-21
6976,ICBP.JK,Indofood CBP,11790.88,11937.35,11644.41,11717.65,7267400.0,2024-11-22
6977,ICBP.JK,Indofood CBP,11717.65,11766.47,11522.35,11668.82,9711300.0,2024-11-25
6978,ICBP.JK,Indofood CBP,11888.53,11888.53,11620.0,11693.24,4931800.0,2024-11-26
6979,ICBP.JK,Indofood CBP,11693.24,11693.24,11375.88,11620.0,3166900.0,2024-11-28
6980,ICBP.JK,Indofood CBP,11693.24,11742.06,11546.76,11620.0,4519900.0,2024-11-29
6981,ICBP.JK,Indofood CBP,11424.71,11717.65,11424.71,11571.18,4943400.0,2024-12-02
6982,ICBP.JK,Indofood CBP,11644.41,11693.24,11449.12,11644.41,6398300.0,2024-12-03
6983,ICBP.JK,Indofood CBP,11522.35,11644.41,11497.94,11522.35,4248900.0,2024-12-04
6984,ICBP.JK,Indofood CBP,11546.76,11668.82,11497.94,11620.0,4593600.0,2024-12-05
6985,ICBP.JK,Indofood CBP,11620.0,11620.0,11497.94,11546.76,1582600.0,2024-12-06
6986,ICBP.JK,Indofood CBP,11522.35,11522.35,11424.71,11497.94,4161700.0,2024-12-09
6987,ICBP.JK,Indofood CBP,11497.94,11522.35,11327.06,11449.12,3743300.0,2024-12-10
6988,ICBP.JK,Indofood CBP,11375.88,11522.35,11375.88,11449.12,3453500.0,2024-12-11
6989,ICBP.JK,Indofood CBP,11351.47,11375.88,11131.76,11327.06,3262700.0,2024-12-12
6990,ICBP.JK,Indofood CBP,11351.47,11644.41,11351.47,11571.18,4752600.0,2024-12-13
6991,ICBP.JK,Indofood CBP,11571.18,11620.0,11449.12,11522.35,3537900.0,2024-12-16
6992,ICBP.JK,Indofood CBP,11327.06,11449.12,11156.18,11253.82,3251800.0,2024-12-17
6993,ICBP.JK,Indofood CBP,11229.41,11278.24,10887.65,11058.53,7023500.0,2024-12-18
6994,ICBP.JK,Indofood CBP,11107.35,11107.35,10667.94,10936.47,7376500.0,2024-12-19
6995,ICBP.JK,Indofood CBP,11009.71,11131.76,10790.0,10985.29,3806300.0,2024-12-20
6996,ICBP.JK,Indofood CBP,10985.29,11205.0,10985.29,11156.18,2328700.0,2024-12-23
6997,ICBP.JK,Indofood CBP,11156.18,11351.47,10863.24,11302.65,1809000.0,2024-12-24
6998,ICBP.JK,Indofood CBP,11253.82,11278.24,11058.53,11156.18,5274600.0,2024-12-27
6999,ICBP.JK,Indofood CBP,11131.76,11131.76,10887.65,11107.35,2852100.0,2024-12-30
7000,ICBP.JK,Indofood CBP,11107.35,11107.35,10863.24,10960.88,846100.0,2025-01-02
7001,ICBP.JK,Indofood CBP,10960.88,11107.35,10960.88,11107.35,1377300.0,2025-01-03
7002,ICBP.JK,Indofood CBP,11107.35,11107.35,10887.65,10912.06,1981900.0,2025-01-06
7003,ICBP.JK,Indofood CBP,10838.82,10912.06,10667.94,10667.94,3994000.0,2025-01-07
7004,ICBP.JK,Indofood CBP,10667.94,10960.88,10667.94,10838.82,5788600.0,2025-01-08
7005,ICBP.JK,Indofood CBP,10838.82,10838.82,10765.59,10765.59,1495000.0,2025-01-09
7006,ICBP.JK,Indofood CBP,10765.59,10863.24,10692.35,10814.41,2469200.0,2025-01-10
7007,ICBP.JK,Indofood CBP,10790.0,10863.24,10716.76,10838.82,3913400.0,2025-01-13
7008,ICBP.JK,Indofood CBP,10838.82,10838.82,10497.06,10497.06,3999700.0,2025-01-14
7009,ICBP.JK,Indofood CBP,10497.06,10643.53,10350.59,10521.47,4810100.0,2025-01-15
7010,ICBP.JK,Indofood CBP,10545.88,10765.59,10497.06,10667.94,3687800.0,2025-01-16
7011,ICBP.JK,Indofood CBP,10643.53,10790.0,10448.24,10570.29,2690000.0,2025-01-17
7012,ICBP.JK,Indofood CBP,10545.88,10545.88,10277.35,10277.35,2593900.0,2025-01-20
7013,ICBP.JK,Indofood CBP,10277.35,11107.35,10252.94,10741.18,5679300.0,2025-01-21
7014,ICBP.JK,Indofood CBP,10936.47,11205.0,10838.82,11107.35,5640100.0,2025-01-22
7015,ICBP.JK,Indofood CBP,11131.76,11229.41,11009.71,11009.71,2962600.0,2025-01-23
7016,ICBP.JK,Indofood CBP,10741.18,11375.88,10741.18,11156.18,4293800.0,2025-01-24
7017,ICBP.JK,Indofood CBP,11156.18,11375.88,11107.35,11302.65,2052100.0,2025-01-30
7018,ICBP.JK,Indofood CBP,11400.29,11571.18,11180.59,11229.41,2701400.0,2025-01-31
7019,ICBP.JK,Indofood CBP,11180.59,11302.65,10765.59,10960.88,3242900.0,2025-02-03
7020,ICBP.JK,Indofood CBP,11156.18,11156.18,10765.59,10838.82,2543100.0,2025-02-04
7021,ICBP.JK,Indofood CBP,10838.82,10936.47,10570.29,10643.53,4420400.0,2025-02-05
7022,ICBP.JK,Indofood CBP,10814.41,10814.41,10619.12,10692.35,3635900.0,2025-02-06
7023,ICBP.JK,Indofood CBP,10814.41,11131.76,10545.88,11107.35,4344400.0,2025-02-07
7024,ICBP.JK,Indofood CBP,11180.59,11571.18,10936.47,11009.71,6793800.0,2025-02-10
7025,ICBP.JK,Indofood CBP,10960.88,11107.35,10741.18,10960.88,4041900.0,2025-02-11
7026,ICBP.JK,Indofood CBP,10936.47,10960.88,10765.59,10887.65,2337100.0,2025-02-12
7027,ICBP.JK,Indofood CBP,10887.65,11131.77,10741.18,10960.88,3580600.0,2025-02-13
7028,ICBP.JK,Indofood CBP,10960.88,11424.71,10960.88,11253.82,6318600.0,2025-02-14
7029,ICBP.JK,Indofood CBP,11253.82,11375.88,11180.59,11229.41,1815500.0,2025-02-17
7030,ICBP.JK,Indofood CBP,11229.41,11449.12,11156.18,11253.82,4037000.0,2025-02-18
7031,ICBP.JK,Indofood CBP,11351.47,11497.94,11253.82,11375.88,4837300.0,2025-02-19
7032,ICBP.JK,Indofood CBP,11400.29,11424.71,11156.18,11278.24,2565800.0,2025-02-20
7033,ICBP.JK,Indofood CBP,11253.82,11400.29,11058.53,11229.41,4313200.0,2025-02-21
7034,ICBP.JK,Indofood CBP,11205.0,11717.65,11156.18,11595.59,3749400.0,2025-02-24
7035,ICBP.JK,Indofood CBP,11595.59,11595.59,11058.53,11058.53,4676200.0,2025-02-25
7036,ICBP.JK,Indofood CBP,11058.53,11058.53,10033.24,10252.94,10117200.0,2025-02-26
7037,ICBP.JK,Indofood CBP,10252.94,10350.59,9984.41,10155.29,10113900.0,2025-02-27
7038,ICBP.JK,Indofood CBP,10033.23,10326.18,9960.0,10204.12,9319700.0,2025-02-28
7039,ICBP.JK,Indofood CBP,10204.12,10472.65,10106.47,10326.18,3313000.0,2025-03-03
7040,ICBP.JK,Indofood CBP,10326.18,10399.41,10155.29,10326.18,3491200.0,2025-03-04
7041,ICBP.JK,Indofood CBP,10350.59,10399.41,10155.29,10155.29,5465900.0,2025-03-05
7042,ICBP.JK,Indofood CBP,10082.06,10277.35,10082.06,10106.47,3741000.0,2025-03-06
7043,ICBP.JK,Indofood CBP,10106.47,10472.65,10033.24,10301.76,3290700.0,2025-03-07
7044,ICBP.JK,Indofood CBP,10301.76,10472.65,10228.53,10350.59,3750000.0,2025-03-10
7045,ICBP.JK,Indofood CBP,10155.29,10326.18,10082.06,10179.71,1234500.0,2025-03-11
7046,ICBP.JK,Indofood CBP,10252.94,10716.76,10252.94,10667.94,4504800.0,2025-03-12
7047,ICBP.JK,Indofood CBP,10741.18,10814.41,10521.47,10741.18,3685600.0,2025-03-13
7048,ICBP.JK,Indofood CBP,10765.59,10765.59,10472.65,10497.06,2173400.0,2025-03-14
7049,ICBP.JK,Indofood CBP,10472.65,10741.18,10423.82,10692.35,1895300.0,2025-03-17
7050,ICBP.JK,Indofood CBP,10692.35,10692.35,10277.35,10570.29,3133000.0,2025-03-18
7051,ICBP.JK,Indofood CBP,10521.47,10521.47,10204.12,10472.65,3129100.0,2025-03-19
7052,ICBP.JK,Indofood CBP,10472.65,10472.65,10277.35,10350.59,2096000.0,2025-03-20
7053,ICBP.JK,Indofood CBP,10350.59,10472.65,10228.53,10326.18,4579600.0,2025-03-21
7054,ICBP.JK,Indofood CBP,10252.94,10277.35,9691.47,10179.71,8524900.0,2025-03-24
7055,ICBP.JK,Indofood CBP,10204.12,10423.82,10130.88,10130.88,2272600.0,2025-03-25
7056,ICBP.JK,Indofood CBP,10204.12,10326.18,10057.65,10301.76,3818000.0,2025-03-26
7057,ICBP.JK,Indofood CBP,10106.47,10204.12,9862.35,9935.59,6715200.0,2025-03-27
7058,ICBP.JK,Indofood CBP,9764.71,9764.71,9276.47,9471.76,13575500.0,2025-04-08
7059,ICBP.JK,Indofood CBP,9471.76,9837.94,9227.65,9349.71,6675700.0,2025-04-09
7060,ICBP.JK,Indofood CBP,9593.82,9862.35,9545.0,9764.71,6369200.0,2025-04-10
7061,ICBP.JK,Indofood CBP,9422.94,9715.88,9325.29,9691.47,5910000.0,2025-04-11
7062,ICBP.JK,Indofood CBP,9691.47,10106.47,9691.47,10082.06,3364000.0,2025-04-14
7063,ICBP.JK,Indofood CBP,10082.06,10228.53,9813.53,10228.53,5346100.0,2025-04-15
7064,ICBP.JK,Indofood CBP,10228.53,10228.53,9960.0,10008.82,3047800.0,2025-04-16
7065,ICBP.JK,Indofood CBP,10008.82,10497.06,9862.35,10350.59,7789900.0,2025-04-17
7066,ICBP.JK,Indofood CBP,10350.59,10350.59,10155.29,10301.76,1425200.0,2025-04-21
7067,ICBP.JK,Indofood CBP,10301.76,10301.76,10204.12,10228.53,1806100.0,2025-04-22
7068,ICBP.JK,Indofood CBP,10228.53,10497.06,10155.29,10448.24,7661100.0,2025-04-23
7069,ICBP.JK,Indofood CBP,10448.24,10741.18,10448.24,10741.18,4147600.0,2025-04-24
7070,ICBP.JK,Indofood CBP,10838.82,10887.65,10643.53,10741.18,4395500.0,2025-04-25
7071,ICBP.JK,Indofood CBP,10765.59,10814.41,10594.71,10741.18,1094100.0,2025-04-28
7072,ICBP.JK,Indofood CBP,10741.18,11009.71,10643.53,10985.29,2295500.0,2025-04-29
7073,ICBP.JK,Indofood CBP,10985.29,11082.94,10790.0,11082.94,2335600.0,2025-04-30
7074,ICBP.JK,Indofood CBP,11082.94,11082.94,10301.76,10741.18,10223300.0,2025-05-02
7075,ICBP.JK,Indofood CBP,10790.0,11058.53,10790.0,10936.47,3839600.0,2025-05-05
7076,ICBP.JK,Indofood CBP,10985.29,11327.06,10985.29,11009.71,4443700.0,2025-05-06
7077,ICBP.JK,Indofood CBP,11082.94,11131.77,10814.41,10814.41,4410500.0,2025-05-07
7078,ICBP.JK,Indofood CBP,10936.47,11131.76,10838.82,11131.76,3008000.0,2025-05-08
7079,ICBP.JK,Indofood CBP,11131.76,11131.76,10863.24,10936.47,2031000.0,2025-05-09
7080,ICBP.JK,Indofood CBP,11156.18,11156.18,10790.0,10912.06,5245800.0,2025-05-14
7081,ICBP.JK,Indofood CBP,10912.06,11205.0,10790.0,10790.0,3943900.0,2025-05-15
7082,ICBP.JK,Indofood CBP,10936.47,10936.47,10643.53,10814.41,7428000.0,2025-05-16
7083,ICBP.JK,Indofood CBP,10838.82,10838.82,10667.94,10692.35,5847100.0,2025-05-19
7084,ICBP.JK,Indofood CBP,10790.0,10814.41,10497.06,10497.06,6391600.0,2025-05-20
7085,ICBP.JK,Indofood CBP,10570.29,10667.94,10448.24,10570.29,4312500.0,2025-05-21
7086,ICBP.JK,Indofood CBP,10570.29,10741.18,10472.65,10545.88,3175000.0,2025-05-22
7087,ICBP.JK,Indofood CBP,10594.71,10643.53,10545.88,10570.29,1811100.0,2025-05-23
7088,ICBP.JK,Indofood CBP,10570.29,10790.0,10570.29,10765.59,4661200.0,2025-05-26
7089,ICBP.JK,Indofood CBP,10814.41,10960.88,10692.35,10863.24,4928700.0,2025-05-27
7090,ICBP.JK,Indofood CBP,10936.47,10960.88,10643.53,10643.53,7578200.0,2025-05-28
7091,ICBP.JK,Indofood CBP,10570.29,10643.53,10301.77,10545.88,10667100.0,2025-06-02
7092,ICBP.JK,Indofood CBP,10545.88,10594.71,10350.59,10375.0,2685000.0,2025-06-03
7093,ICBP.JK,Indofood CBP,10570.29,10570.29,10350.59,10570.29,3186300.0,2025-06-04
7094,ICBP.JK,Indofood CBP,10545.88,10545.88,10350.59,10448.24,1482700.0,2025-06-05
7095,ICBP.JK,Indofood CBP,10448.24,10497.06,10252.94,10399.41,4733600.0,2025-06-10
7096,ICBP.JK,Indofood CBP,10448.24,10497.06,10301.76,10448.24,5451900.0,2025-06-11
7097,ICBP.JK,Indofood CBP,10448.24,10570.29,10350.59,10423.82,4172700.0,2025-06-12
7098,ICBP.JK,Indofood CBP,10423.82,10472.65,10301.76,10350.59,4299100.0,2025-06-13
7099,ICBP.JK,Indofood CBP,10350.59,10497.06,10301.76,10326.18,3557500.0,2025-06-16
7100,ICBP.JK,Indofood CBP,10326.18,10472.65,10326.18,10375.0,2443900.0,2025-06-17
7101,ICBP.JK,Indofood CBP,10350.59,10423.82,10301.77,10399.41,2999200.0,2025-06-18
7102,ICBP.JK,Indofood CBP,10423.82,10423.82,10155.29,10204.12,4446100.0,2025-06-19
7103,ICBP.JK,Indofood CBP,10204.12,10399.41,9960.0,10179.71,14686100.0,2025-06-20
7104,ICBP.JK,Indofood CBP,10057.65,10057.65,9715.88,9715.88,8896600.0,2025-06-23
7105,ICBP.JK,Indofood CBP,9960.0,10130.88,9935.59,9984.41,3624700.0,2025-06-24
7106,ICBP.JK,Indofood CBP,10204.12,10204.12,9935.59,9984.41,2262900.0,2025-06-25
7107,ICBP.JK,Indofood CBP,9862.35,10057.65,9715.88,9911.18,10959700.0,2025-06-26
7108,ICBP.JK,Indofood CBP,10106.47,10301.76,9960.0,10252.94,12168800.0,2025-06-30
7109,ICBP.JK,Indofood CBP,10252.94,10375.0,10155.29,10375.0,4235400.0,2025-07-01
7110,ICBP.JK,Indofood CBP,10425.0,10625.0,10350.0,10500.0,3473000.0,2025-07-02
7111,ICBP.JK,Indofood CBP,10600.0,10850.0,10550.0,10750.0,3199900.0,2025-07-03
7112,ICBP.JK,Indofood CBP,10750.0,10800.0,10550.0,10650.0,1376400.0,2025-07-04
7113,ICBP.JK,Indofood CBP,10725.0,10725.0,10275.0,10500.0,5720900.0,2025-07-07
7114,ICBP.JK,Indofood CBP,10450.0,10550.0,10325.0,10500.0,7659400.0,2025-07-08
7115,ICBP.JK,Indofood CBP,10525.0,10550.0,10075.0,10525.0,6547300.0,2025-07-09
7116,ICBP.JK,Indofood CBP,10500.0,10500.0,10350.0,10450.0,3168500.0,2025-07-10
7117,ICBP.JK,Indofood CBP,10475.0,10500.0,10300.0,10325.0,2731600.0,2025-07-11
7118,ICBP.JK,Indofood CBP,10325.0,10425.0,10200.0,10400.0,4153500.0,2025-07-14
7119,ICBP.JK,Indofood CBP,10400.0,10425.0,10150.0,10400.0,12047900.0,2025-07-15
7120,ICBP.JK,Indofood CBP,10400.0,10425.0,10275.0,10350.0,2396100.0,2025-07-16
7121,ICBP.JK,Indofood CBP,10350.0,10400.0,10150.0,10350.0,13247400.0,2025-07-17
7122,ICBP.JK,Indofood CBP,10350.0,10525.0,10300.0,10400.0,12730500.0,2025-07-18
7123,ICBP.JK,Indofood CBP,10425.0,10500.0,10250.0,10500.0,11341700.0,2025-07-21
7124,ICBP.JK,Indofood CBP,10525.0,10525.0,10350.0,10350.0,2916000.0,2025-07-22
7125,ICBP.JK,Indofood CBP,10475.0,10475.0,10300.0,10450.0,3234000.0,2025-07-23
7126,ICBP.JK,Indofood CBP,10450.0,10475.0,10350.0,10350.0,2976000.0,2025-07-24
7127,ICBP.JK,Indofood CBP,10350.0,10550.0,10275.0,10550.0,6635900.0,2025-07-25
7128,ICBP.JK,Indofood CBP,10550.0,10575.0,10225.0,10225.0,5895900.0,2025-07-28
7129,ICBP.JK,Indofood CBP,10225.0,10250.0,9950.0,10000.0,23316400.0,2025-07-29
7130,ICBP.JK,Indofood CBP,10050.0,10100.0,9800.0,9925.0,11795400.0,2025-07-30
7131,ICBP.JK,Indofood CBP,9925.0,9975.0,9800.0,9800.0,4990600.0,2025-07-31
7132,ICBP.JK,Indofood CBP,9900.0,9950.0,9800.0,9900.0,9390400.0,2025-08-01
7133,ICBP.JK,Indofood CBP,9900.0,9925.0,9525.0,9550.0,12748700.0,2025-08-04
7134,ICBP.JK,Indofood CBP,9600.0,9625.0,9475.0,9575.0,8541600.0,2025-08-05
7135,ICBP.JK,Indofood CBP,9575.0,9625.0,9500.0,9550.0,5467100.0,2025-08-06
7136,ICBP.JK,Indofood CBP,9550.0,9575.0,9500.0,9500.0,6473400.0,2025-08-07
7137,ICBP.JK,Indofood CBP,9450.0,9450.0,9350.0,9350.0,7653700.0,2025-08-08
7138,ICBP.JK,Indofood CBP,9350.0,9600.0,9350.0,9550.0,7665100.0,2025-08-11
7139,ICBP.JK,Indofood CBP,9600.0,9700.0,9500.0,9550.0,6203500.0,2025-08-12
7140,ICBP.JK,Indofood CBP,9600.0,9650.0,9375.0,9475.0,9967500.0,2025-08-13
7141,ICBP.JK,Indofood CBP,9450.0,9825.0,9425.0,9725.0,25589500.0,2025-08-14
7142,ICBP.JK,Indofood CBP,9750.0,9950.0,9550.0,9900.0,18332000.0,2025-08-15
7143,ICBP.JK,Indofood CBP,9900.0,9925.0,9625.0,9775.0,6045500.0,2025-08-19
7144,ICBP.JK,Indofood CBP,9775.0,9825.0,9600.0,9650.0,5730000.0,2025-08-20
7145,ICBP.JK,Indofood CBP,9600.0,9700.0,9550.0,9550.0,3901000.0,2025-08-21
7146,ICBP.JK,Indofood CBP,9600.0,9675.0,9550.0,9575.0,3331700.0,2025-08-22
7147,ICBP.JK,Indofood CBP,9575.0,9625.0,9500.0,9500.0,5199200.0,2025-08-25
7148,ICBP.JK,Indofood CBP,9500.0,9575.0,9375.0,9375.0,9031900.0,2025-08-26
7149,ICBP.JK,Indofood CBP,9375.0,9425.0,9325.0,9325.0,3413900.0,2025-08-27
7150,ICBP.JK,Indofood CBP,9325.0,9450.0,9275.0,9300.0,4029300.0,2025-08-28
7151,ICBP.JK,Indofood CBP,9250.0,9275.0,8975.0,8975.0,12958600.0,2025-08-29
7152,ICBP.JK,Indofood CBP,8800.0,9275.0,8650.0,9200.0,5969700.0,2025-09-01
7153,ICBP.JK,Indofood CBP,9225.0,9325.0,9200.0,9200.0,3319500.0,2025-09-02
7154,ICBP.JK,Indofood CBP,9225.0,9300.0,9200.0,9300.0,2439300.0,2025-09-03
7155,ICBP.JK,Indofood CBP,9300.0,9300.0,9200.0,9250.0,2740200.0,2025-09-04
7156,ICBP.JK,Indofood CBP,9300.0,9475.0,9275.0,9375.0,8124700.0,2025-09-08
7157,ICBP.JK,Indofood CBP,9325.0,9325.0,9100.0,9225.0,4218400.0,2025-09-09
7158,ICBP.JK,Indofood CBP,9225.0,9225.0,9150.0,9225.0,2211300.0,2025-09-10
7159,ICBP.JK,Indofood CBP,9225.0,9400.0,9200.0,9300.0,4876500.0,2025-09-11
7160,ICBP.JK,Indofood CBP,9300.0,9400.0,9175.0,9250.0,4228300.0,2025-09-12
7161,ICBP.JK,Indofood CBP,9250.0,9325.0,9150.0,9225.0,3520100.0,2025-09-15
7162,ICBP.JK,Indofood CBP,9250.0,9325.0,9200.0,9300.0,2267100.0,2025-09-16
7163,ICBP.JK,Indofood CBP,9275.0,9500.0,9250.0,9500.0,3034300.0,2025-09-17
7164,ICBP.JK,Indofood CBP,9500.0,9525.0,9425.0,9425.0,2855900.0,2025-09-18
7165,ICBP.JK,Indofood CBP,9425.0,9700.0,9425.0,9700.0,6110200.0,2025-09-19
7166,ICBP.JK,Indofood CBP,9700.0,9825.0,9500.0,9625.0,4473300.0,2025-09-22
7167,ICBP.JK,Indofood CBP,9700.0,9700.0,9600.0,9700.0,1955400.0,2025-09-23
7168,ICBP.JK,Indofood CBP,9700.0,9725.0,9550.0,9550.0,5779000.0,2025-09-24
7169,ICBP.JK,Indofood CBP,9625.0,9800.0,9600.0,9800.0,6445600.0,2025-09-25
7170,ICBP.JK,Indofood CBP,9800.0,10050.0,9675.0,10000.0,8532100.0,2025-09-26
7171,ICBP.JK,Indofood CBP,10025.0,10050.0,9650.0,9650.0,6132900.0,2025-09-29
7172,ICBP.JK,Indofood CBP,9650.0,9750.0,9475.0,9475.0,6069800.0,2025-09-30
7173,ICBP.JK,Indofood CBP,9550.0,9625.0,9300.0,9325.0,3535600.0,2025-10-01
7174,ICBP.JK,Indofood CBP,9425.0,9625.0,9400.0,9500.0,2820900.0,2025-10-02
7175,ICBP.JK,Indofood CBP,9525.0,9575.0,9400.0,9550.0,2598800.0,2025-10-03
7176,ICBP.JK,Indofood CBP,9550.0,9550.0,9400.0,9500.0,2234600.0,2025-10-06
7177,ICBP.JK,Indofood CBP,9475.0,9475.0,9200.0,9200.0,4053100.0,2025-10-07
7178,ICBP.JK,Indofood CBP,9200.0,9375.0,9150.0,9200.0,3003600.0,2025-10-08
7179,ICBP.JK,Indofood CBP,9200.0,9325.0,9075.0,9100.0,7056400.0,2025-10-09
7180,ICBP.JK,Indofood CBP,9150.0,9175.0,8850.0,8850.0,11183000.0,2025-10-10
7181,ICBP.JK,Indofood CBP,8850.0,8925.0,8800.0,8800.0,4920500.0,2025-10-13
7182,ICBP.JK,Indofood CBP,8900.0,8900.0,8475.0,8475.0,10863600.0,2025-10-14
7183,ICBP.JK,Indofood CBP,8500.0,8750.0,8425.0,8675.0,9029700.0,2025-10-15
7184,ICBP.JK,Indofood CBP,8700.0,9300.0,8650.0,9250.0,10168600.0,2025-10-16
7185,ICBP.JK,Indofood CBP,9300.0,9400.0,9025.0,9400.0,8398300.0,2025-10-17
7186,ICBP.JK,Indofood CBP,9425.0,9550.0,9275.0,9375.0,7951500.0,2025-10-20
7187,ICBP.JK,Indofood CBP,9500.0,9500.0,9225.0,9275.0,3346700.0,2025-10-21
7188,ICBP.JK,Indofood CBP,9300.0,9325.0,8900.0,8900.0,7695400.0,2025-10-22
7189,ICBP.JK,Indofood CBP,8900.0,8950.0,8725.0,8825.0,14457700.0,2025-10-23
7190,ICBP.JK,Indofood CBP,8850.0,8950.0,8800.0,8800.0,7447900.0,2025-10-24
7191,ICBP.JK,Indofood CBP,8800.0,8975.0,8750.0,8850.0,8921900.0,2025-10-27
7192,ICBP.JK,Indofood CBP,8875.0,8925.0,8700.0,8775.0,12338900.0,2025-10-28
7193,ICBP.JK,Indofood CBP,8800.0,8825.0,8650.0,8700.0,16526500.0,2025-10-29
7194,ICBP.JK,Indofood CBP,8700.0,8875.0,8700.0,8800.0,13885200.0,2025-10-30
7195,ICBP.JK,Indofood CBP,8800.0,8850.0,8700.0,8700.0,9693500.0,2025-10-31
7196,ICBP.JK,Indofood CBP,8700.0,8700.0,8500.0,8500.0,14837200.0,2025-11-03
7197,ICBP.JK,Indofood CBP,8500.0,8600.0,8475.0,8475.0,14071000.0,2025-11-04
7198,ICBP.JK,Indofood CBP,8500.0,8700.0,8475.0,8700.0,7693000.0,2025-11-05
7199,ICBP.JK,Indofood CBP,8650.0,8675.0,8550.0,8575.0,15202700.0,2025-11-06
7200,ICBP.JK,Indofood CBP,8550.0,8650.0,8550.0,8600.0,5446000.0,2025-11-07
7201,ICBP.JK,Indofood CBP,8700.0,8725.0,8600.0,8650.0,6371300.0,2025-11-10
7202,ICBP.JK,Indofood CBP,8725.0,8725.0,8525.0,8550.0,9738300.0,2025-11-11
7203,ICBP.JK,Indofood CBP,8550.0,8675.0,8525.0,8525.0,7459700.0,2025-11-12
7204,ICBP.JK,Indofood CBP,8525.0,8600.0,8475.0,8475.0,9366500.0,2025-11-13
7205,ICBP.JK,Indofood CBP,8500.0,8550.0,8425.0,8425.0,9077300.0,2025-11-14
7206,ICBP.JK,Indofood CBP,8500.0,8700.0,8325.0,8375.0,21504300.0,2025-11-17
7207,ICBP.JK,Indofood CBP,8375.0,8475.0,8325.0,8325.0,14213100.0,2025-11-18
7208,ICBP.JK,Indofood CBP,8325.0,8525.0,8325.0,8400.0,20237100.0,2025-11-19
7209,ICBP.JK,Indofood CBP,8500.0,8525.0,8325.0,8325.0,15336300.0,2025-11-20
7210,ICBP.JK,Indofood CBP,8350.0,8400.0,8325.0,8350.0,9262700.0,2025-11-21
7211,ICBP.JK,Indofood CBP,8350.0,8450.0,8200.0,8350.0,176275900.0,2025-11-24
7212,ICBP.JK,Indofood CBP,8450.0,8600.0,8450.0,8575.0,36155100.0,2025-11-25
7213,ICBP.JK,Indofood CBP,8625.0,8650.0,8525.0,8600.0,19741000.0,2025-11-26
7214,ICBP.JK,Indofood CBP,8600.0,8625.0,8500.0,8550.0,17082500.0,2025-11-27
7215,ICBP.JK,Indofood CBP,8575.0,8600.0,8425.0,8450.0,8785500.0,2025-11-28
7216,ICBP.JK,Indofood CBP,8425.0,8475.0,8400.0,8400.0,5346900.0,2025-12-01
7217,ICBP.JK,Indofood CBP,8400.0,8425.0,8050.0,8100.0,43427600.0,2025-12-02
7218,ICBP.JK,Indofood CBP,8100.0,8200.0,8100.0,8125.0,10525100.0,2025-12-03
7219,ICBP.JK,Indofood CBP,8225.0,8250.0,8100.0,8200.0,13673600.0,2025-12-04
7220,ICBP.JK,Indofood CBP,8200.0,8200.0,8050.0,8050.0,16859700.0,2025-12-05
7221,ICBP.JK,Indofood CBP,8100.0,8200.0,8075.0,8075.0,11661200.0,2025-12-08
7222,ICBP.JK,Indofood CBP,8100.0,8125.0,8000.0,8000.0,16634200.0,2025-12-09
7223,ICBP.JK,Indofood CBP,8000.0,8075.0,8000.0,8025.0,8871000.0,2025-12-10
7224,ICBP.JK,Indofood CBP,8050.0,8150.0,7950.0,8025.0,10206100.0,2025-12-11
7225,ICBP.JK,Indofood CBP,8100.0,8100.0,7975.0,8075.0,8185400.0,2025-12-12
7226,ICBP.JK,Indofood CBP,8225.0,8375.0,8075.0,8300.0,15671200.0,2025-12-15
7227,ICBP.JK,Indofood CBP,8325.0,8400.0,8225.0,8350.0,17355800.0,2025-12-16
7228,ICBP.JK,Indofood CBP,8350.0,8400.0,8300.0,8325.0,5997500.0,2025-12-17
7229,ICBP.JK,Indofood CBP,8325.0,8400.0,8200.0,8250.0,6171700.0,2025-12-18
7230,ICBP.JK,Indofood CBP,8250.0,8425.0,8225.0,8425.0,11114100.0,2025-12-19
7231,ICBP.JK,Indofood CBP,8400.0,8400.0,8275.0,8350.0,6241200.0,2025-12-22
7232,ICBP.JK,Indofood CBP,8350.0,8350.0,8225.0,8250.0,4615400.0,2025-12-23
7233,ICBP.JK,Indofood CBP,8200.0,8275.0,8200.0,8250.0,1899500.0,2025-12-24
7234,ICBP.JK,Indofood CBP,8250.0,8325.0,8125.0,8300.0,6435900.0,2025-12-29
7235,ICBP.JK,Indofood CBP,8250.0,8325.0,8175.0,8200.0,3807000.0,2025-12-30
1448,TLKM.JK,Telkom Indonesia,2908.51,2930.49,2857.23,2864.56,52094000.0,2020-01-02
1449,TLKM.JK,Telkom Indonesia,2901.19,2915.84,2879.21,2915.84,70032900.0,2020-01-03
1450,TLKM.JK,Telkom Indonesia,2879.21,2908.51,2879.21,2901.19,42908900.0,2020-01-06
1451,TLKM.JK,Telkom Indonesia,2879.21,2908.51,2871.88,2886.53,51837600.0,2020-01-07
1452,TLKM.JK,Telkom Indonesia,2871.88,2893.86,2857.23,2857.23,52402600.0,2020-01-08
1453,TLKM.JK,Telkom Indonesia,2871.88,2908.51,2871.88,2901.19,37580300.0,2020-01-09
1454,TLKM.JK,Telkom Indonesia,2915.84,2923.17,2893.86,2915.84,48099000.0,2020-01-10
1455,TLKM.JK,Telkom Indonesia,2930.49,2952.47,2923.17,2952.47,61913800.0,2020-01-13
1456,TLKM.JK,Telkom Indonesia,2915.84,2930.49,2886.53,2893.86,95058600.0,2020-01-14
1457,TLKM.JK,Telkom Indonesia,2901.19,2901.19,2835.25,2842.58,147583300.0,2020-01-15
1458,TLKM.JK,Telkom Indonesia,2849.9,2849.9,2805.95,2820.6,118903100.0,2020-01-16
1459,TLKM.JK,Telkom Indonesia,2827.93,2835.25,2783.97,2791.29,119904100.0,2020-01-17
1460,TLKM.JK,Telkom Indonesia,2798.62,2813.27,2783.97,2791.29,73599200.0,2020-01-20
1461,TLKM.JK,Telkom Indonesia,2791.29,2857.23,2791.29,2849.9,78014400.0,2020-01-21
1462,TLKM.JK,Telkom Indonesia,2849.9,2849.9,2820.6,2827.93,45839800.0,2020-01-22
1463,TLKM.JK,Telkom Indonesia,2827.92,2842.58,2805.95,2842.58,41077400.0,2020-01-23
1464,TLKM.JK,Telkom Indonesia,2842.58,2879.21,2827.93,2871.88,58524000.0,2020-01-24
1465,TLKM.JK,Telkom Indonesia,2871.88,2871.88,2805.95,2813.27,33081800.0,2020-01-27
1466,TLKM.JK,Telkom Indonesia,2791.29,2813.27,2783.97,2805.95,56210000.0,2020-01-28
1467,TLKM.JK,Telkom Indonesia,2813.27,2857.23,2813.27,2857.23,51929800.0,2020-01-29
1468,TLKM.JK,Telkom Indonesia,2864.56,2864.56,2820.6,2827.93,60391600.0,2020-01-30
1469,TLKM.JK,Telkom Indonesia,2849.9,2849.9,2769.32,2783.97,120447900.0,2020-01-31
1470,TLKM.JK,Telkom Indonesia,2783.97,2798.62,2732.68,2740.01,68360600.0,2020-02-03
1471,TLKM.JK,Telkom Indonesia,2791.29,2791.29,2732.68,2754.66,77259600.0,2020-02-04
1472,TLKM.JK,Telkom Indonesia,2754.66,2769.32,2725.36,2761.99,68150800.0,2020-02-05
1473,TLKM.JK,Telkom Indonesia,2783.97,2783.97,2747.34,2754.66,56261500.0,2020-02-06
1474,TLKM.JK,Telkom Indonesia,2769.32,2798.62,2754.66,2776.64,53578900.0,2020-02-07
1475,TLKM.JK,Telkom Indonesia,2783.97,2820.6,2769.32,2791.29,86588500.0,2020-02-10
1476,TLKM.JK,Telkom Indonesia,2791.29,2805.95,2769.32,2776.64,50248200.0,2020-02-11
1477,TLKM.JK,Telkom Indonesia,2783.97,2820.6,2769.32,2798.62,73840300.0,2020-02-12
1478,TLKM.JK,Telkom Indonesia,2798.62,2805.95,2718.03,2732.68,66699800.0,2020-02-13
1479,TLKM.JK,Telkom Indonesia,2696.05,2732.68,2666.75,2666.75,108793300.0,2020-02-14
1480,TLKM.JK,Telkom Indonesia,2659.42,2681.4,2630.12,2644.77,94887800.0,2020-02-17
1481,TLKM.JK,Telkom Indonesia,2630.12,2681.4,2630.12,2652.1,94382900.0,2020-02-18
1482,TLKM.JK,Telkom Indonesia,2652.1,2666.75,2630.12,2652.1,63717800.0,2020-02-19
1483,TLKM.JK,Telkom Indonesia,2652.1,2674.07,2637.44,2659.42,53035400.0,2020-02-20
1484,TLKM.JK,Telkom Indonesia,2674.07,2718.03,2666.75,2703.38,86862600.0,2020-02-21
1485,TLKM.JK,Telkom Indonesia,2688.73,2725.36,2659.42,2666.75,72610600.0,2020-02-24
1486,TLKM.JK,Telkom Indonesia,2637.44,2688.73,2630.12,2630.12,73990700.0,2020-02-25
1487,TLKM.JK,Telkom Indonesia,2586.16,2600.81,2527.55,2571.51,133449900.0,2020-02-26
1488,TLKM.JK,Telkom Indonesia,2571.51,2600.81,2505.57,2542.2,88389400.0,2020-02-27
1489,TLKM.JK,Telkom Indonesia,2483.59,2556.85,2446.96,2556.85,151751800.0,2020-02-28
1490,TLKM.JK,Telkom Indonesia,2542.2,2600.81,2520.22,2520.22,96802900.0,2020-03-02
1491,TLKM.JK,Telkom Indonesia,2571.51,2681.4,2542.2,2652.1,114698200.0,2020-03-03
1492,TLKM.JK,Telkom Indonesia,2666.75,2813.27,2659.42,2805.95,136081000.0,2020-03-04
1493,TLKM.JK,Telkom Indonesia,2798.62,2842.58,2754.66,2805.95,101235000.0,2020-03-05
1494,TLKM.JK,Telkom Indonesia,2732.68,2776.64,2718.03,2747.34,86476000.0,2020-03-06
1495,TLKM.JK,Telkom Indonesia,2608.14,2652.1,2564.18,2564.18,109347300.0,2020-03-09
1496,TLKM.JK,Telkom Indonesia,2549.53,2652.1,2549.53,2556.85,119718000.0,2020-03-10
1497,TLKM.JK,Telkom Indonesia,2542.2,2549.53,2468.94,2490.92,115486900.0,2020-03-11
1498,TLKM.JK,Telkom Indonesia,2417.66,2520.22,2395.68,2424.98,84363800.0,2020-03-12
1499,TLKM.JK,Telkom Indonesia,2424.98,2424.98,2424.98,2424.98,84363800.0,2020-03-13
1500,TLKM.JK,Telkom Indonesia,2417.66,2417.66,2315.09,2315.09,115972300.0,2020-03-16
1501,TLKM.JK,Telkom Indonesia,2315.09,2315.09,2153.91,2153.91,150122700.0,2020-03-17
1502,TLKM.JK,Telkom Indonesia,2205.2,2256.48,2007.39,2058.67,150147300.0,2020-03-18
1503,TLKM.JK,Telkom Indonesia,2058.67,2058.67,1919.47,1919.47,138987300.0,2020-03-19
1504,TLKM.JK,Telkom Indonesia,1948.78,2190.54,1794.93,2109.95,267694700.0,2020-03-20
1505,TLKM.JK,Telkom Indonesia,2109.95,2109.95,1963.43,1963.43,86157200.0,2020-03-23
1506,TLKM.JK,Telkom Indonesia,1978.08,2109.95,1882.84,1919.47,243778900.0,2020-03-24
1507,TLKM.JK,Telkom Indonesia,1868.19,2256.48,1868.19,2183.22,267369500.0,2020-03-26
1508,TLKM.JK,Telkom Indonesia,2234.5,2395.68,2234.5,2263.81,200952500.0,2020-03-27
1509,TLKM.JK,Telkom Indonesia,2241.83,2329.74,2109.95,2300.44,134474300.0,2020-03-30
1510,TLKM.JK,Telkom Indonesia,2329.74,2417.66,2285.78,2315.09,151302900.0,2020-03-31
1511,TLKM.JK,Telkom Indonesia,2329.74,2344.39,2227.17,2271.13,104550600.0,2020-04-01
1512,TLKM.JK,Telkom Indonesia,2271.13,2293.11,2212.52,2293.11,92893600.0,2020-04-02
1513,TLKM.JK,Telkom Indonesia,2307.76,2359.05,2285.78,2344.39,83469200.0,2020-04-03
1514,TLKM.JK,Telkom Indonesia,2403.0,2439.63,2329.74,2439.63,115495000.0,2020-04-06
1515,TLKM.JK,Telkom Indonesia,2483.59,2564.18,2344.39,2359.05,166425600.0,2020-04-07
1516,TLKM.JK,Telkom Indonesia,2359.05,2359.05,2234.5,2278.46,124553900.0,2020-04-08
1517,TLKM.JK,Telkom Indonesia,2278.46,2329.74,2219.85,2285.78,122622400.0,2020-04-09
1518,TLKM.JK,Telkom Indonesia,2300.44,2366.37,2293.11,2329.74,45469500.0,2020-04-13
1519,TLKM.JK,Telkom Indonesia,2344.39,2381.03,2315.09,2373.7,79114600.0,2020-04-14
1520,TLKM.JK,Telkom Indonesia,2381.03,2417.66,2263.81,2278.46,69832000.0,2020-04-15
1521,TLKM.JK,Telkom Indonesia,2278.46,2278.46,2197.87,2197.87,109582500.0,2020-04-16
1522,TLKM.JK,Telkom Indonesia,2234.5,2381.03,2234.5,2366.37,127860400.0,2020-04-17
1523,TLKM.JK,Telkom Indonesia,2395.68,2395.68,2285.78,2285.78,77306900.0,2020-04-20
1524,TLKM.JK,Telkom Indonesia,2285.78,2293.11,2234.5,2249.15,43239400.0,2020-04-21
1525,TLKM.JK,Telkom Indonesia,2234.5,2395.68,2219.85,2315.09,126278300.0,2020-04-22
1526,TLKM.JK,Telkom Indonesia,2344.39,2373.7,2249.15,2249.15,117391500.0,2020-04-23
1527,TLKM.JK,Telkom Indonesia,2271.13,2315.09,2256.48,2263.81,84061400.0,2020-04-24
1528,TLKM.JK,Telkom Indonesia,2285.78,2344.39,2271.13,2307.76,85475400.0,2020-04-27
1529,TLKM.JK,Telkom Indonesia,2322.42,2344.39,2300.44,2315.09,80212700.0,2020-04-28
1530,TLKM.JK,Telkom Indonesia,2344.39,2483.59,2271.13,2454.29,154902100.0,2020-04-29
1531,TLKM.JK,Telkom Indonesia,2490.92,2593.49,2454.29,2564.18,163170100.0,2020-04-30
1532,TLKM.JK,Telkom Indonesia,2490.92,2490.92,2388.35,2432.31,108988600.0,2020-05-04
1533,TLKM.JK,Telkom Indonesia,2432.31,2483.59,2432.31,2432.31,74036700.0,2020-05-05
1534,TLKM.JK,Telkom Indonesia,2417.66,2446.96,2359.05,2373.7,86395000.0,2020-05-06
1535,TLKM.JK,Telkom Indonesia,2395.68,2410.33,2307.76,2337.07,143584400.0,2020-05-08
1536,TLKM.JK,Telkom Indonesia,2359.05,2381.02,2351.72,2359.05,58473100.0,2020-05-11
1537,TLKM.JK,Telkom Indonesia,2395.68,2395.68,2271.13,2307.76,138978700.0,2020-05-12
1538,TLKM.JK,Telkom Indonesia,2307.76,2322.42,2256.48,2315.09,73238700.0,2020-05-13
1539,TLKM.JK,Telkom Indonesia,2278.46,2300.44,2241.83,2249.15,101581300.0,2020-05-14
1540,TLKM.JK,Telkom Indonesia,2271.13,2293.11,2212.52,2271.13,114753900.0,2020-05-15
1541,TLKM.JK,Telkom Indonesia,2271.13,2359.05,2271.13,2359.05,108828800.0,2020-05-18
1542,TLKM.JK,Telkom Indonesia,2381.03,2439.63,2381.03,2395.68,97387100.0,2020-05-19
1543,TLKM.JK,Telkom Indonesia,2344.39,2388.35,2329.74,2329.74,76086600.0,2020-05-20
1544,TLKM.JK,Telkom Indonesia,2307.76,2403.0,2293.11,2381.02,105792900.0,2020-05-26
1545,TLKM.JK,Telkom Indonesia,2381.03,2395.68,2307.76,2322.42,128693900.0,2020-05-27
1546,TLKM.JK,Telkom Indonesia,2329.74,2351.72,2293.11,2293.11,177385100.0,2020-05-28
1547,TLKM.JK,Telkom Indonesia,2271.13,2307.76,2256.48,2307.76,276092100.0,2020-05-29
1548,TLKM.JK,Telkom Indonesia,2315.09,2395.68,2285.78,2381.02,174790600.0,2020-06-02
1549,TLKM.JK,Telkom Indonesia,2403.0,2432.31,2366.37,2410.33,216200900.0,2020-06-03
1550,TLKM.JK,Telkom Indonesia,2432.31,2483.59,2381.03,2417.66,167708600.0,2020-06-04
1551,TLKM.JK,Telkom Indonesia,2461.61,2461.61,2344.39,2366.37,188420700.0,2020-06-05
1552,TLKM.JK,Telkom Indonesia,2381.03,2410.33,2359.05,2366.37,221641600.0,2020-06-08
1553,TLKM.JK,Telkom Indonesia,2381.03,2395.68,2300.44,2300.44,171214500.0,2020-06-09
1554,TLKM.JK,Telkom Indonesia,2307.76,2337.07,2271.13,2278.46,263483700.0,2020-06-10
1555,TLKM.JK,Telkom Indonesia,2285.78,2307.76,2241.83,2256.48,175767800.0,2020-06-11
1556,TLKM.JK,Telkom Indonesia,2256.48,2256.48,2175.89,2219.85,260087300.0,2020-06-12
1557,TLKM.JK,Telkom Indonesia,2241.83,2307.76,2219.85,2263.81,241625700.0,2020-06-15
1558,TLKM.JK,Telkom Indonesia,2307.76,2359.05,2293.11,2344.39,194424800.0,2020-06-16
1559,TLKM.JK,Telkom Indonesia,2351.72,2366.37,2300.44,2351.72,177784900.0,2020-06-17
1560,TLKM.JK,Telkom Indonesia,2351.72,2454.29,2329.74,2403.0,235586600.0,2020-06-18
1561,TLKM.JK,Telkom Indonesia,2417.66,2446.96,2381.02,2403.0,227358800.0,2020-06-19
1562,TLKM.JK,Telkom Indonesia,2410.33,2417.66,2329.74,2344.39,159776500.0,2020-06-22
1563,TLKM.JK,Telkom Indonesia,2344.39,2344.39,2285.78,2293.11,167271000.0,2020-06-23
1564,TLKM.JK,Telkom Indonesia,2307.76,2366.37,2300.44,2329.74,170895600.0,2020-06-24
1565,TLKM.JK,Telkom Indonesia,2315.09,2359.05,2300.44,2315.09,100882600.0,2020-06-25
1566,TLKM.JK,Telkom Indonesia,2337.07,2359.05,2329.74,2337.07,100784500.0,2020-06-26
1567,TLKM.JK,Telkom Indonesia,2344.39,2381.03,2315.09,2329.74,156613200.0,2020-06-29
1568,TLKM.JK,Telkom Indonesia,2379.07,2386.77,2348.27,2348.27,258068400.0,2020-06-30
1569,TLKM.JK,Telkom Indonesia,2363.67,2386.77,2317.47,2340.57,148037400.0,2020-07-01
1570,TLKM.JK,Telkom Indonesia,2340.57,2417.57,2340.57,2417.57,178357900.0,2020-07-02
1571,TLKM.JK,Telkom Indonesia,2425.26,2448.36,2394.47,2402.17,102033100.0,2020-07-03
1572,TLKM.JK,Telkom Indonesia,2409.87,2425.26,2340.57,2348.27,248572600.0,2020-07-06
1573,TLKM.JK,Telkom Indonesia,2355.97,2402.17,2348.27,2402.17,169104200.0,2020-07-07
1574,TLKM.JK,Telkom Indonesia,2409.87,2432.96,2394.47,2425.26,158166300.0,2020-07-08
1575,TLKM.JK,Telkom Indonesia,2440.66,2456.06,2394.47,2394.47,125940800.0,2020-07-09
1576,TLKM.JK,Telkom Indonesia,2394.47,2409.87,2386.77,2394.47,95422400.0,2020-07-10
1577,TLKM.JK,Telkom Indonesia,2402.17,2409.87,2371.37,2379.07,77733900.0,2020-07-13
1578,TLKM.JK,Telkom Indonesia,2386.77,2394.47,2363.67,2371.37,111442600.0,2020-07-14
1579,TLKM.JK,Telkom Indonesia,2402.17,2409.87,2371.37,2379.07,102304100.0,2020-07-15
1580,TLKM.JK,Telkom Indonesia,2379.07,2394.47,2371.37,2386.77,91951000.0,2020-07-16
1581,TLKM.JK,Telkom Indonesia,2386.77,2394.47,2355.97,2355.97,112416300.0,2020-07-17
1582,TLKM.JK,Telkom Indonesia,2371.37,2371.37,2340.57,2355.97,64735500.0,2020-07-20
1583,TLKM.JK,Telkom Indonesia,2348.27,2394.47,2348.27,2355.97,101283800.0,2020-07-21
1584,TLKM.JK,Telkom Indonesia,2363.67,2379.07,2355.97,2363.67,69462100.0,2020-07-22
1585,TLKM.JK,Telkom Indonesia,2363.67,2379.07,2355.97,2363.67,70482100.0,2020-07-23
1586,TLKM.JK,Telkom Indonesia,2371.37,2371.37,2325.17,2325.17,137265100.0,2020-07-24
1587,TLKM.JK,Telkom Indonesia,2325.17,2348.27,2325.17,2340.57,58708800.0,2020-07-27
1588,TLKM.JK,Telkom Indonesia,2348.27,2348.27,2317.48,2325.17,102705300.0,2020-07-28
1589,TLKM.JK,Telkom Indonesia,2332.87,2348.27,2309.78,2309.78,114352000.0,2020-07-29
1590,TLKM.JK,Telkom Indonesia,2340.57,2348.27,2309.78,2348.27,95785000.0,2020-07-30
1591,TLKM.JK,Telkom Indonesia,2355.97,2355.97,2194.29,2248.18,255659800.0,2020-08-03
1592,TLKM.JK,Telkom Indonesia,2286.68,2286.68,2248.18,2271.28,96018000.0,2020-08-04
1593,TLKM.JK,Telkom Indonesia,2278.98,2340.57,2248.18,2325.17,120719100.0,2020-08-05
1594,TLKM.JK,Telkom Indonesia,2348.27,2348.27,2309.78,2325.17,71699000.0,2020-08-06
1595,TLKM.JK,Telkom Indonesia,2325.17,2332.87,2286.68,2294.38,78347200.0,2020-08-07
1596,TLKM.JK,Telkom Indonesia,2309.78,2325.17,2286.68,2286.68,65485400.0,2020-08-10
1597,TLKM.JK,Telkom Indonesia,2294.38,2309.78,2255.88,2255.88,175693000.0,2020-08-11
1598,TLKM.JK,Telkom Indonesia,2255.88,2278.98,2248.18,2271.28,110934800.0,2020-08-12
1599,TLKM.JK,Telkom Indonesia,2271.28,2325.17,2271.28,2317.48,160906600.0,2020-08-13
1600,TLKM.JK,Telkom Indonesia,2325.17,2340.57,2309.78,2332.87,93007500.0,2020-08-14
1601,TLKM.JK,Telkom Indonesia,2332.87,2355.97,2309.78,2348.27,139358500.0,2020-08-18
1602,TLKM.JK,Telkom Indonesia,2348.27,2348.27,2309.78,2309.78,103980600.0,2020-08-19
1603,TLKM.JK,Telkom Indonesia,2317.48,2325.17,2302.08,2309.78,76713900.0,2020-08-24
1604,TLKM.JK,Telkom Indonesia,2317.47,2317.47,2294.38,2294.38,100013600.0,2020-08-25
1605,TLKM.JK,Telkom Indonesia,2294.38,2348.27,2294.38,2325.17,122465300.0,2020-08-26
1606,TLKM.JK,Telkom Indonesia,2325.17,2340.57,2286.68,2302.08,102787800.0,2020-08-27
1607,TLKM.JK,Telkom Indonesia,2302.08,2302.08,2263.58,2278.98,160569500.0,2020-08-28
1608,TLKM.JK,Telkom Indonesia,2278.98,2294.38,2201.99,2201.99,204261100.0,2020-08-31
1609,TLKM.JK,Telkom Indonesia,2232.78,2240.48,2201.99,2232.78,90565400.0,2020-09-01
1610,TLKM.JK,Telkom Indonesia,2232.78,2286.68,2232.78,2271.28,107589800.0,2020-09-02
1611,TLKM.JK,Telkom Indonesia,2271.28,2278.98,2217.38,2232.78,123106100.0,2020-09-03
1612,TLKM.JK,Telkom Indonesia,2194.29,2225.08,2186.59,2201.99,143569100.0,2020-09-04
1613,TLKM.JK,Telkom Indonesia,2209.69,2240.48,2209.69,2232.78,62206600.0,2020-09-07
1614,TLKM.JK,Telkom Indonesia,2225.08,2232.78,2201.99,2201.99,80068200.0,2020-09-08
1615,TLKM.JK,Telkom Indonesia,2194.29,2201.99,2155.79,2155.79,108397400.0,2020-09-09
1616,TLKM.JK,Telkom Indonesia,2155.79,2155.79,2017.2,2078.8,287496300.0,2020-09-10
1617,TLKM.JK,Telkom Indonesia,2055.7,2186.59,2040.3,2163.49,197756800.0,2020-09-11
1618,TLKM.JK,Telkom Indonesia,2178.89,2225.08,2171.19,2225.08,127562700.0,2020-09-14
1619,TLKM.JK,Telkom Indonesia,2225.08,2232.78,2163.49,2178.89,106215900.0,2020-09-15
1620,TLKM.JK,Telkom Indonesia,2163.49,2178.89,2132.69,2148.09,68113400.0,2020-09-16
1621,TLKM.JK,Telkom Indonesia,2163.49,2194.29,2140.39,2171.19,97257400.0,2020-09-17
1622,TLKM.JK,Telkom Indonesia,2194.29,2225.08,2186.59,2225.08,162116700.0,2020-09-18
1623,TLKM.JK,Telkom Indonesia,2225.08,2240.48,2155.79,2163.49,100305100.0,2020-09-21
1624,TLKM.JK,Telkom Indonesia,2148.09,2163.49,2117.29,2140.39,75891600.0,2020-09-22
1625,TLKM.JK,Telkom Indonesia,2132.69,2163.49,2109.6,2155.79,85953300.0,2020-09-23
1626,TLKM.JK,Telkom Indonesia,2117.29,2124.99,2086.5,2101.9,74516800.0,2020-09-24
1627,TLKM.JK,Telkom Indonesia,2094.2,2109.6,2055.7,2071.1,180968900.0,2020-09-25
1628,TLKM.JK,Telkom Indonesia,2086.5,2101.9,2048.0,2048.0,89256700.0,2020-09-28
1629,TLKM.JK,Telkom Indonesia,2071.1,2071.1,2024.9,2024.9,155853900.0,2020-09-29
1630,TLKM.JK,Telkom Indonesia,2024.9,2040.3,1955.61,1971.01,235611600.0,2020-09-30
1631,TLKM.JK,Telkom Indonesia,2001.81,2124.99,2001.81,2117.29,225006000.0,2020-10-01
1632,TLKM.JK,Telkom Indonesia,2117.29,2117.29,2040.3,2063.4,140161900.0,2020-10-02
1633,TLKM.JK,Telkom Indonesia,2071.1,2086.5,2032.6,2040.3,124720200.0,2020-10-05
1634,TLKM.JK,Telkom Indonesia,2063.4,2078.8,2017.2,2040.3,148977400.0,2020-10-06
1635,TLKM.JK,Telkom Indonesia,2040.3,2055.7,2017.2,2048.0,110186000.0,2020-10-07
1636,TLKM.JK,Telkom Indonesia,2055.7,2094.2,2040.3,2078.8,154587800.0,2020-10-08
1637,TLKM.JK,Telkom Indonesia,2086.5,2117.29,2078.8,2101.9,109122300.0,2020-10-09
1638,TLKM.JK,Telkom Indonesia,2117.29,2124.99,2086.5,2101.9,77479100.0,2020-10-12
1639,TLKM.JK,Telkom Indonesia,2101.9,2109.6,2063.4,2101.9,97205500.0,2020-10-13
1640,TLKM.JK,Telkom Indonesia,2101.9,2178.89,2086.5,2163.49,183236500.0,2020-10-14
1641,TLKM.JK,Telkom Indonesia,2155.79,2194.29,2124.99,2140.39,138462900.0,2020-10-15
1642,TLKM.JK,Telkom Indonesia,2140.39,2140.39,2094.2,2117.29,135175000.0,2020-10-16
1643,TLKM.JK,Telkom Indonesia,2155.79,2163.49,2086.5,2086.5,187840500.0,2020-10-19
1644,TLKM.JK,Telkom Indonesia,2086.5,2109.6,2055.7,2055.7,168211100.0,2020-10-20
1645,TLKM.JK,Telkom Indonesia,2063.4,2086.5,2055.7,2063.4,142146300.0,2020-10-21
1646,TLKM.JK,Telkom Indonesia,2055.7,2094.2,2040.3,2078.8,257179400.0,2020-10-22
1647,TLKM.JK,Telkom Indonesia,2086.5,2094.2,2024.9,2024.9,166356000.0,2020-10-23
1648,TLKM.JK,Telkom Indonesia,2024.9,2063.4,2024.9,2040.3,97523200.0,2020-10-26
1649,TLKM.JK,Telkom Indonesia,2032.6,2071.1,2017.2,2017.2,146366600.0,2020-10-27
1650,TLKM.JK,Telkom Indonesia,1994.11,2017.2,1963.31,1971.01,391510600.0,2020-11-02
1651,TLKM.JK,Telkom Indonesia,1978.71,1994.11,1955.61,1986.41,188874000.0,2020-11-03
1652,TLKM.JK,Telkom Indonesia,2001.81,2032.6,1986.41,1986.41,150678200.0,2020-11-04
1653,TLKM.JK,Telkom Indonesia,2024.9,2163.49,2017.2,2132.69,369260400.0,2020-11-05
1654,TLKM.JK,Telkom Indonesia,2155.79,2186.59,2117.29,2178.89,243865800.0,2020-11-06
1655,TLKM.JK,Telkom Indonesia,2201.99,2232.78,2186.59,2217.38,208192700.0,2020-11-09
1656,TLKM.JK,Telkom Indonesia,2271.28,2271.28,2201.99,2201.99,195337300.0,2020-11-10
1657,TLKM.JK,Telkom Indonesia,2232.78,2386.77,2217.38,2371.37,480530200.0,2020-11-11
1658,TLKM.JK,Telkom Indonesia,2371.37,2371.37,2317.47,2340.57,169609900.0,2020-11-12
1659,TLKM.JK,Telkom Indonesia,2317.48,2317.48,2271.28,2302.08,186708800.0,2020-11-13
1660,TLKM.JK,Telkom Indonesia,2340.57,2386.77,2325.17,2363.67,206145500.0,2020-11-16
1661,TLKM.JK,Telkom Indonesia,2386.77,2517.66,2386.77,2479.16,527501800.0,2020-11-17
1662,TLKM.JK,Telkom Indonesia,2463.76,2502.26,2432.96,2448.36,239122600.0,2020-11-18
1663,TLKM.JK,Telkom Indonesia,2425.26,2479.16,2417.57,2440.66,185558800.0,2020-11-19
1664,TLKM.JK,Telkom Indonesia,2456.06,2517.66,2448.36,2479.16,211892500.0,2020-11-20
1665,TLKM.JK,Telkom Indonesia,2486.86,2571.55,2479.16,2556.15,260752200.0,2020-11-23
1666,TLKM.JK,Telkom Indonesia,2579.25,2602.35,2563.85,2579.25,207503900.0,2020-11-24
1667,TLKM.JK,Telkom Indonesia,2594.65,2610.05,2525.35,2525.35,253156200.0,2020-11-25
1668,TLKM.JK,Telkom Indonesia,2525.36,2679.34,2525.36,2671.64,374185400.0,2020-11-26
1669,TLKM.JK,Telkom Indonesia,2679.34,2694.74,2633.14,2663.94,163651600.0,2020-11-27
1670,TLKM.JK,Telkom Indonesia,2663.94,2671.64,2479.16,2486.86,624142600.0,2020-11-30
1671,TLKM.JK,Telkom Indonesia,2486.86,2556.15,2432.96,2494.56,277929200.0,2020-12-01
1672,TLKM.JK,Telkom Indonesia,2517.66,2563.85,2494.56,2563.85,187276600.0,2020-12-02
1673,TLKM.JK,Telkom Indonesia,2563.85,2586.95,2525.36,2540.75,121434200.0,2020-12-03
1674,TLKM.JK,Telkom Indonesia,2517.66,2525.35,2471.46,2502.26,170418900.0,2020-12-04
1675,TLKM.JK,Telkom Indonesia,2525.36,2563.85,2509.96,2563.85,175436900.0,2020-12-07
1676,TLKM.JK,Telkom Indonesia,2579.25,2579.25,2533.05,2540.75,113775100.0,2020-12-08
1677,TLKM.JK,Telkom Indonesia,2517.66,2533.05,2502.26,2509.96,229380200.0,2020-12-10
1678,TLKM.JK,Telkom Indonesia,2517.66,2563.85,2502.26,2525.35,154365400.0,2020-12-11
1679,TLKM.JK,Telkom Indonesia,2540.75,2571.55,2502.26,2556.15,281474900.0,2020-12-14
1680,TLKM.JK,Telkom Indonesia,2556.15,2687.04,2533.05,2656.24,410175700.0,2020-12-15
1681,TLKM.JK,Telkom Indonesia,2694.74,2802.53,2694.74,2779.43,455088400.0,2020-12-16
1682,TLKM.JK,Telkom Indonesia,2779.43,2787.13,2710.14,2725.54,249797800.0,2020-12-17
1683,TLKM.JK,Telkom Indonesia,2694.74,2725.54,2694.74,2702.44,187856600.0,2020-12-18
1684,TLKM.JK,Telkom Indonesia,2717.84,2779.43,2702.44,2710.14,267970200.0,2020-12-21
1685,TLKM.JK,Telkom Indonesia,2694.74,2725.54,2571.55,2586.95,311860000.0,2020-12-22
1686,TLKM.JK,Telkom Indonesia,2579.25,2633.14,2494.56,2556.15,240067600.0,2020-12-23
1687,TLKM.JK,Telkom Indonesia,2594.65,2663.94,2525.35,2640.84,178138100.0,2020-12-28
1688,TLKM.JK,Telkom Indonesia,2694.74,2717.84,2617.75,2633.14,184525500.0,2020-12-29
1689,TLKM.JK,Telkom Indonesia,2633.14,2633.14,2548.45,2548.45,150844500.0,2020-12-30
1690,TLKM.JK,Telkom Indonesia,2556.15,2694.74,2548.45,2687.04,165339800.0,2021-01-04
1691,TLKM.JK,Telkom Indonesia,2679.34,2679.34,2633.14,2671.64,157800700.0,2021-01-05
1692,TLKM.JK,Telkom Indonesia,2671.64,2687.04,2563.85,2594.65,177877900.0,2021-01-06
1693,TLKM.JK,Telkom Indonesia,2610.05,2656.24,2602.35,2610.05,140221900.0,2021-01-07
1694,TLKM.JK,Telkom Indonesia,2656.24,2787.13,2648.54,2748.63,492643700.0,2021-01-08
1695,TLKM.JK,Telkom Indonesia,2764.03,2802.53,2748.63,2771.73,271231200.0,2021-01-11
1696,TLKM.JK,Telkom Indonesia,2771.73,2787.13,2694.74,2702.44,189779500.0,2021-01-12
1697,TLKM.JK,Telkom Indonesia,2733.23,2733.23,2663.94,2679.34,162329300.0,2021-01-13
1698,TLKM.JK,Telkom Indonesia,2679.34,2764.03,2671.64,2694.74,187448400.0,2021-01-14
1699,TLKM.JK,Telkom Indonesia,2702.44,2725.54,2656.24,2679.34,133304300.0,2021-01-15
1700,TLKM.JK,Telkom Indonesia,2679.34,2710.14,2640.84,2656.24,138913100.0,2021-01-18
1701,TLKM.JK,Telkom Indonesia,2671.64,2687.04,2594.65,2625.45,144100700.0,2021-01-19
1702,TLKM.JK,Telkom Indonesia,2633.14,2679.34,2602.35,2671.64,116098100.0,2021-01-20
1703,TLKM.JK,Telkom Indonesia,2694.74,2710.14,2663.94,2679.34,81801900.0,2021-01-21
1704,TLKM.JK,Telkom Indonesia,2633.14,2648.54,2586.95,2610.05,165024200.0,2021-01-22
1705,TLKM.JK,Telkom Indonesia,2594.65,2625.45,2548.45,2594.65,118131800.0,2021-01-25
1706,TLKM.JK,Telkom Indonesia,2586.95,2610.05,2509.96,2509.96,111414500.0,2021-01-26
1707,TLKM.JK,Telkom Indonesia,2571.55,2602.35,2509.96,2602.35,159144700.0,2021-01-27
1708,TLKM.JK,Telkom Indonesia,2525.35,2563.85,2486.86,2494.56,142648800.0,2021-01-28
1709,TLKM.JK,Telkom Indonesia,2533.05,2533.05,2394.47,2394.47,191915100.0,2021-01-29
1710,TLKM.JK,Telkom Indonesia,2409.87,2502.26,2340.57,2486.86,133929600.0,2021-02-01
1711,TLKM.JK,Telkom Indonesia,2540.75,2563.85,2502.26,2517.66,114734600.0,2021-02-02
1712,TLKM.JK,Telkom Indonesia,2502.26,2563.85,2479.16,2494.56,86433900.0,2021-02-03
1713,TLKM.JK,Telkom Indonesia,2517.66,2563.85,2509.96,2533.05,80319500.0,2021-02-04
1714,TLKM.JK,Telkom Indonesia,2556.15,2556.15,2517.66,2533.05,52630500.0,2021-02-05
1715,TLKM.JK,Telkom Indonesia,2540.75,2594.65,2517.66,2525.35,96635600.0,2021-02-08
1716,TLKM.JK,Telkom Indonesia,2502.26,2540.75,2448.36,2463.76,157479200.0,2021-02-09
1717,TLKM.JK,Telkom Indonesia,2448.36,2479.16,2432.96,2456.06,125221400.0,2021-02-10
1718,TLKM.JK,Telkom Indonesia,2479.16,2486.86,2440.66,2456.06,79940700.0,2021-02-11
1719,TLKM.JK,Telkom Indonesia,2463.76,2509.96,2463.76,2479.16,88883300.0,2021-02-15
1720,TLKM.JK,Telkom Indonesia,2463.76,2502.26,2456.06,2471.46,82026300.0,2021-02-16
1721,TLKM.JK,Telkom Indonesia,2479.16,2502.26,2417.57,2425.26,121105300.0,2021-02-17
1722,TLKM.JK,Telkom Indonesia,2456.06,2517.66,2448.36,2448.36,151200300.0,2021-02-18
1723,TLKM.JK,Telkom Indonesia,2448.36,2479.16,2440.66,2471.46,63214600.0,2021-02-19
1724,TLKM.JK,Telkom Indonesia,2471.46,2494.56,2440.66,2440.66,100425500.0,2021-02-22
1725,TLKM.JK,Telkom Indonesia,2463.76,2679.34,2463.76,2671.64,354966200.0,2021-02-23
1726,TLKM.JK,Telkom Indonesia,2687.04,2733.23,2663.94,2679.34,303017100.0,2021-02-24
1727,TLKM.JK,Telkom Indonesia,2702.44,2748.63,2656.24,2687.04,226833000.0,2021-02-25
1728,TLKM.JK,Telkom Indonesia,2656.24,2702.44,2625.45,2687.04,230007700.0,2021-02-26
1729,TLKM.JK,Telkom Indonesia,2687.04,2702.44,2671.64,2687.04,91513500.0,2021-03-01
1730,TLKM.JK,Telkom Indonesia,2687.04,2694.74,2648.54,2663.94,169061400.0,2021-03-02
1731,TLKM.JK,Telkom Indonesia,2679.34,2679.34,2633.14,2648.54,82610700.0,2021-03-03
1732,TLKM.JK,Telkom Indonesia,2633.14,2640.84,2579.25,2586.95,142322100.0,2021-03-04
1733,TLKM.JK,Telkom Indonesia,2571.55,2594.65,2556.15,2556.15,128546000.0,2021-03-05
1734,TLKM.JK,Telkom Indonesia,2586.95,2617.75,2563.85,2571.55,80094900.0,2021-03-08
1735,TLKM.JK,Telkom Indonesia,2594.65,2610.05,2525.35,2533.05,110090800.0,2021-03-09
1736,TLKM.JK,Telkom Indonesia,2571.55,2633.14,2548.45,2617.75,91631900.0,2021-03-10
1737,TLKM.JK,Telkom Indonesia,2648.54,2679.34,2640.84,2656.24,100195200.0,2021-03-12
1738,TLKM.JK,Telkom Indonesia,2648.54,2656.24,2602.35,2602.35,50077300.0,2021-03-15
1739,TLKM.JK,Telkom Indonesia,2617.75,2625.45,2586.95,2586.95,60111200.0,2021-03-16
1740,TLKM.JK,Telkom Indonesia,2625.45,2640.84,2594.65,2610.05,61701400.0,2021-03-17
1741,TLKM.JK,Telkom Indonesia,2656.24,2679.34,2640.84,2656.24,101896400.0,2021-03-18
1742,TLKM.JK,Telkom Indonesia,2625.45,2648.54,2602.35,2648.54,140000000.0,2021-03-19
1743,TLKM.JK,Telkom Indonesia,2648.54,2648.54,2602.35,2602.35,53870300.0,2021-03-22
1744,TLKM.JK,Telkom Indonesia,2610.05,2633.14,2579.25,2586.95,55323200.0,2021-03-23
1745,TLKM.JK,Telkom Indonesia,2556.15,2610.05,2556.15,2594.65,67173200.0,2021-03-24
1746,TLKM.JK,Telkom Indonesia,2617.75,2640.84,2602.35,2625.45,107607200.0,2021-03-25
1747,TLKM.JK,Telkom Indonesia,2625.45,2694.74,2610.05,2687.04,106810400.0,2021-03-26
1748,TLKM.JK,Telkom Indonesia,2671.64,2687.04,2617.75,2625.45,72214100.0,2021-03-29
1749,TLKM.JK,Telkom Indonesia,2633.14,2640.84,2586.95,2602.35,66491800.0,2021-03-30
1750,TLKM.JK,Telkom Indonesia,2602.35,2633.14,2563.85,2633.14,134671900.0,2021-03-31
1751,TLKM.JK,Telkom Indonesia,2610.05,2648.54,2602.35,2610.05,73332000.0,2021-04-01
1752,TLKM.JK,Telkom Indonesia,2640.84,2640.84,2594.65,2602.35,36029200.0,2021-04-05
1753,TLKM.JK,Telkom Indonesia,2617.75,2625.45,2594.65,2594.65,40566400.0,2021-04-06
1754,TLKM.JK,Telkom Indonesia,2625.45,2640.84,2602.35,2617.75,84754300.0,2021-04-07
1755,TLKM.JK,Telkom Indonesia,2602.35,2617.75,2602.35,2610.05,59079700.0,2021-04-08
1756,TLKM.JK,Telkom Indonesia,2610.05,2610.05,2586.95,2586.95,56861400.0,2021-04-09
1757,TLKM.JK,Telkom Indonesia,2571.55,2610.05,2540.75,2548.45,79003200.0,2021-04-12
1758,TLKM.JK,Telkom Indonesia,2571.55,2571.55,2540.75,2563.85,51300200.0,2021-04-13
1759,TLKM.JK,Telkom Indonesia,2586.95,2586.95,2556.15,2571.55,52587500.0,2021-04-14
1760,TLKM.JK,Telkom Indonesia,2571.55,2586.95,2556.15,2586.95,65669100.0,2021-04-15
1761,TLKM.JK,Telkom Indonesia,2594.65,2594.65,2556.15,2586.95,52517800.0,2021-04-16
1762,TLKM.JK,Telkom Indonesia,2563.85,2586.95,2563.85,2571.55,44899700.0,2021-04-19
1763,TLKM.JK,Telkom Indonesia,2563.85,2579.25,2540.75,2556.15,55700100.0,2021-04-20
1764,TLKM.JK,Telkom Indonesia,2533.05,2563.85,2525.35,2525.35,47167800.0,2021-04-21
1765,TLKM.JK,Telkom Indonesia,2533.05,2571.55,2533.05,2563.85,54970000.0,2021-04-22
1766,TLKM.JK,Telkom Indonesia,2563.85,2563.85,2533.05,2548.45,39798400.0,2021-04-23
1767,TLKM.JK,Telkom Indonesia,2525.35,2540.75,2502.26,2502.26,55076200.0,2021-04-26
1768,TLKM.JK,Telkom Indonesia,2494.56,2502.26,2417.57,2432.96,166985400.0,2021-04-27
1769,TLKM.JK,Telkom Indonesia,2432.96,2440.66,2409.87,2417.57,91596300.0,2021-04-28
1770,TLKM.JK,Telkom Indonesia,2425.26,2471.46,2417.57,2463.76,111785100.0,2021-04-29
1771,TLKM.JK,Telkom Indonesia,2479.16,2509.96,2463.76,2463.76,143840800.0,2021-04-30
1772,TLKM.JK,Telkom Indonesia,2463.76,2471.46,2409.87,2440.66,124724400.0,2021-05-03
1773,TLKM.JK,Telkom Indonesia,2448.36,2471.46,2440.66,2471.46,60180600.0,2021-05-04
1774,TLKM.JK,Telkom Indonesia,2471.46,2471.46,2448.36,2463.76,76480300.0,2021-05-05
1775,TLKM.JK,Telkom Indonesia,2463.76,2463.76,2425.26,2456.06,91955600.0,2021-05-06
1776,TLKM.JK,Telkom Indonesia,2463.76,2479.16,2448.36,2456.06,98099900.0,2021-05-07
1777,TLKM.JK,Telkom Indonesia,2456.06,2463.76,2432.96,2440.66,104121900.0,2021-05-10
1778,TLKM.JK,Telkom Indonesia,2440.66,2463.76,2425.26,2448.36,94281900.0,2021-05-11
1779,TLKM.JK,Telkom Indonesia,2456.06,2456.06,2425.26,2456.06,114071400.0,2021-05-17
1780,TLKM.JK,Telkom Indonesia,2456.06,2456.06,2425.26,2448.36,77310400.0,2021-05-18
1781,TLKM.JK,Telkom Indonesia,2425.26,2479.16,2425.26,2432.96,48958100.0,2021-05-19
1782,TLKM.JK,Telkom Indonesia,2456.06,2556.15,2448.36,2548.45,197430900.0,2021-05-20
1783,TLKM.JK,Telkom Indonesia,2571.55,2579.25,2517.66,2517.66,104101400.0,2021-05-21
1784,TLKM.JK,Telkom Indonesia,2533.05,2563.85,2479.16,2509.96,64347100.0,2021-05-24
1785,TLKM.JK,Telkom Indonesia,2533.05,2556.15,2517.66,2540.75,62218300.0,2021-05-25
1786,TLKM.JK,Telkom Indonesia,2579.25,2617.75,2563.85,2602.35,233551300.0,2021-05-27
1787,TLKM.JK,Telkom Indonesia,2602.35,2617.75,2509.96,2517.66,87439800.0,2021-05-28
1788,TLKM.JK,Telkom Indonesia,2540.75,2663.94,2540.75,2648.54,155768200.0,2021-05-31
1789,TLKM.JK,Telkom Indonesia,2687.04,2694.74,2633.14,2656.24,108933400.0,2021-06-02
1790,TLKM.JK,Telkom Indonesia,2633.14,2687.04,2633.14,2687.04,77627900.0,2021-06-03
1791,TLKM.JK,Telkom Indonesia,2687.04,2702.44,2656.24,2694.74,70624200.0,2021-06-04
1792,TLKM.JK,Telkom Indonesia,2725.54,2748.63,2694.74,2733.23,124440300.0,2021-06-07
1793,TLKM.JK,Telkom Indonesia,2733.23,2733.23,2671.64,2694.74,132409400.0,2021-06-08
1794,TLKM.JK,Telkom Indonesia,2701.22,2749.74,2676.95,2741.65,112204200.0,2021-06-09
1795,TLKM.JK,Telkom Indonesia,2709.3,2830.62,2701.22,2814.44,137713700.0,2021-06-10
1796,TLKM.JK,Telkom Indonesia,2822.53,2830.62,2765.92,2806.35,82336600.0,2021-06-11
1797,TLKM.JK,Telkom Indonesia,2798.27,2806.35,2749.74,2757.83,46016500.0,2021-06-14
1798,TLKM.JK,Telkom Indonesia,2757.83,2782.09,2733.57,2782.09,60528600.0,2021-06-15
1799,TLKM.JK,Telkom Indonesia,2733.57,2774.0,2733.57,2757.83,39149800.0,2021-06-16
1800,TLKM.JK,Telkom Indonesia,2725.48,2765.92,2709.3,2709.3,50286100.0,2021-06-17
1801,TLKM.JK,Telkom Indonesia,2709.3,2749.74,2660.78,2709.3,168414300.0,2021-06-18
1802,TLKM.JK,Telkom Indonesia,2652.69,2701.22,2636.52,2668.87,74248200.0,2021-06-21
1803,TLKM.JK,Telkom Indonesia,2668.87,2725.48,2660.78,2668.87,89349200.0,2021-06-22
1804,TLKM.JK,Telkom Indonesia,2676.95,2765.92,2676.95,2725.48,81901000.0,2021-06-23
1805,TLKM.JK,Telkom Indonesia,2693.13,2717.39,2620.34,2628.43,101334200.0,2021-06-24
1806,TLKM.JK,Telkom Indonesia,2628.43,2668.87,2620.34,2628.43,58330700.0,2021-06-25
1807,TLKM.JK,Telkom Indonesia,2628.43,2636.52,2563.73,2563.73,66338900.0,2021-06-28
1808,TLKM.JK,Telkom Indonesia,2579.9,2636.52,2547.55,2555.64,123411200.0,2021-06-29
1809,TLKM.JK,Telkom Indonesia,2547.55,2571.82,2531.38,2547.55,142204500.0,2021-06-30
1810,TLKM.JK,Telkom Indonesia,2555.64,2563.73,2499.03,2515.2,143665900.0,2021-07-01
1811,TLKM.JK,Telkom Indonesia,2515.2,2531.38,2474.77,2482.85,161855700.0,2021-07-02
1812,TLKM.JK,Telkom Indonesia,2482.85,2499.03,2434.33,2458.59,133815000.0,2021-07-05
1813,TLKM.JK,Telkom Indonesia,2466.68,2482.85,2426.24,2434.33,151573500.0,2021-07-06
1814,TLKM.JK,Telkom Indonesia,2450.5,2482.85,2434.33,2450.5,110215500.0,2021-07-07
1815,TLKM.JK,Telkom Indonesia,2474.77,2474.77,2426.24,2434.33,132576600.0,2021-07-08
1816,TLKM.JK,Telkom Indonesia,2458.59,2563.73,2450.5,2555.64,222916400.0,2021-07-09
1817,TLKM.JK,Telkom Indonesia,2579.9,2579.9,2515.2,2531.38,86268000.0,2021-07-12
1818,TLKM.JK,Telkom Indonesia,2555.64,2555.64,2466.68,2482.85,82856600.0,2021-07-13
1819,TLKM.JK,Telkom Indonesia,2466.68,2482.85,2442.42,2474.77,84993400.0,2021-07-14
1820,TLKM.JK,Telkom Indonesia,2515.2,2539.47,2490.94,2531.38,88092800.0,2021-07-15
1821,TLKM.JK,Telkom Indonesia,2539.47,2563.73,2515.2,2563.73,63626300.0,2021-07-16
1822,TLKM.JK,Telkom Indonesia,2555.64,2612.25,2547.55,2604.17,116219500.0,2021-07-19
1823,TLKM.JK,Telkom Indonesia,2579.9,2620.34,2571.82,2596.08,115099400.0,2021-07-21
1824,TLKM.JK,Telkom Indonesia,2596.08,2636.52,2596.08,2636.52,48865700.0,2021-07-22
1825,TLKM.JK,Telkom Indonesia,2628.43,2628.43,2547.55,2563.73,67128400.0,2021-07-23
1826,TLKM.JK,Telkom Indonesia,2539.47,2587.99,2539.47,2579.9,55525800.0,2021-07-26
1827,TLKM.JK,Telkom Indonesia,2596.08,2644.6,2555.64,2644.6,62673400.0,2021-07-27
1828,TLKM.JK,Telkom Indonesia,2628.43,2628.43,2547.55,2579.9,103282300.0,2021-07-28
1829,TLKM.JK,Telkom Indonesia,2596.08,2660.78,2587.99,2612.25,126542400.0,2021-07-29
1830,TLKM.JK,Telkom Indonesia,2587.99,2660.78,2587.99,2620.34,95143100.0,2021-07-30
1831,TLKM.JK,Telkom Indonesia,2620.34,2676.95,2596.08,2676.95,60368200.0,2021-08-02
1832,TLKM.JK,Telkom Indonesia,2676.95,2717.39,2660.78,2693.13,89712500.0,2021-08-03
1833,TLKM.JK,Telkom Indonesia,2693.13,2725.48,2676.95,2725.48,63108600.0,2021-08-04
1834,TLKM.JK,Telkom Indonesia,2717.39,2749.74,2685.04,2701.22,89742800.0,2021-08-05
1835,TLKM.JK,Telkom Indonesia,2717.39,2733.57,2676.95,2685.04,31664200.0,2021-08-06
1836,TLKM.JK,Telkom Indonesia,2636.52,2668.87,2604.17,2628.43,70299500.0,2021-08-09
1837,TLKM.JK,Telkom Indonesia,2620.34,2644.6,2579.9,2612.25,57658000.0,2021-08-10
1838,TLKM.JK,Telkom Indonesia,2636.52,2709.3,2620.34,2709.3,93133400.0,2021-08-12
1839,TLKM.JK,Telkom Indonesia,2725.48,2733.57,2636.52,2668.87,59903600.0,2021-08-13
1840,TLKM.JK,Telkom Indonesia,2668.87,2701.22,2660.78,2701.22,38661800.0,2021-08-16
1841,TLKM.JK,Telkom Indonesia,2717.39,2782.09,2709.3,2765.92,162921300.0,2021-08-18
1842,TLKM.JK,Telkom Indonesia,2757.83,2774.0,2717.39,2741.65,100851800.0,2021-08-19
1843,TLKM.JK,Telkom Indonesia,2741.65,2774.0,2725.48,2749.74,113411000.0,2021-08-20
1844,TLKM.JK,Telkom Indonesia,2765.92,2782.09,2749.74,2782.09,64122400.0,2021-08-23
1845,TLKM.JK,Telkom Indonesia,2757.83,2765.92,2676.95,2749.74,69338100.0,2021-08-24
1846,TLKM.JK,Telkom Indonesia,2741.65,2741.65,2693.13,2725.48,66618200.0,2021-08-25
1847,TLKM.JK,Telkom Indonesia,2693.13,2717.39,2685.04,2717.39,55756100.0,2021-08-26
1848,TLKM.JK,Telkom Indonesia,2725.48,2725.48,2676.95,2685.04,62419000.0,2021-08-27
1849,TLKM.JK,Telkom Indonesia,2693.13,2749.74,2693.13,2749.74,64177700.0,2021-08-30
1850,TLKM.JK,Telkom Indonesia,2749.74,2765.92,2717.39,2749.74,130019000.0,2021-08-31
1851,TLKM.JK,Telkom Indonesia,2765.92,2765.92,2693.13,2701.22,85135200.0,2021-09-01
1852,TLKM.JK,Telkom Indonesia,2709.3,2741.65,2709.3,2725.48,51633800.0,2021-09-02
1853,TLKM.JK,Telkom Indonesia,2749.74,2765.92,2725.48,2741.65,65479800.0,2021-09-03
1854,TLKM.JK,Telkom Indonesia,2757.83,2757.83,2733.57,2741.65,52640400.0,2021-09-06
1855,TLKM.JK,Telkom Indonesia,2757.83,2757.83,2717.39,2733.57,42617400.0,2021-09-07
1856,TLKM.JK,Telkom Indonesia,2749.74,2749.74,2676.95,2693.13,80636800.0,2021-09-08
1857,TLKM.JK,Telkom Indonesia,2717.39,2741.65,2693.13,2741.65,82214400.0,2021-09-09
1858,TLKM.JK,Telkom Indonesia,2733.57,2741.65,2685.04,2693.13,52115300.0,2021-09-10
1859,TLKM.JK,Telkom Indonesia,2676.95,2709.3,2668.87,2709.3,45547200.0,2021-09-13
1860,TLKM.JK,Telkom Indonesia,2733.57,2790.18,2709.3,2782.09,166002100.0,2021-09-14
1861,TLKM.JK,Telkom Indonesia,2774.0,2790.18,2757.83,2790.18,73158300.0,2021-09-15
1862,TLKM.JK,Telkom Indonesia,2806.35,2806.35,2749.74,2782.09,58318700.0,2021-09-16
1863,TLKM.JK,Telkom Indonesia,2749.74,2854.88,2741.65,2854.88,117573100.0,2021-09-17
1864,TLKM.JK,Telkom Indonesia,2830.62,2846.79,2798.27,2846.79,83985100.0,2021-09-20
1865,TLKM.JK,Telkom Indonesia,2830.62,2879.14,2814.44,2854.88,95848100.0,2021-09-21
1866,TLKM.JK,Telkom Indonesia,2854.88,2903.4,2846.79,2903.4,66835200.0,2021-09-22
1867,TLKM.JK,Telkom Indonesia,2911.49,2919.58,2871.05,2879.14,104737500.0,2021-09-23
1868,TLKM.JK,Telkom Indonesia,2879.14,2895.32,2862.97,2879.14,72224500.0,2021-09-24
1869,TLKM.JK,Telkom Indonesia,2854.88,2879.14,2814.44,2846.79,87303000.0,2021-09-27
1870,TLKM.JK,Telkom Indonesia,2838.7,2862.97,2822.53,2854.88,54671700.0,2021-09-28
1871,TLKM.JK,Telkom Indonesia,2822.53,2862.97,2822.53,2854.88,53170100.0,2021-09-29
1872,TLKM.JK,Telkom Indonesia,2871.05,2984.28,2862.97,2984.28,153853900.0,2021-09-30
1873,TLKM.JK,Telkom Indonesia,2976.19,2984.28,2919.58,2960.02,109898400.0,2021-10-01
1874,TLKM.JK,Telkom Indonesia,2927.67,2968.1,2911.49,2968.1,82205100.0,2021-10-04
1875,TLKM.JK,Telkom Indonesia,2968.1,2976.19,2927.67,2968.1,140488300.0,2021-10-05
1876,TLKM.JK,Telkom Indonesia,2984.28,3048.98,2951.93,3040.89,153535700.0,2021-10-06
1877,TLKM.JK,Telkom Indonesia,3008.54,3024.72,2984.28,3008.54,56837600.0,2021-10-07
1878,TLKM.JK,Telkom Indonesia,3016.63,3073.24,3008.54,3073.24,91361800.0,2021-10-08
1879,TLKM.JK,Telkom Indonesia,3073.24,3113.68,3048.98,3081.33,78865000.0,2021-10-11
1880,TLKM.JK,Telkom Indonesia,3057.07,3105.59,3048.98,3057.07,69866300.0,2021-10-12
1881,TLKM.JK,Telkom Indonesia,3032.8,3089.42,3032.8,3048.98,87143900.0,2021-10-13
1882,TLKM.JK,Telkom Indonesia,3048.98,3097.5,3048.98,3097.5,95817900.0,2021-10-14
1883,TLKM.JK,Telkom Indonesia,3105.59,3105.59,3032.8,3081.33,69707700.0,2021-10-15
1884,TLKM.JK,Telkom Indonesia,3105.59,3105.59,3065.15,3065.15,78580700.0,2021-10-18
1885,TLKM.JK,Telkom Indonesia,3032.8,3073.24,3008.54,3024.72,61095700.0,2021-10-19
1886,TLKM.JK,Telkom Indonesia,3057.07,3137.94,3040.89,3113.68,169659500.0,2021-10-21
1887,TLKM.JK,Telkom Indonesia,3121.77,3137.94,3089.42,3129.85,59640700.0,2021-10-22
1888,TLKM.JK,Telkom Indonesia,3073.24,3105.59,3057.07,3057.07,58246300.0,2021-10-25
1889,TLKM.JK,Telkom Indonesia,3073.24,3097.5,3057.07,3073.24,58615100.0,2021-10-26
1890,TLKM.JK,Telkom Indonesia,3089.42,3097.5,3048.98,3065.15,52210100.0,2021-10-27
1891,TLKM.JK,Telkom Indonesia,3089.42,3089.42,3000.45,3032.8,61151100.0,2021-10-28
1892,TLKM.JK,Telkom Indonesia,3032.8,3081.33,3016.63,3073.24,70430900.0,2021-10-29
1893,TLKM.JK,Telkom Indonesia,3081.33,3089.41,2992.37,2992.37,65447100.0,2021-11-01
1894,TLKM.JK,Telkom Indonesia,2992.37,3000.45,2943.84,2960.02,170260000.0,2021-11-02
1895,TLKM.JK,Telkom Indonesia,2927.67,3024.72,2927.67,3008.54,48810500.0,2021-11-03
1896,TLKM.JK,Telkom Indonesia,3032.8,3057.07,3008.54,3048.98,53494200.0,2021-11-04
1897,TLKM.JK,Telkom Indonesia,3040.89,3048.98,3000.45,3048.98,43133000.0,2021-11-05
1898,TLKM.JK,Telkom Indonesia,3057.07,3057.07,3000.45,3032.8,58758600.0,2021-11-08
1899,TLKM.JK,Telkom Indonesia,3016.63,3024.72,2976.19,3000.45,92427800.0,2021-11-09
1900,TLKM.JK,Telkom Indonesia,2968.1,3008.54,2968.1,2992.37,53511200.0,2021-11-10
1901,TLKM.JK,Telkom Indonesia,2992.37,3016.63,2943.84,2951.93,95789600.0,2021-11-11
1902,TLKM.JK,Telkom Indonesia,2960.02,2960.02,2911.49,2911.49,115142400.0,2021-11-12
1903,TLKM.JK,Telkom Indonesia,2911.49,2951.93,2911.49,2911.49,91001800.0,2021-11-15
1904,TLKM.JK,Telkom Indonesia,2903.4,2976.19,2903.4,2968.1,99590700.0,2021-11-16
1905,TLKM.JK,Telkom Indonesia,2984.28,2984.28,2911.49,2935.75,82023300.0,2021-11-17
1906,TLKM.JK,Telkom Indonesia,2935.75,2943.84,2911.49,2935.75,53290400.0,2021-11-18
1907,TLKM.JK,Telkom Indonesia,2960.02,3170.29,2960.02,3154.12,310615000.0,2021-11-19
1908,TLKM.JK,Telkom Indonesia,3170.29,3178.38,3057.07,3073.24,206683100.0,2021-11-22
1909,TLKM.JK,Telkom Indonesia,3073.24,3113.68,3057.07,3073.24,67778800.0,2021-11-23
1910,TLKM.JK,Telkom Indonesia,3105.59,3105.59,3065.15,3073.24,67303800.0,2021-11-24
1911,TLKM.JK,Telkom Indonesia,3137.94,3307.78,3113.68,3234.99,264897100.0,2021-11-25
1912,TLKM.JK,Telkom Indonesia,3267.34,3275.43,3210.73,3243.08,231870300.0,2021-11-26
1913,TLKM.JK,Telkom Indonesia,3243.08,3372.48,3218.81,3348.21,228774600.0,2021-11-29
1914,TLKM.JK,Telkom Indonesia,3356.3,3372.48,3226.9,3226.9,435800600.0,2021-11-30
1915,TLKM.JK,Telkom Indonesia,3267.34,3356.3,3251.16,3299.69,200699200.0,2021-12-01
1916,TLKM.JK,Telkom Indonesia,3348.21,3388.65,3315.86,3364.39,116093100.0,2021-12-02
1917,TLKM.JK,Telkom Indonesia,3340.13,3380.56,3275.43,3291.6,96760700.0,2021-12-03
1918,TLKM.JK,Telkom Indonesia,3283.51,3437.18,3275.43,3372.48,106756900.0,2021-12-06
1919,TLKM.JK,Telkom Indonesia,3380.56,3396.74,3332.04,3356.3,121543400.0,2021-12-07
1920,TLKM.JK,Telkom Indonesia,3315.86,3332.04,3243.08,3307.78,113845600.0,2021-12-08
1921,TLKM.JK,Telkom Indonesia,3307.78,3356.3,3299.69,3356.3,86985800.0,2021-12-09
1922,TLKM.JK,Telkom Indonesia,3291.6,3356.3,3291.6,3356.3,90725000.0,2021-12-10
1923,TLKM.JK,Telkom Indonesia,3356.3,3356.3,3299.69,3299.69,65533000.0,2021-12-13
1924,TLKM.JK,Telkom Indonesia,3332.04,3332.04,3291.6,3315.86,75736900.0,2021-12-14
1925,TLKM.JK,Telkom Indonesia,3283.51,3348.21,3283.51,3299.69,84424500.0,2021-12-15
1926,TLKM.JK,Telkom Indonesia,3323.95,3356.3,3283.51,3315.86,98164300.0,2021-12-16
1927,TLKM.JK,Telkom Indonesia,3243.08,3315.86,3243.08,3315.86,149615800.0,2021-12-17
1928,TLKM.JK,Telkom Indonesia,3291.6,3323.95,3267.34,3299.69,72794200.0,2021-12-20
1929,TLKM.JK,Telkom Indonesia,3323.95,3388.65,3315.86,3364.39,98039300.0,2021-12-21
1930,TLKM.JK,Telkom Indonesia,3364.39,3372.48,3323.95,3323.95,50574500.0,2021-12-22
1931,TLKM.JK,Telkom Indonesia,3323.95,3364.39,3315.86,3364.39,54508200.0,2021-12-23
1932,TLKM.JK,Telkom Indonesia,3364.39,3372.48,3315.86,3323.95,29075600.0,2021-12-24
1933,TLKM.JK,Telkom Indonesia,3356.3,3356.3,3291.6,3299.69,30748000.0,2021-12-27
1934,TLKM.JK,Telkom Indonesia,3299.69,3340.13,3275.43,3307.78,39443300.0,2021-12-28
1935,TLKM.JK,Telkom Indonesia,3315.86,3340.13,3299.69,3299.69,25596100.0,2021-12-29
1936,TLKM.JK,Telkom Indonesia,3340.13,3340.13,3267.34,3267.34,50575100.0,2021-12-30
1937,TLKM.JK,Telkom Indonesia,3283.51,3380.56,3275.43,3380.56,65937900.0,2022-01-03
1938,TLKM.JK,Telkom Indonesia,3380.56,3396.74,3356.3,3372.48,42984700.0,2022-01-04
1939,TLKM.JK,Telkom Indonesia,3356.3,3388.65,3259.25,3275.43,119584700.0,2022-01-05
1940,TLKM.JK,Telkom Indonesia,3307.78,3332.04,3259.25,3332.04,89197500.0,2022-01-06
1941,TLKM.JK,Telkom Indonesia,3332.04,3388.65,3307.78,3372.48,68415100.0,2022-01-07
1942,TLKM.JK,Telkom Indonesia,3380.56,3388.65,3315.86,3315.86,44921200.0,2022-01-10
1943,TLKM.JK,Telkom Indonesia,3332.04,3364.39,3307.78,3307.78,61890200.0,2022-01-11
1944,TLKM.JK,Telkom Indonesia,3323.95,3348.21,3291.6,3323.95,45132700.0,2022-01-12
1945,TLKM.JK,Telkom Indonesia,3372.48,3380.56,3323.95,3380.56,84148400.0,2022-01-13
1946,TLKM.JK,Telkom Indonesia,3348.21,3388.65,3340.13,3388.65,28193100.0,2022-01-14
1947,TLKM.JK,Telkom Indonesia,3396.74,3396.74,3348.21,3380.56,39816300.0,2022-01-17
1948,TLKM.JK,Telkom Indonesia,3396.74,3437.18,3364.39,3437.18,112212200.0,2022-01-18
1949,TLKM.JK,Telkom Indonesia,3445.26,3445.26,3421.0,3437.18,88713900.0,2022-01-19
1950,TLKM.JK,Telkom Indonesia,3477.61,3477.61,3388.65,3412.91,100014500.0,2022-01-20
1951,TLKM.JK,Telkom Indonesia,3429.09,3501.88,3388.65,3501.88,75534800.0,2022-01-21
1952,TLKM.JK,Telkom Indonesia,3445.26,3485.7,3437.18,3477.61,70404500.0,2022-01-24
1953,TLKM.JK,Telkom Indonesia,3485.7,3493.79,3437.18,3469.53,116353600.0,2022-01-25
1954,TLKM.JK,Telkom Indonesia,3542.31,3550.4,3469.53,3550.4,127641400.0,2022-01-26
1955,TLKM.JK,Telkom Indonesia,3558.49,3558.49,3445.26,3453.35,98613900.0,2022-01-27
1956,TLKM.JK,Telkom Indonesia,3445.26,3477.61,3421.0,3445.26,61686700.0,2022-01-28
1957,TLKM.JK,Telkom Indonesia,3404.83,3437.18,3388.65,3388.65,88735900.0,2022-01-31
1958,TLKM.JK,Telkom Indonesia,3372.48,3396.74,3356.3,3372.48,144006000.0,2022-02-02
1959,TLKM.JK,Telkom Indonesia,3396.74,3404.83,3364.39,3396.74,58212400.0,2022-02-03
1960,TLKM.JK,Telkom Indonesia,3445.26,3445.26,3380.56,3421.0,98728700.0,2022-02-04
1961,TLKM.JK,Telkom Indonesia,3421.0,3469.53,3404.83,3469.53,90285800.0,2022-02-07
1962,TLKM.JK,Telkom Indonesia,3461.44,3461.44,3421.0,3421.0,71210400.0,2022-02-08
1963,TLKM.JK,Telkom Indonesia,3461.44,3461.44,3404.83,3461.44,95375000.0,2022-02-09
1964,TLKM.JK,Telkom Indonesia,3558.49,3615.1,3509.96,3607.01,233984700.0,2022-02-10
1965,TLKM.JK,Telkom Indonesia,3639.36,3679.8,3566.58,3598.93,130081900.0,2022-02-11
1966,TLKM.JK,Telkom Indonesia,3542.31,3558.49,3485.7,3558.49,104903700.0,2022-02-14
1967,TLKM.JK,Telkom Indonesia,3558.49,3590.84,3526.14,3566.58,75305900.0,2022-02-15
1968,TLKM.JK,Telkom Indonesia,3574.66,3607.01,3542.31,3558.49,90121200.0,2022-02-16
1969,TLKM.JK,Telkom Indonesia,3558.49,3590.84,3526.14,3566.58,72970200.0,2022-02-17
1970,TLKM.JK,Telkom Indonesia,3574.66,3590.84,3534.23,3558.49,71111300.0,2022-02-18
1971,TLKM.JK,Telkom Indonesia,3534.23,3574.66,3509.96,3534.23,58883000.0,2022-02-21
1972,TLKM.JK,Telkom Indonesia,3493.79,3526.14,3437.18,3477.61,106985800.0,2022-02-22
1973,TLKM.JK,Telkom Indonesia,3461.44,3534.23,3453.35,3518.05,110562400.0,2022-02-23
1974,TLKM.JK,Telkom Indonesia,3461.44,3493.79,3396.74,3429.09,126158600.0,2022-02-24
1975,TLKM.JK,Telkom Indonesia,3429.09,3518.05,3429.09,3509.96,208757000.0,2022-02-25
1976,TLKM.JK,Telkom Indonesia,3752.59,3760.68,3518.05,3518.05,206416900.0,2022-03-01
1977,TLKM.JK,Telkom Indonesia,3558.49,3558.49,3453.35,3469.53,152165300.0,2022-03-02
1978,TLKM.JK,Telkom Indonesia,3590.84,3590.84,3477.61,3558.49,155369100.0,2022-03-04
1979,TLKM.JK,Telkom Indonesia,3558.49,3663.63,3534.23,3647.45,177360400.0,2022-03-07
1980,TLKM.JK,Telkom Indonesia,3720.24,3801.11,3671.71,3736.41,234086000.0,2022-03-08
1981,TLKM.JK,Telkom Indonesia,3679.8,3736.41,3574.66,3590.84,145145900.0,2022-03-09
1982,TLKM.JK,Telkom Indonesia,3639.36,3639.36,3542.31,3566.58,130830800.0,2022-03-10
1983,TLKM.JK,Telkom Indonesia,3566.58,3712.15,3558.49,3712.15,143446200.0,2022-03-11
1984,TLKM.JK,Telkom Indonesia,3760.68,3776.85,3671.71,3704.06,166572700.0,2022-03-14
1985,TLKM.JK,Telkom Indonesia,3744.5,3744.5,3695.98,3736.41,231077800.0,2022-03-15
1986,TLKM.JK,Telkom Indonesia,3768.76,3768.76,3679.8,3744.5,109961900.0,2022-03-16
1987,TLKM.JK,Telkom Indonesia,3679.8,3704.06,3598.93,3623.19,246300800.0,2022-03-17
1988,TLKM.JK,Telkom Indonesia,3631.28,3671.71,3615.1,3671.71,210266100.0,2022-03-18
1989,TLKM.JK,Telkom Indonesia,3679.8,3695.98,3655.54,3679.8,79691600.0,2022-03-21
1990,TLKM.JK,Telkom Indonesia,3679.8,3704.06,3671.71,3679.8,98699900.0,2022-03-22
1991,TLKM.JK,Telkom Indonesia,3679.8,3695.98,3639.36,3679.8,78299500.0,2022-03-23
1992,TLKM.JK,Telkom Indonesia,3639.36,3695.98,3639.36,3687.89,89578400.0,2022-03-24
1993,TLKM.JK,Telkom Indonesia,3647.45,3671.71,3623.19,3655.54,90053700.0,2022-03-25
1994,TLKM.JK,Telkom Indonesia,3647.45,3720.24,3639.36,3720.24,184131000.0,2022-03-28
1995,TLKM.JK,Telkom Indonesia,3720.24,3736.41,3687.89,3687.89,77920800.0,2022-03-29
1996,TLKM.JK,Telkom Indonesia,3736.41,3736.41,3687.89,3704.06,118749100.0,2022-03-30
1997,TLKM.JK,Telkom Indonesia,3736.41,3752.59,3687.89,3704.06,108109700.0,2022-03-31
1998,TLKM.JK,Telkom Indonesia,3679.8,3704.06,3663.63,3704.06,86590300.0,2022-04-01
1999,TLKM.JK,Telkom Indonesia,3687.89,3695.98,3631.28,3671.71,103480300.0,2022-04-04
2000,TLKM.JK,Telkom Indonesia,3679.8,3679.8,3639.36,3655.54,52172300.0,2022-04-05
2001,TLKM.JK,Telkom Indonesia,3631.28,3639.36,3574.66,3582.75,108368800.0,2022-04-06
2002,TLKM.JK,Telkom Indonesia,3598.93,3671.71,3590.84,3671.71,143921800.0,2022-04-07
2003,TLKM.JK,Telkom Indonesia,3704.06,3728.33,3687.89,3704.06,161974500.0,2022-04-08
2004,TLKM.JK,Telkom Indonesia,3728.33,3728.33,3679.8,3712.15,90521500.0,2022-04-11
2005,TLKM.JK,Telkom Indonesia,3736.41,3744.5,3704.06,3744.5,187948000.0,2022-04-12
2006,TLKM.JK,Telkom Indonesia,3801.11,3817.29,3760.68,3793.03,196864200.0,2022-04-13
2007,TLKM.JK,Telkom Indonesia,3801.11,3825.38,3768.76,3784.94,112735200.0,2022-04-14
2008,TLKM.JK,Telkom Indonesia,3817.29,3825.38,3793.03,3809.2,120778200.0,2022-04-18
2009,TLKM.JK,Telkom Indonesia,3833.46,3841.55,3784.94,3784.94,92268300.0,2022-04-19
2010,TLKM.JK,Telkom Indonesia,3784.94,3793.03,3736.41,3744.5,88360900.0,2022-04-20
2011,TLKM.JK,Telkom Indonesia,3736.41,3776.85,3720.24,3736.41,97575800.0,2022-04-21
2012,TLKM.JK,Telkom Indonesia,3736.41,3784.94,3704.06,3736.41,101299100.0,2022-04-22
2013,TLKM.JK,Telkom Indonesia,3728.33,3817.29,3704.06,3809.2,92045500.0,2022-04-25
2014,TLKM.JK,Telkom Indonesia,3784.94,3849.64,3776.85,3849.64,85945800.0,2022-04-26
2015,TLKM.JK,Telkom Indonesia,3817.29,3873.9,3817.29,3857.73,136485600.0,2022-04-27
2016,TLKM.JK,Telkom Indonesia,3922.43,3922.43,3736.41,3736.41,198484800.0,2022-04-28
2017,TLKM.JK,Telkom Indonesia,3687.89,3687.89,3477.61,3485.7,343682000.0,2022-05-09
2018,TLKM.JK,Telkom Indonesia,3332.04,3542.31,3332.04,3509.96,281386300.0,2022-05-10
2019,TLKM.JK,Telkom Indonesia,3558.49,3623.19,3501.88,3501.88,154455400.0,2022-05-11
2020,TLKM.JK,Telkom Indonesia,3509.96,3550.4,3437.18,3477.61,233518500.0,2022-05-12
2021,TLKM.JK,Telkom Indonesia,3437.18,3518.05,3421.0,3445.26,190889200.0,2022-05-13
2022,TLKM.JK,Telkom Indonesia,3437.18,3469.53,3380.56,3380.56,170880700.0,2022-05-17
2023,TLKM.JK,Telkom Indonesia,3421.0,3469.53,3388.65,3437.18,185359500.0,2022-05-18
2024,TLKM.JK,Telkom Indonesia,3380.56,3421.0,3356.3,3404.83,112679300.0,2022-05-19
2025,TLKM.JK,Telkom Indonesia,3412.91,3421.0,3372.48,3372.48,141701800.0,2022-05-20
2026,TLKM.JK,Telkom Indonesia,3364.39,3380.56,3291.6,3323.95,196569900.0,2022-05-23
2027,TLKM.JK,Telkom Indonesia,3332.04,3396.74,3332.04,3356.3,151693700.0,2022-05-24
2028,TLKM.JK,Telkom Indonesia,3396.74,3404.83,3356.3,3396.74,166595400.0,2022-05-25
2029,TLKM.JK,Telkom Indonesia,3445.26,3477.61,3404.83,3477.61,186513500.0,2022-05-27
2030,TLKM.JK,Telkom Indonesia,3509.96,3509.96,3396.74,3437.18,107614100.0,2022-05-30
2031,TLKM.JK,Telkom Indonesia,3453.35,3501.88,3421.0,3485.7,469620300.0,2022-05-31
2032,TLKM.JK,Telkom Indonesia,3550.4,3550.4,3453.35,3469.53,164481100.0,2022-06-02
2033,TLKM.JK,Telkom Indonesia,3485.7,3550.4,3477.61,3485.7,108852800.0,2022-06-03
2034,TLKM.JK,Telkom Indonesia,3485.7,3509.96,3453.35,3509.96,79319400.0,2022-06-06
2035,TLKM.JK,Telkom Indonesia,3509.96,3509.96,3437.18,3437.18,142504000.0,2022-06-07
2036,TLKM.JK,Telkom Indonesia,3479.06,3495.83,3420.38,3437.15,202555900.0,2022-06-08
2037,TLKM.JK,Telkom Indonesia,3420.38,3462.3,3395.23,3395.23,148580200.0,2022-06-09
2038,TLKM.JK,Telkom Indonesia,3386.85,3420.38,3353.31,3370.08,189186700.0,2022-06-10
2039,TLKM.JK,Telkom Indonesia,3311.4,3437.15,3294.63,3420.38,156054900.0,2022-06-13
2040,TLKM.JK,Telkom Indonesia,3395.23,3453.91,3370.08,3445.53,117325600.0,2022-06-14
2041,TLKM.JK,Telkom Indonesia,3403.61,3420.38,3378.46,3403.61,94848800.0,2022-06-15
2042,TLKM.JK,Telkom Indonesia,3453.91,3453.91,3378.46,3386.85,96042200.0,2022-06-16
2043,TLKM.JK,Telkom Indonesia,3361.7,3453.91,3336.55,3453.91,169375800.0,2022-06-17
2044,TLKM.JK,Telkom Indonesia,3395.23,3403.61,3353.31,3386.85,82101200.0,2022-06-20
2045,TLKM.JK,Telkom Indonesia,3403.61,3453.91,3378.46,3445.53,77489000.0,2022-06-21
2046,TLKM.JK,Telkom Indonesia,3428.76,3428.76,3386.85,3395.23,60907800.0,2022-06-22
2047,TLKM.JK,Telkom Indonesia,3378.46,3487.45,3378.46,3487.45,101065400.0,2022-06-23
2048,TLKM.JK,Telkom Indonesia,3546.13,3546.13,3437.15,3479.06,81050700.0,2022-06-24
2049,TLKM.JK,Telkom Indonesia,3445.53,3453.91,3386.85,3412.0,71574300.0,2022-06-27
2050,TLKM.JK,Telkom Indonesia,3361.7,3395.23,3353.31,3378.46,128618800.0,2022-06-28
2051,TLKM.JK,Telkom Indonesia,3353.31,3420.38,3353.31,3386.85,72888100.0,2022-06-29
2052,TLKM.JK,Telkom Indonesia,3445.53,3445.53,3353.31,3353.31,116718900.0,2022-06-30
2053,TLKM.JK,Telkom Indonesia,3361.7,3386.85,3353.31,3370.08,39572500.0,2022-07-01
2054,TLKM.JK,Telkom Indonesia,3370.08,3386.85,3219.18,3344.93,115885200.0,2022-07-04
2055,TLKM.JK,Telkom Indonesia,3361.7,3412.0,3311.4,3344.93,72329600.0,2022-07-05
2056,TLKM.JK,Telkom Indonesia,3395.23,3395.23,3328.17,3370.08,62679000.0,2022-07-06
2057,TLKM.JK,Telkom Indonesia,3386.85,3395.23,3361.7,3386.85,42393800.0,2022-07-07
2058,TLKM.JK,Telkom Indonesia,3395.23,3403.61,3353.31,3361.7,64049000.0,2022-07-08
2059,TLKM.JK,Telkom Indonesia,3437.15,3437.15,3353.31,3386.85,42258000.0,2022-07-11
2060,TLKM.JK,Telkom Indonesia,3403.61,3403.61,3361.7,3361.7,43399800.0,2022-07-12
2061,TLKM.JK,Telkom Indonesia,3361.7,3378.46,3294.63,3303.02,96218200.0,2022-07-13
2062,TLKM.JK,Telkom Indonesia,3303.02,3370.08,3269.48,3370.08,68708500.0,2022-07-14
2063,TLKM.JK,Telkom Indonesia,3386.85,3529.36,3361.7,3479.06,146093800.0,2022-07-15
2064,TLKM.JK,Telkom Indonesia,3445.53,3512.6,3412.0,3512.6,84009400.0,2022-07-18
2065,TLKM.JK,Telkom Indonesia,3512.6,3512.6,3462.3,3487.45,91367900.0,2022-07-19
2066,TLKM.JK,Telkom Indonesia,3470.68,3537.75,3470.68,3529.36,82344000.0,2022-07-20
2067,TLKM.JK,Telkom Indonesia,3529.36,3571.28,3504.21,3571.28,107234600.0,2022-07-21
2068,TLKM.JK,Telkom Indonesia,3554.51,3554.51,3512.6,3546.13,59792300.0,2022-07-22
2069,TLKM.JK,Telkom Indonesia,3554.51,3571.28,3537.75,3554.51,37218000.0,2022-07-25
2070,TLKM.JK,Telkom Indonesia,3554.51,3562.9,3512.6,3562.9,49786900.0,2022-07-26
2071,TLKM.JK,Telkom Indonesia,3546.13,3604.81,3529.36,3604.81,60672300.0,2022-07-27
2072,TLKM.JK,Telkom Indonesia,3613.2,3621.58,3512.6,3554.51,110767300.0,2022-07-28
2073,TLKM.JK,Telkom Indonesia,3588.05,3604.81,3529.36,3546.13,108823600.0,2022-07-29
2074,TLKM.JK,Telkom Indonesia,3546.13,3604.81,3546.13,3604.81,104724300.0,2022-08-01
2075,TLKM.JK,Telkom Indonesia,3646.73,3730.56,3562.9,3730.56,112228800.0,2022-08-02
2076,TLKM.JK,Telkom Indonesia,3730.56,3847.93,3697.03,3772.48,251825000.0,2022-08-03
2077,TLKM.JK,Telkom Indonesia,3730.56,3814.4,3730.56,3814.4,186881500.0,2022-08-04
2078,TLKM.JK,Telkom Indonesia,3847.93,3898.23,3797.63,3898.23,268967200.0,2022-08-05
2079,TLKM.JK,Telkom Indonesia,3940.15,3940.15,3898.23,3940.15,191023500.0,2022-08-08
2080,TLKM.JK,Telkom Indonesia,3940.14,3940.14,3881.46,3889.84,164453900.0,2022-08-09
2081,TLKM.JK,Telkom Indonesia,3797.63,3847.93,3764.1,3822.78,162061400.0,2022-08-10
2082,TLKM.JK,Telkom Indonesia,3814.4,3864.7,3789.25,3831.16,123629000.0,2022-08-11
2083,TLKM.JK,Telkom Indonesia,3831.16,3856.31,3797.63,3814.4,124552500.0,2022-08-12
2084,TLKM.JK,Telkom Indonesia,3806.01,3831.16,3722.18,3730.56,136882800.0,2022-08-15
2085,TLKM.JK,Telkom Indonesia,3797.63,3839.55,3697.03,3697.03,127710800.0,2022-08-16
2086,TLKM.JK,Telkom Indonesia,3655.11,3814.4,3646.73,3814.4,182044300.0,2022-08-18
2087,TLKM.JK,Telkom Indonesia,3822.78,3864.7,3738.95,3856.31,177623900.0,2022-08-19
2088,TLKM.JK,Telkom Indonesia,3814.4,3906.61,3797.63,3898.23,202320400.0,2022-08-22
2089,TLKM.JK,Telkom Indonesia,3923.38,3948.53,3864.7,3906.61,229431400.0,2022-08-23
2090,TLKM.JK,Telkom Indonesia,3906.61,3998.83,3856.31,3982.06,189007900.0,2022-08-24
2091,TLKM.JK,Telkom Indonesia,3923.38,3940.14,3822.78,3831.16,179495700.0,2022-08-25
2092,TLKM.JK,Telkom Indonesia,3780.86,3806.01,3755.71,3764.1,184317100.0,2022-08-26
2093,TLKM.JK,Telkom Indonesia,3663.5,3814.4,3655.11,3789.25,101529800.0,2022-08-29
2094,TLKM.JK,Telkom Indonesia,3839.55,3873.08,3755.71,3755.71,118884300.0,2022-08-30
2095,TLKM.JK,Telkom Indonesia,3705.41,3856.31,3705.41,3822.78,175300400.0,2022-08-31
2096,TLKM.JK,Telkom Indonesia,3822.78,3898.23,3797.63,3839.55,120871700.0,2022-09-01
2097,TLKM.JK,Telkom Indonesia,3806.01,3873.08,3806.01,3856.31,106985000.0,2022-09-02
2098,TLKM.JK,Telkom Indonesia,3822.78,3881.46,3814.4,3873.08,77323800.0,2022-09-05
2099,TLKM.JK,Telkom Indonesia,3864.7,3873.08,3780.86,3780.86,61970100.0,2022-09-06
2100,TLKM.JK,Telkom Indonesia,3772.48,3822.78,3755.71,3764.1,106145700.0,2022-09-07
2101,TLKM.JK,Telkom Indonesia,3772.48,3889.85,3772.48,3822.78,123389200.0,2022-09-08
2102,TLKM.JK,Telkom Indonesia,3814.4,3856.31,3797.63,3856.31,50307800.0,2022-09-09
2103,TLKM.JK,Telkom Indonesia,3856.31,3856.31,3797.63,3806.01,74820600.0,2022-09-12
2104,TLKM.JK,Telkom Indonesia,3806.01,3822.78,3789.25,3789.25,91510200.0,2022-09-13
2105,TLKM.JK,Telkom Indonesia,3764.1,3797.63,3738.95,3755.71,97919200.0,2022-09-14
2106,TLKM.JK,Telkom Indonesia,3806.01,3856.31,3772.48,3772.48,125599900.0,2022-09-15
2107,TLKM.JK,Telkom Indonesia,3772.48,3772.48,3697.03,3697.03,210277300.0,2022-09-16
2108,TLKM.JK,Telkom Indonesia,3738.95,3822.78,3722.18,3772.48,116164500.0,2022-09-19
2109,TLKM.JK,Telkom Indonesia,3797.63,3806.01,3755.71,3755.71,100743700.0,2022-09-20
2110,TLKM.JK,Telkom Indonesia,3730.56,3747.33,3697.03,3713.8,91363200.0,2022-09-21
2111,TLKM.JK,Telkom Indonesia,3688.65,3730.56,3671.88,3713.8,89922900.0,2022-09-22
2112,TLKM.JK,Telkom Indonesia,3688.65,3713.8,3671.88,3671.88,95911400.0,2022-09-23
2113,TLKM.JK,Telkom Indonesia,3680.26,3780.86,3604.81,3738.95,132185400.0,2022-09-26
2114,TLKM.JK,Telkom Indonesia,3730.56,3747.33,3671.88,3722.18,123113800.0,2022-09-27
2115,TLKM.JK,Telkom Indonesia,3713.8,3797.63,3688.65,3747.33,104385500.0,2022-09-28
2116,TLKM.JK,Telkom Indonesia,3738.95,3772.48,3705.41,3722.18,90290400.0,2022-09-29
2117,TLKM.JK,Telkom Indonesia,3688.65,3772.48,3680.26,3738.95,111482000.0,2022-09-30
2118,TLKM.JK,Telkom Indonesia,3738.95,3747.33,3671.88,3738.95,77569100.0,2022-10-03
2119,TLKM.JK,Telkom Indonesia,3738.95,3780.86,3713.8,3722.18,87832800.0,2022-10-04
2120,TLKM.JK,Telkom Indonesia,3764.1,3806.01,3738.95,3738.95,61888400.0,2022-10-05
2121,TLKM.JK,Telkom Indonesia,3738.95,3755.71,3705.41,3713.8,60464300.0,2022-10-06
2122,TLKM.JK,Telkom Indonesia,3688.65,3713.8,3646.73,3646.73,102570000.0,2022-10-07
2123,TLKM.JK,Telkom Indonesia,3638.35,3705.41,3629.96,3705.41,72389100.0,2022-10-10
2124,TLKM.JK,Telkom Indonesia,3655.11,3671.88,3613.2,3613.2,108794500.0,2022-10-11
2125,TLKM.JK,Telkom Indonesia,3604.81,3646.73,3588.05,3638.35,107938600.0,2022-10-12
2126,TLKM.JK,Telkom Indonesia,3629.96,3646.73,3596.43,3604.81,70034500.0,2022-10-13
2127,TLKM.JK,Telkom Indonesia,3655.11,3655.11,3596.43,3596.43,68096300.0,2022-10-14
2128,TLKM.JK,Telkom Indonesia,3520.98,3629.96,3520.98,3629.96,90321700.0,2022-10-17
2129,TLKM.JK,Telkom Indonesia,3613.2,3638.35,3562.9,3562.9,72516000.0,2022-10-18
2130,TLKM.JK,Telkom Indonesia,3537.75,3604.81,3520.98,3520.98,65848300.0,2022-10-19
2131,TLKM.JK,Telkom Indonesia,3520.98,3646.73,3520.98,3646.73,165391500.0,2022-10-20
2132,TLKM.JK,Telkom Indonesia,3604.81,3680.26,3604.81,3655.11,79825700.0,2022-10-21
2133,TLKM.JK,Telkom Indonesia,3671.88,3730.56,3671.88,3697.03,76777200.0,2022-10-24
2134,TLKM.JK,Telkom Indonesia,3713.8,3747.33,3680.26,3680.26,109154300.0,2022-10-25
2135,TLKM.JK,Telkom Indonesia,3705.41,3713.8,3629.96,3663.5,97320500.0,2022-10-26
2136,TLKM.JK,Telkom Indonesia,3680.26,3697.03,3638.35,3663.5,80270300.0,2022-10-27
2137,TLKM.JK,Telkom Indonesia,3705.41,3730.56,3671.88,3730.56,91101500.0,2022-10-28
2138,TLKM.JK,Telkom Indonesia,3738.95,3738.95,3655.11,3680.26,162753500.0,2022-10-31
2139,TLKM.JK,Telkom Indonesia,3705.41,3705.41,3655.11,3705.41,108592900.0,2022-11-01
2140,TLKM.JK,Telkom Indonesia,3688.65,3705.41,3537.75,3537.75,217855200.0,2022-11-02
2141,TLKM.JK,Telkom Indonesia,3470.68,3495.83,3395.23,3462.3,231475000.0,2022-11-03
2142,TLKM.JK,Telkom Indonesia,3412.0,3529.36,3412.0,3529.36,201183100.0,2022-11-04
2143,TLKM.JK,Telkom Indonesia,3562.9,3588.05,3487.45,3588.05,129868800.0,2022-11-07
2144,TLKM.JK,Telkom Indonesia,3579.66,3588.05,3520.98,3537.75,110546800.0,2022-11-08
2145,TLKM.JK,Telkom Indonesia,3520.98,3546.13,3504.21,3512.6,145833200.0,2022-11-09
2146,TLKM.JK,Telkom Indonesia,3445.53,3529.36,3445.53,3495.83,81249200.0,2022-11-10
2147,TLKM.JK,Telkom Indonesia,3487.45,3504.21,3470.68,3479.06,227799300.0,2022-11-11
2148,TLKM.JK,Telkom Indonesia,3428.76,3453.91,3378.46,3395.23,188771200.0,2022-11-14
2149,TLKM.JK,Telkom Indonesia,3395.23,3420.38,3378.46,3395.23,88570400.0,2022-11-15
2150,TLKM.JK,Telkom Indonesia,3353.31,3412.0,3319.78,3395.23,149512300.0,2022-11-16
2151,TLKM.JK,Telkom Indonesia,3370.08,3412.0,3370.08,3386.85,68616700.0,2022-11-17
2152,TLKM.JK,Telkom Indonesia,3412.0,3420.38,3361.7,3361.7,115907900.0,2022-11-18
2153,TLKM.JK,Telkom Indonesia,3370.08,3403.61,3361.7,3378.46,45277400.0,2022-11-21
2154,TLKM.JK,Telkom Indonesia,3370.08,3386.85,3353.31,3353.31,83888300.0,2022-11-22
2155,TLKM.JK,Telkom Indonesia,3344.93,3378.46,3328.17,3328.17,95750400.0,2022-11-23
2156,TLKM.JK,Telkom Indonesia,3336.55,3386.85,3336.55,3378.46,50741600.0,2022-11-24
2157,TLKM.JK,Telkom Indonesia,3361.7,3386.85,3336.55,3378.46,73305800.0,2022-11-25
2158,TLKM.JK,Telkom Indonesia,3378.46,3386.85,3336.55,3336.55,94063100.0,2022-11-28
2159,TLKM.JK,Telkom Indonesia,3336.55,3370.08,3336.55,3336.55,94389800.0,2022-11-29
2160,TLKM.JK,Telkom Indonesia,3328.16,3395.23,3328.16,3386.85,585687400.0,2022-11-30
2161,TLKM.JK,Telkom Indonesia,3370.08,3386.85,3319.78,3319.78,230066600.0,2022-12-01
2162,TLKM.JK,Telkom Indonesia,3311.4,3370.08,3294.63,3353.31,113336600.0,2022-12-02
2163,TLKM.JK,Telkom Indonesia,3336.55,3344.93,3202.42,3219.18,148751200.0,2022-12-05
2164,TLKM.JK,Telkom Indonesia,3051.52,3118.58,3001.22,3017.98,416468700.0,2022-12-06
2165,TLKM.JK,Telkom Indonesia,3017.98,3101.82,2992.83,3085.05,278572200.0,2022-12-07
2166,TLKM.JK,Telkom Indonesia,3101.82,3168.88,3034.75,3135.35,245646400.0,2022-12-08
2167,TLKM.JK,Telkom Indonesia,3085.05,3118.58,3043.13,3059.9,164606100.0,2022-12-09
2168,TLKM.JK,Telkom Indonesia,3076.67,3110.2,3051.52,3101.82,170545000.0,2022-12-12
2169,TLKM.JK,Telkom Indonesia,3093.43,3177.27,3085.05,3143.73,231127000.0,2022-12-13
2170,TLKM.JK,Telkom Indonesia,3202.42,3202.42,3135.35,3143.73,107175700.0,2022-12-14
2171,TLKM.JK,Telkom Indonesia,3085.05,3118.58,3076.67,3076.67,143233600.0,2022-12-15
2172,TLKM.JK,Telkom Indonesia,3026.37,3135.35,3026.37,3085.05,310944500.0,2022-12-16
2173,TLKM.JK,Telkom Indonesia,3135.35,3177.27,3085.05,3118.58,119137700.0,2022-12-19
2174,TLKM.JK,Telkom Indonesia,3126.97,3143.73,3101.82,3118.58,55351300.0,2022-12-20
2175,TLKM.JK,Telkom Indonesia,3093.43,3177.27,3076.67,3177.27,98741000.0,2022-12-21
2176,TLKM.JK,Telkom Indonesia,3185.65,3194.03,3135.35,3143.73,68702100.0,2022-12-22
2177,TLKM.JK,Telkom Indonesia,3110.2,3168.88,3101.82,3168.88,45179400.0,2022-12-23
2178,TLKM.JK,Telkom Indonesia,3168.88,3185.65,3126.97,3143.73,19216700.0,2022-12-26
2179,TLKM.JK,Telkom Indonesia,3160.5,3219.18,3143.73,3194.03,49816500.0,2022-12-27
2180,TLKM.JK,Telkom Indonesia,3185.65,3194.03,3110.2,3126.97,65006300.0,2022-12-28
2181,TLKM.JK,Telkom Indonesia,3118.58,3177.27,3110.2,3168.88,51703500.0,2022-12-29
2182,TLKM.JK,Telkom Indonesia,3152.12,3185.65,3143.73,3143.73,79677300.0,2022-12-30
2183,TLKM.JK,Telkom Indonesia,3143.73,3185.65,3143.73,3185.65,7959900.0,2023-01-02
2184,TLKM.JK,Telkom Indonesia,3177.27,3261.1,3160.5,3235.95,64235000.0,2023-01-03
2185,TLKM.JK,Telkom Indonesia,3219.18,3235.95,3194.03,3202.42,56785600.0,2023-01-04
2186,TLKM.JK,Telkom Indonesia,3185.65,3202.42,3118.58,3160.5,135167000.0,2023-01-05
2187,TLKM.JK,Telkom Indonesia,3143.73,3160.5,3110.2,3110.2,65207400.0,2023-01-06
2188,TLKM.JK,Telkom Indonesia,3126.97,3177.27,3126.97,3177.27,46616400.0,2023-01-09
2189,TLKM.JK,Telkom Indonesia,3194.03,3227.57,3143.73,3210.8,80009900.0,2023-01-10
2190,TLKM.JK,Telkom Indonesia,3202.42,3269.48,3177.27,3244.33,75139300.0,2023-01-11
2191,TLKM.JK,Telkom Indonesia,3177.27,3269.48,3168.88,3235.95,105775500.0,2023-01-12
2192,TLKM.JK,Telkom Indonesia,3202.42,3235.95,3160.5,3168.88,85780600.0,2023-01-13
2193,TLKM.JK,Telkom Indonesia,3168.88,3227.57,3168.88,3227.57,58918700.0,2023-01-16
2194,TLKM.JK,Telkom Indonesia,3244.33,3344.93,3235.95,3311.4,132256600.0,2023-01-17
2195,TLKM.JK,Telkom Indonesia,3361.7,3361.7,3269.48,3294.63,94772000.0,2023-01-18
2196,TLKM.JK,Telkom Indonesia,3269.48,3336.55,3252.72,3261.1,109555200.0,2023-01-19
2197,TLKM.JK,Telkom Indonesia,3277.87,3286.25,3227.57,3244.33,88457800.0,2023-01-20
2198,TLKM.JK,Telkom Indonesia,3261.1,3277.87,3227.57,3227.57,45504900.0,2023-01-24
2199,TLKM.JK,Telkom Indonesia,3227.57,3252.72,3194.03,3219.18,80575100.0,2023-01-25
2200,TLKM.JK,Telkom Indonesia,3227.57,3353.31,3227.57,3328.17,117238000.0,2023-01-26
2201,TLKM.JK,Telkom Indonesia,3328.17,3344.93,3311.4,3319.78,100769500.0,2023-01-27
2202,TLKM.JK,Telkom Indonesia,3319.78,3328.17,3277.87,3319.78,59425300.0,2023-01-30
2203,TLKM.JK,Telkom Indonesia,3303.02,3311.4,3227.57,3227.57,179726700.0,2023-01-31
2204,TLKM.JK,Telkom Indonesia,3227.57,3269.48,3219.18,3244.33,70997300.0,2023-02-01
2205,TLKM.JK,Telkom Indonesia,3227.57,3269.48,3219.18,3261.1,78852300.0,2023-02-02
2206,TLKM.JK,Telkom Indonesia,3277.87,3286.25,3244.33,3252.72,55154800.0,2023-02-03
2207,TLKM.JK,Telkom Indonesia,3235.95,3277.87,3227.57,3252.72,58861300.0,2023-02-06
2208,TLKM.JK,Telkom Indonesia,3252.72,3252.72,3185.65,3185.65,76254900.0,2023-02-07
2209,TLKM.JK,Telkom Indonesia,3185.65,3227.57,3177.27,3219.18,65856500.0,2023-02-08
2210,TLKM.JK,Telkom Indonesia,3219.18,3219.18,3152.12,3160.5,91337300.0,2023-02-09
2211,TLKM.JK,Telkom Indonesia,3143.73,3185.65,3093.43,3185.65,88759600.0,2023-02-10
2212,TLKM.JK,Telkom Indonesia,3185.65,3194.03,3143.73,3177.27,69004400.0,2023-02-13
2213,TLKM.JK,Telkom Indonesia,3210.8,3210.8,3152.12,3185.65,80331100.0,2023-02-14
2214,TLKM.JK,Telkom Indonesia,3194.03,3202.42,3126.97,3177.27,59028200.0,2023-02-15
2215,TLKM.JK,Telkom Indonesia,3185.65,3185.65,3143.73,3160.5,49869900.0,2023-02-16
2216,TLKM.JK,Telkom Indonesia,3160.5,3160.5,3118.58,3152.12,50369000.0,2023-02-17
2217,TLKM.JK,Telkom Indonesia,3152.12,3202.42,3152.12,3202.42,57438900.0,2023-02-20
2218,TLKM.JK,Telkom Indonesia,3227.57,3244.33,3210.8,3219.18,63880300.0,2023-02-21
2219,TLKM.JK,Telkom Indonesia,3227.57,3244.33,3185.65,3235.95,48505600.0,2023-02-22
2220,TLKM.JK,Telkom Indonesia,3311.4,3328.17,3261.1,3328.17,109147100.0,2023-02-23
2221,TLKM.JK,Telkom Indonesia,3353.31,3386.85,3311.4,3386.85,142165700.0,2023-02-24
2222,TLKM.JK,Telkom Indonesia,3344.93,3353.31,3286.25,3319.78,66461600.0,2023-02-27
2223,TLKM.JK,Telkom Indonesia,3294.63,3328.16,3252.72,3252.72,115766900.0,2023-02-28
2224,TLKM.JK,Telkom Indonesia,3294.63,3344.93,3277.87,3294.63,47395200.0,2023-03-01
2225,TLKM.JK,Telkom Indonesia,3269.48,3294.63,3252.72,3252.72,43208800.0,2023-03-02
2226,TLKM.JK,Telkom Indonesia,3252.72,3286.25,3244.33,3269.48,49796000.0,2023-03-03
2227,TLKM.JK,Telkom Indonesia,3303.02,3311.4,3244.33,3252.72,50103800.0,2023-03-06
2228,TLKM.JK,Telkom Indonesia,3261.1,3277.87,3227.57,3252.72,59086800.0,2023-03-07
2229,TLKM.JK,Telkom Indonesia,3227.57,3303.02,3227.57,3303.02,78551000.0,2023-03-08
2230,TLKM.JK,Telkom Indonesia,3328.17,3353.31,3319.78,3328.17,68725500.0,2023-03-09
2231,TLKM.JK,Telkom Indonesia,3319.78,3370.08,3294.63,3361.7,76136200.0,2023-03-10
2232,TLKM.JK,Telkom Indonesia,3370.08,3428.76,3336.55,3412.0,104663300.0,2023-03-13
2233,TLKM.JK,Telkom Indonesia,3378.46,3428.76,3353.31,3370.08,111430100.0,2023-03-14
2234,TLKM.JK,Telkom Indonesia,3395.23,3395.23,3344.93,3361.7,65025400.0,2023-03-15
2235,TLKM.JK,Telkom Indonesia,3386.85,3403.61,3336.55,3395.23,96707900.0,2023-03-16
2236,TLKM.JK,Telkom Indonesia,3428.76,3437.15,3378.46,3395.23,232270900.0,2023-03-17
2237,TLKM.JK,Telkom Indonesia,3395.23,3395.23,3303.02,3344.93,105982700.0,2023-03-20
2238,TLKM.JK,Telkom Indonesia,3353.32,3453.91,3353.32,3453.91,88808200.0,2023-03-21
2239,TLKM.JK,Telkom Indonesia,3437.15,3453.91,3403.61,3412.0,96214700.0,2023-03-24
2240,TLKM.JK,Telkom Indonesia,3437.15,3453.91,3378.46,3395.23,71556400.0,2023-03-27
2241,TLKM.JK,Telkom Indonesia,3437.15,3437.15,3378.46,3395.23,87955300.0,2023-03-28
2242,TLKM.JK,Telkom Indonesia,3428.76,3453.91,3412.0,3437.15,113504700.0,2023-03-29
2243,TLKM.JK,Telkom Indonesia,3395.23,3462.3,3386.85,3428.76,87690800.0,2023-03-30
2244,TLKM.JK,Telkom Indonesia,3445.53,3453.91,3386.85,3403.61,93699000.0,2023-03-31
2245,TLKM.JK,Telkom Indonesia,3437.15,3437.15,3412.0,3420.38,56896200.0,2023-04-03
2246,TLKM.JK,Telkom Indonesia,3420.38,3437.15,3386.85,3403.61,82969200.0,2023-04-04
2247,TLKM.JK,Telkom Indonesia,3437.15,3495.83,3420.38,3479.06,70419100.0,2023-04-05
2248,TLKM.JK,Telkom Indonesia,3520.98,3579.66,3495.83,3562.9,125329700.0,2023-04-06
2249,TLKM.JK,Telkom Indonesia,3562.9,3604.81,3512.6,3604.81,85757900.0,2023-04-10
2250,TLKM.JK,Telkom Indonesia,3596.43,3604.81,3562.9,3604.81,84322900.0,2023-04-11
2251,TLKM.JK,Telkom Indonesia,3621.58,3646.73,3571.28,3613.2,178923700.0,2023-04-12
2252,TLKM.JK,Telkom Indonesia,3638.35,3646.73,3596.43,3638.35,119431600.0,2023-04-13
2253,TLKM.JK,Telkom Indonesia,3638.35,3655.11,3621.58,3638.35,117305500.0,2023-04-14
2254,TLKM.JK,Telkom Indonesia,3638.35,3638.35,3562.9,3579.66,59688000.0,2023-04-17
2255,TLKM.JK,Telkom Indonesia,3554.51,3588.05,3546.13,3579.66,65644600.0,2023-04-18
2256,TLKM.JK,Telkom Indonesia,3755.71,3772.48,3629.96,3688.65,198984100.0,2023-04-26
2257,TLKM.JK,Telkom Indonesia,3730.56,3730.56,3604.81,3621.58,58407000.0,2023-04-27
2258,TLKM.JK,Telkom Indonesia,3579.66,3621.58,3537.75,3562.9,112116900.0,2023-04-28
2259,TLKM.JK,Telkom Indonesia,3529.36,3537.75,3462.3,3512.6,117097400.0,2023-05-02
2260,TLKM.JK,Telkom Indonesia,3520.98,3520.98,3420.38,3479.06,158597800.0,2023-05-03
2261,TLKM.JK,Telkom Indonesia,3495.83,3512.6,3470.68,3479.06,98421300.0,2023-05-04
2262,TLKM.JK,Telkom Indonesia,3487.45,3495.83,3420.38,3495.83,113408100.0,2023-05-05
2263,TLKM.JK,Telkom Indonesia,3495.83,3504.21,3386.85,3403.61,121002600.0,2023-05-08
2264,TLKM.JK,Telkom Indonesia,3395.23,3428.76,3378.46,3412.0,105907900.0,2023-05-09
2265,TLKM.JK,Telkom Indonesia,3395.23,3462.3,3386.85,3462.3,84306600.0,2023-05-10
2266,TLKM.JK,Telkom Indonesia,3437.15,3453.91,3403.61,3428.76,74171300.0,2023-05-11
2267,TLKM.JK,Telkom Indonesia,3395.23,3395.23,3311.4,3336.55,236777600.0,2023-05-12
2268,TLKM.JK,Telkom Indonesia,3344.93,3344.93,3294.63,3336.55,113329300.0,2023-05-15
2269,TLKM.JK,Telkom Indonesia,3370.08,3370.08,3303.02,3336.55,68777200.0,2023-05-16
2270,TLKM.JK,Telkom Indonesia,3336.55,3370.08,3319.78,3344.93,83183300.0,2023-05-17
2271,TLKM.JK,Telkom Indonesia,3344.93,3403.61,3328.17,3370.08,95986000.0,2023-05-19
2272,TLKM.JK,Telkom Indonesia,3353.31,3420.38,3336.55,3386.85,115578100.0,2023-05-22
2273,TLKM.JK,Telkom Indonesia,3378.46,3420.38,3378.46,3386.85,132751000.0,2023-05-23
2274,TLKM.JK,Telkom Indonesia,3370.08,3520.98,3370.08,3487.45,194127500.0,2023-05-24
2275,TLKM.JK,Telkom Indonesia,3512.6,3537.75,3453.91,3453.91,122121000.0,2023-05-25
2276,TLKM.JK,Telkom Indonesia,3470.68,3487.45,3445.53,3462.3,62211800.0,2023-05-26
2277,TLKM.JK,Telkom Indonesia,3453.91,3520.98,3428.76,3520.98,77540300.0,2023-05-29
2278,TLKM.JK,Telkom Indonesia,3470.68,3512.6,3453.91,3453.91,78924700.0,2023-05-30
2279,TLKM.JK,Telkom Indonesia,3453.91,3487.45,3386.85,3386.85,1155861400.0,2023-05-31
2280,TLKM.JK,Telkom Indonesia,3403.61,3462.3,3370.08,3420.38,189129300.0,2023-06-05
2281,TLKM.JK,Telkom Indonesia,3428.76,3462.3,3395.23,3428.76,95792700.0,2023-06-06
2282,TLKM.JK,Telkom Indonesia,3437.15,3479.06,3420.38,3479.06,127707400.0,2023-06-07
2283,TLKM.JK,Telkom Indonesia,3487.45,3504.21,3453.91,3495.83,78989700.0,2023-06-08
2284,TLKM.JK,Telkom Indonesia,3495.83,3495.83,3470.68,3479.06,83014700.0,2023-06-09
2285,TLKM.JK,Telkom Indonesia,3529.38,3538.12,3503.17,3538.12,94687300.0,2023-06-12
2286,TLKM.JK,Telkom Indonesia,3529.38,3546.86,3520.65,3520.65,69609000.0,2023-06-13
2287,TLKM.JK,Telkom Indonesia,3511.91,3529.38,3485.7,3494.44,110730800.0,2023-06-14
2288,TLKM.JK,Telkom Indonesia,3485.7,3529.38,3476.97,3511.91,85391800.0,2023-06-15
2289,TLKM.JK,Telkom Indonesia,3511.91,3520.65,3459.49,3468.23,160978900.0,2023-06-16
2290,TLKM.JK,Telkom Indonesia,3459.49,3485.7,3450.76,3459.49,54934100.0,2023-06-19
2291,TLKM.JK,Telkom Indonesia,3476.97,3485.7,3450.76,3485.7,55155600.0,2023-06-20
2292,TLKM.JK,Telkom Indonesia,3468.23,3476.97,3450.76,3476.97,60191300.0,2023-06-21
2293,TLKM.JK,Telkom Indonesia,3476.97,3485.7,3442.02,3442.02,56150900.0,2023-06-22
2294,TLKM.JK,Telkom Indonesia,3442.02,3459.49,3442.02,3450.76,41812400.0,2023-06-23
2295,TLKM.JK,Telkom Indonesia,3442.02,3485.7,3442.02,3485.7,36011500.0,2023-06-26
2296,TLKM.JK,Telkom Indonesia,3520.65,3520.65,3485.7,3494.44,64879900.0,2023-06-27
2297,TLKM.JK,Telkom Indonesia,3520.65,3520.65,3468.23,3494.44,75193200.0,2023-07-03
2298,TLKM.JK,Telkom Indonesia,3494.44,3503.17,3468.23,3468.23,33974300.0,2023-07-04
2299,TLKM.JK,Telkom Indonesia,3468.23,3476.97,3450.76,3476.97,43303000.0,2023-07-05
2300,TLKM.JK,Telkom Indonesia,3468.23,3485.7,3459.49,3459.49,68088900.0,2023-07-06
2301,TLKM.JK,Telkom Indonesia,3459.49,3476.97,3450.76,3459.49,50474800.0,2023-07-07
2302,TLKM.JK,Telkom Indonesia,3459.49,3476.97,3442.02,3450.76,65643300.0,2023-07-10
2303,TLKM.JK,Telkom Indonesia,3450.76,3485.7,3450.76,3476.97,89768500.0,2023-07-11
2304,TLKM.JK,Telkom Indonesia,3476.97,3503.17,3468.23,3476.97,73770400.0,2023-07-12
2305,TLKM.JK,Telkom Indonesia,3459.49,3468.23,3415.81,3424.55,83009900.0,2023-07-13
2306,TLKM.JK,Telkom Indonesia,3459.49,3459.49,3424.55,3433.29,64886900.0,2023-07-14
2307,TLKM.JK,Telkom Indonesia,3450.76,3468.23,3415.81,3415.81,81399700.0,2023-07-17
2308,TLKM.JK,Telkom Indonesia,3433.29,3433.29,3337.19,3363.4,135860500.0,2023-07-18
2309,TLKM.JK,Telkom Indonesia,3337.19,3372.13,3328.45,3363.4,88907600.0,2023-07-20
2310,TLKM.JK,Telkom Indonesia,3354.66,3380.87,3354.66,3372.13,53955100.0,2023-07-21
2311,TLKM.JK,Telkom Indonesia,3389.61,3433.29,3380.87,3407.08,80710100.0,2023-07-24
2312,TLKM.JK,Telkom Indonesia,3424.55,3424.55,3389.61,3389.61,66434400.0,2023-07-25
2313,TLKM.JK,Telkom Indonesia,3398.34,3407.08,3345.92,3389.61,86732900.0,2023-07-26
2314,TLKM.JK,Telkom Indonesia,3354.66,3372.13,3249.83,3249.83,235026400.0,2023-07-27
2315,TLKM.JK,Telkom Indonesia,3241.09,3276.04,3223.62,3249.83,181626700.0,2023-07-28
2316,TLKM.JK,Telkom Indonesia,3232.36,3276.04,3206.15,3249.83,153583300.0,2023-07-31
2317,TLKM.JK,Telkom Indonesia,3232.36,3302.24,3232.36,3276.04,97680500.0,2023-08-01
2318,TLKM.JK,Telkom Indonesia,3267.3,3267.3,3214.88,3223.62,121333500.0,2023-08-02
2319,TLKM.JK,Telkom Indonesia,3206.15,3284.77,3206.15,3249.83,82013300.0,2023-08-03
2320,TLKM.JK,Telkom Indonesia,3249.83,3258.56,3223.62,3223.62,67746800.0,2023-08-04
2321,TLKM.JK,Telkom Indonesia,3232.36,3249.83,3214.88,3214.88,94909700.0,2023-08-07
2322,TLKM.JK,Telkom Indonesia,3214.88,3284.77,3214.88,3258.56,116329400.0,2023-08-08
2323,TLKM.JK,Telkom Indonesia,3276.04,3319.72,3267.3,3293.51,129416100.0,2023-08-09
2324,TLKM.JK,Telkom Indonesia,3319.72,3345.93,3319.72,3319.72,140158900.0,2023-08-10
2325,TLKM.JK,Telkom Indonesia,3345.93,3354.66,3310.98,3328.45,109714400.0,2023-08-11
2326,TLKM.JK,Telkom Indonesia,3328.45,3345.93,3284.77,3345.93,86871800.0,2023-08-14
2327,TLKM.JK,Telkom Indonesia,3319.72,3345.92,3319.72,3337.19,80015200.0,2023-08-15
2328,TLKM.JK,Telkom Indonesia,3310.98,3345.93,3276.04,3345.93,81507800.0,2023-08-16
2329,TLKM.JK,Telkom Indonesia,3310.98,3319.72,3284.77,3284.77,108780100.0,2023-08-18
2330,TLKM.JK,Telkom Indonesia,3284.77,3302.24,3249.83,3267.3,64449000.0,2023-08-21
2331,TLKM.JK,Telkom Indonesia,3267.3,3302.24,3258.56,3276.04,98059600.0,2023-08-22
2332,TLKM.JK,Telkom Indonesia,3276.04,3293.51,3258.56,3267.3,84842500.0,2023-08-23
2333,TLKM.JK,Telkom Indonesia,3258.56,3293.51,3249.83,3249.83,82789700.0,2023-08-24
2334,TLKM.JK,Telkom Indonesia,3232.36,3258.56,3232.36,3249.83,42049200.0,2023-08-25
2335,TLKM.JK,Telkom Indonesia,3258.56,3267.3,3232.36,3232.36,37727500.0,2023-08-28
2336,TLKM.JK,Telkom Indonesia,3232.36,3249.83,3232.36,3249.83,53453600.0,2023-08-29
2337,TLKM.JK,Telkom Indonesia,3258.56,3363.4,3249.83,3328.45,130027200.0,2023-08-30
2338,TLKM.JK,Telkom Indonesia,3328.45,3337.19,3232.36,3258.56,227635800.0,2023-08-31
2339,TLKM.JK,Telkom Indonesia,3241.09,3267.3,3241.09,3249.83,82253200.0,2023-09-01
2340,TLKM.JK,Telkom Indonesia,3249.83,3276.04,3241.09,3258.56,55881900.0,2023-09-04
2341,TLKM.JK,Telkom Indonesia,3258.56,3276.04,3241.09,3267.3,62933300.0,2023-09-05
2342,TLKM.JK,Telkom Indonesia,3276.04,3328.45,3267.3,3310.98,98673400.0,2023-09-06
2343,TLKM.JK,Telkom Indonesia,3302.24,3310.98,3258.56,3284.77,63054500.0,2023-09-07
2344,TLKM.JK,Telkom Indonesia,3293.51,3293.51,3206.15,3223.62,143090100.0,2023-09-08
2345,TLKM.JK,Telkom Indonesia,3241.09,3241.09,3214.88,3232.36,76577500.0,2023-09-11
2346,TLKM.JK,Telkom Indonesia,3232.36,3267.3,3232.36,3241.09,72170600.0,2023-09-12
2347,TLKM.JK,Telkom Indonesia,3249.83,3249.83,3206.15,3241.09,82635900.0,2023-09-13
2348,TLKM.JK,Telkom Indonesia,3241.09,3249.83,3214.88,3214.88,55532900.0,2023-09-14
2349,TLKM.JK,Telkom Indonesia,3214.88,3302.24,3206.15,3249.83,147757300.0,2023-09-15
2350,TLKM.JK,Telkom Indonesia,3232.36,3249.83,3214.88,3214.88,40645900.0,2023-09-18
2351,TLKM.JK,Telkom Indonesia,3223.62,3267.3,3223.62,3258.56,38375000.0,2023-09-19
2352,TLKM.JK,Telkom Indonesia,3267.3,3363.4,3267.3,3328.45,171751900.0,2023-09-20
2353,TLKM.JK,Telkom Indonesia,3328.45,3354.66,3310.98,3328.45,94880700.0,2023-09-21
2354,TLKM.JK,Telkom Indonesia,3345.93,3389.61,3328.45,3372.13,101185700.0,2023-09-22
2355,TLKM.JK,Telkom Indonesia,3328.45,3345.92,3293.51,3293.51,125817700.0,2023-09-25
2356,TLKM.JK,Telkom Indonesia,3293.51,3319.72,3276.04,3284.77,74734500.0,2023-09-26
2357,TLKM.JK,Telkom Indonesia,3276.04,3302.24,3249.83,3249.83,83337700.0,2023-09-27
2358,TLKM.JK,Telkom Indonesia,3258.56,3319.72,3258.56,3276.04,66219300.0,2023-09-29
2359,TLKM.JK,Telkom Indonesia,3276.04,3302.24,3258.56,3276.04,71945000.0,2023-10-02
2360,TLKM.JK,Telkom Indonesia,3276.04,3319.72,3267.3,3293.51,61155100.0,2023-10-03
2361,TLKM.JK,Telkom Indonesia,3319.72,3319.72,3267.3,3302.24,77527700.0,2023-10-04
2362,TLKM.JK,Telkom Indonesia,3310.98,3319.72,3249.83,3249.83,81258900.0,2023-10-05
2363,TLKM.JK,Telkom Indonesia,3302.24,3319.72,3293.51,3302.24,60156100.0,2023-10-06
2364,TLKM.JK,Telkom Indonesia,3293.51,3302.24,3276.04,3284.77,37711400.0,2023-10-09
2365,TLKM.JK,Telkom Indonesia,3302.24,3337.19,3293.51,3328.45,51167900.0,2023-10-10
2366,TLKM.JK,Telkom Indonesia,3302.24,3328.45,3302.24,3302.24,83154300.0,2023-10-11
2367,TLKM.JK,Telkom Indonesia,3337.19,3380.87,3319.72,3345.93,101645100.0,2023-10-12
2368,TLKM.JK,Telkom Indonesia,3337.19,3363.4,3328.45,3363.4,48856500.0,2023-10-13
2369,TLKM.JK,Telkom Indonesia,3363.4,3363.4,3267.3,3284.77,117472800.0,2023-10-16
2370,TLKM.JK,Telkom Indonesia,3302.24,3328.45,3293.51,3310.98,57046900.0,2023-10-17
2371,TLKM.JK,Telkom Indonesia,3293.51,3302.24,3258.56,3276.04,64910600.0,2023-10-18
2372,TLKM.JK,Telkom Indonesia,3258.56,3284.77,3249.83,3258.56,62296900.0,2023-10-19
2373,TLKM.JK,Telkom Indonesia,3249.83,3258.56,3223.62,3232.36,38978200.0,2023-10-20
2374,TLKM.JK,Telkom Indonesia,3241.09,3249.83,3153.73,3153.73,69428400.0,2023-10-23
2375,TLKM.JK,Telkom Indonesia,3179.94,3206.15,3144.99,3188.68,67041700.0,2023-10-24
2376,TLKM.JK,Telkom Indonesia,3188.68,3214.88,3127.52,3144.99,89567900.0,2023-10-25
2377,TLKM.JK,Telkom Indonesia,3144.99,3153.73,3022.69,3040.16,141139700.0,2023-10-26
2378,TLKM.JK,Telkom Indonesia,3040.16,3083.84,3005.22,3057.63,99607000.0,2023-10-27
2379,TLKM.JK,Telkom Indonesia,3057.63,3057.63,2961.54,2987.75,82945500.0,2023-10-30
2380,TLKM.JK,Telkom Indonesia,2970.27,3066.37,2970.27,3048.9,66801600.0,2023-10-31
2381,TLKM.JK,Telkom Indonesia,3144.99,3232.36,3144.99,3162.47,154441100.0,2023-11-01
2382,TLKM.JK,Telkom Indonesia,3223.62,3223.62,3162.47,3162.47,69582500.0,2023-11-02
2383,TLKM.JK,Telkom Indonesia,3136.26,3171.2,3092.58,3118.79,85146800.0,2023-11-03
2384,TLKM.JK,Telkom Indonesia,3153.73,3188.68,3144.99,3188.68,66902400.0,2023-11-06
2385,TLKM.JK,Telkom Indonesia,3144.99,3153.73,3101.31,3118.79,103642200.0,2023-11-07
2386,TLKM.JK,Telkom Indonesia,3075.11,3092.58,3057.63,3075.11,103415400.0,2023-11-08
2387,TLKM.JK,Telkom Indonesia,3057.63,3118.79,3057.63,3083.84,96594900.0,2023-11-09
2388,TLKM.JK,Telkom Indonesia,3075.11,3101.31,3048.9,3101.31,48619500.0,2023-11-10
2389,TLKM.JK,Telkom Indonesia,3118.79,3118.79,3066.37,3075.11,37975400.0,2023-11-13
2390,TLKM.JK,Telkom Indonesia,3057.63,3092.58,3057.63,3057.63,45987000.0,2023-11-14
2391,TLKM.JK,Telkom Indonesia,3075.11,3118.79,3075.11,3101.31,114104500.0,2023-11-15
2392,TLKM.JK,Telkom Indonesia,3101.31,3101.31,3066.37,3092.58,41789400.0,2023-11-16
2393,TLKM.JK,Telkom Indonesia,3083.84,3101.31,3040.16,3101.31,55585600.0,2023-11-17
2394,TLKM.JK,Telkom Indonesia,3110.05,3144.99,3092.58,3136.26,39932700.0,2023-11-20
2395,TLKM.JK,Telkom Indonesia,3136.26,3162.47,3127.52,3162.47,68255800.0,2023-11-21
2396,TLKM.JK,Telkom Indonesia,3153.73,3171.2,3136.26,3153.73,34555300.0,2023-11-22
2397,TLKM.JK,Telkom Indonesia,3153.73,3171.2,3136.26,3144.99,57385100.0,2023-11-23
2398,TLKM.JK,Telkom Indonesia,3144.99,3162.47,3118.79,3162.47,34583700.0,2023-11-24
2399,TLKM.JK,Telkom Indonesia,3179.94,3258.56,3179.94,3214.88,73888700.0,2023-11-27
2400,TLKM.JK,Telkom Indonesia,3214.88,3319.72,3214.88,3293.51,106829100.0,2023-11-28
2401,TLKM.JK,Telkom Indonesia,3276.04,3293.51,3232.36,3249.83,56467400.0,2023-11-29
2402,TLKM.JK,Telkom Indonesia,3276.04,3337.19,3267.3,3284.77,258522400.0,2023-11-30
2403,TLKM.JK,Telkom Indonesia,3310.98,3354.66,3310.98,3345.93,81037200.0,2023-12-01
2404,TLKM.JK,Telkom Indonesia,3354.66,3372.13,3302.24,3328.45,118483900.0,2023-12-04
2405,TLKM.JK,Telkom Indonesia,3345.93,3363.4,3319.72,3363.4,74608900.0,2023-12-05
2406,TLKM.JK,Telkom Indonesia,3407.08,3450.76,3380.87,3424.55,149345100.0,2023-12-06
2407,TLKM.JK,Telkom Indonesia,3450.76,3450.76,3389.61,3415.81,91076200.0,2023-12-07
2408,TLKM.JK,Telkom Indonesia,3442.02,3442.02,3407.08,3442.02,61476300.0,2023-12-08
2409,TLKM.JK,Telkom Indonesia,3380.87,3476.97,3363.4,3476.97,99365500.0,2023-12-11
2410,TLKM.JK,Telkom Indonesia,3442.02,3450.76,3398.34,3415.81,58707700.0,2023-12-12
2411,TLKM.JK,Telkom Indonesia,3380.87,3424.55,3380.87,3424.55,54386800.0,2023-12-13
2412,TLKM.JK,Telkom Indonesia,3389.61,3459.49,3389.61,3442.02,70705300.0,2023-12-14
2413,TLKM.JK,Telkom Indonesia,3442.02,3476.97,3407.08,3476.97,109064200.0,2023-12-15
2414,TLKM.JK,Telkom Indonesia,3442.02,3468.23,3433.29,3468.23,60940400.0,2023-12-18
2415,TLKM.JK,Telkom Indonesia,3450.76,3468.23,3442.02,3468.23,32984500.0,2023-12-19
2416,TLKM.JK,Telkom Indonesia,3459.49,3485.7,3459.49,3459.49,59574800.0,2023-12-20
2417,TLKM.JK,Telkom Indonesia,3459.49,3468.23,3433.29,3450.76,48242100.0,2023-12-21
2418,TLKM.JK,Telkom Indonesia,3476.97,3476.97,3450.76,3459.49,28222700.0,2023-12-22
2419,TLKM.JK,Telkom Indonesia,3485.7,3494.44,3424.55,3442.02,73157200.0,2023-12-27
2420,TLKM.JK,Telkom Indonesia,3459.49,3468.23,3442.02,3459.49,34024400.0,2023-12-28
2421,TLKM.JK,Telkom Indonesia,3459.49,3476.97,3442.02,3450.76,27497600.0,2023-12-29
2422,TLKM.JK,Telkom Indonesia,3450.76,3485.7,3442.02,3485.7,23774100.0,2024-01-02
2423,TLKM.JK,Telkom Indonesia,3485.7,3485.7,3450.76,3459.49,22018500.0,2024-01-03
2424,TLKM.JK,Telkom Indonesia,3476.97,3485.7,3459.49,3468.23,33922400.0,2024-01-04
2425,TLKM.JK,Telkom Indonesia,3450.76,3468.23,3389.61,3398.34,69268000.0,2024-01-05
2426,TLKM.JK,Telkom Indonesia,3398.34,3424.55,3372.13,3398.34,61064100.0,2024-01-08
2427,TLKM.JK,Telkom Indonesia,3433.29,3476.97,3424.55,3459.49,64015400.0,2024-01-09
2428,TLKM.JK,Telkom Indonesia,3494.44,3520.65,3476.97,3494.44,99083600.0,2024-01-10
2429,TLKM.JK,Telkom Indonesia,3529.38,3529.38,3485.7,3485.7,36333300.0,2024-01-11
2430,TLKM.JK,Telkom Indonesia,3468.23,3503.17,3468.23,3503.17,53685600.0,2024-01-12
2431,TLKM.JK,Telkom Indonesia,3529.38,3529.38,3476.97,3494.44,38339500.0,2024-01-15
2432,TLKM.JK,Telkom Indonesia,3511.91,3520.65,3476.97,3503.17,44782300.0,2024-01-16
2433,TLKM.JK,Telkom Indonesia,3494.44,3503.17,3468.23,3485.7,62728400.0,2024-01-17
2434,TLKM.JK,Telkom Indonesia,3485.7,3503.17,3433.29,3450.76,73029300.0,2024-01-18
2435,TLKM.JK,Telkom Indonesia,3450.76,3459.49,3398.34,3442.02,67016100.0,2024-01-19
2436,TLKM.JK,Telkom Indonesia,3476.97,3503.17,3459.49,3476.97,50643700.0,2024-01-22
2437,TLKM.JK,Telkom Indonesia,3494.44,3503.17,3415.81,3450.76,72595400.0,2024-01-23
2438,TLKM.JK,Telkom Indonesia,3450.76,3476.97,3433.29,3468.23,38732000.0,2024-01-24
2439,TLKM.JK,Telkom Indonesia,3476.97,3494.44,3459.49,3476.97,58541300.0,2024-01-25
2440,TLKM.JK,Telkom Indonesia,3442.02,3485.7,3433.29,3476.97,65272600.0,2024-01-26
2441,TLKM.JK,Telkom Indonesia,3494.44,3503.17,3468.23,3503.17,59150000.0,2024-01-29
2442,TLKM.JK,Telkom Indonesia,3494.44,3511.91,3476.97,3494.44,66906900.0,2024-01-30
2443,TLKM.JK,Telkom Indonesia,3494.44,3511.91,3459.49,3459.49,100403700.0,2024-01-31
2444,TLKM.JK,Telkom Indonesia,3468.23,3538.12,3468.23,3529.38,105414400.0,2024-02-01
2445,TLKM.JK,Telkom Indonesia,3520.65,3520.65,3433.29,3485.7,96180000.0,2024-02-02
2446,TLKM.JK,Telkom Indonesia,3503.17,3503.17,3468.23,3476.97,57789500.0,2024-02-05
2447,TLKM.JK,Telkom Indonesia,3468.23,3494.44,3468.23,3476.97,65167500.0,2024-02-06
2448,TLKM.JK,Telkom Indonesia,3503.17,3511.91,3476.97,3476.97,53084600.0,2024-02-07
2449,TLKM.JK,Telkom Indonesia,3494.44,3511.91,3468.23,3494.44,85763200.0,2024-02-12
2450,TLKM.JK,Telkom Indonesia,3503.17,3503.17,3476.97,3476.97,52020300.0,2024-02-13
2451,TLKM.JK,Telkom Indonesia,3529.38,3564.33,3476.97,3520.65,129347900.0,2024-02-15
2452,TLKM.JK,Telkom Indonesia,3538.12,3634.22,3538.12,3634.22,244064200.0,2024-02-16
2453,TLKM.JK,Telkom Indonesia,3608.01,3642.95,3608.01,3634.22,82867500.0,2024-02-19
2454,TLKM.JK,Telkom Indonesia,3669.16,3677.9,3634.22,3677.9,267636700.0,2024-02-20
2455,TLKM.JK,Telkom Indonesia,3660.42,3704.11,3555.59,3651.69,152787100.0,2024-02-21
2456,TLKM.JK,Telkom Indonesia,3608.01,3625.48,3555.59,3573.06,93555100.0,2024-02-22
2457,TLKM.JK,Telkom Indonesia,3555.59,3581.8,3529.38,3581.8,87665800.0,2024-02-23
2458,TLKM.JK,Telkom Indonesia,3546.86,3581.8,3538.12,3573.06,55761700.0,2024-02-26
2459,TLKM.JK,Telkom Indonesia,3538.12,3546.86,3485.7,3485.7,119637000.0,2024-02-27
2460,TLKM.JK,Telkom Indonesia,3476.97,3511.91,3450.76,3485.7,77255300.0,2024-02-28
2461,TLKM.JK,Telkom Indonesia,3511.91,3529.38,3450.76,3494.44,157431900.0,2024-02-29
2462,TLKM.JK,Telkom Indonesia,3450.76,3485.7,3372.13,3424.55,139582000.0,2024-03-01
2463,TLKM.JK,Telkom Indonesia,3459.49,3459.49,3407.08,3442.02,81580800.0,2024-03-04
2464,TLKM.JK,Telkom Indonesia,3389.61,3407.08,3372.13,3380.87,100671500.0,2024-03-05
2465,TLKM.JK,Telkom Indonesia,3380.87,3424.55,3372.13,3407.08,83251500.0,2024-03-06
2466,TLKM.JK,Telkom Indonesia,3407.08,3433.29,3407.08,3407.08,86888100.0,2024-03-07
2467,TLKM.JK,Telkom Indonesia,3407.08,3415.81,3354.66,3372.13,101556500.0,2024-03-08
2468,TLKM.JK,Telkom Indonesia,3415.81,3415.81,3398.34,3407.08,106191400.0,2024-03-13
2469,TLKM.JK,Telkom Indonesia,3433.29,3476.97,3424.55,3459.49,122570700.0,2024-03-14
2470,TLKM.JK,Telkom Indonesia,3494.44,3494.44,3407.08,3468.23,184885900.0,2024-03-15
2471,TLKM.JK,Telkom Indonesia,3459.49,3468.23,3424.55,3424.55,57508300.0,2024-03-18
2472,TLKM.JK,Telkom Indonesia,3476.97,3476.97,3442.02,3442.02,51629700.0,2024-03-19
2473,TLKM.JK,Telkom Indonesia,3415.81,3442.02,3415.81,3433.29,84777400.0,2024-03-20
2474,TLKM.JK,Telkom Indonesia,3433.29,3459.49,3398.34,3398.34,81520900.0,2024-03-21
2475,TLKM.JK,Telkom Indonesia,3407.08,3424.55,3398.34,3407.08,44501700.0,2024-03-22
2476,TLKM.JK,Telkom Indonesia,3398.34,3398.34,3232.36,3258.56,313394400.0,2024-03-25
2477,TLKM.JK,Telkom Indonesia,3214.88,3214.88,3153.73,3162.47,354086400.0,2024-03-26
2478,TLKM.JK,Telkom Indonesia,3153.73,3171.2,3048.9,3048.9,496202800.0,2024-03-27
2479,TLKM.JK,Telkom Indonesia,3031.43,3075.11,2996.48,3031.43,258985200.0,2024-03-28
2480,TLKM.JK,Telkom Indonesia,3040.16,3075.11,2987.75,3066.37,248116300.0,2024-04-01
2481,TLKM.JK,Telkom Indonesia,3022.69,3057.63,2979.01,3048.9,233017700.0,2024-04-02
2482,TLKM.JK,Telkom Indonesia,3013.95,3048.9,2987.75,2987.75,150265700.0,2024-04-03
2483,TLKM.JK,Telkom Indonesia,2979.01,3022.69,2979.01,3013.95,205184000.0,2024-04-04
2484,TLKM.JK,Telkom Indonesia,3005.22,3013.95,2987.75,2996.48,116051700.0,2024-04-05
2485,TLKM.JK,Telkom Indonesia,2847.97,2865.44,2751.87,2813.02,490658200.0,2024-04-16
2486,TLKM.JK,Telkom Indonesia,2813.02,2830.5,2795.55,2795.55,187876400.0,2024-04-17
2487,TLKM.JK,Telkom Indonesia,2786.81,2891.65,2716.93,2839.23,337490100.0,2024-04-18
2488,TLKM.JK,Telkom Indonesia,2821.76,2821.76,2734.4,2751.87,149997000.0,2024-04-19
2489,TLKM.JK,Telkom Indonesia,2751.87,2795.55,2734.4,2769.34,140971800.0,2024-04-22
2490,TLKM.JK,Telkom Indonesia,2778.08,2786.81,2690.72,2708.19,312052300.0,2024-04-23
2491,TLKM.JK,Telkom Indonesia,2708.19,2716.93,2655.77,2655.77,327330800.0,2024-04-24
2492,TLKM.JK,Telkom Indonesia,2629.57,2673.25,2612.09,2655.77,369525200.0,2024-04-25
2493,TLKM.JK,Telkom Indonesia,2603.36,2673.25,2585.88,2647.04,442527900.0,2024-04-26
2494,TLKM.JK,Telkom Indonesia,2647.04,2699.45,2629.57,2690.72,172773600.0,2024-04-29
2495,TLKM.JK,Telkom Indonesia,2725.66,2795.55,2716.93,2769.34,273121800.0,2024-04-30
2496,TLKM.JK,Telkom Indonesia,2769.34,2795.55,2725.66,2725.66,157637100.0,2024-05-02
2497,TLKM.JK,Telkom Indonesia,2778.08,2778.08,2725.66,2760.61,127945300.0,2024-05-03
2498,TLKM.JK,Telkom Indonesia,2778.08,2795.55,2655.77,2664.51,221330900.0,2024-05-06
2499,TLKM.JK,Telkom Indonesia,2681.98,2716.93,2673.25,2699.45,124914600.0,2024-05-07
2500,TLKM.JK,Telkom Indonesia,2734.4,2751.87,2664.51,2690.72,120622600.0,2024-05-08
2501,TLKM.JK,Telkom Indonesia,2681.98,2708.19,2655.77,2699.45,133048300.0,2024-05-13
2502,TLKM.JK,Telkom Indonesia,2708.19,2725.66,2690.72,2725.66,104126800.0,2024-05-14
2503,TLKM.JK,Telkom Indonesia,2725.66,2734.4,2681.98,2708.19,149143600.0,2024-05-15
2504,TLKM.JK,Telkom Indonesia,2743.88,2827.31,2743.88,2790.23,196239200.0,2024-05-16
2505,TLKM.JK,Telkom Indonesia,2827.31,2827.31,2762.42,2771.69,120345300.0,2024-05-17
2506,TLKM.JK,Telkom Indonesia,2734.61,2780.96,2734.61,2771.69,215877500.0,2024-05-20
2507,TLKM.JK,Telkom Indonesia,2771.69,2771.69,2706.8,2734.61,138864400.0,2024-05-21
2508,TLKM.JK,Telkom Indonesia,2762.42,2762.42,2697.53,2725.34,145109200.0,2024-05-22
2509,TLKM.JK,Telkom Indonesia,2688.26,2706.8,2577.03,2604.83,246979600.0,2024-05-27
2510,TLKM.JK,Telkom Indonesia,2604.83,2669.72,2604.83,2651.18,113093300.0,2024-05-28
2511,TLKM.JK,Telkom Indonesia,2641.91,2651.18,2604.83,2604.83,148952900.0,2024-05-29
2512,TLKM.JK,Telkom Indonesia,2604.83,2660.45,2521.41,2604.83,253471800.0,2024-05-30
2513,TLKM.JK,Telkom Indonesia,2632.64,2706.8,2604.83,2688.26,411324600.0,2024-05-31
2514,TLKM.JK,Telkom Indonesia,2716.07,2753.15,2688.26,2716.07,124570400.0,2024-06-03
2515,TLKM.JK,Telkom Indonesia,2762.42,2836.58,2725.34,2780.96,130203100.0,2024-06-04
2516,TLKM.JK,Telkom Indonesia,2780.96,2855.12,2780.96,2836.58,141157300.0,2024-06-05
2517,TLKM.JK,Telkom Indonesia,2873.66,2873.66,2808.77,2827.31,107996900.0,2024-06-06
2518,TLKM.JK,Telkom Indonesia,2827.31,2864.39,2827.31,2827.31,67191100.0,2024-06-07
2519,TLKM.JK,Telkom Indonesia,2827.31,2827.31,2762.42,2790.23,66983900.0,2024-06-10
2520,TLKM.JK,Telkom Indonesia,2743.88,2762.42,2669.72,2669.72,172688100.0,2024-06-11
2521,TLKM.JK,Telkom Indonesia,2678.99,2753.15,2678.99,2706.8,91584500.0,2024-06-12
2522,TLKM.JK,Telkom Indonesia,2725.34,2725.34,2623.37,2632.64,95740000.0,2024-06-13
2523,TLKM.JK,Telkom Indonesia,2614.1,2623.37,2502.87,2521.41,202750500.0,2024-06-14
2524,TLKM.JK,Telkom Indonesia,2577.03,2641.91,2558.49,2623.37,128843500.0,2024-06-19
2525,TLKM.JK,Telkom Indonesia,2641.91,2641.91,2595.57,2632.64,55434800.0,2024-06-20
2526,TLKM.JK,Telkom Indonesia,2641.91,2743.88,2632.64,2734.61,184918000.0,2024-06-21
2527,TLKM.JK,Telkom Indonesia,2716.07,2762.42,2697.53,2734.61,111618800.0,2024-06-24
2528,TLKM.JK,Telkom Indonesia,2734.61,2771.69,2716.07,2771.69,89913400.0,2024-06-25
2529,TLKM.JK,Telkom Indonesia,2771.69,2799.5,2762.42,2780.96,73994000.0,2024-06-26
2530,TLKM.JK,Telkom Indonesia,2808.77,2808.77,2771.69,2808.77,70154600.0,2024-06-27
2531,TLKM.JK,Telkom Indonesia,2808.77,2910.74,2808.77,2901.47,213539300.0,2024-06-28
2532,TLKM.JK,Telkom Indonesia,2901.47,2901.47,2855.12,2864.39,134082800.0,2024-07-01
2533,TLKM.JK,Telkom Indonesia,2845.85,2864.39,2808.77,2818.04,79024200.0,2024-07-02
2534,TLKM.JK,Telkom Indonesia,2818.04,2827.31,2799.5,2808.77,51977100.0,2024-07-03
2535,TLKM.JK,Telkom Indonesia,2780.96,2827.31,2743.88,2743.88,93100500.0,2024-07-04
2536,TLKM.JK,Telkom Indonesia,2753.15,2799.5,2743.88,2799.5,69339200.0,2024-07-05
2537,TLKM.JK,Telkom Indonesia,2818.04,2864.39,2780.96,2855.12,125004600.0,2024-07-08
2538,TLKM.JK,Telkom Indonesia,2827.31,2892.2,2818.04,2855.12,118245600.0,2024-07-09
2539,TLKM.JK,Telkom Indonesia,2864.39,2947.82,2864.39,2929.28,120007400.0,2024-07-10
2540,TLKM.JK,Telkom Indonesia,2966.36,2966.36,2929.28,2947.82,126490000.0,2024-07-11
2541,TLKM.JK,Telkom Indonesia,2994.17,3031.25,2975.63,2984.9,135830300.0,2024-07-12
2542,TLKM.JK,Telkom Indonesia,2984.9,2984.9,2901.47,2929.28,100918500.0,2024-07-15
2543,TLKM.JK,Telkom Indonesia,2947.82,2947.82,2864.39,2873.66,78769700.0,2024-07-16
2544,TLKM.JK,Telkom Indonesia,2957.09,3031.25,2929.28,3012.71,167149300.0,2024-07-17
2545,TLKM.JK,Telkom Indonesia,3021.98,3040.52,2957.09,2975.63,98903500.0,2024-07-18
2546,TLKM.JK,Telkom Indonesia,2966.36,2975.63,2892.2,2910.74,138117200.0,2024-07-19
2547,TLKM.JK,Telkom Indonesia,2947.82,2975.63,2864.39,2873.66,139383000.0,2024-07-22
2548,TLKM.JK,Telkom Indonesia,2910.74,2929.28,2873.66,2929.28,74338000.0,2024-07-23
2549,TLKM.JK,Telkom Indonesia,2910.74,2920.01,2818.04,2836.58,98752100.0,2024-07-24
2550,TLKM.JK,Telkom Indonesia,2855.12,2864.39,2808.77,2864.39,67060000.0,2024-07-25
2551,TLKM.JK,Telkom Indonesia,2882.93,2882.93,2836.58,2873.66,94900300.0,2024-07-26
2552,TLKM.JK,Telkom Indonesia,2864.39,2892.2,2818.04,2827.31,90885600.0,2024-07-29
2553,TLKM.JK,Telkom Indonesia,2780.96,2780.96,2669.72,2669.72,321472800.0,2024-07-30
2554,TLKM.JK,Telkom Indonesia,2669.72,2706.8,2632.64,2669.72,207440800.0,2024-07-31
2555,TLKM.JK,Telkom Indonesia,2678.99,2716.07,2669.72,2669.72,121021800.0,2024-08-01
2556,TLKM.JK,Telkom Indonesia,2669.72,2669.72,2614.1,2641.91,105816800.0,2024-08-02
2557,TLKM.JK,Telkom Indonesia,2614.1,2623.37,2558.49,2586.29,105246400.0,2024-08-05
2558,TLKM.JK,Telkom Indonesia,2595.56,2632.64,2586.29,2586.29,98524200.0,2024-08-06
2559,TLKM.JK,Telkom Indonesia,2595.56,2632.64,2586.3,2614.1,77263000.0,2024-08-07
2560,TLKM.JK,Telkom Indonesia,2595.56,2669.72,2595.56,2641.91,99533000.0,2024-08-08
2561,TLKM.JK,Telkom Indonesia,2651.18,2669.72,2623.37,2623.37,80800300.0,2024-08-09
2562,TLKM.JK,Telkom Indonesia,2641.91,2697.53,2632.64,2660.45,62746600.0,2024-08-12
2563,TLKM.JK,Telkom Indonesia,2688.26,2688.26,2632.64,2641.91,82063600.0,2024-08-13
2564,TLKM.JK,Telkom Indonesia,2641.91,2678.99,2641.91,2651.18,70188800.0,2024-08-14
2565,TLKM.JK,Telkom Indonesia,2660.45,2669.72,2614.1,2660.45,79724100.0,2024-08-15
2566,TLKM.JK,Telkom Indonesia,2697.53,2771.69,2688.26,2743.88,207060000.0,2024-08-16
2567,TLKM.JK,Telkom Indonesia,2743.88,2753.15,2697.53,2716.07,68692700.0,2024-08-19
2568,TLKM.JK,Telkom Indonesia,2771.69,2780.96,2743.88,2762.42,100434600.0,2024-08-20
2569,TLKM.JK,Telkom Indonesia,2762.42,2790.23,2743.88,2753.15,111842200.0,2024-08-21
2570,TLKM.JK,Telkom Indonesia,2725.34,2753.15,2706.8,2706.8,90336300.0,2024-08-22
2571,TLKM.JK,Telkom Indonesia,2753.15,2790.23,2734.61,2734.61,86092500.0,2024-08-23
2572,TLKM.JK,Telkom Indonesia,2725.34,2771.69,2716.07,2762.42,88941900.0,2024-08-26
2573,TLKM.JK,Telkom Indonesia,2771.69,2780.96,2734.61,2771.69,71223800.0,2024-08-27
2574,TLKM.JK,Telkom Indonesia,2780.96,2780.96,2743.88,2762.42,68736300.0,2024-08-28
2575,TLKM.JK,Telkom Indonesia,2762.42,2855.12,2762.42,2808.77,160714800.0,2024-08-29
2576,TLKM.JK,Telkom Indonesia,2808.77,2845.85,2790.23,2836.58,195809000.0,2024-08-30
2577,TLKM.JK,Telkom Indonesia,2864.39,2920.01,2855.12,2910.74,118928500.0,2024-09-02
2578,TLKM.JK,Telkom Indonesia,2910.74,2920.01,2855.12,2855.12,82172000.0,2024-09-03
2579,TLKM.JK,Telkom Indonesia,2836.58,2873.66,2818.04,2855.12,81041700.0,2024-09-04
2580,TLKM.JK,Telkom Indonesia,2855.12,2864.39,2799.5,2799.5,78989400.0,2024-09-05
2581,TLKM.JK,Telkom Indonesia,2790.23,2827.31,2790.23,2818.04,82391200.0,2024-09-06
2582,TLKM.JK,Telkom Indonesia,2827.31,2855.12,2780.96,2808.77,69264400.0,2024-09-09
2583,TLKM.JK,Telkom Indonesia,2836.58,2836.58,2799.5,2808.77,46436100.0,2024-09-10
2584,TLKM.JK,Telkom Indonesia,2808.77,2827.31,2799.5,2818.04,62899600.0,2024-09-11
2585,TLKM.JK,Telkom Indonesia,2836.58,2845.85,2827.31,2827.31,85785000.0,2024-09-12
2586,TLKM.JK,Telkom Indonesia,2855.12,2892.2,2845.85,2882.93,125032200.0,2024-09-13
2587,TLKM.JK,Telkom Indonesia,2892.2,2901.47,2855.12,2864.39,56181000.0,2024-09-17
2588,TLKM.JK,Telkom Indonesia,2892.2,2901.47,2873.66,2892.2,87120700.0,2024-09-18
2589,TLKM.JK,Telkom Indonesia,2910.74,2920.01,2892.2,2910.74,130418300.0,2024-09-19
2590,TLKM.JK,Telkom Indonesia,2920.01,2938.55,2892.2,2920.01,152477400.0,2024-09-20
2591,TLKM.JK,Telkom Indonesia,2920.01,2947.82,2901.47,2938.55,82274400.0,2024-09-23
2592,TLKM.JK,Telkom Indonesia,2947.82,2947.82,2920.01,2929.28,92256900.0,2024-09-24
2593,TLKM.JK,Telkom Indonesia,2873.66,2957.09,2836.58,2957.09,215241700.0,2024-09-25
2594,TLKM.JK,Telkom Indonesia,2938.55,2947.82,2892.2,2938.55,120042500.0,2024-09-26
2595,TLKM.JK,Telkom Indonesia,2901.47,2910.74,2790.23,2827.31,291217300.0,2024-09-27
2596,TLKM.JK,Telkom Indonesia,2808.77,2808.77,2771.69,2771.69,150844800.0,2024-09-30
2597,TLKM.JK,Telkom Indonesia,2771.69,2818.04,2771.69,2799.5,77208500.0,2024-10-01
2598,TLKM.JK,Telkom Indonesia,2734.61,2762.42,2706.8,2706.8,124629400.0,2024-10-02
2599,TLKM.JK,Telkom Indonesia,2734.61,2734.61,2678.99,2678.99,92510900.0,2024-10-03
2600,TLKM.JK,Telkom Indonesia,2688.26,2716.07,2651.18,2669.72,76757200.0,2024-10-04
2601,TLKM.JK,Telkom Indonesia,2697.53,2697.53,2660.45,2688.26,84507100.0,2024-10-07
2602,TLKM.JK,Telkom Indonesia,2678.99,2771.69,2660.45,2771.69,135357200.0,2024-10-08
2603,TLKM.JK,Telkom Indonesia,2762.42,2790.23,2743.88,2743.88,69435900.0,2024-10-09
2604,TLKM.JK,Telkom Indonesia,2743.88,2762.42,2725.34,2734.61,57867000.0,2024-10-10
2605,TLKM.JK,Telkom Indonesia,2780.96,2780.96,2706.8,2725.34,40454300.0,2024-10-11
2606,TLKM.JK,Telkom Indonesia,2716.07,2753.15,2688.26,2688.26,66631500.0,2024-10-14
2607,TLKM.JK,Telkom Indonesia,2706.8,2753.15,2697.53,2725.34,74529600.0,2024-10-15
2608,TLKM.JK,Telkom Indonesia,2753.15,2780.96,2716.07,2780.96,163988000.0,2024-10-16
2609,TLKM.JK,Telkom Indonesia,2780.96,2836.58,2762.42,2818.04,107040100.0,2024-10-17
2610,TLKM.JK,Telkom Indonesia,2827.31,2901.47,2818.04,2873.66,138783600.0,2024-10-18
2611,TLKM.JK,Telkom Indonesia,2873.66,2901.47,2836.58,2873.66,92240300.0,2024-10-21
2612,TLKM.JK,Telkom Indonesia,2836.58,2845.85,2790.23,2790.23,93662500.0,2024-10-22
2613,TLKM.JK,Telkom Indonesia,2725.34,2762.42,2716.07,2725.34,99423700.0,2024-10-23
2614,TLKM.JK,Telkom Indonesia,2725.34,2743.88,2688.26,2688.26,72559000.0,2024-10-24
2615,TLKM.JK,Telkom Indonesia,2688.26,2734.61,2688.26,2697.53,50694200.0,2024-10-25
2616,TLKM.JK,Telkom Indonesia,2706.8,2725.34,2688.26,2706.8,38720700.0,2024-10-28
2617,TLKM.JK,Telkom Indonesia,2697.53,2716.07,2669.72,2688.26,67727500.0,2024-10-29
2618,TLKM.JK,Telkom Indonesia,2669.72,2688.26,2641.91,2688.26,123573100.0,2024-10-30
2619,TLKM.JK,Telkom Indonesia,2651.18,2660.45,2614.1,2614.1,139590300.0,2024-10-31
2620,TLKM.JK,Telkom Indonesia,2614.1,2632.64,2558.49,2577.03,99364500.0,2024-11-01
2621,TLKM.JK,Telkom Indonesia,2577.03,2604.83,2549.22,2595.56,63112300.0,2024-11-04
2622,TLKM.JK,Telkom Indonesia,2595.56,2604.83,2530.68,2567.76,96721100.0,2024-11-05
2623,TLKM.JK,Telkom Indonesia,2577.03,2595.56,2539.95,2539.95,66808900.0,2024-11-06
2624,TLKM.JK,Telkom Indonesia,2558.49,2586.29,2539.95,2558.49,79485800.0,2024-11-07
2625,TLKM.JK,Telkom Indonesia,2558.49,2577.03,2549.22,2549.22,66113200.0,2024-11-08
2626,TLKM.JK,Telkom Indonesia,2521.41,2530.68,2456.52,2493.6,108153500.0,2024-11-11
2627,TLKM.JK,Telkom Indonesia,2465.79,2475.06,2410.17,2410.17,215910600.0,2024-11-12
2628,TLKM.JK,Telkom Indonesia,2419.44,2437.98,2382.36,2391.63,142812600.0,2024-11-13
2629,TLKM.JK,Telkom Indonesia,2363.82,2400.9,2345.28,2345.28,185269500.0,2024-11-14
2630,TLKM.JK,Telkom Indonesia,2317.47,2391.63,2317.47,2354.55,103680400.0,2024-11-15
2631,TLKM.JK,Telkom Indonesia,2354.55,2419.44,2336.01,2400.9,119481300.0,2024-11-18
2632,TLKM.JK,Telkom Indonesia,2419.44,2641.91,2400.9,2577.03,275670300.0,2024-11-19
2633,TLKM.JK,Telkom Indonesia,2539.95,2549.22,2447.25,2484.33,150242900.0,2024-11-20
2634,TLKM.JK,Telkom Indonesia,2484.33,2604.83,2484.33,2567.76,128294600.0,2024-11-21
2635,TLKM.JK,Telkom Indonesia,2549.22,2586.3,2521.41,2549.22,135265300.0,2024-11-22
2636,TLKM.JK,Telkom Indonesia,2539.95,2577.03,2521.41,2539.95,358617100.0,2024-11-25
2637,TLKM.JK,Telkom Indonesia,2567.76,2595.56,2484.33,2512.14,106721000.0,2024-11-26
2638,TLKM.JK,Telkom Indonesia,2484.33,2549.22,2484.33,2521.41,102808400.0,2024-11-28
2639,TLKM.JK,Telkom Indonesia,2502.87,2558.49,2502.87,2512.14,103162000.0,2024-11-29
2640,TLKM.JK,Telkom Indonesia,2521.41,2530.68,2484.33,2484.33,66025900.0,2024-12-02
2641,TLKM.JK,Telkom Indonesia,2558.49,2623.37,2512.14,2614.1,167603900.0,2024-12-03
2642,TLKM.JK,Telkom Indonesia,2614.1,2641.91,2595.57,2632.64,83412800.0,2024-12-04
2643,TLKM.JK,Telkom Indonesia,2632.64,2632.64,2530.68,2567.76,96025400.0,2024-12-05
2644,TLKM.JK,Telkom Indonesia,2539.95,2577.03,2539.95,2558.49,48179800.0,2024-12-06
2645,TLKM.JK,Telkom Indonesia,2558.49,2567.76,2530.68,2539.95,63671900.0,2024-12-09
2646,TLKM.JK,Telkom Indonesia,2567.76,2623.37,2549.22,2567.76,124138200.0,2024-12-10
2647,TLKM.JK,Telkom Indonesia,2567.76,2669.72,2567.76,2651.18,140611400.0,2024-12-11
2648,TLKM.JK,Telkom Indonesia,2623.37,2641.91,2577.03,2614.1,66977700.0,2024-12-12
2649,TLKM.JK,Telkom Indonesia,2567.76,2586.29,2549.22,2586.29,77540100.0,2024-12-13
2650,TLKM.JK,Telkom Indonesia,2558.49,2558.49,2456.52,2465.79,147655600.0,2024-12-16
2651,TLKM.JK,Telkom Indonesia,2437.98,2456.52,2410.17,2428.71,113785500.0,2024-12-17
2652,TLKM.JK,Telkom Indonesia,2428.71,2465.79,2382.36,2382.36,79565300.0,2024-12-18
2653,TLKM.JK,Telkom Indonesia,2326.74,2373.09,2317.47,2345.28,123504200.0,2024-12-19
2654,TLKM.JK,Telkom Indonesia,2345.28,2382.36,2336.01,2363.82,110308800.0,2024-12-20
2655,TLKM.JK,Telkom Indonesia,2391.63,2475.06,2391.63,2456.52,72113700.0,2024-12-23
2656,TLKM.JK,Telkom Indonesia,2484.33,2549.22,2428.71,2539.95,117582400.0,2024-12-24
2657,TLKM.JK,Telkom Indonesia,2567.76,2595.56,2512.14,2549.22,92727600.0,2024-12-27
2658,TLKM.JK,Telkom Indonesia,2521.41,2558.49,2502.87,2512.14,74279200.0,2024-12-30
2659,TLKM.JK,Telkom Indonesia,2512.14,2539.95,2484.33,2502.87,38776700.0,2025-01-02
2660,TLKM.JK,Telkom Indonesia,2539.95,2567.76,2530.68,2549.22,49907500.0,2025-01-03
2661,TLKM.JK,Telkom Indonesia,2558.49,2567.76,2465.79,2493.6,54087800.0,2025-01-06
2662,TLKM.JK,Telkom Indonesia,2475.06,2484.33,2382.36,2382.36,109758000.0,2025-01-07
2663,TLKM.JK,Telkom Indonesia,2400.9,2502.87,2400.9,2456.52,100688500.0,2025-01-08
2664,TLKM.JK,Telkom Indonesia,2493.6,2502.87,2428.71,2428.71,55206700.0,2025-01-09
2665,TLKM.JK,Telkom Indonesia,2447.25,2493.6,2437.98,2484.33,54496800.0,2025-01-10
2666,TLKM.JK,Telkom Indonesia,2475.06,2539.95,2456.52,2475.06,90816500.0,2025-01-13
2667,TLKM.JK,Telkom Indonesia,2475.06,2493.6,2419.44,2428.71,53116800.0,2025-01-14
2668,TLKM.JK,Telkom Indonesia,2447.25,2475.06,2428.71,2437.98,52867900.0,2025-01-15
2669,TLKM.JK,Telkom Indonesia,2465.79,2465.79,2400.9,2400.9,118890200.0,2025-01-16
2670,TLKM.JK,Telkom Indonesia,2437.98,2484.33,2419.44,2465.79,107245400.0,2025-01-17
2671,TLKM.JK,Telkom Indonesia,2475.06,2493.6,2419.44,2419.44,49752300.0,2025-01-20
2672,TLKM.JK,Telkom Indonesia,2437.98,2465.79,2410.17,2437.98,86549000.0,2025-01-21
2673,TLKM.JK,Telkom Indonesia,2484.33,2549.22,2456.52,2530.68,128617700.0,2025-01-22
2674,TLKM.JK,Telkom Indonesia,2530.68,2549.22,2512.14,2512.14,63216100.0,2025-01-23
2675,TLKM.JK,Telkom Indonesia,2539.95,2549.22,2493.6,2493.6,49844700.0,2025-01-24
2676,TLKM.JK,Telkom Indonesia,2493.6,2512.14,2419.44,2447.25,89736900.0,2025-01-30
2677,TLKM.JK,Telkom Indonesia,2465.79,2512.14,2465.79,2465.79,83736900.0,2025-01-31
2678,TLKM.JK,Telkom Indonesia,2428.71,2437.98,2373.09,2437.98,91801900.0,2025-02-03
2679,TLKM.JK,Telkom Indonesia,2447.25,2465.79,2400.9,2447.25,95311100.0,2025-02-04
2680,TLKM.JK,Telkom Indonesia,2410.17,2447.25,2400.9,2428.71,110400300.0,2025-02-05
2681,TLKM.JK,Telkom Indonesia,2437.98,2437.98,2336.01,2373.09,90471900.0,2025-02-06
2682,TLKM.JK,Telkom Indonesia,2363.82,2400.9,2326.74,2400.9,105020200.0,2025-02-07
2683,TLKM.JK,Telkom Indonesia,2336.01,2363.82,2261.85,2261.85,153328500.0,2025-02-10
2684,TLKM.JK,Telkom Indonesia,2252.58,2271.12,2132.07,2150.61,254907800.0,2025-02-11
2685,TLKM.JK,Telkom Indonesia,2187.69,2298.93,2178.42,2298.93,173407600.0,2025-02-12
2686,TLKM.JK,Telkom Indonesia,2196.96,2243.31,2141.34,2243.31,219425500.0,2025-02-13
2687,TLKM.JK,Telkom Indonesia,2280.39,2345.28,2261.85,2345.28,156474300.0,2025-02-14
2688,TLKM.JK,Telkom Indonesia,2382.36,2456.52,2345.28,2456.52,113998200.0,2025-02-17
2689,TLKM.JK,Telkom Indonesia,2465.79,2512.14,2437.98,2484.33,115881200.0,2025-02-18
2690,TLKM.JK,Telkom Indonesia,2484.33,2493.6,2410.17,2475.06,119388200.0,2025-02-19
2691,TLKM.JK,Telkom Indonesia,2456.52,2484.33,2428.71,2475.06,90411700.0,2025-02-20
2692,TLKM.JK,Telkom Indonesia,2475.06,2484.33,2437.98,2456.52,75110600.0,2025-02-21
2693,TLKM.JK,Telkom Indonesia,2437.98,2447.25,2382.36,2410.17,42327600.0,2025-02-24
2694,TLKM.JK,Telkom Indonesia,2373.09,2391.63,2280.39,2280.39,111687700.0,2025-02-25
2695,TLKM.JK,Telkom Indonesia,2317.47,2336.01,2280.39,2336.01,65752000.0,2025-02-26
2696,TLKM.JK,Telkom Indonesia,2336.01,2373.09,2252.58,2308.2,88741400.0,2025-02-27
2697,TLKM.JK,Telkom Indonesia,2289.66,2289.66,2178.42,2178.42,249795300.0,2025-02-28
2698,TLKM.JK,Telkom Indonesia,2224.77,2243.31,2196.96,2224.77,178833400.0,2025-03-03
2699,TLKM.JK,Telkom Indonesia,2224.77,2261.85,2178.42,2206.23,131347800.0,2025-03-04
2700,TLKM.JK,Telkom Indonesia,2243.31,2289.66,2234.04,2271.12,167407400.0,2025-03-05
2701,TLKM.JK,Telkom Indonesia,2308.2,2326.74,2224.77,2224.77,131136100.0,2025-03-06
2702,TLKM.JK,Telkom Indonesia,2252.58,2289.66,2178.42,2234.04,182407000.0,2025-03-07
2703,TLKM.JK,Telkom Indonesia,2252.58,2252.58,2196.96,2215.5,88949400.0,2025-03-10
2704,TLKM.JK,Telkom Indonesia,2206.23,2215.5,2178.42,2196.96,102235600.0,2025-03-11
2705,TLKM.JK,Telkom Indonesia,2234.04,2308.2,2224.77,2271.12,98938700.0,2025-03-12
2706,TLKM.JK,Telkom Indonesia,2289.66,2308.2,2243.31,2252.58,66706500.0,2025-03-13
2707,TLKM.JK,Telkom Indonesia,2271.12,2298.93,2234.04,2243.31,107627100.0,2025-03-14
2708,TLKM.JK,Telkom Indonesia,2243.31,2271.12,2234.04,2243.31,58129400.0,2025-03-17
2709,TLKM.JK,Telkom Indonesia,2271.12,2289.66,2132.07,2243.31,139758600.0,2025-03-18
2710,TLKM.JK,Telkom Indonesia,2243.31,2261.85,2206.23,2252.58,96825800.0,2025-03-19
2711,TLKM.JK,Telkom Indonesia,2261.85,2261.85,2178.42,2215.5,94823100.0,2025-03-20
2712,TLKM.JK,Telkom Indonesia,2196.96,2206.23,2132.07,2141.34,204534000.0,2025-03-21
2713,TLKM.JK,Telkom Indonesia,2150.61,2187.69,2076.45,2159.88,105865000.0,2025-03-24
2714,TLKM.JK,Telkom Indonesia,2169.15,2187.69,2132.07,2169.15,107964200.0,2025-03-25
2715,TLKM.JK,Telkom Indonesia,2187.69,2280.39,2178.42,2261.85,215856700.0,2025-03-26
2716,TLKM.JK,Telkom Indonesia,2252.58,2252.58,2215.5,2234.04,120411200.0,2025-03-27
2717,TLKM.JK,Telkom Indonesia,1900.32,2132.07,1900.32,2122.8,409973200.0,2025-04-08
2718,TLKM.JK,Telkom Indonesia,2261.85,2261.85,2132.07,2150.61,120363300.0,2025-04-09
2719,TLKM.JK,Telkom Indonesia,2271.12,2289.66,2150.61,2178.42,139327100.0,2025-04-10
2720,TLKM.JK,Telkom Indonesia,2150.61,2178.42,2132.07,2159.88,60214100.0,2025-04-11
2721,TLKM.JK,Telkom Indonesia,2150.61,2252.58,2141.34,2252.58,116968600.0,2025-04-14
2722,TLKM.JK,Telkom Indonesia,2280.39,2289.66,2243.31,2271.12,99064500.0,2025-04-15
2723,TLKM.JK,Telkom Indonesia,2308.2,2326.74,2271.12,2298.93,121853000.0,2025-04-16
2724,TLKM.JK,Telkom Indonesia,2317.47,2465.79,2308.2,2363.82,195577900.0,2025-04-17
2725,TLKM.JK,Telkom Indonesia,2410.17,2419.44,2326.74,2382.36,84209300.0,2025-04-21
2726,TLKM.JK,Telkom Indonesia,2382.36,2382.36,2336.01,2363.82,44958000.0,2025-04-22
2727,TLKM.JK,Telkom Indonesia,2391.63,2447.25,2382.36,2437.98,128704200.0,2025-04-23
2728,TLKM.JK,Telkom Indonesia,2437.98,2456.52,2410.17,2437.98,75733400.0,2025-04-24
2729,TLKM.JK,Telkom Indonesia,2437.98,2456.52,2382.36,2410.17,93439600.0,2025-04-25
2730,TLKM.JK,Telkom Indonesia,2410.17,2419.44,2373.09,2373.09,51086400.0,2025-04-28
2731,TLKM.JK,Telkom Indonesia,2382.36,2410.17,2373.09,2400.9,56546100.0,2025-04-29
2732,TLKM.JK,Telkom Indonesia,2410.17,2447.25,2410.17,2447.25,96333300.0,2025-04-30
2733,TLKM.JK,Telkom Indonesia,2447.25,2521.41,2428.71,2484.33,132357600.0,2025-05-02
2734,TLKM.JK,Telkom Indonesia,2512.14,2512.14,2475.06,2502.87,85592500.0,2025-05-05
2735,TLKM.JK,Telkom Indonesia,2521.41,2530.68,2484.33,2484.33,76948300.0,2025-05-06
2736,TLKM.JK,Telkom Indonesia,2484.33,2493.6,2428.71,2428.71,100293700.0,2025-05-07
2737,TLKM.JK,Telkom Indonesia,2437.98,2447.25,2382.36,2382.36,122965300.0,2025-05-08
2738,TLKM.JK,Telkom Indonesia,2382.36,2437.98,2382.36,2410.17,59433500.0,2025-05-09
2739,TLKM.JK,Telkom Indonesia,2345.28,2428.71,2345.28,2400.9,132760900.0,2025-05-14
2740,TLKM.JK,Telkom Indonesia,2391.63,2493.6,2391.63,2465.79,120039700.0,2025-05-15
2741,TLKM.JK,Telkom Indonesia,2512.14,2549.22,2484.33,2539.95,101569600.0,2025-05-16
2742,TLKM.JK,Telkom Indonesia,2558.49,2651.18,2539.95,2614.1,164194700.0,2025-05-19
2743,TLKM.JK,Telkom Indonesia,2623.37,2632.64,2539.95,2539.95,129805200.0,2025-05-20
2744,TLKM.JK,Telkom Indonesia,2512.14,2577.03,2493.6,2549.22,120242100.0,2025-05-21
2745,TLKM.JK,Telkom Indonesia,2549.22,2641.91,2549.22,2595.56,131277300.0,2025-05-22
2746,TLKM.JK,Telkom Indonesia,2512.14,2521.41,2493.6,2493.6,141199500.0,2025-05-23
2747,TLKM.JK,Telkom Indonesia,2521.41,2614.1,2502.87,2595.56,186806300.0,2025-05-26
2748,TLKM.JK,Telkom Indonesia,2632.64,2669.72,2586.3,2623.37,279180500.0,2025-05-27
2749,TLKM.JK,Telkom Indonesia,2651.18,2660.45,2595.56,2614.1,531309500.0,2025-05-28
2750,TLKM.JK,Telkom Indonesia,2577.03,2614.1,2549.22,2577.03,211393400.0,2025-06-02
2751,TLKM.JK,Telkom Indonesia,2577.03,2623.37,2530.68,2595.56,142896600.0,2025-06-03
2752,TLKM.JK,Telkom Indonesia,2604.83,2651.18,2604.83,2614.1,125006700.0,2025-06-04
2753,TLKM.JK,Telkom Indonesia,2641.91,2641.91,2614.1,2632.64,95008500.0,2025-06-05
2754,TLKM.JK,Telkom Indonesia,2706.8,2706.8,2669.72,2697.53,213564000.0,2025-06-10
2755,TLKM.JK,Telkom Indonesia,2750.0,2810.0,2730.0,2800.0,200609800.0,2025-06-11
2756,TLKM.JK,Telkom Indonesia,2830.0,2830.0,2750.0,2780.0,97099100.0,2025-06-12
2757,TLKM.JK,Telkom Indonesia,2770.0,2770.0,2720.0,2740.0,81111300.0,2025-06-13
2758,TLKM.JK,Telkom Indonesia,2740.0,2770.0,2730.0,2740.0,46641000.0,2025-06-16
2759,TLKM.JK,Telkom Indonesia,2800.0,2800.0,2760.0,2760.0,59643500.0,2025-06-17
2760,TLKM.JK,Telkom Indonesia,2770.0,2800.0,2760.0,2770.0,70757600.0,2025-06-18
2761,TLKM.JK,Telkom Indonesia,2740.0,2780.0,2630.0,2690.0,98911200.0,2025-06-19
2762,TLKM.JK,Telkom Indonesia,2700.0,2710.0,2640.0,2640.0,243027500.0,2025-06-20
2763,TLKM.JK,Telkom Indonesia,2610.0,2610.0,2560.0,2580.0,73554200.0,2025-06-23
2764,TLKM.JK,Telkom Indonesia,2600.0,2670.0,2580.0,2590.0,107300200.0,2025-06-24
2765,TLKM.JK,Telkom Indonesia,2650.0,2650.0,2560.0,2620.0,79958900.0,2025-06-25
2766,TLKM.JK,Telkom Indonesia,2620.0,2710.0,2590.0,2710.0,132868200.0,2025-06-26
2767,TLKM.JK,Telkom Indonesia,2780.0,2790.0,2730.0,2780.0,124299500.0,2025-06-30
2768,TLKM.JK,Telkom Indonesia,2800.0,2810.0,2760.0,2810.0,73006700.0,2025-07-01
2769,TLKM.JK,Telkom Indonesia,2820.0,2820.0,2730.0,2780.0,92321600.0,2025-07-02
2770,TLKM.JK,Telkom Indonesia,2780.0,2810.0,2690.0,2710.0,69094400.0,2025-07-03
2771,TLKM.JK,Telkom Indonesia,2710.0,2720.0,2620.0,2630.0,53587300.0,2025-07-04
2772,TLKM.JK,Telkom Indonesia,2630.0,2700.0,2610.0,2700.0,33446600.0,2025-07-07
2773,TLKM.JK,Telkom Indonesia,2680.0,2700.0,2640.0,2650.0,45926000.0,2025-07-08
2774,TLKM.JK,Telkom Indonesia,2650.0,2680.0,2640.0,2670.0,44897100.0,2025-07-09
2775,TLKM.JK,Telkom Indonesia,2690.0,2710.0,2650.0,2690.0,41108700.0,2025-07-10
2776,TLKM.JK,Telkom Indonesia,2710.0,2730.0,2690.0,2730.0,47851300.0,2025-07-11
2777,TLKM.JK,Telkom Indonesia,2700.0,2710.0,2640.0,2690.0,60458400.0,2025-07-14
2778,TLKM.JK,Telkom Indonesia,2690.0,2690.0,2640.0,2640.0,35309100.0,2025-07-15
2779,TLKM.JK,Telkom Indonesia,2660.0,2680.0,2650.0,2650.0,43385900.0,2025-07-16
2780,TLKM.JK,Telkom Indonesia,2700.0,2770.0,2660.0,2770.0,102642100.0,2025-07-17
2781,TLKM.JK,Telkom Indonesia,2800.0,2800.0,2750.0,2770.0,83762800.0,2025-07-18
2782,TLKM.JK,Telkom Indonesia,2800.0,2800.0,2750.0,2800.0,52553200.0,2025-07-21
2783,TLKM.JK,Telkom Indonesia,2800.0,2850.0,2800.0,2850.0,108243300.0,2025-07-22
2784,TLKM.JK,Telkom Indonesia,2870.0,2870.0,2840.0,2850.0,86077600.0,2025-07-23
2785,TLKM.JK,Telkom Indonesia,2860.0,2870.0,2800.0,2840.0,74224200.0,2025-07-24
2786,TLKM.JK,Telkom Indonesia,2810.0,2830.0,2780.0,2820.0,41296200.0,2025-07-25
2787,TLKM.JK,Telkom Indonesia,2870.0,2870.0,2830.0,2860.0,40193800.0,2025-07-28
2788,TLKM.JK,Telkom Indonesia,2870.0,2880.0,2840.0,2880.0,46357400.0,2025-07-29
2789,TLKM.JK,Telkom Indonesia,2890.0,2890.0,2850.0,2880.0,99062400.0,2025-07-30
2790,TLKM.JK,Telkom Indonesia,2890.0,2930.0,2860.0,2880.0,201065700.0,2025-07-31
2791,TLKM.JK,Telkom Indonesia,2960.0,2990.0,2910.0,2980.0,130977000.0,2025-08-01
2792,TLKM.JK,Telkom Indonesia,3000.0,3030.0,2990.0,3030.0,96385300.0,2025-08-04
2793,TLKM.JK,Telkom Indonesia,3050.0,3050.0,2990.0,3030.0,99396900.0,2025-08-05
2794,TLKM.JK,Telkom Indonesia,3000.0,3010.0,2960.0,2990.0,86215200.0,2025-08-06
2795,TLKM.JK,Telkom Indonesia,2990.0,2990.0,2930.0,2950.0,46506200.0,2025-08-07
2796,TLKM.JK,Telkom Indonesia,2950.0,2960.0,2930.0,2940.0,46945800.0,2025-08-08
2797,TLKM.JK,Telkom Indonesia,2990.0,3010.0,2970.0,2990.0,74978300.0,2025-08-11
2798,TLKM.JK,Telkom Indonesia,3050.0,3200.0,3010.0,3180.0,217607800.0,2025-08-12
2799,TLKM.JK,Telkom Indonesia,3220.0,3420.0,3210.0,3360.0,465722400.0,2025-08-13
2800,TLKM.JK,Telkom Indonesia,3370.0,3490.0,3370.0,3420.0,232557200.0,2025-08-14
2801,TLKM.JK,Telkom Indonesia,3360.0,3410.0,3310.0,3310.0,182893900.0,2025-08-15
2802,TLKM.JK,Telkom Indonesia,3260.0,3330.0,3240.0,3250.0,164921000.0,2025-08-19
2803,TLKM.JK,Telkom Indonesia,3220.0,3290.0,3220.0,3220.0,80084600.0,2025-08-20
2804,TLKM.JK,Telkom Indonesia,3210.0,3270.0,3210.0,3250.0,63861900.0,2025-08-21
2805,TLKM.JK,Telkom Indonesia,3270.0,3290.0,3220.0,3240.0,61351700.0,2025-08-22
2806,TLKM.JK,Telkom Indonesia,3280.0,3350.0,3250.0,3310.0,93221500.0,2025-08-25
2807,TLKM.JK,Telkom Indonesia,3310.0,3320.0,3230.0,3260.0,227364800.0,2025-08-26
2808,TLKM.JK,Telkom Indonesia,3200.0,3250.0,3100.0,3170.0,118158900.0,2025-08-27
2809,TLKM.JK,Telkom Indonesia,3160.0,3220.0,3150.0,3180.0,55940600.0,2025-08-28
2810,TLKM.JK,Telkom Indonesia,3180.0,3210.0,3100.0,3130.0,72585500.0,2025-08-29
2811,TLKM.JK,Telkom Indonesia,3080.0,3110.0,2960.0,3110.0,130027900.0,2025-09-01
2812,TLKM.JK,Telkom Indonesia,3120.0,3140.0,3050.0,3070.0,64402900.0,2025-09-02
2813,TLKM.JK,Telkom Indonesia,3080.0,3170.0,3070.0,3110.0,113875700.0,2025-09-03
2814,TLKM.JK,Telkom Indonesia,3090.0,3170.0,3090.0,3150.0,37223800.0,2025-09-04
2815,TLKM.JK,Telkom Indonesia,3300.0,3300.0,3090.0,3090.0,93725000.0,2025-09-08
2816,TLKM.JK,Telkom Indonesia,3100.0,3130.0,3000.0,3050.0,104463400.0,2025-09-09
2817,TLKM.JK,Telkom Indonesia,3070.0,3180.0,3050.0,3150.0,49840200.0,2025-09-10
2818,TLKM.JK,Telkom Indonesia,3180.0,3190.0,3070.0,3080.0,71919900.0,2025-09-11
2819,TLKM.JK,Telkom Indonesia,3090.0,3110.0,3050.0,3100.0,61521400.0,2025-09-12
2820,TLKM.JK,Telkom Indonesia,3150.0,3260.0,3130.0,3260.0,115361300.0,2025-09-15
2821,TLKM.JK,Telkom Indonesia,3300.0,3300.0,3260.0,3300.0,80642900.0,2025-09-16
2822,TLKM.JK,Telkom Indonesia,3300.0,3340.0,3210.0,3340.0,73539700.0,2025-09-17
2823,TLKM.JK,Telkom Indonesia,3400.0,3400.0,3230.0,3250.0,99501600.0,2025-09-18
2824,TLKM.JK,Telkom Indonesia,3210.0,3300.0,3160.0,3230.0,113834400.0,2025-09-19
2825,TLKM.JK,Telkom Indonesia,3300.0,3300.0,3190.0,3220.0,53704700.0,2025-09-22
2826,TLKM.JK,Telkom Indonesia,3240.0,3260.0,3130.0,3190.0,40100300.0,2025-09-23
2827,TLKM.JK,Telkom Indonesia,3190.0,3190.0,3150.0,3160.0,37086500.0,2025-09-24
2828,TLKM.JK,Telkom Indonesia,3160.0,3200.0,3110.0,3120.0,37627500.0,2025-09-25
2829,TLKM.JK,Telkom Indonesia,3100.0,3160.0,3090.0,3110.0,66789300.0,2025-09-26
2830,TLKM.JK,Telkom Indonesia,3110.0,3130.0,3050.0,3080.0,85911300.0,2025-09-29
2831,TLKM.JK,Telkom Indonesia,3090.0,3140.0,3060.0,3060.0,117025800.0,2025-09-30
2832,TLKM.JK,Telkom Indonesia,3060.0,3100.0,3060.0,3060.0,59779700.0,2025-10-01
2833,TLKM.JK,Telkom Indonesia,3070.0,3200.0,3060.0,3130.0,113431700.0,2025-10-02
2834,TLKM.JK,Telkom Indonesia,3110.0,3130.0,3050.0,3070.0,59116700.0,2025-10-03
2835,TLKM.JK,Telkom Indonesia,3080.0,3090.0,2960.0,3010.0,59707600.0,2025-10-06
2836,TLKM.JK,Telkom Indonesia,3030.0,3050.0,3000.0,3010.0,30353000.0,2025-10-07
2837,TLKM.JK,Telkom Indonesia,3030.0,3040.0,2940.0,2990.0,66090700.0,2025-10-08
2838,TLKM.JK,Telkom Indonesia,2950.0,3020.0,2950.0,3010.0,54769300.0,2025-10-09
2839,TLKM.JK,Telkom Indonesia,3030.0,3080.0,3000.0,3040.0,62254500.0,2025-10-10
2840,TLKM.JK,Telkom Indonesia,3020.0,3070.0,2980.0,3020.0,46978500.0,2025-10-13
2841,TLKM.JK,Telkom Indonesia,3050.0,3070.0,2960.0,2960.0,38518800.0,2025-10-14
2842,TLKM.JK,Telkom Indonesia,3000.0,3090.0,2950.0,3080.0,67503700.0,2025-10-15
2843,TLKM.JK,Telkom Indonesia,2970.0,3020.0,2900.0,2950.0,103687000.0,2025-10-16
2844,TLKM.JK,Telkom Indonesia,2950.0,2960.0,2850.0,2880.0,82482200.0,2025-10-17
2845,TLKM.JK,Telkom Indonesia,2930.0,2970.0,2900.0,2940.0,96029300.0,2025-10-20
2846,TLKM.JK,Telkom Indonesia,2970.0,3290.0,2970.0,3280.0,223104600.0,2025-10-21
2847,TLKM.JK,Telkom Indonesia,3220.0,3220.0,3120.0,3150.0,128796800.0,2025-10-22
2848,TLKM.JK,Telkom Indonesia,3180.0,3400.0,3170.0,3360.0,218967200.0,2025-10-23
2849,TLKM.JK,Telkom Indonesia,3370.0,3440.0,3290.0,3290.0,115104000.0,2025-10-24
2850,TLKM.JK,Telkom Indonesia,3320.0,3360.0,3280.0,3330.0,105683900.0,2025-10-27
2851,TLKM.JK,Telkom Indonesia,3330.0,3480.0,3270.0,3400.0,143082100.0,2025-10-28
2852,TLKM.JK,Telkom Indonesia,3390.0,3390.0,3270.0,3290.0,93073800.0,2025-10-29
2853,TLKM.JK,Telkom Indonesia,3290.0,3310.0,3200.0,3250.0,83523100.0,2025-10-30
2854,TLKM.JK,Telkom Indonesia,3200.0,3250.0,3150.0,3210.0,126790400.0,2025-10-31
2855,TLKM.JK,Telkom Indonesia,3210.0,3380.0,3210.0,3350.0,107151300.0,2025-11-03
2856,TLKM.JK,Telkom Indonesia,3360.0,3590.0,3360.0,3500.0,227450800.0,2025-11-04
2857,TLKM.JK,Telkom Indonesia,3600.0,3630.0,3510.0,3540.0,182624300.0,2025-11-05
2858,TLKM.JK,Telkom Indonesia,3540.0,3550.0,3470.0,3480.0,71766000.0,2025-11-06
2859,TLKM.JK,Telkom Indonesia,3460.0,3490.0,3420.0,3470.0,58917900.0,2025-11-07
2860,TLKM.JK,Telkom Indonesia,3490.0,3550.0,3440.0,3440.0,88941900.0,2025-11-10
2861,TLKM.JK,Telkom Indonesia,3500.0,3530.0,3470.0,3520.0,63130300.0,2025-11-11
2862,TLKM.JK,Telkom Indonesia,3540.0,3590.0,3510.0,3560.0,61339600.0,2025-11-12
2863,TLKM.JK,Telkom Indonesia,3570.0,3570.0,3480.0,3500.0,57467900.0,2025-11-13
2864,TLKM.JK,Telkom Indonesia,3530.0,3560.0,3510.0,3550.0,55079600.0,2025-11-14
2865,TLKM.JK,Telkom Indonesia,3570.0,3630.0,3560.0,3610.0,76833800.0,2025-11-17
2866,TLKM.JK,Telkom Indonesia,3610.0,3630.0,3540.0,3620.0,97747000.0,2025-11-18
2867,TLKM.JK,Telkom Indonesia,3620.0,3690.0,3620.0,3650.0,109911100.0,2025-11-19
2868,TLKM.JK,Telkom Indonesia,3650.0,3660.0,3620.0,3640.0,52200700.0,2025-11-20
2869,TLKM.JK,Telkom Indonesia,3590.0,3610.0,3460.0,3500.0,93181600.0,2025-11-21
2870,TLKM.JK,Telkom Indonesia,3560.0,3700.0,3540.0,3700.0,241304000.0,2025-11-24
2871,TLKM.JK,Telkom Indonesia,3690.0,3690.0,3560.0,3650.0,84816600.0,2025-11-25
2872,TLKM.JK,Telkom Indonesia,3600.0,3720.0,3600.0,3720.0,111114600.0,2025-11-26
2873,TLKM.JK,Telkom Indonesia,3700.0,3700.0,3560.0,3570.0,48436500.0,2025-11-27
2874,TLKM.JK,Telkom Indonesia,3600.0,3630.0,3500.0,3510.0,70943000.0,2025-11-28
2875,TLKM.JK,Telkom Indonesia,3530.0,3650.0,3520.0,3650.0,89045500.0,2025-12-01
2876,TLKM.JK,Telkom Indonesia,3660.0,3670.0,3560.0,3560.0,62155900.0,2025-12-02
2877,TLKM.JK,Telkom Indonesia,3590.0,3650.0,3580.0,3580.0,60429900.0,2025-12-03
2878,TLKM.JK,Telkom Indonesia,3660.0,3660.0,3580.0,3630.0,38947500.0,2025-12-04
2879,TLKM.JK,Telkom Indonesia,3630.0,3700.0,3610.0,3700.0,50641400.0,2025-12-05
2880,TLKM.JK,Telkom Indonesia,3700.0,3700.0,3600.0,3630.0,64911000.0,2025-12-08
2881,TLKM.JK,Telkom Indonesia,3650.0,3650.0,3520.0,3570.0,94381800.0,2025-12-09
2882,TLKM.JK,Telkom Indonesia,3620.0,3700.0,3590.0,3640.0,68644900.0,2025-12-10
2883,TLKM.JK,Telkom Indonesia,3670.0,3690.0,3500.0,3570.0,84823100.0,2025-12-11
2884,TLKM.JK,Telkom Indonesia,3630.0,3630.0,3500.0,3550.0,67076200.0,2025-12-12
2885,TLKM.JK,Telkom Indonesia,3550.0,3560.0,3460.0,3470.0,121707400.0,2025-12-15
2886,TLKM.JK,Telkom Indonesia,3490.0,3550.0,3470.0,3520.0,120576700.0,2025-12-16
2887,TLKM.JK,Telkom Indonesia,3540.0,3590.0,3490.0,3500.0,118452300.0,2025-12-17
2888,TLKM.JK,Telkom Indonesia,3540.0,3580.0,3460.0,3460.0,111042200.0,2025-12-18
2889,TLKM.JK,Telkom Indonesia,3520.0,3520.0,3390.0,3410.0,236770700.0,2025-12-19
2890,TLKM.JK,Telkom Indonesia,3440.0,3490.0,3420.0,3470.0,113720300.0,2025-12-22
2891,TLKM.JK,Telkom Indonesia,3470.0,3470.0,3420.0,3470.0,39083700.0,2025-12-23
2892,TLKM.JK,Telkom Indonesia,3480.0,3500.0,3440.0,3460.0,30919800.0,2025-12-24
2893,TLKM.JK,Telkom Indonesia,3480.0,3530.0,3460.0,3490.0,53079900.0,2025-12-29
2894,TLKM.JK,Telkom Indonesia,3490.0,3510.0,3480.0,3480.0,48019100.0,2025-12-30
4342,UNVR.JK,Unilever Indonesia,6723.47,6881.67,6723.47,6763.02,11059800.0,2020-01-02
4343,UNVR.JK,Unilever Indonesia,6861.89,6861.89,6763.02,6782.79,8071700.0,2020-01-03
4344,UNVR.JK,Unilever Indonesia,6782.79,6802.57,6604.82,6703.69,7913300.0,2020-01-06
4345,UNVR.JK,Unilever Indonesia,6703.69,6723.47,6644.37,6683.92,5793000.0,2020-01-07
4346,UNVR.JK,Unilever Indonesia,6683.92,6683.92,6545.49,6585.04,8261400.0,2020-01-08
4347,UNVR.JK,Unilever Indonesia,6604.82,6664.14,6525.72,6604.82,9224300.0,2020-01-09
4348,UNVR.JK,Unilever Indonesia,6644.37,6644.37,6525.72,6525.72,14849800.0,2020-01-10
4349,UNVR.JK,Unilever Indonesia,6545.5,6644.37,6545.5,6644.37,8904800.0,2020-01-13
4350,UNVR.JK,Unilever Indonesia,6644.37,6723.47,6565.27,6703.69,11761100.0,2020-01-14
4351,UNVR.JK,Unilever Indonesia,6703.69,6743.24,6604.82,6703.69,14965200.0,2020-01-15
4352,UNVR.JK,Unilever Indonesia,6703.69,6703.69,6604.82,6664.14,9151100.0,2020-01-16
4353,UNVR.JK,Unilever Indonesia,6664.14,6664.14,6604.82,6644.37,5501800.0,2020-01-17
4354,UNVR.JK,Unilever Indonesia,6644.37,6664.14,6585.04,6585.04,5343800.0,2020-01-20
4355,UNVR.JK,Unilever Indonesia,6585.04,6624.59,6565.27,6585.04,5211000.0,2020-01-21
4356,UNVR.JK,Unilever Indonesia,6624.59,6624.59,6505.94,6565.27,4975800.0,2020-01-22
4357,UNVR.JK,Unilever Indonesia,6565.27,6624.59,6545.49,6585.04,3400500.0,2020-01-23
4358,UNVR.JK,Unilever Indonesia,6585.04,6585.04,6446.62,6466.4,7927900.0,2020-01-24
4359,UNVR.JK,Unilever Indonesia,6466.4,6565.27,6387.3,6545.5,7078300.0,2020-01-27
4360,UNVR.JK,Unilever Indonesia,6545.49,6565.27,6407.07,6525.72,8825000.0,2020-01-28
4361,UNVR.JK,Unilever Indonesia,6525.72,6565.27,6505.94,6525.72,4723100.0,2020-01-29
4362,UNVR.JK,Unilever Indonesia,6525.72,6525.72,6446.62,6505.95,4297800.0,2020-01-30
4363,UNVR.JK,Unilever Indonesia,6505.95,6505.95,6288.42,6288.42,17743300.0,2020-01-31
4364,UNVR.JK,Unilever Indonesia,6288.42,6387.3,6169.77,6209.32,8731500.0,2020-02-03
4365,UNVR.JK,Unilever Indonesia,6209.32,6288.42,6209.32,6229.1,8182500.0,2020-02-04
4366,UNVR.JK,Unilever Indonesia,6248.87,6407.07,6209.32,6407.07,7284300.0,2020-02-05
4367,UNVR.JK,Unilever Indonesia,6407.07,6407.07,6288.42,6288.42,10884300.0,2020-02-06
4368,UNVR.JK,Unilever Indonesia,6288.42,6308.2,6248.87,6248.87,11461800.0,2020-02-07
4369,UNVR.JK,Unilever Indonesia,6248.87,6268.65,6169.77,6229.1,6277000.0,2020-02-10
4370,UNVR.JK,Unilever Indonesia,6209.32,6229.1,6189.55,6209.32,5773900.0,2020-02-11
4371,UNVR.JK,Unilever Indonesia,6189.55,6209.32,5991.8,6011.57,17269400.0,2020-02-12
4372,UNVR.JK,Unilever Indonesia,5991.8,6011.57,5813.82,5853.37,13678700.0,2020-02-13
4373,UNVR.JK,Unilever Indonesia,5853.37,6031.35,5774.27,5912.7,8792800.0,2020-02-14
4374,UNVR.JK,Unilever Indonesia,5912.7,5932.47,5794.05,5853.37,8267100.0,2020-02-17
4375,UNVR.JK,Unilever Indonesia,5813.82,5912.7,5794.05,5853.37,11377400.0,2020-02-18
4376,UNVR.JK,Unilever Indonesia,5853.37,5932.47,5833.6,5912.7,7178400.0,2020-02-19
4377,UNVR.JK,Unilever Indonesia,5932.47,6090.67,5912.7,6051.12,11991000.0,2020-02-20
4378,UNVR.JK,Unilever Indonesia,6051.12,6051.12,5912.7,5932.47,9864100.0,2020-02-21
4379,UNVR.JK,Unilever Indonesia,5853.37,5873.15,5714.95,5714.95,11614600.0,2020-02-24
4380,UNVR.JK,Unilever Indonesia,5655.62,5813.82,5596.3,5774.27,14739700.0,2020-02-25
4381,UNVR.JK,Unilever Indonesia,5734.72,5833.6,5695.17,5774.27,10567900.0,2020-02-26
4382,UNVR.JK,Unilever Indonesia,5774.27,5774.27,5556.75,5655.62,13251400.0,2020-02-27
4383,UNVR.JK,Unilever Indonesia,5596.3,5596.3,5319.45,5398.55,34476300.0,2020-02-28
4384,UNVR.JK,Unilever Indonesia,5398.55,5695.17,5378.78,5457.88,20747600.0,2020-03-02
4385,UNVR.JK,Unilever Indonesia,5616.07,5695.17,5497.42,5635.85,27945100.0,2020-03-03
4386,UNVR.JK,Unilever Indonesia,5635.85,5892.92,5616.07,5873.15,16142200.0,2020-03-04
4387,UNVR.JK,Unilever Indonesia,5912.7,6011.57,5833.6,5853.37,12512400.0,2020-03-05
4388,UNVR.JK,Unilever Indonesia,5833.6,5912.7,5714.95,5892.92,10982200.0,2020-03-06
4389,UNVR.JK,Unilever Indonesia,5536.97,5695.17,5457.87,5556.75,21278700.0,2020-03-09
4390,UNVR.JK,Unilever Indonesia,5556.75,5833.6,5556.75,5616.07,14816900.0,2020-03-10
4391,UNVR.JK,Unilever Indonesia,5616.07,5892.92,5596.3,5774.27,19638900.0,2020-03-11
4392,UNVR.JK,Unilever Indonesia,5714.95,5892.92,5536.97,5714.95,20637800.0,2020-03-12
4393,UNVR.JK,Unilever Indonesia,5714.95,5714.95,5714.95,5714.95,20637800.0,2020-03-13
4394,UNVR.JK,Unilever Indonesia,5912.7,5932.47,5517.2,5517.2,18254300.0,2020-03-16
4395,UNVR.JK,Unilever Indonesia,5517.2,5675.4,5141.48,5141.48,29370900.0,2020-03-17
4396,UNVR.JK,Unilever Indonesia,5260.13,5260.13,4785.53,4785.53,34350500.0,2020-03-18
4397,UNVR.JK,Unilever Indonesia,4785.53,4864.63,4469.13,4469.13,13743300.0,2020-03-19
4398,UNVR.JK,Unilever Indonesia,4330.71,5121.7,4172.51,4923.95,45224600.0,2020-03-20
4399,UNVR.JK,Unilever Indonesia,4844.85,4923.95,4587.78,4587.78,16961000.0,2020-03-23
4400,UNVR.JK,Unilever Indonesia,4666.88,4825.08,4409.8,4488.9,19279500.0,2020-03-24
4401,UNVR.JK,Unilever Indonesia,4607.55,5378.78,4607.55,5359.0,29296900.0,2020-03-26
4402,UNVR.JK,Unilever Indonesia,5536.98,6110.45,5141.48,5378.78,30521200.0,2020-03-27
4403,UNVR.JK,Unilever Indonesia,5359.0,5378.77,5003.05,5082.15,18135300.0,2020-03-30
4404,UNVR.JK,Unilever Indonesia,5220.58,5734.72,5220.58,5734.72,27011000.0,2020-03-31
4405,UNVR.JK,Unilever Indonesia,5734.72,5912.7,5536.98,5655.62,13801800.0,2020-04-01
4406,UNVR.JK,Unilever Indonesia,5655.62,5714.95,5477.65,5714.95,11148700.0,2020-04-02
4407,UNVR.JK,Unilever Indonesia,5714.95,5734.72,5477.65,5616.07,18556300.0,2020-04-03
4408,UNVR.JK,Unilever Indonesia,5635.85,5774.27,5616.07,5774.27,8882300.0,2020-04-06
4409,UNVR.JK,Unilever Indonesia,5813.82,6011.57,5576.52,5754.5,11884600.0,2020-04-07
4410,UNVR.JK,Unilever Indonesia,5734.72,5734.72,5378.78,5635.85,14428900.0,2020-04-08
4411,UNVR.JK,Unilever Indonesia,5536.97,5734.72,5457.87,5734.72,8617000.0,2020-04-09
4412,UNVR.JK,Unilever Indonesia,5734.72,5734.72,5576.52,5616.07,4282500.0,2020-04-13
4413,UNVR.JK,Unilever Indonesia,5616.07,5655.62,5556.75,5655.62,6534300.0,2020-04-14
4414,UNVR.JK,Unilever Indonesia,5655.62,5695.17,5477.65,5517.2,11877300.0,2020-04-15
4415,UNVR.JK,Unilever Indonesia,5517.2,5517.2,5220.58,5260.13,17260700.0,2020-04-16
4416,UNVR.JK,Unilever Indonesia,5378.77,5497.42,5378.77,5438.1,11696600.0,2020-04-17
4417,UNVR.JK,Unilever Indonesia,5457.87,5596.3,5438.1,5536.97,13853300.0,2020-04-20
4418,UNVR.JK,Unilever Indonesia,5536.98,5596.3,5418.33,5477.65,10394700.0,2020-04-21
4419,UNVR.JK,Unilever Indonesia,5536.97,5655.62,5378.77,5616.07,10220900.0,2020-04-22
4420,UNVR.JK,Unilever Indonesia,5616.07,6090.67,5576.52,5932.47,26530100.0,2020-04-23
4421,UNVR.JK,Unilever Indonesia,5853.37,6090.67,5813.82,5932.47,28075100.0,2020-04-24
4422,UNVR.JK,Unilever Indonesia,5932.47,6110.45,5873.15,5932.47,9643200.0,2020-04-27
4423,UNVR.JK,Unilever Indonesia,5952.25,6268.65,5952.25,6209.32,21296700.0,2020-04-28
4424,UNVR.JK,Unilever Indonesia,6248.87,6347.75,6051.12,6327.97,16761500.0,2020-04-29
4425,UNVR.JK,Unilever Indonesia,6327.97,6683.92,6327.97,6545.5,28226900.0,2020-04-30
4426,UNVR.JK,Unilever Indonesia,6525.72,6525.72,6209.32,6268.65,17119000.0,2020-05-04
4427,UNVR.JK,Unilever Indonesia,6327.97,6565.27,6308.2,6565.27,18737600.0,2020-05-05
4428,UNVR.JK,Unilever Indonesia,6565.27,6585.05,6367.52,6407.07,11498100.0,2020-05-06
4429,UNVR.JK,Unilever Indonesia,6426.85,6486.17,6268.65,6367.52,11108900.0,2020-05-08
4430,UNVR.JK,Unilever Indonesia,6367.52,6525.72,6367.52,6387.3,8239200.0,2020-05-11
4431,UNVR.JK,Unilever Indonesia,6407.07,6505.94,6347.75,6466.4,11132700.0,2020-05-12
4432,UNVR.JK,Unilever Indonesia,6466.4,6525.72,6367.52,6525.72,9910100.0,2020-05-13
4433,UNVR.JK,Unilever Indonesia,6505.94,6565.27,6426.84,6565.27,11861700.0,2020-05-14
4434,UNVR.JK,Unilever Indonesia,6565.27,6802.57,6545.49,6782.79,23052700.0,2020-05-15
4435,UNVR.JK,Unilever Indonesia,6960.77,6960.77,6585.04,6703.69,13193900.0,2020-05-18
4436,UNVR.JK,Unilever Indonesia,6664.14,6782.79,6525.72,6525.72,12088400.0,2020-05-19
4437,UNVR.JK,Unilever Indonesia,6525.72,6604.82,6327.97,6367.52,16948600.0,2020-05-20
4438,UNVR.JK,Unilever Indonesia,6367.52,6545.5,6367.52,6446.62,27690800.0,2020-05-26
4439,UNVR.JK,Unilever Indonesia,6327.97,6525.72,6327.97,6486.17,15919300.0,2020-05-27
4440,UNVR.JK,Unilever Indonesia,6486.17,6565.27,6327.97,6347.75,27680500.0,2020-05-28
4441,UNVR.JK,Unilever Indonesia,6367.52,6426.85,6130.22,6130.22,90601000.0,2020-05-29
4442,UNVR.JK,Unilever Indonesia,6209.32,6486.17,6169.77,6407.07,27780700.0,2020-06-02
4443,UNVR.JK,Unilever Indonesia,6486.17,6683.92,6426.85,6505.95,23576100.0,2020-06-03
4444,UNVR.JK,Unilever Indonesia,6525.72,6585.04,6407.07,6466.4,16634700.0,2020-06-04
4445,UNVR.JK,Unilever Indonesia,6466.4,6486.17,6308.2,6367.52,18066100.0,2020-06-05
4446,UNVR.JK,Unilever Indonesia,6407.07,6505.94,6347.75,6486.17,12675400.0,2020-06-08
4447,UNVR.JK,Unilever Indonesia,6525.72,6703.69,6486.17,6565.27,26608700.0,2020-06-09
4448,UNVR.JK,Unilever Indonesia,6703.69,6703.69,6446.62,6486.17,15919600.0,2020-06-10
4449,UNVR.JK,Unilever Indonesia,6486.17,6565.27,6407.07,6486.17,19429200.0,2020-06-11
4450,UNVR.JK,Unilever Indonesia,6486.17,6486.17,6327.97,6486.17,10835600.0,2020-06-12
4451,UNVR.JK,Unilever Indonesia,6486.17,6565.27,6466.4,6545.5,14159100.0,2020-06-15
4452,UNVR.JK,Unilever Indonesia,6585.05,6644.37,6525.72,6545.5,12197800.0,2020-06-16
4453,UNVR.JK,Unilever Indonesia,6545.5,6585.05,6446.62,6545.5,10800100.0,2020-06-17
4454,UNVR.JK,Unilever Indonesia,6505.94,6505.94,6367.52,6367.52,15200400.0,2020-06-18
4455,UNVR.JK,Unilever Indonesia,6407.07,6446.62,6367.52,6367.52,12756000.0,2020-06-19
4456,UNVR.JK,Unilever Indonesia,6446.62,6446.62,6347.75,6367.52,11487400.0,2020-06-22
4457,UNVR.JK,Unilever Indonesia,6367.52,6407.07,6327.97,6327.97,5947400.0,2020-06-23
4458,UNVR.JK,Unilever Indonesia,6367.52,6426.85,6327.97,6387.3,10739900.0,2020-06-24
4459,UNVR.JK,Unilever Indonesia,6367.52,6407.07,6248.87,6248.87,13066500.0,2020-06-25
4460,UNVR.JK,Unilever Indonesia,6347.75,6347.75,6189.55,6248.87,15566700.0,2020-06-26
4461,UNVR.JK,Unilever Indonesia,6268.65,6288.42,6169.77,6268.65,11377500.0,2020-06-29
4462,UNVR.JK,Unilever Indonesia,6268.65,6327.97,6209.32,6248.87,10394200.0,2020-06-30
4463,UNVR.JK,Unilever Indonesia,6268.65,6288.42,6130.22,6169.77,10729600.0,2020-07-01
4464,UNVR.JK,Unilever Indonesia,6169.77,6367.52,6169.77,6367.52,15082500.0,2020-07-02
4465,UNVR.JK,Unilever Indonesia,6327.97,6387.3,6248.87,6248.87,8394200.0,2020-07-03
4466,UNVR.JK,Unilever Indonesia,6288.42,6327.97,6229.1,6248.87,17782600.0,2020-07-06
4467,UNVR.JK,Unilever Indonesia,6268.65,6327.97,6209.32,6268.65,14181500.0,2020-07-07
4468,UNVR.JK,Unilever Indonesia,6268.65,6446.62,6248.87,6407.07,19068800.0,2020-07-08
4469,UNVR.JK,Unilever Indonesia,6407.07,6466.39,6308.2,6308.2,12857400.0,2020-07-09
4470,UNVR.JK,Unilever Indonesia,6288.42,6327.97,6268.65,6268.65,9371900.0,2020-07-10
4471,UNVR.JK,Unilever Indonesia,6288.42,6367.52,6268.65,6347.75,7824700.0,2020-07-13
4472,UNVR.JK,Unilever Indonesia,6347.75,6407.07,6327.97,6387.3,6440700.0,2020-07-14
4473,UNVR.JK,Unilever Indonesia,6407.07,6426.85,6367.52,6367.52,10766900.0,2020-07-15
4474,UNVR.JK,Unilever Indonesia,6367.52,6446.62,6367.52,6407.07,10655000.0,2020-07-16
4475,UNVR.JK,Unilever Indonesia,6407.07,6426.85,6248.87,6426.85,5335500.0,2020-07-17
4476,UNVR.JK,Unilever Indonesia,6426.85,6446.62,6347.75,6426.85,9056400.0,2020-07-20
4477,UNVR.JK,Unilever Indonesia,6426.85,6426.85,6327.97,6327.97,12476400.0,2020-07-21
4478,UNVR.JK,Unilever Indonesia,6407.07,6486.17,6327.97,6327.97,10728700.0,2020-07-22
4479,UNVR.JK,Unilever Indonesia,6347.75,6387.3,6308.2,6367.52,18413300.0,2020-07-23
4480,UNVR.JK,Unilever Indonesia,6387.3,6407.07,6327.97,6367.52,12211100.0,2020-07-24
4481,UNVR.JK,Unilever Indonesia,6407.07,6407.07,6327.97,6387.3,6391600.0,2020-07-27
4482,UNVR.JK,Unilever Indonesia,6387.3,6446.62,6387.3,6446.62,16665100.0,2020-07-28
4483,UNVR.JK,Unilever Indonesia,6446.62,6565.27,6426.85,6525.72,18793500.0,2020-07-29
4484,UNVR.JK,Unilever Indonesia,6525.72,6644.37,6486.17,6644.37,19708600.0,2020-07-30
4485,UNVR.JK,Unilever Indonesia,6644.37,6683.92,6407.07,6525.72,19125400.0,2020-08-03
4486,UNVR.JK,Unilever Indonesia,6604.82,6604.82,6446.62,6505.95,13251900.0,2020-08-04
4487,UNVR.JK,Unilever Indonesia,6591.7,6611.73,6491.52,6611.73,10465900.0,2020-08-05
4488,UNVR.JK,Unilever Indonesia,6631.77,6651.8,6531.59,6551.63,12406300.0,2020-08-06
4489,UNVR.JK,Unilever Indonesia,6551.63,6591.7,6471.48,6511.56,8987900.0,2020-08-07
4490,UNVR.JK,Unilever Indonesia,6511.56,6571.66,6491.52,6491.52,7982000.0,2020-08-10
4491,UNVR.JK,Unilever Indonesia,6511.55,6531.59,6451.45,6451.45,16657800.0,2020-08-11
4492,UNVR.JK,Unilever Indonesia,6471.48,6511.55,6431.41,6451.45,11451200.0,2020-08-12
4493,UNVR.JK,Unilever Indonesia,6471.48,6551.63,6451.45,6551.63,11271500.0,2020-08-13
4494,UNVR.JK,Unilever Indonesia,6551.63,6611.73,6531.59,6571.66,13065900.0,2020-08-14
4495,UNVR.JK,Unilever Indonesia,6591.7,6611.73,6551.63,6591.7,12267900.0,2020-08-18
4496,UNVR.JK,Unilever Indonesia,6591.7,6631.77,6571.66,6571.66,9945900.0,2020-08-19
4497,UNVR.JK,Unilever Indonesia,6591.7,6631.77,6551.63,6551.63,8029000.0,2020-08-24
4498,UNVR.JK,Unilever Indonesia,6551.63,6611.73,6551.63,6571.66,11597200.0,2020-08-25
4499,UNVR.JK,Unilever Indonesia,6571.66,6611.73,6571.66,6571.66,14121900.0,2020-08-26
4500,UNVR.JK,Unilever Indonesia,6571.66,6611.73,6551.63,6611.73,11343100.0,2020-08-27
4501,UNVR.JK,Unilever Indonesia,6611.73,6631.77,6571.66,6611.73,13210800.0,2020-08-28
4502,UNVR.JK,Unilever Indonesia,6631.77,6631.77,6531.59,6591.7,17339800.0,2020-08-31
4503,UNVR.JK,Unilever Indonesia,6691.88,6691.88,6531.59,6591.7,15367200.0,2020-09-01
4504,UNVR.JK,Unilever Indonesia,6651.8,6651.8,6511.55,6531.59,17081900.0,2020-09-02
4505,UNVR.JK,Unilever Indonesia,6531.59,6591.7,6531.59,6551.63,9683100.0,2020-09-03
4506,UNVR.JK,Unilever Indonesia,6571.66,6731.95,6511.55,6731.95,14782100.0,2020-09-04
4507,UNVR.JK,Unilever Indonesia,6731.95,6731.95,6611.73,6711.91,14396400.0,2020-09-07
4508,UNVR.JK,Unilever Indonesia,6711.91,6711.91,6671.84,6711.91,5156800.0,2020-09-08
4509,UNVR.JK,Unilever Indonesia,6591.7,6671.84,6591.7,6611.73,11364100.0,2020-09-09
4510,UNVR.JK,Unilever Indonesia,6571.66,6571.66,6331.23,6391.34,25116900.0,2020-09-10
4511,UNVR.JK,Unilever Indonesia,6291.16,6651.8,6251.09,6651.8,8948800.0,2020-09-11
4512,UNVR.JK,Unilever Indonesia,6671.84,6671.84,6511.55,6571.66,17218200.0,2020-09-14
4513,UNVR.JK,Unilever Indonesia,6571.66,6591.7,6451.45,6491.52,11223900.0,2020-09-15
4514,UNVR.JK,Unilever Indonesia,6491.52,6531.59,6411.38,6411.38,3827300.0,2020-09-16
4515,UNVR.JK,Unilever Indonesia,6431.41,6491.52,6411.38,6471.48,2734700.0,2020-09-17
4516,UNVR.JK,Unilever Indonesia,6491.52,6511.55,6431.41,6431.41,8783200.0,2020-09-18
4517,UNVR.JK,Unilever Indonesia,6431.41,6471.48,6371.31,6411.38,3295800.0,2020-09-21
4518,UNVR.JK,Unilever Indonesia,6331.24,6411.38,6331.24,6371.31,7428400.0,2020-09-22
4519,UNVR.JK,Unilever Indonesia,6371.31,6411.38,6331.24,6351.27,9067300.0,2020-09-23
4520,UNVR.JK,Unilever Indonesia,6291.16,6331.24,6231.06,6251.09,7510400.0,2020-09-24
4521,UNVR.JK,Unilever Indonesia,6291.16,6391.34,6231.06,6351.27,8029400.0,2020-09-25
4522,UNVR.JK,Unilever Indonesia,6311.2,6371.31,6311.2,6331.23,5378100.0,2020-09-28
4523,UNVR.JK,Unilever Indonesia,6331.23,6571.66,6331.23,6391.34,7464700.0,2020-09-29
4524,UNVR.JK,Unilever Indonesia,6451.45,6491.52,6371.31,6491.52,5521300.0,2020-09-30
4525,UNVR.JK,Unilever Indonesia,6471.48,6491.52,6391.34,6431.41,4384800.0,2020-10-01
4526,UNVR.JK,Unilever Indonesia,6371.31,6411.38,6371.31,6411.38,3689800.0,2020-10-02
4527,UNVR.JK,Unilever Indonesia,6491.52,6491.52,6411.38,6471.48,7906400.0,2020-10-05
4528,UNVR.JK,Unilever Indonesia,6491.52,6511.55,6371.31,6391.34,6818900.0,2020-10-06
4529,UNVR.JK,Unilever Indonesia,6391.34,6431.41,6351.27,6411.38,7614400.0,2020-10-07
4530,UNVR.JK,Unilever Indonesia,6411.38,6451.45,6371.31,6431.41,5225600.0,2020-10-08
4531,UNVR.JK,Unilever Indonesia,6431.41,6451.45,6391.34,6451.45,4652000.0,2020-10-09
4532,UNVR.JK,Unilever Indonesia,6491.52,6491.52,6371.31,6371.31,6704300.0,2020-10-12
4533,UNVR.JK,Unilever Indonesia,6371.31,6391.34,6331.23,6391.34,5744000.0,2020-10-13
4534,UNVR.JK,Unilever Indonesia,6391.34,6391.34,6331.24,6351.27,9576500.0,2020-10-14
4535,UNVR.JK,Unilever Indonesia,6351.27,6391.34,6331.24,6351.27,6237200.0,2020-10-15
4536,UNVR.JK,Unilever Indonesia,6351.27,6411.38,6331.24,6411.38,4947200.0,2020-10-16
4537,UNVR.JK,Unilever Indonesia,6411.38,6431.41,6331.23,6331.23,6586600.0,2020-10-19
4538,UNVR.JK,Unilever Indonesia,6371.31,6411.38,6331.24,6411.38,4784600.0,2020-10-20
4539,UNVR.JK,Unilever Indonesia,6411.38,6431.41,6371.31,6371.31,8550600.0,2020-10-21
4540,UNVR.JK,Unilever Indonesia,6371.31,6411.38,6291.16,6291.16,9883400.0,2020-10-22
4541,UNVR.JK,Unilever Indonesia,6271.13,6371.31,6251.09,6351.27,7956200.0,2020-10-23
4542,UNVR.JK,Unilever Indonesia,6371.31,6371.31,6311.2,6311.2,5298300.0,2020-10-26
4543,UNVR.JK,Unilever Indonesia,6311.2,6331.23,6211.02,6271.13,13298500.0,2020-10-27
4544,UNVR.JK,Unilever Indonesia,6271.13,6271.13,6090.81,6110.84,17741500.0,2020-11-02
4545,UNVR.JK,Unilever Indonesia,6190.99,6291.16,6130.88,6271.13,8572700.0,2020-11-03
4546,UNVR.JK,Unilever Indonesia,6291.16,6371.31,6251.09,6251.09,6185300.0,2020-11-04
4547,UNVR.JK,Unilever Indonesia,6371.31,6391.34,6231.06,6331.23,9875000.0,2020-11-05
4548,UNVR.JK,Unilever Indonesia,6331.24,6491.52,6271.13,6471.48,18386900.0,2020-11-06
4549,UNVR.JK,Unilever Indonesia,6471.48,6491.52,6291.16,6371.31,15537900.0,2020-11-09
4550,UNVR.JK,Unilever Indonesia,6451.45,6451.45,6251.09,6251.09,25530300.0,2020-11-10
4551,UNVR.JK,Unilever Indonesia,6291.16,6311.2,6211.02,6211.02,22515700.0,2020-11-11
4552,UNVR.JK,Unilever Indonesia,6211.02,6271.13,6211.02,6251.09,11094800.0,2020-11-12
4553,UNVR.JK,Unilever Indonesia,6271.13,6311.2,6211.02,6211.02,6119200.0,2020-11-13
4554,UNVR.JK,Unilever Indonesia,6251.09,6291.16,6170.95,6190.99,14162300.0,2020-11-16
4555,UNVR.JK,Unilever Indonesia,6190.99,6251.09,6190.99,6231.06,16284000.0,2020-11-17
4556,UNVR.JK,Unilever Indonesia,6251.09,6331.24,6251.09,6251.09,20505800.0,2020-11-18
4557,UNVR.JK,Unilever Indonesia,6251.09,6291.16,6211.02,6231.06,12509800.0,2020-11-19
4558,UNVR.JK,Unilever Indonesia,6231.06,6271.13,6190.99,6190.99,11720600.0,2020-11-20
4559,UNVR.JK,Unilever Indonesia,6251.09,6311.2,6211.02,6271.13,13048300.0,2020-11-23
4560,UNVR.JK,Unilever Indonesia,6291.16,6331.24,6291.16,6291.16,13733400.0,2020-11-24
4561,UNVR.JK,Unilever Indonesia,6291.16,6331.24,6190.99,6190.99,20714100.0,2020-11-25
4562,UNVR.JK,Unilever Indonesia,6211.02,6251.09,6211.02,6211.02,9155400.0,2020-11-26
4563,UNVR.JK,Unilever Indonesia,6211.02,6251.09,6190.99,6211.02,17354300.0,2020-11-27
4564,UNVR.JK,Unilever Indonesia,6211.02,6251.09,6150.92,6190.99,43997600.0,2020-11-30
4565,UNVR.JK,Unilever Indonesia,6200.71,6281.77,6200.71,6241.24,15747200.0,2020-12-01
4566,UNVR.JK,Unilever Indonesia,6261.5,6261.5,6180.45,6200.71,23596500.0,2020-12-02
4567,UNVR.JK,Unilever Indonesia,6200.71,6220.98,6099.39,6119.66,30312300.0,2020-12-03
4568,UNVR.JK,Unilever Indonesia,6139.92,6200.71,6139.92,6160.19,10334600.0,2020-12-04
4569,UNVR.JK,Unilever Indonesia,6180.45,6281.77,6180.45,6220.98,18574500.0,2020-12-07
4570,UNVR.JK,Unilever Indonesia,6241.24,6322.3,6160.19,6180.45,21827800.0,2020-12-08
4571,UNVR.JK,Unilever Indonesia,6220.98,6261.5,6119.66,6119.66,19499000.0,2020-12-10
4572,UNVR.JK,Unilever Indonesia,6139.92,6160.19,6038.6,6058.87,18572300.0,2020-12-11
4573,UNVR.JK,Unilever Indonesia,6079.13,6119.66,6058.87,6079.13,14561300.0,2020-12-14
4574,UNVR.JK,Unilever Indonesia,6079.13,6119.66,6038.6,6058.87,11350700.0,2020-12-15
4575,UNVR.JK,Unilever Indonesia,6079.13,6139.92,6058.87,6079.13,14947200.0,2020-12-16
4576,UNVR.JK,Unilever Indonesia,6079.13,6119.66,6018.34,6018.34,19682500.0,2020-12-17
4577,UNVR.JK,Unilever Indonesia,6018.34,6220.98,6018.34,6160.19,35360700.0,2020-12-18
4578,UNVR.JK,Unilever Indonesia,6160.19,6241.24,6160.19,6180.45,20648100.0,2020-12-21
4579,UNVR.JK,Unilever Indonesia,6180.45,6200.71,6038.6,6058.87,13101600.0,2020-12-22
4580,UNVR.JK,Unilever Indonesia,6119.66,6119.66,5917.02,6018.34,13560700.0,2020-12-23
4581,UNVR.JK,Unilever Indonesia,6079.13,6079.13,5977.81,6038.6,8543700.0,2020-12-28
4582,UNVR.JK,Unilever Indonesia,6038.6,6058.87,5957.55,5957.55,8044100.0,2020-12-29
4583,UNVR.JK,Unilever Indonesia,6038.6,6119.66,5957.55,5957.55,11852400.0,2020-12-30
4584,UNVR.JK,Unilever Indonesia,6038.6,6079.13,5957.55,6058.87,8203000.0,2021-01-04
4585,UNVR.JK,Unilever Indonesia,6058.87,6079.13,5977.81,5977.81,11869900.0,2021-01-05
4586,UNVR.JK,Unilever Indonesia,5977.81,5998.08,5815.7,5835.97,24431200.0,2021-01-06
4587,UNVR.JK,Unilever Indonesia,5835.97,5876.49,5775.17,5835.97,14692600.0,2021-01-07
4588,UNVR.JK,Unilever Indonesia,5876.49,5896.76,5775.17,5815.7,24667000.0,2021-01-08
4589,UNVR.JK,Unilever Indonesia,5815.7,5957.55,5754.91,5835.97,25591700.0,2021-01-11
4590,UNVR.JK,Unilever Indonesia,5876.49,5896.76,5754.91,5754.91,20896700.0,2021-01-12
4591,UNVR.JK,Unilever Indonesia,5835.96,5835.96,5673.85,5694.12,28188400.0,2021-01-13
4592,UNVR.JK,Unilever Indonesia,5694.12,5734.65,5673.85,5673.85,27720000.0,2021-01-14
4593,UNVR.JK,Unilever Indonesia,5673.85,5714.38,5613.06,5633.33,18780400.0,2021-01-15
4594,UNVR.JK,Unilever Indonesia,5633.33,6099.39,5592.8,6079.13,44943900.0,2021-01-18
4595,UNVR.JK,Unilever Indonesia,6322.3,6484.41,6099.39,6139.92,108575300.0,2021-01-19
4596,UNVR.JK,Unilever Indonesia,6160.18,6220.98,5937.28,5998.07,34817000.0,2021-01-20
4597,UNVR.JK,Unilever Indonesia,5998.07,6079.13,5937.28,5937.28,16702700.0,2021-01-21
4598,UNVR.JK,Unilever Indonesia,5977.81,5998.07,5856.23,5896.76,14718800.0,2021-01-22
4599,UNVR.JK,Unilever Indonesia,5896.76,5937.28,5694.12,5876.49,17025000.0,2021-01-25
4600,UNVR.JK,Unilever Indonesia,5896.76,6058.87,5815.7,5876.49,17948000.0,2021-01-26
4601,UNVR.JK,Unilever Indonesia,5937.28,5957.55,5714.38,5775.17,14628000.0,2021-01-27
4602,UNVR.JK,Unilever Indonesia,5754.91,5815.7,5613.06,5734.65,20723700.0,2021-01-28
4603,UNVR.JK,Unilever Indonesia,5734.65,5856.23,5592.8,5613.06,36432100.0,2021-01-29
4604,UNVR.JK,Unilever Indonesia,5592.8,5754.91,5511.74,5694.12,15324400.0,2021-02-01
4605,UNVR.JK,Unilever Indonesia,5754.91,5775.17,5633.33,5673.85,11678200.0,2021-02-02
4606,UNVR.JK,Unilever Indonesia,5754.91,5937.28,5673.85,5815.7,16730800.0,2021-02-03
4607,UNVR.JK,Unilever Indonesia,5876.49,5937.28,5815.7,5917.02,17606900.0,2021-02-04
4608,UNVR.JK,Unilever Indonesia,5937.28,5957.55,5835.96,5856.23,11295000.0,2021-02-05
4609,UNVR.JK,Unilever Indonesia,5856.23,5876.49,5754.91,5754.91,14010900.0,2021-02-08
4610,UNVR.JK,Unilever Indonesia,5795.44,5815.7,5694.12,5754.91,10394200.0,2021-02-09
4611,UNVR.JK,Unilever Indonesia,5795.44,5795.44,5694.12,5795.44,6019200.0,2021-02-10
4612,UNVR.JK,Unilever Indonesia,5815.7,5815.7,5754.91,5815.7,3700200.0,2021-02-11
4613,UNVR.JK,Unilever Indonesia,5815.7,5815.7,5694.12,5714.38,8252200.0,2021-02-15
4614,UNVR.JK,Unilever Indonesia,5754.91,5754.91,5673.85,5694.12,11529000.0,2021-02-16
4615,UNVR.JK,Unilever Indonesia,5673.85,5754.91,5653.59,5754.91,6980200.0,2021-02-17
4616,UNVR.JK,Unilever Indonesia,5734.65,5754.91,5653.59,5653.59,11085900.0,2021-02-18
4617,UNVR.JK,Unilever Indonesia,5653.59,5653.59,5592.8,5633.33,8791400.0,2021-02-19
4618,UNVR.JK,Unilever Indonesia,5653.59,5673.85,5572.54,5572.54,14949100.0,2021-02-22
4619,UNVR.JK,Unilever Indonesia,5592.8,5613.06,5511.74,5552.27,12860600.0,2021-02-23
4620,UNVR.JK,Unilever Indonesia,5552.27,5633.33,5552.27,5552.27,10340700.0,2021-02-24
4621,UNVR.JK,Unilever Indonesia,5552.27,5592.8,5471.22,5491.48,14021800.0,2021-02-25
4622,UNVR.JK,Unilever Indonesia,5471.22,5673.85,5410.43,5673.85,26873400.0,2021-02-26
4623,UNVR.JK,Unilever Indonesia,5673.85,5673.85,5511.74,5532.01,13054100.0,2021-03-01
4624,UNVR.JK,Unilever Indonesia,5532.01,5552.27,5450.95,5532.01,17348900.0,2021-03-02
4625,UNVR.JK,Unilever Indonesia,5532.01,5592.8,5491.48,5572.54,8276700.0,2021-03-03
4626,UNVR.JK,Unilever Indonesia,5572.54,5572.54,5450.95,5450.95,10778200.0,2021-03-04
4627,UNVR.JK,Unilever Indonesia,5430.69,5471.22,5410.43,5450.95,6029300.0,2021-03-05
4628,UNVR.JK,Unilever Indonesia,5511.74,5511.74,5369.9,5390.16,10141900.0,2021-03-08
4629,UNVR.JK,Unilever Indonesia,5430.69,5430.69,5248.32,5309.11,18687300.0,2021-03-09
4630,UNVR.JK,Unilever Indonesia,5329.37,5369.9,5288.84,5329.37,6458000.0,2021-03-10
4631,UNVR.JK,Unilever Indonesia,5329.37,5430.69,5329.37,5430.69,6978300.0,2021-03-12
4632,UNVR.JK,Unilever Indonesia,5430.69,5450.95,5329.37,5329.37,12546500.0,2021-03-15
4633,UNVR.JK,Unilever Indonesia,5329.37,5390.16,5288.84,5309.11,12107300.0,2021-03-16
4634,UNVR.JK,Unilever Indonesia,5309.11,5349.63,5248.32,5248.32,10231700.0,2021-03-17
4635,UNVR.JK,Unilever Indonesia,5268.58,5349.63,5268.58,5349.63,12740200.0,2021-03-18
4636,UNVR.JK,Unilever Indonesia,5349.63,5471.22,5288.84,5471.22,24004400.0,2021-03-19
4637,UNVR.JK,Unilever Indonesia,5471.22,5491.48,5410.43,5430.69,6044900.0,2021-03-22
4638,UNVR.JK,Unilever Indonesia,5410.43,5511.74,5410.43,5471.22,8836500.0,2021-03-23
4639,UNVR.JK,Unilever Indonesia,5450.95,5471.22,5309.11,5329.37,11037200.0,2021-03-24
4640,UNVR.JK,Unilever Indonesia,5349.63,5390.16,5268.58,5390.16,10704500.0,2021-03-25
4641,UNVR.JK,Unilever Indonesia,5390.16,5430.69,5349.63,5349.63,5548000.0,2021-03-26
4642,UNVR.JK,Unilever Indonesia,5349.63,5491.48,5329.37,5450.95,11959200.0,2021-03-29
4643,UNVR.JK,Unilever Indonesia,5430.69,5450.95,5288.84,5309.11,14708700.0,2021-03-30
4644,UNVR.JK,Unilever Indonesia,5349.63,5349.63,5228.05,5329.37,14361800.0,2021-03-31
4645,UNVR.JK,Unilever Indonesia,5329.37,5430.69,5288.84,5369.9,9105000.0,2021-04-01
4646,UNVR.JK,Unilever Indonesia,5369.9,5369.9,5248.32,5248.32,5799200.0,2021-04-05
4647,UNVR.JK,Unilever Indonesia,5268.58,5288.84,5228.05,5248.32,5009900.0,2021-04-06
4648,UNVR.JK,Unilever Indonesia,5248.32,5309.11,5228.05,5288.84,5096500.0,2021-04-07
4649,UNVR.JK,Unilever Indonesia,5288.84,5511.74,5288.84,5349.63,10879400.0,2021-04-08
4650,UNVR.JK,Unilever Indonesia,5349.63,5369.9,5248.32,5248.32,9479200.0,2021-04-09
4651,UNVR.JK,Unilever Indonesia,5268.58,5309.11,5106.47,5126.73,15823700.0,2021-04-12
4652,UNVR.JK,Unilever Indonesia,5147.0,5147.0,4984.89,5045.68,12975200.0,2021-04-13
4653,UNVR.JK,Unilever Indonesia,5065.94,5126.73,5045.68,5106.47,5450700.0,2021-04-14
4654,UNVR.JK,Unilever Indonesia,5106.47,5187.52,5045.68,5187.52,8910100.0,2021-04-15
4655,UNVR.JK,Unilever Indonesia,5187.53,5228.05,5065.94,5126.73,7481000.0,2021-04-16
4656,UNVR.JK,Unilever Indonesia,5147.0,5167.26,5045.68,5106.47,7032700.0,2021-04-19
4657,UNVR.JK,Unilever Indonesia,5106.47,5106.47,4984.89,5045.68,13695800.0,2021-04-20
4658,UNVR.JK,Unilever Indonesia,4984.89,5025.41,4944.36,4944.36,14082200.0,2021-04-21
4659,UNVR.JK,Unilever Indonesia,4944.36,4984.89,4924.1,4964.62,12095300.0,2021-04-22
4660,UNVR.JK,Unilever Indonesia,4984.89,4984.89,4883.57,4924.1,11471100.0,2021-04-23
4661,UNVR.JK,Unilever Indonesia,4924.1,5025.41,4924.1,4964.62,8628200.0,2021-04-26
4662,UNVR.JK,Unilever Indonesia,5025.41,5025.41,4883.57,4883.57,10560300.0,2021-04-27
4663,UNVR.JK,Unilever Indonesia,4883.57,4924.1,4863.3,4924.1,9453200.0,2021-04-28
4664,UNVR.JK,Unilever Indonesia,4944.36,4964.62,4863.3,4903.83,21365800.0,2021-04-29
4665,UNVR.JK,Unilever Indonesia,4903.83,4944.36,4802.51,4863.3,22253900.0,2021-04-30
4666,UNVR.JK,Unilever Indonesia,4863.3,4863.3,4782.25,4782.25,11454300.0,2021-05-03
4667,UNVR.JK,Unilever Indonesia,4782.25,4822.78,4620.14,4660.67,27736500.0,2021-05-04
4668,UNVR.JK,Unilever Indonesia,4660.67,4782.25,4640.4,4680.93,23481700.0,2021-05-05
4669,UNVR.JK,Unilever Indonesia,4660.67,4680.93,4498.56,4498.56,41445900.0,2021-05-06
4670,UNVR.JK,Unilever Indonesia,4498.56,4559.35,4458.03,4478.29,32723800.0,2021-05-07
4671,UNVR.JK,Unilever Indonesia,4498.56,4761.99,4498.56,4620.14,42701900.0,2021-05-10
4672,UNVR.JK,Unilever Indonesia,4579.61,4721.46,4539.08,4559.35,28767800.0,2021-05-11
4673,UNVR.JK,Unilever Indonesia,4579.61,4640.4,4458.03,4539.08,20202700.0,2021-05-17
4674,UNVR.JK,Unilever Indonesia,4579.61,4579.61,4478.29,4518.82,12773900.0,2021-05-18
4675,UNVR.JK,Unilever Indonesia,4498.56,4498.56,4397.24,4417.5,16176000.0,2021-05-19
4676,UNVR.JK,Unilever Indonesia,4417.5,4559.35,4417.5,4559.35,20439300.0,2021-05-20
4677,UNVR.JK,Unilever Indonesia,4579.61,4599.87,4498.56,4518.82,12760600.0,2021-05-21
4678,UNVR.JK,Unilever Indonesia,4579.61,4660.67,4518.82,4640.4,19589000.0,2021-05-24
4679,UNVR.JK,Unilever Indonesia,4660.67,4660.67,4518.82,4599.87,23086400.0,2021-05-25
4680,UNVR.JK,Unilever Indonesia,4640.4,4741.72,4599.88,4721.46,53308600.0,2021-05-27
4681,UNVR.JK,Unilever Indonesia,4741.72,4741.72,4559.35,4680.93,26276900.0,2021-05-28
4682,UNVR.JK,Unilever Indonesia,4680.93,4741.72,4620.14,4741.72,17773400.0,2021-05-31
4683,UNVR.JK,Unilever Indonesia,4863.3,4863.3,4640.4,4741.72,31109000.0,2021-06-02
4684,UNVR.JK,Unilever Indonesia,4701.19,4701.19,4599.88,4680.93,21195800.0,2021-06-03
4685,UNVR.JK,Unilever Indonesia,4680.93,4680.93,4579.61,4579.61,15902700.0,2021-06-04
4686,UNVR.JK,Unilever Indonesia,4579.61,4620.14,4559.35,4559.35,18097900.0,2021-06-07
4687,UNVR.JK,Unilever Indonesia,4600.61,4600.61,4497.46,4518.09,18894700.0,2021-06-08
4688,UNVR.JK,Unilever Indonesia,4518.09,4538.72,4332.41,4373.67,41615400.0,2021-06-09
4689,UNVR.JK,Unilever Indonesia,4435.56,4476.83,4353.04,4373.67,22243100.0,2021-06-10
4690,UNVR.JK,Unilever Indonesia,4373.67,4414.93,4311.78,4414.93,23436200.0,2021-06-11
4691,UNVR.JK,Unilever Indonesia,4414.93,4435.56,4332.41,4332.41,11521500.0,2021-06-14
4692,UNVR.JK,Unilever Indonesia,4311.78,4332.41,4229.26,4270.52,26706500.0,2021-06-15
4693,UNVR.JK,Unilever Indonesia,4249.89,4353.04,4208.63,4291.15,23034600.0,2021-06-16
4694,UNVR.JK,Unilever Indonesia,4270.52,4270.52,4188.0,4188.0,19772100.0,2021-06-17
4695,UNVR.JK,Unilever Indonesia,4188.0,4188.0,4043.58,4043.58,57214300.0,2021-06-18
4696,UNVR.JK,Unilever Indonesia,3961.06,4249.89,3886.79,4208.63,34387400.0,2021-06-21
4697,UNVR.JK,Unilever Indonesia,4208.63,4229.26,4126.11,4167.37,17867700.0,2021-06-22
4698,UNVR.JK,Unilever Indonesia,4167.37,4208.63,4117.85,4117.85,9268200.0,2021-06-23
4699,UNVR.JK,Unilever Indonesia,4117.85,4167.37,4093.1,4093.1,5114800.0,2021-06-24
4700,UNVR.JK,Unilever Indonesia,4146.74,4146.74,4084.85,4126.11,13206100.0,2021-06-25
4701,UNVR.JK,Unilever Indonesia,4146.74,4208.63,4043.59,4146.74,15756100.0,2021-06-28
4702,UNVR.JK,Unilever Indonesia,4208.63,4249.89,4093.1,4126.11,17471600.0,2021-06-29
4703,UNVR.JK,Unilever Indonesia,4126.11,4126.11,4084.85,4084.85,13308000.0,2021-06-30
4704,UNVR.JK,Unilever Indonesia,4084.85,4332.41,4084.85,4311.78,24688000.0,2021-07-01
4705,UNVR.JK,Unilever Indonesia,4291.15,4291.15,4188.0,4249.89,22708800.0,2021-07-02
4706,UNVR.JK,Unilever Indonesia,4249.89,4249.89,4076.59,4084.85,20589900.0,2021-07-05
4707,UNVR.JK,Unilever Indonesia,4093.1,4146.74,4068.34,4126.11,11307700.0,2021-07-06
4708,UNVR.JK,Unilever Indonesia,4093.1,4109.6,4043.58,4068.34,19448300.0,2021-07-07
4709,UNVR.JK,Unilever Indonesia,4084.85,4093.1,4010.58,4010.58,14979500.0,2021-07-08
4710,UNVR.JK,Unilever Indonesia,4002.32,4035.33,3969.31,4035.33,13202300.0,2021-07-09
4711,UNVR.JK,Unilever Indonesia,4043.59,4188.0,4043.59,4146.74,27418800.0,2021-07-12
4712,UNVR.JK,Unilever Indonesia,4208.63,4291.15,4146.74,4208.63,29032400.0,2021-07-13
4713,UNVR.JK,Unilever Indonesia,4208.63,4229.26,4051.84,4208.63,23386200.0,2021-07-14
4714,UNVR.JK,Unilever Indonesia,4146.74,4270.52,4146.74,4249.89,14978400.0,2021-07-15
4715,UNVR.JK,Unilever Indonesia,4249.89,4291.15,4167.37,4249.89,9184800.0,2021-07-16
4716,UNVR.JK,Unilever Indonesia,4208.63,4229.26,4146.74,4188.0,7018000.0,2021-07-19
4717,UNVR.JK,Unilever Indonesia,4188.0,4249.89,4167.37,4229.26,11283600.0,2021-07-21
4718,UNVR.JK,Unilever Indonesia,4229.26,4249.89,4126.11,4146.74,20499500.0,2021-07-22
4719,UNVR.JK,Unilever Indonesia,4093.1,4093.1,3961.06,3961.06,74486500.0,2021-07-23
4720,UNVR.JK,Unilever Indonesia,3961.06,3977.57,3878.54,3878.54,33290700.0,2021-07-26
4721,UNVR.JK,Unilever Indonesia,3878.54,3878.54,3680.49,3713.5,55131100.0,2021-07-27
4722,UNVR.JK,Unilever Indonesia,3713.5,3746.5,3647.48,3672.23,17865300.0,2021-07-28
4723,UNVR.JK,Unilever Indonesia,3672.23,3680.49,3573.21,3573.21,35079600.0,2021-07-29
4724,UNVR.JK,Unilever Indonesia,3622.72,3639.23,3482.43,3482.43,59329000.0,2021-07-30
4725,UNVR.JK,Unilever Indonesia,3482.43,3630.97,3474.18,3630.97,47024900.0,2021-08-02
4726,UNVR.JK,Unilever Indonesia,3630.97,3688.74,3606.22,3614.47,25149400.0,2021-08-03
4727,UNVR.JK,Unilever Indonesia,3630.97,3647.48,3548.45,3573.21,25519900.0,2021-08-04
4728,UNVR.JK,Unilever Indonesia,3573.21,3672.23,3515.44,3663.98,47119200.0,2021-08-05
4729,UNVR.JK,Unilever Indonesia,3663.98,3696.99,3630.97,3647.48,23050300.0,2021-08-06
4730,UNVR.JK,Unilever Indonesia,3639.23,3647.48,3548.45,3556.7,17401800.0,2021-08-09
4731,UNVR.JK,Unilever Indonesia,3548.45,3564.96,3482.43,3507.19,20393900.0,2021-08-10
4732,UNVR.JK,Unilever Indonesia,3540.2,3573.21,3441.17,3474.18,28977900.0,2021-08-12
4733,UNVR.JK,Unilever Indonesia,3490.69,3515.44,3474.18,3507.19,10076000.0,2021-08-13
4734,UNVR.JK,Unilever Indonesia,3498.94,3507.19,3408.16,3424.67,17673100.0,2021-08-16
4735,UNVR.JK,Unilever Indonesia,3441.17,3531.95,3424.67,3490.69,32100800.0,2021-08-18
4736,UNVR.JK,Unilever Indonesia,3507.19,3515.44,3383.41,3391.66,18192800.0,2021-08-19
4737,UNVR.JK,Unilever Indonesia,3375.16,3399.91,3342.15,3358.65,12646500.0,2021-08-20
4738,UNVR.JK,Unilever Indonesia,3366.9,3416.42,3325.64,3350.4,22533200.0,2021-08-23
4739,UNVR.JK,Unilever Indonesia,3350.4,3383.41,3333.89,3366.9,18406800.0,2021-08-24
4740,UNVR.JK,Unilever Indonesia,3391.66,3449.42,3383.41,3441.17,22682800.0,2021-08-25
4741,UNVR.JK,Unilever Indonesia,3441.17,3441.17,3342.15,3375.16,19988900.0,2021-08-26
4742,UNVR.JK,Unilever Indonesia,3350.4,3358.65,3309.14,3325.64,21212400.0,2021-08-27
4743,UNVR.JK,Unilever Indonesia,3333.89,3408.16,3325.64,3408.16,21892200.0,2021-08-30
4744,UNVR.JK,Unilever Indonesia,3391.66,3424.67,3342.15,3342.15,38977800.0,2021-08-31
4745,UNVR.JK,Unilever Indonesia,3358.65,3391.66,3350.4,3383.41,23793400.0,2021-09-01
4746,UNVR.JK,Unilever Indonesia,3391.66,3424.67,3383.41,3424.67,12173000.0,2021-09-02
4747,UNVR.JK,Unilever Indonesia,3441.17,3507.19,3424.67,3498.94,22908300.0,2021-09-03
4748,UNVR.JK,Unilever Indonesia,3498.94,3548.45,3474.18,3507.19,18434200.0,2021-09-06
4749,UNVR.JK,Unilever Indonesia,3507.19,3540.2,3507.19,3507.19,16097400.0,2021-09-07
4750,UNVR.JK,Unilever Indonesia,3507.19,3523.7,3358.65,3383.41,27585800.0,2021-09-08
4751,UNVR.JK,Unilever Indonesia,3383.41,3424.67,3358.65,3383.41,22145100.0,2021-09-09
4752,UNVR.JK,Unilever Indonesia,3408.16,3424.67,3366.9,3366.9,14311100.0,2021-09-10
4753,UNVR.JK,Unilever Indonesia,3366.9,3383.41,3325.64,3333.89,16431100.0,2021-09-13
4754,UNVR.JK,Unilever Indonesia,3342.15,3375.16,3325.64,3342.15,15456600.0,2021-09-14
4755,UNVR.JK,Unilever Indonesia,3342.15,3366.9,3325.64,3333.89,16681800.0,2021-09-15
4756,UNVR.JK,Unilever Indonesia,3342.15,3358.65,3300.89,3309.14,20730600.0,2021-09-16
4757,UNVR.JK,Unilever Indonesia,3309.14,3317.39,3259.62,3259.62,42311400.0,2021-09-17
4758,UNVR.JK,Unilever Indonesia,3259.62,3267.88,3185.35,3201.86,25006900.0,2021-09-20
4759,UNVR.JK,Unilever Indonesia,3185.35,3193.61,3135.84,3168.85,27510700.0,2021-09-21
4760,UNVR.JK,Unilever Indonesia,3168.85,3350.4,3168.85,3333.89,53992900.0,2021-09-22
4761,UNVR.JK,Unilever Indonesia,3342.15,3366.9,3309.14,3342.15,30884400.0,2021-09-23
4762,UNVR.JK,Unilever Indonesia,3333.89,3350.4,3259.62,3276.13,28440200.0,2021-09-24
4763,UNVR.JK,Unilever Indonesia,3276.13,3276.13,3177.1,3185.35,26324200.0,2021-09-27
4764,UNVR.JK,Unilever Indonesia,3185.35,3193.61,3144.09,3152.35,14852900.0,2021-09-28
4765,UNVR.JK,Unilever Indonesia,3135.84,3234.87,3135.84,3234.87,21762400.0,2021-09-29
4766,UNVR.JK,Unilever Indonesia,3243.12,3309.14,3243.12,3259.62,35514100.0,2021-09-30
4767,UNVR.JK,Unilever Indonesia,3243.12,3292.63,3160.6,3185.35,32614400.0,2021-10-01
4768,UNVR.JK,Unilever Indonesia,3201.86,3317.39,3193.61,3284.38,42279800.0,2021-10-04
4769,UNVR.JK,Unilever Indonesia,3284.38,3457.68,3284.38,3424.67,50537400.0,2021-10-05
4770,UNVR.JK,Unilever Indonesia,3465.93,3548.45,3432.92,3523.69,53674800.0,2021-10-06
4771,UNVR.JK,Unilever Indonesia,3548.45,4167.37,3548.45,3985.82,250903800.0,2021-10-07
4772,UNVR.JK,Unilever Indonesia,4027.08,4068.34,3895.04,3928.05,68396500.0,2021-10-08
4773,UNVR.JK,Unilever Indonesia,3928.05,4002.32,3903.3,3985.82,39246200.0,2021-10-11
4774,UNVR.JK,Unilever Indonesia,3985.82,4068.34,3919.8,4068.34,49064900.0,2021-10-12
4775,UNVR.JK,Unilever Indonesia,4084.85,4353.04,4027.08,4332.41,101550600.0,2021-10-13
4776,UNVR.JK,Unilever Indonesia,4332.41,4456.2,4249.89,4394.3,86890500.0,2021-10-14
4777,UNVR.JK,Unilever Indonesia,4394.3,4456.19,4229.26,4311.78,76894800.0,2021-10-15
4778,UNVR.JK,Unilever Indonesia,4311.78,4353.04,4208.63,4208.63,46484400.0,2021-10-18
4779,UNVR.JK,Unilever Indonesia,4208.63,4249.89,4167.37,4229.26,26024500.0,2021-10-19
4780,UNVR.JK,Unilever Indonesia,4249.89,4249.89,4076.59,4126.11,49450100.0,2021-10-21
4781,UNVR.JK,Unilever Indonesia,4084.85,4084.85,3969.31,4002.32,49601400.0,2021-10-22
4782,UNVR.JK,Unilever Indonesia,4002.32,4002.32,3779.51,3779.51,76202500.0,2021-10-25
4783,UNVR.JK,Unilever Indonesia,3779.51,3911.55,3771.26,3829.03,40624300.0,2021-10-26
4784,UNVR.JK,Unilever Indonesia,3837.28,3870.29,3730.0,3746.5,39664600.0,2021-10-27
4785,UNVR.JK,Unilever Indonesia,3738.25,3804.27,3639.23,3663.98,48607600.0,2021-10-28
4786,UNVR.JK,Unilever Indonesia,3680.49,3754.76,3630.97,3647.48,43142600.0,2021-10-29
4787,UNVR.JK,Unilever Indonesia,3713.5,3754.76,3639.23,3647.48,37917000.0,2021-11-01
4788,UNVR.JK,Unilever Indonesia,3672.23,3688.74,3597.96,3688.74,23580400.0,2021-11-02
4789,UNVR.JK,Unilever Indonesia,3705.24,3721.75,3663.98,3672.23,20173500.0,2021-11-03
4790,UNVR.JK,Unilever Indonesia,3680.49,3738.25,3672.23,3672.23,19606500.0,2021-11-04
4791,UNVR.JK,Unilever Indonesia,3680.49,3696.99,3630.97,3655.73,15950300.0,2021-11-05
4792,UNVR.JK,Unilever Indonesia,3672.24,3688.74,3655.73,3680.49,12599400.0,2021-11-08
4793,UNVR.JK,Unilever Indonesia,3680.49,3688.74,3614.47,3655.73,23025100.0,2021-11-09
4794,UNVR.JK,Unilever Indonesia,3647.48,3655.73,3597.96,3606.22,15585200.0,2021-11-10
4795,UNVR.JK,Unilever Indonesia,3639.23,3870.29,3622.72,3845.53,63047300.0,2021-11-11
4796,UNVR.JK,Unilever Indonesia,3870.29,3911.55,3779.51,3796.02,30654100.0,2021-11-12
4797,UNVR.JK,Unilever Indonesia,3820.77,3820.77,3721.75,3721.75,14544700.0,2021-11-15
4798,UNVR.JK,Unilever Indonesia,3721.75,3771.26,3680.49,3771.26,12701100.0,2021-11-16
4799,UNVR.JK,Unilever Indonesia,3771.26,3779.51,3713.5,3713.5,15347100.0,2021-11-17
4800,UNVR.JK,Unilever Indonesia,3696.99,3746.5,3680.49,3696.99,15522000.0,2021-11-18
4801,UNVR.JK,Unilever Indonesia,3713.5,3853.78,3713.5,3845.53,39746800.0,2021-11-19
4802,UNVR.JK,Unilever Indonesia,3845.53,3994.07,3812.52,3994.07,38502000.0,2021-11-22
4803,UNVR.JK,Unilever Indonesia,3994.07,4035.33,3928.05,4027.08,33067100.0,2021-11-23
4804,UNVR.JK,Unilever Indonesia,4018.83,4018.83,3969.31,3994.07,18237600.0,2021-11-24
4805,UNVR.JK,Unilever Indonesia,3994.07,4010.58,3961.06,3977.57,13327300.0,2021-11-25
4806,UNVR.JK,Unilever Indonesia,3969.31,3985.82,3853.78,3886.79,22837400.0,2021-11-26
4807,UNVR.JK,Unilever Indonesia,3878.54,3878.54,3771.26,3820.77,24000400.0,2021-11-29
4808,UNVR.JK,Unilever Indonesia,3850.91,3892.77,3733.71,3750.45,66592500.0,2021-11-30
4809,UNVR.JK,Unilever Indonesia,3750.45,3809.05,3599.77,3608.14,40625400.0,2021-12-01
4810,UNVR.JK,Unilever Indonesia,3608.14,3633.25,3532.79,3591.39,34857400.0,2021-12-02
4811,UNVR.JK,Unilever Indonesia,3599.77,3633.25,3516.05,3532.79,31096900.0,2021-12-03
4812,UNVR.JK,Unilever Indonesia,3541.16,3557.91,3482.56,3516.05,16426600.0,2021-12-06
4813,UNVR.JK,Unilever Indonesia,3549.54,3599.77,3541.16,3574.65,16917800.0,2021-12-07
4814,UNVR.JK,Unilever Indonesia,3599.77,3641.62,3574.65,3574.65,10992800.0,2021-12-08
4815,UNVR.JK,Unilever Indonesia,3599.77,3658.37,3574.65,3658.37,10364600.0,2021-12-09
4816,UNVR.JK,Unilever Indonesia,3658.37,3708.6,3608.14,3708.6,14291300.0,2021-12-10
4817,UNVR.JK,Unilever Indonesia,3683.48,3708.6,3666.74,3666.74,13018900.0,2021-12-13
4818,UNVR.JK,Unilever Indonesia,3641.62,3649.99,3583.02,3591.39,13487200.0,2021-12-14
4819,UNVR.JK,Unilever Indonesia,3591.39,3658.37,3566.28,3574.65,11306700.0,2021-12-15
4820,UNVR.JK,Unilever Indonesia,3591.39,3616.51,3516.05,3524.42,13521600.0,2021-12-16
4821,UNVR.JK,Unilever Indonesia,3499.31,3549.54,3474.19,3474.19,18949400.0,2021-12-17
4822,UNVR.JK,Unilever Indonesia,3474.19,3482.56,3449.08,3465.82,12059600.0,2021-12-20
4823,UNVR.JK,Unilever Indonesia,3474.19,3499.31,3415.59,3415.59,15689800.0,2021-12-21
4824,UNVR.JK,Unilever Indonesia,3432.33,3457.45,3390.48,3398.85,10188400.0,2021-12-22
4825,UNVR.JK,Unilever Indonesia,3398.85,3449.08,3398.85,3415.59,7863700.0,2021-12-23
4826,UNVR.JK,Unilever Indonesia,3423.96,3524.42,3415.59,3516.05,11979500.0,2021-12-24
4827,UNVR.JK,Unilever Indonesia,3516.05,3541.17,3490.94,3524.42,7238100.0,2021-12-27
4828,UNVR.JK,Unilever Indonesia,3524.42,3541.17,3499.31,3499.31,7006900.0,2021-12-28
4829,UNVR.JK,Unilever Indonesia,3499.31,3507.68,3449.08,3449.08,9030700.0,2021-12-29
4830,UNVR.JK,Unilever Indonesia,3457.45,3490.94,3440.71,3440.71,7633100.0,2021-12-30
4831,UNVR.JK,Unilever Indonesia,3449.08,3633.25,3449.08,3541.16,24420300.0,2022-01-03
4832,UNVR.JK,Unilever Indonesia,3557.91,3608.14,3541.17,3557.91,13276500.0,2022-01-04
4833,UNVR.JK,Unilever Indonesia,3566.28,3574.65,3499.31,3524.42,9697800.0,2022-01-05
4834,UNVR.JK,Unilever Indonesia,3524.42,3549.54,3499.31,3541.16,7594500.0,2022-01-06
4835,UNVR.JK,Unilever Indonesia,3541.17,3549.54,3516.05,3532.79,7219700.0,2022-01-07
4836,UNVR.JK,Unilever Indonesia,3532.79,3591.39,3516.05,3557.91,12806600.0,2022-01-10
4837,UNVR.JK,Unilever Indonesia,3566.28,3574.65,3474.19,3499.31,17846600.0,2022-01-11
4838,UNVR.JK,Unilever Indonesia,3516.05,3633.25,3499.31,3624.88,29769500.0,2022-01-12
4839,UNVR.JK,Unilever Indonesia,3624.88,3633.25,3549.54,3574.65,13806300.0,2022-01-13
4840,UNVR.JK,Unilever Indonesia,3583.02,3583.02,3524.42,3532.79,11920000.0,2022-01-14
4841,UNVR.JK,Unilever Indonesia,3549.54,3549.54,3465.82,3474.19,20035500.0,2022-01-17
4842,UNVR.JK,Unilever Indonesia,3482.56,3541.16,3407.22,3440.71,27044300.0,2022-01-18
4843,UNVR.JK,Unilever Indonesia,3440.71,3440.71,3415.59,3432.33,7662700.0,2022-01-19
4844,UNVR.JK,Unilever Indonesia,3432.33,3449.08,3407.22,3432.33,9264200.0,2022-01-20
4845,UNVR.JK,Unilever Indonesia,3423.96,3474.19,3415.59,3474.19,15210700.0,2022-01-21
4846,UNVR.JK,Unilever Indonesia,3457.45,3465.82,3415.59,3415.59,9762900.0,2022-01-24
4847,UNVR.JK,Unilever Indonesia,3432.33,3440.71,3356.99,3398.85,17157500.0,2022-01-25
4848,UNVR.JK,Unilever Indonesia,3398.85,3457.45,3390.48,3457.45,11479200.0,2022-01-26
4849,UNVR.JK,Unilever Indonesia,3449.08,3449.08,3390.48,3398.85,6277700.0,2022-01-27
4850,UNVR.JK,Unilever Indonesia,3398.85,3423.96,3373.73,3390.48,10458800.0,2022-01-28
4851,UNVR.JK,Unilever Indonesia,3398.85,3415.59,3348.62,3373.73,19204300.0,2022-01-31
4852,UNVR.JK,Unilever Indonesia,3373.73,3398.85,3356.99,3390.48,8369600.0,2022-02-02
4853,UNVR.JK,Unilever Indonesia,3390.48,3390.48,3348.62,3356.99,8460100.0,2022-02-03
4854,UNVR.JK,Unilever Indonesia,3365.36,3382.11,3340.25,3365.36,14487100.0,2022-02-04
4855,UNVR.JK,Unilever Indonesia,3365.36,3390.48,3348.62,3348.62,14546900.0,2022-02-07
4856,UNVR.JK,Unilever Indonesia,3348.62,3415.59,3348.62,3348.62,19022800.0,2022-02-08
4857,UNVR.JK,Unilever Indonesia,3348.62,3365.36,3315.13,3315.13,20209400.0,2022-02-09
4858,UNVR.JK,Unilever Indonesia,3315.13,3382.11,3315.13,3331.88,21580200.0,2022-02-10
4859,UNVR.JK,Unilever Indonesia,3306.76,3315.13,3248.16,3264.9,38093800.0,2022-02-11
4860,UNVR.JK,Unilever Indonesia,3264.9,3273.28,3223.05,3223.05,27720300.0,2022-02-14
4861,UNVR.JK,Unilever Indonesia,3231.42,3248.16,3223.05,3239.79,16340600.0,2022-02-15
4862,UNVR.JK,Unilever Indonesia,3248.16,3281.65,3239.79,3239.79,22715500.0,2022-02-16
4863,UNVR.JK,Unilever Indonesia,3248.16,3273.28,3197.93,3206.3,28291200.0,2022-02-17
4864,UNVR.JK,Unilever Indonesia,3214.67,3264.9,3214.67,3223.05,27431100.0,2022-02-18
4865,UNVR.JK,Unilever Indonesia,3223.05,3264.9,3223.05,3223.05,12790900.0,2022-02-21
4866,UNVR.JK,Unilever Indonesia,3223.05,3239.79,3181.19,3189.56,28240100.0,2022-02-22
4867,UNVR.JK,Unilever Indonesia,3189.56,3231.42,3181.19,3197.93,21559300.0,2022-02-23
4868,UNVR.JK,Unilever Indonesia,3189.56,3214.67,3072.36,3089.1,51511000.0,2022-02-24
4869,UNVR.JK,Unilever Indonesia,3097.47,3139.33,3080.73,3080.73,39737700.0,2022-02-25
4870,UNVR.JK,Unilever Indonesia,3089.1,3122.59,3072.36,3080.73,21312400.0,2022-03-01
4871,UNVR.JK,Unilever Indonesia,3080.73,3189.56,3055.62,3063.99,37310800.0,2022-03-02
4872,UNVR.JK,Unilever Indonesia,3063.99,3072.36,2946.79,2946.79,42359200.0,2022-03-04
4873,UNVR.JK,Unilever Indonesia,2930.04,2938.41,2846.33,2871.44,41980800.0,2022-03-07
4874,UNVR.JK,Unilever Indonesia,2863.07,2946.79,2812.84,2812.84,35450900.0,2022-03-08
4875,UNVR.JK,Unilever Indonesia,2821.21,2888.18,2821.21,2846.33,24068100.0,2022-03-09
4876,UNVR.JK,Unilever Indonesia,2888.18,2896.56,2821.21,2871.44,19292400.0,2022-03-10
4877,UNVR.JK,Unilever Indonesia,2863.07,2863.07,2821.21,2821.21,19258300.0,2022-03-11
4878,UNVR.JK,Unilever Indonesia,2829.58,2854.7,2821.21,2829.58,20868200.0,2022-03-14
4879,UNVR.JK,Unilever Indonesia,2846.33,2879.81,2745.87,2745.87,35618500.0,2022-03-15
4880,UNVR.JK,Unilever Indonesia,2754.24,2963.53,2745.87,2888.18,66871800.0,2022-03-16
4881,UNVR.JK,Unilever Indonesia,2921.67,2946.79,2829.58,2863.07,33986000.0,2022-03-17
4882,UNVR.JK,Unilever Indonesia,2871.44,2879.81,2796.1,2812.84,23334800.0,2022-03-18
4883,UNVR.JK,Unilever Indonesia,2812.84,2904.93,2787.73,2896.56,29782900.0,2022-03-21
4884,UNVR.JK,Unilever Indonesia,2896.56,2930.04,2879.81,2921.67,24196400.0,2022-03-22
4885,UNVR.JK,Unilever Indonesia,2930.04,2938.41,2854.7,2854.7,16459800.0,2022-03-23
4886,UNVR.JK,Unilever Indonesia,2846.33,2863.07,2812.84,2829.58,24615200.0,2022-03-24
4887,UNVR.JK,Unilever Indonesia,2837.96,2863.07,2829.58,2846.33,14146900.0,2022-03-25
4888,UNVR.JK,Unilever Indonesia,2846.33,2921.67,2821.21,2896.56,23752600.0,2022-03-28
4889,UNVR.JK,Unilever Indonesia,2913.3,2980.27,2913.3,2913.3,41388600.0,2022-03-29
4890,UNVR.JK,Unilever Indonesia,2930.04,3130.96,2930.04,3114.22,91287100.0,2022-03-30
4891,UNVR.JK,Unilever Indonesia,3122.59,3147.7,3055.62,3063.99,47424200.0,2022-03-31
4892,UNVR.JK,Unilever Indonesia,3063.99,3089.1,3013.76,3030.5,26735700.0,2022-04-01
4893,UNVR.JK,Unilever Indonesia,3038.87,3063.99,2963.53,2988.64,36823300.0,2022-04-04
4894,UNVR.JK,Unilever Indonesia,2988.64,3089.1,2988.64,3080.73,30816700.0,2022-04-05
4895,UNVR.JK,Unilever Indonesia,3080.73,3080.73,2980.27,3013.76,25193400.0,2022-04-06
4896,UNVR.JK,Unilever Indonesia,3013.76,3047.24,2971.9,2988.64,18081300.0,2022-04-07
4897,UNVR.JK,Unilever Indonesia,3005.39,3013.76,2946.78,2963.53,14057400.0,2022-04-08
4898,UNVR.JK,Unilever Indonesia,2988.64,2988.64,2888.18,2896.56,27777500.0,2022-04-11
4899,UNVR.JK,Unilever Indonesia,2896.56,2946.79,2854.7,2946.79,17817400.0,2022-04-12
4900,UNVR.JK,Unilever Indonesia,2946.79,2946.79,2854.7,2879.81,20850000.0,2022-04-13
4901,UNVR.JK,Unilever Indonesia,2871.44,2896.56,2846.33,2846.33,9591300.0,2022-04-14
4902,UNVR.JK,Unilever Indonesia,2846.33,2879.81,2821.21,2837.95,10009100.0,2022-04-18
4903,UNVR.JK,Unilever Indonesia,2837.95,2854.7,2804.47,2804.47,13023000.0,2022-04-19
4904,UNVR.JK,Unilever Indonesia,2837.95,2938.41,2821.21,2904.93,29867500.0,2022-04-20
4905,UNVR.JK,Unilever Indonesia,2904.93,2930.04,2846.33,2846.33,19189900.0,2022-04-21
4906,UNVR.JK,Unilever Indonesia,2846.33,2879.81,2821.21,2871.44,16244400.0,2022-04-22
4907,UNVR.JK,Unilever Indonesia,2863.07,3114.22,2846.33,3089.1,53256900.0,2022-04-25
4908,UNVR.JK,Unilever Indonesia,3114.22,3290.02,3089.1,3256.53,96737500.0,2022-04-26
4909,UNVR.JK,Unilever Indonesia,3256.53,3264.9,3156.07,3189.56,36437100.0,2022-04-27
4910,UNVR.JK,Unilever Indonesia,3206.3,3281.65,3156.07,3256.53,33886500.0,2022-04-28
4911,UNVR.JK,Unilever Indonesia,3348.62,3465.82,3256.53,3356.99,103950200.0,2022-05-09
4912,UNVR.JK,Unilever Indonesia,3356.99,3683.48,3340.25,3666.74,172562700.0,2022-05-10
4913,UNVR.JK,Unilever Indonesia,3683.48,4135.55,3666.74,4085.32,197748700.0,2022-05-11
4914,UNVR.JK,Unilever Indonesia,4118.8,4135.54,3834.17,3926.26,118621900.0,2022-05-12
4915,UNVR.JK,Unilever Indonesia,3926.26,4102.06,3901.14,4018.34,79196200.0,2022-05-13
4916,UNVR.JK,Unilever Indonesia,4026.71,4102.06,3901.14,4018.34,43843800.0,2022-05-17
4917,UNVR.JK,Unilever Indonesia,4035.09,4248.56,4026.72,4206.7,88532400.0,2022-05-18
4918,UNVR.JK,Unilever Indonesia,4152.29,4185.77,4060.2,4085.32,56274400.0,2022-05-19
4919,UNVR.JK,Unilever Indonesia,4076.94,4290.42,4068.57,4227.63,58516300.0,2022-05-20
4920,UNVR.JK,Unilever Indonesia,4227.63,4248.56,4060.2,4085.32,37184300.0,2022-05-23
4921,UNVR.JK,Unilever Indonesia,4118.8,4143.92,3934.63,4026.71,39458200.0,2022-05-24
4922,UNVR.JK,Unilever Indonesia,4068.57,4102.06,3959.74,3993.23,38989700.0,2022-05-25
4923,UNVR.JK,Unilever Indonesia,4018.34,4051.83,3943.0,3984.86,31887700.0,2022-05-27
4924,UNVR.JK,Unilever Indonesia,3984.86,3984.86,3867.66,3892.77,49609700.0,2022-05-30
4925,UNVR.JK,Unilever Indonesia,3917.88,4035.09,3876.03,3959.74,93943100.0,2022-05-31
4926,UNVR.JK,Unilever Indonesia,3984.86,4093.69,3943.0,4009.97,56089200.0,2022-06-02
4927,UNVR.JK,Unilever Indonesia,4026.72,4026.72,3951.37,3951.37,25523600.0,2022-06-03
4928,UNVR.JK,Unilever Indonesia,3951.37,4001.6,3934.63,3993.23,16170500.0,2022-06-06
4929,UNVR.JK,Unilever Indonesia,3993.23,4001.6,3951.37,3959.74,19562800.0,2022-06-07
4930,UNVR.JK,Unilever Indonesia,3968.11,4160.66,3959.74,4093.69,56202700.0,2022-06-08
4931,UNVR.JK,Unilever Indonesia,4102.06,4127.17,3984.86,4035.09,32236200.0,2022-06-09
4932,UNVR.JK,Unilever Indonesia,4001.6,4009.97,3951.37,3976.49,20081200.0,2022-06-10
4933,UNVR.JK,Unilever Indonesia,3926.26,3934.63,3850.91,3926.26,28947200.0,2022-06-13
4934,UNVR.JK,Unilever Indonesia,3884.4,3968.11,3859.28,3968.11,22498700.0,2022-06-14
4935,UNVR.JK,Unilever Indonesia,3976.49,4026.71,3926.26,4018.34,24158700.0,2022-06-15
4936,UNVR.JK,Unilever Indonesia,4060.2,4060.2,3959.74,4018.34,19890100.0,2022-06-16
4937,UNVR.JK,Unilever Indonesia,3984.86,4018.34,3892.77,3892.77,35637800.0,2022-06-17
4938,UNVR.JK,Unilever Indonesia,3917.89,4206.7,3901.14,4206.7,64615100.0,2022-06-20
4939,UNVR.JK,Unilever Indonesia,4227.63,4269.49,4143.92,4227.63,38363600.0,2022-06-21
4940,UNVR.JK,Unilever Indonesia,4227.63,4227.63,4068.57,4093.69,25752200.0,2022-06-22
4941,UNVR.JK,Unilever Indonesia,4102.06,4185.77,4068.57,4152.29,33615200.0,2022-06-23
4942,UNVR.JK,Unilever Indonesia,4198.27,4249.37,4147.18,4249.37,22538000.0,2022-06-24
4943,UNVR.JK,Unilever Indonesia,4249.37,4257.88,4172.73,4240.85,19512800.0,2022-06-27
4944,UNVR.JK,Unilever Indonesia,4240.85,4321.75,4223.82,4300.46,25740300.0,2022-06-28
4945,UNVR.JK,Unilever Indonesia,4257.88,4300.46,4181.24,4206.79,19482000.0,2022-06-29
4946,UNVR.JK,Unilever Indonesia,4215.3,4240.85,4044.99,4062.02,32840700.0,2022-06-30
4947,UNVR.JK,Unilever Indonesia,4044.99,4138.66,3993.89,4113.12,19350200.0,2022-07-01
4948,UNVR.JK,Unilever Indonesia,4087.57,4104.6,3874.67,4002.41,22093000.0,2022-07-04
4949,UNVR.JK,Unilever Indonesia,4002.41,4070.54,3985.38,4053.51,14993200.0,2022-07-05
4950,UNVR.JK,Unilever Indonesia,4036.47,4113.12,4010.93,4070.54,12189400.0,2022-07-06
4951,UNVR.JK,Unilever Indonesia,4104.6,4279.17,4087.57,4257.88,37537700.0,2022-07-07
4952,UNVR.JK,Unilever Indonesia,4279.17,4279.17,4096.08,4164.21,26420400.0,2022-07-08
4953,UNVR.JK,Unilever Indonesia,4172.73,4181.24,4044.99,4087.57,20528000.0,2022-07-11
4954,UNVR.JK,Unilever Indonesia,4087.57,4155.69,4062.02,4155.69,15676300.0,2022-07-12
4955,UNVR.JK,Unilever Indonesia,4172.73,4189.76,4104.6,4172.73,13093300.0,2022-07-13
4956,UNVR.JK,Unilever Indonesia,4172.73,4172.73,4087.57,4172.73,17033300.0,2022-07-14
4957,UNVR.JK,Unilever Indonesia,4172.73,4198.27,4104.6,4113.12,13119700.0,2022-07-15
4958,UNVR.JK,Unilever Indonesia,4147.18,4240.85,4113.12,4240.85,10748900.0,2022-07-18
4959,UNVR.JK,Unilever Indonesia,4232.34,4249.37,4164.21,4232.34,16537800.0,2022-07-19
4960,UNVR.JK,Unilever Indonesia,4249.37,4343.04,4215.3,4232.34,37835400.0,2022-07-20
4961,UNVR.JK,Unilever Indonesia,4232.34,4257.88,4164.21,4257.88,13828900.0,2022-07-21
4962,UNVR.JK,Unilever Indonesia,4257.88,4257.88,4206.79,4257.88,14582600.0,2022-07-22
4963,UNVR.JK,Unilever Indonesia,4240.85,4240.85,4189.76,4198.27,9190300.0,2022-07-25
4964,UNVR.JK,Unilever Indonesia,4198.27,4215.3,4172.73,4198.27,8239100.0,2022-07-26
4965,UNVR.JK,Unilever Indonesia,4215.3,4279.17,4010.93,4019.44,49444700.0,2022-07-27
4966,UNVR.JK,Unilever Indonesia,4019.44,4062.02,3832.1,3840.61,82746200.0,2022-07-28
4967,UNVR.JK,Unilever Indonesia,3849.13,3883.19,3815.06,3840.61,55532300.0,2022-07-29
4968,UNVR.JK,Unilever Indonesia,3857.64,3959.83,3840.61,3874.67,28250300.0,2022-08-01
4969,UNVR.JK,Unilever Indonesia,3874.67,3925.77,3857.64,3917.25,22763900.0,2022-08-02
4970,UNVR.JK,Unilever Indonesia,3917.25,3917.25,3874.67,3908.74,14248900.0,2022-08-03
4971,UNVR.JK,Unilever Indonesia,3908.74,3925.77,3857.64,3917.25,21726600.0,2022-08-04
4972,UNVR.JK,Unilever Indonesia,3959.83,4036.47,3934.28,4019.44,32171000.0,2022-08-05
4973,UNVR.JK,Unilever Indonesia,4036.47,4087.57,4027.96,4079.05,20764800.0,2022-08-08
4974,UNVR.JK,Unilever Indonesia,4087.57,4087.57,4019.44,4019.44,14898200.0,2022-08-09
4975,UNVR.JK,Unilever Indonesia,4019.44,4070.54,3968.35,4070.54,21241700.0,2022-08-10
4976,UNVR.JK,Unilever Indonesia,4079.05,4087.57,4036.47,4044.99,17603200.0,2022-08-11
4977,UNVR.JK,Unilever Indonesia,4044.99,4130.15,4044.99,4062.02,20011800.0,2022-08-12
4978,UNVR.JK,Unilever Indonesia,4062.02,4070.54,4010.93,4053.51,14082800.0,2022-08-15
4979,UNVR.JK,Unilever Indonesia,4070.54,4096.08,4010.93,4062.02,11493000.0,2022-08-16
4980,UNVR.JK,Unilever Indonesia,4087.57,4096.08,4027.96,4079.05,14617400.0,2022-08-18
4981,UNVR.JK,Unilever Indonesia,4096.08,4113.12,4027.96,4027.96,13156500.0,2022-08-19
4982,UNVR.JK,Unilever Indonesia,4044.99,4087.57,4027.96,4044.99,14214600.0,2022-08-22
4983,UNVR.JK,Unilever Indonesia,4087.57,4113.12,4053.51,4096.08,18458700.0,2022-08-23
4984,UNVR.JK,Unilever Indonesia,4104.6,4155.69,4087.57,4130.15,14304200.0,2022-08-24
4985,UNVR.JK,Unilever Indonesia,4130.15,4147.18,4087.57,4121.63,10177700.0,2022-08-25
4986,UNVR.JK,Unilever Indonesia,4130.15,4130.15,3925.77,3925.77,44804400.0,2022-08-26
4987,UNVR.JK,Unilever Indonesia,3883.19,3917.25,3840.61,3900.22,20184000.0,2022-08-29
4988,UNVR.JK,Unilever Indonesia,3908.74,3942.8,3900.22,3900.22,23733200.0,2022-08-30
4989,UNVR.JK,Unilever Indonesia,3900.22,3934.28,3857.64,3908.74,38272000.0,2022-08-31
4990,UNVR.JK,Unilever Indonesia,3908.74,3925.77,3866.16,3866.16,13106400.0,2022-09-01
4991,UNVR.JK,Unilever Indonesia,3866.16,3917.25,3866.16,3874.67,11307400.0,2022-09-02
4992,UNVR.JK,Unilever Indonesia,3874.67,3891.71,3840.61,3857.64,13208600.0,2022-09-05
4993,UNVR.JK,Unilever Indonesia,3857.64,3866.16,3789.52,3840.61,23742100.0,2022-09-06
4994,UNVR.JK,Unilever Indonesia,3840.61,3908.74,3823.58,3908.74,26881000.0,2022-09-07
4995,UNVR.JK,Unilever Indonesia,3908.74,3925.77,3849.13,3849.13,13657900.0,2022-09-08
4996,UNVR.JK,Unilever Indonesia,3849.13,3891.71,3832.09,3832.09,10000000.0,2022-09-09
4997,UNVR.JK,Unilever Indonesia,3840.61,3883.19,3840.61,3874.67,7679800.0,2022-09-12
4998,UNVR.JK,Unilever Indonesia,3891.71,3976.86,3883.19,3976.86,22934000.0,2022-09-13
4999,UNVR.JK,Unilever Indonesia,3951.32,3951.32,3917.25,3942.8,10053400.0,2022-09-14
5000,UNVR.JK,Unilever Indonesia,3951.32,3968.35,3900.22,3917.25,16878200.0,2022-09-15
5001,UNVR.JK,Unilever Indonesia,3951.32,3951.32,3925.77,3942.8,21233900.0,2022-09-16
5002,UNVR.JK,Unilever Indonesia,3942.8,3942.8,3840.61,3917.25,9791100.0,2022-09-19
5003,UNVR.JK,Unilever Indonesia,3942.8,4027.96,3934.28,4027.96,25974800.0,2022-09-20
5004,UNVR.JK,Unilever Indonesia,4027.96,4121.63,4027.96,4096.08,33960700.0,2022-09-21
5005,UNVR.JK,Unilever Indonesia,4096.08,4096.08,4036.47,4096.08,14406800.0,2022-09-22
5006,UNVR.JK,Unilever Indonesia,4096.08,4104.6,4062.02,4096.08,11888400.0,2022-09-23
5007,UNVR.JK,Unilever Indonesia,4096.08,4113.12,4044.99,4079.05,17728200.0,2022-09-26
5008,UNVR.JK,Unilever Indonesia,4087.57,4096.08,4062.02,4087.57,10292300.0,2022-09-27
5009,UNVR.JK,Unilever Indonesia,4087.57,4121.63,4070.54,4096.08,16851700.0,2022-09-28
5010,UNVR.JK,Unilever Indonesia,4087.57,4147.18,4079.05,4130.15,18109500.0,2022-09-29
5011,UNVR.JK,Unilever Indonesia,4121.63,4130.15,4010.93,4113.12,23108800.0,2022-09-30
5012,UNVR.JK,Unilever Indonesia,4113.12,4147.18,4104.6,4130.15,14748400.0,2022-10-03
5013,UNVR.JK,Unilever Indonesia,4155.69,4172.73,4130.15,4147.18,12967400.0,2022-10-04
5014,UNVR.JK,Unilever Indonesia,4172.73,4172.73,4113.12,4113.12,13566800.0,2022-10-05
5015,UNVR.JK,Unilever Indonesia,4138.66,4172.73,4121.63,4172.73,17339500.0,2022-10-06
5016,UNVR.JK,Unilever Indonesia,4172.73,4181.24,4053.51,4121.63,14439400.0,2022-10-07
5017,UNVR.JK,Unilever Indonesia,4121.63,4121.63,4002.41,4087.57,8699400.0,2022-10-10
5018,UNVR.JK,Unilever Indonesia,4070.54,4070.54,4027.96,4027.96,10775800.0,2022-10-11
5019,UNVR.JK,Unilever Indonesia,4027.96,4079.05,3968.35,4079.05,11194200.0,2022-10-12
5020,UNVR.JK,Unilever Indonesia,4079.05,4121.63,4062.02,4121.63,12495000.0,2022-10-13
5021,UNVR.JK,Unilever Indonesia,4121.63,4138.66,4062.02,4096.08,9611600.0,2022-10-14
5022,UNVR.JK,Unilever Indonesia,4130.15,4130.15,4087.57,4113.12,11650600.0,2022-10-17
5023,UNVR.JK,Unilever Indonesia,4130.15,4172.73,4096.08,4172.73,18797200.0,2022-10-18
5024,UNVR.JK,Unilever Indonesia,4198.27,4577.22,4198.27,4555.94,82474800.0,2022-10-19
5025,UNVR.JK,Unilever Indonesia,4555.94,4641.09,4449.49,4598.51,51712800.0,2022-10-20
5026,UNVR.JK,Unilever Indonesia,4598.51,4598.51,4470.78,4513.36,18231200.0,2022-10-21
5027,UNVR.JK,Unilever Indonesia,4492.07,4662.38,4470.78,4534.65,27349200.0,2022-10-24
5028,UNVR.JK,Unilever Indonesia,4534.65,4577.22,4428.2,4492.07,16874900.0,2022-10-25
5029,UNVR.JK,Unilever Indonesia,4470.78,4598.51,4406.91,4598.51,28826300.0,2022-10-26
5030,UNVR.JK,Unilever Indonesia,4598.51,4641.09,4492.07,4555.94,22168700.0,2022-10-27
5031,UNVR.JK,Unilever Indonesia,4300.46,4321.75,4240.85,4240.85,33806300.0,2022-10-28
5032,UNVR.JK,Unilever Indonesia,3959.83,4036.47,3951.32,3951.32,83268400.0,2022-10-31
5033,UNVR.JK,Unilever Indonesia,3908.74,3993.9,3832.1,3857.64,88422300.0,2022-11-01
5034,UNVR.JK,Unilever Indonesia,3857.64,3908.74,3798.03,3832.09,37943000.0,2022-11-02
5035,UNVR.JK,Unilever Indonesia,3840.61,3883.19,3832.1,3840.61,15402200.0,2022-11-03
5036,UNVR.JK,Unilever Indonesia,3857.64,3874.67,3806.55,3866.16,20812100.0,2022-11-04
5037,UNVR.JK,Unilever Indonesia,3866.16,3934.28,3832.09,3934.28,20715100.0,2022-11-07
5038,UNVR.JK,Unilever Indonesia,3951.32,3959.83,3917.25,3942.8,15497800.0,2022-11-08
5039,UNVR.JK,Unilever Indonesia,3942.8,3942.8,3849.13,3866.16,24941900.0,2022-11-09
5040,UNVR.JK,Unilever Indonesia,3857.64,3900.22,3832.1,3883.19,10140300.0,2022-11-10
5041,UNVR.JK,Unilever Indonesia,3925.77,3925.77,3849.13,3866.16,16741500.0,2022-11-11
5042,UNVR.JK,Unilever Indonesia,3866.16,3917.25,3857.64,3908.74,10527700.0,2022-11-14
5043,UNVR.JK,Unilever Indonesia,3908.74,3925.77,3866.16,3925.77,11794000.0,2022-11-15
5044,UNVR.JK,Unilever Indonesia,3925.77,3925.77,3874.67,3925.77,8942300.0,2022-11-16
5045,UNVR.JK,Unilever Indonesia,3917.25,3925.77,3883.19,3908.74,12105800.0,2022-11-17
5046,UNVR.JK,Unilever Indonesia,3908.74,3968.35,3883.19,3951.32,16515900.0,2022-11-18
5047,UNVR.JK,Unilever Indonesia,3942.8,3942.8,3874.67,3874.67,13807100.0,2022-11-21
5048,UNVR.JK,Unilever Indonesia,3891.71,3934.28,3883.19,3883.19,18963600.0,2022-11-22
5049,UNVR.JK,Unilever Indonesia,3900.22,3908.74,3874.67,3874.67,8656200.0,2022-11-23
5050,UNVR.JK,Unilever Indonesia,3874.67,3917.25,3874.67,3883.19,5155100.0,2022-11-24
5051,UNVR.JK,Unilever Indonesia,3891.71,3917.25,3857.64,3917.25,11209600.0,2022-11-25
5052,UNVR.JK,Unilever Indonesia,3917.25,4027.96,3883.19,4010.93,35089100.0,2022-11-28
5053,UNVR.JK,Unilever Indonesia,4010.93,4010.93,3968.35,4002.41,21257100.0,2022-11-29
5054,UNVR.JK,Unilever Indonesia,4027.47,4148.47,3992.9,4148.47,83228400.0,2022-11-30
5055,UNVR.JK,Unilever Indonesia,4148.47,4148.47,4036.12,4070.69,16755100.0,2022-12-01
5056,UNVR.JK,Unilever Indonesia,4070.69,4070.69,4027.47,4070.69,6918500.0,2022-12-02
5057,UNVR.JK,Unilever Indonesia,4070.69,4148.47,4062.05,4096.62,9788500.0,2022-12-05
5058,UNVR.JK,Unilever Indonesia,4096.62,4105.26,4036.12,4096.62,12811800.0,2022-12-06
5059,UNVR.JK,Unilever Indonesia,4096.62,4096.62,4036.12,4062.04,19509900.0,2022-12-07
5060,UNVR.JK,Unilever Indonesia,4036.12,4053.4,3941.05,4027.47,21123600.0,2022-12-08
5061,UNVR.JK,Unilever Indonesia,4027.47,4027.47,3975.62,3992.9,13482300.0,2022-12-09
5062,UNVR.JK,Unilever Indonesia,3992.9,4053.4,3958.33,4053.4,12297700.0,2022-12-12
5063,UNVR.JK,Unilever Indonesia,4062.05,4079.33,4001.55,4079.33,13797700.0,2022-12-13
5064,UNVR.JK,Unilever Indonesia,4079.33,4079.33,4036.12,4079.33,7415600.0,2022-12-14
5065,UNVR.JK,Unilever Indonesia,4079.33,4079.33,4010.19,4062.04,11297400.0,2022-12-15
5066,UNVR.JK,Unilever Indonesia,4053.4,4208.97,4027.47,4208.97,25213200.0,2022-12-16
5067,UNVR.JK,Unilever Indonesia,4174.4,4174.4,4087.97,4087.97,16789200.0,2022-12-19
5068,UNVR.JK,Unilever Indonesia,4087.97,4122.54,4062.04,4122.54,5433100.0,2022-12-20
5069,UNVR.JK,Unilever Indonesia,4122.54,4139.83,4096.62,4131.19,5871100.0,2022-12-21
5070,UNVR.JK,Unilever Indonesia,4131.19,4183.04,4122.54,4183.04,10005000.0,2022-12-22
5071,UNVR.JK,Unilever Indonesia,4174.4,4174.4,4113.9,4165.76,5698800.0,2022-12-23
5072,UNVR.JK,Unilever Indonesia,4165.76,4165.76,4096.62,4105.26,4053500.0,2022-12-26
5073,UNVR.JK,Unilever Indonesia,4113.9,4157.11,4096.62,4157.11,6738300.0,2022-12-27
5074,UNVR.JK,Unilever Indonesia,4157.11,4165.76,4070.69,4122.54,7938100.0,2022-12-28
5075,UNVR.JK,Unilever Indonesia,4096.62,4113.9,4062.04,4113.9,6825900.0,2022-12-29
5076,UNVR.JK,Unilever Indonesia,4131.19,4131.19,4062.04,4062.04,13027100.0,2022-12-30
5077,UNVR.JK,Unilever Indonesia,4062.04,4062.04,3984.26,3992.9,4266600.0,2023-01-02
5078,UNVR.JK,Unilever Indonesia,3975.62,4018.83,3949.69,3975.62,10663500.0,2023-01-03
5079,UNVR.JK,Unilever Indonesia,3984.26,4053.4,3984.26,4010.19,6705200.0,2023-01-04
5080,UNVR.JK,Unilever Indonesia,4018.83,4087.97,3975.62,4087.97,12524500.0,2023-01-05
5081,UNVR.JK,Unilever Indonesia,4079.33,4113.9,4036.12,4113.9,8390300.0,2023-01-06
5082,UNVR.JK,Unilever Indonesia,4113.9,4122.54,4053.4,4113.9,7932200.0,2023-01-09
5083,UNVR.JK,Unilever Indonesia,4113.9,4122.54,4027.47,4053.4,13402300.0,2023-01-10
5084,UNVR.JK,Unilever Indonesia,4044.76,4062.04,4010.19,4062.04,5806200.0,2023-01-11
5085,UNVR.JK,Unilever Indonesia,4062.04,4113.9,4027.47,4113.9,11533000.0,2023-01-12
5086,UNVR.JK,Unilever Indonesia,4105.26,4139.83,4079.33,4139.83,7554200.0,2023-01-13
5087,UNVR.JK,Unilever Indonesia,4139.83,4148.47,4105.26,4122.54,6778300.0,2023-01-16
5088,UNVR.JK,Unilever Indonesia,4122.54,4148.47,4079.33,4113.9,12333700.0,2023-01-17
5089,UNVR.JK,Unilever Indonesia,4113.9,4148.47,4079.33,4148.47,5977900.0,2023-01-18
5090,UNVR.JK,Unilever Indonesia,4148.47,4174.4,4122.54,4148.47,7752900.0,2023-01-19
5091,UNVR.JK,Unilever Indonesia,4148.47,4174.4,4113.9,4157.11,6893400.0,2023-01-20
5092,UNVR.JK,Unilever Indonesia,4157.11,4191.68,4139.83,4174.4,9638600.0,2023-01-24
5093,UNVR.JK,Unilever Indonesia,4174.4,4200.33,4157.11,4191.69,6010000.0,2023-01-25
5094,UNVR.JK,Unilever Indonesia,4191.68,4208.97,4113.9,4148.47,10397400.0,2023-01-26
5095,UNVR.JK,Unilever Indonesia,4148.47,4165.76,4105.26,4105.26,12410500.0,2023-01-27
5096,UNVR.JK,Unilever Indonesia,4105.26,4131.19,4070.69,4113.9,8435700.0,2023-01-30
5097,UNVR.JK,Unilever Indonesia,4113.9,4113.9,4027.47,4027.47,26752500.0,2023-01-31
5098,UNVR.JK,Unilever Indonesia,4001.55,4044.76,3992.9,4001.55,14128700.0,2023-02-01
5099,UNVR.JK,Unilever Indonesia,4001.55,4096.62,4001.55,4087.97,23504300.0,2023-02-02
5100,UNVR.JK,Unilever Indonesia,4096.62,4096.62,4044.76,4053.4,8988300.0,2023-02-03
5101,UNVR.JK,Unilever Indonesia,4053.4,4087.97,4027.47,4087.97,5956100.0,2023-02-06
5102,UNVR.JK,Unilever Indonesia,4087.97,4226.26,4079.33,4200.33,19128400.0,2023-02-07
5103,UNVR.JK,Unilever Indonesia,4200.33,4342.93,4157.11,4342.93,28304900.0,2023-02-08
5104,UNVR.JK,Unilever Indonesia,4342.93,4364.54,4252.18,4252.18,25346700.0,2023-02-09
5105,UNVR.JK,Unilever Indonesia,4122.54,4122.54,3958.33,3958.33,80984400.0,2023-02-10
5106,UNVR.JK,Unilever Indonesia,3958.33,3958.33,3880.55,3906.48,29413500.0,2023-02-13
5107,UNVR.JK,Unilever Indonesia,3906.48,3949.69,3906.48,3941.05,15661400.0,2023-02-14
5108,UNVR.JK,Unilever Indonesia,3941.05,3941.05,3889.19,3932.41,12590200.0,2023-02-15
5109,UNVR.JK,Unilever Indonesia,3932.4,3941.05,3897.83,3906.48,7598500.0,2023-02-16
5110,UNVR.JK,Unilever Indonesia,3906.48,3915.12,3871.91,3897.83,13591200.0,2023-02-17
5111,UNVR.JK,Unilever Indonesia,3906.48,3941.05,3889.19,3923.76,6671700.0,2023-02-20
5112,UNVR.JK,Unilever Indonesia,3923.76,3923.76,3889.19,3889.19,9337400.0,2023-02-21
5113,UNVR.JK,Unilever Indonesia,3880.55,3880.55,3785.48,3871.91,17514500.0,2023-02-22
5114,UNVR.JK,Unilever Indonesia,3880.55,3880.55,3802.77,3802.77,12166800.0,2023-02-23
5115,UNVR.JK,Unilever Indonesia,3802.77,3837.34,3759.55,3759.55,13276600.0,2023-02-24
5116,UNVR.JK,Unilever Indonesia,3759.55,3759.55,3638.56,3716.34,25283100.0,2023-02-27
5117,UNVR.JK,Unilever Indonesia,3716.34,3733.62,3612.63,3612.63,56167600.0,2023-02-28
5118,UNVR.JK,Unilever Indonesia,3603.98,3629.91,3552.13,3586.7,20343000.0,2023-03-01
5119,UNVR.JK,Unilever Indonesia,3595.34,3647.2,3586.7,3586.7,18391700.0,2023-03-02
5120,UNVR.JK,Unilever Indonesia,3586.7,3603.98,3500.27,3508.92,25480200.0,2023-03-03
5121,UNVR.JK,Unilever Indonesia,3526.2,3621.27,3517.56,3603.98,18877200.0,2023-03-06
5122,UNVR.JK,Unilever Indonesia,3595.34,3595.34,3526.2,3526.2,20025900.0,2023-03-07
5123,UNVR.JK,Unilever Indonesia,3526.2,3560.77,3508.92,3543.49,9159100.0,2023-03-08
5124,UNVR.JK,Unilever Indonesia,3543.49,3578.06,3526.2,3543.49,12777500.0,2023-03-09
5125,UNVR.JK,Unilever Indonesia,3543.49,3578.06,3526.2,3552.13,6405200.0,2023-03-10
5126,UNVR.JK,Unilever Indonesia,3534.84,3612.63,3526.2,3595.34,10109400.0,2023-03-13
5127,UNVR.JK,Unilever Indonesia,3578.06,3664.48,3569.41,3638.56,20377200.0,2023-03-14
5128,UNVR.JK,Unilever Indonesia,3638.56,3655.84,3543.49,3543.49,11897200.0,2023-03-15
5129,UNVR.JK,Unilever Indonesia,3543.49,3560.77,3491.63,3517.56,9016800.0,2023-03-16
5130,UNVR.JK,Unilever Indonesia,3517.56,3603.98,3517.56,3595.34,25725700.0,2023-03-17
5131,UNVR.JK,Unilever Indonesia,3595.34,3603.98,3543.49,3595.34,3705900.0,2023-03-20
5132,UNVR.JK,Unilever Indonesia,3595.34,3629.91,3586.7,3629.91,7708900.0,2023-03-21
5133,UNVR.JK,Unilever Indonesia,3776.84,3776.84,3664.48,3690.41,16680100.0,2023-03-24
5134,UNVR.JK,Unilever Indonesia,3690.41,3707.7,3655.84,3707.7,6187200.0,2023-03-27
5135,UNVR.JK,Unilever Indonesia,3707.7,3733.62,3699.05,3716.34,5785600.0,2023-03-28
5136,UNVR.JK,Unilever Indonesia,3716.34,3776.84,3716.34,3768.19,12264000.0,2023-03-29
5137,UNVR.JK,Unilever Indonesia,3768.19,3776.84,3681.77,3681.77,5407700.0,2023-03-30
5138,UNVR.JK,Unilever Indonesia,3690.41,3768.19,3681.77,3759.55,10607100.0,2023-03-31
5139,UNVR.JK,Unilever Indonesia,3759.55,3759.55,3673.13,3707.7,8983700.0,2023-04-03
5140,UNVR.JK,Unilever Indonesia,3699.05,3707.7,3647.2,3707.7,14526800.0,2023-04-04
5141,UNVR.JK,Unilever Indonesia,3707.7,3733.62,3673.13,3673.13,7687900.0,2023-04-05
5142,UNVR.JK,Unilever Indonesia,3673.13,3707.7,3655.84,3673.13,5191100.0,2023-04-06
5143,UNVR.JK,Unilever Indonesia,3673.13,3707.7,3655.84,3707.7,5001000.0,2023-04-10
5144,UNVR.JK,Unilever Indonesia,3707.7,3707.7,3629.91,3629.91,8782600.0,2023-04-11
5145,UNVR.JK,Unilever Indonesia,3638.56,3647.2,3612.63,3621.27,12391300.0,2023-04-12
5146,UNVR.JK,Unilever Indonesia,3595.34,3612.63,3543.49,3543.49,15132500.0,2023-04-13
5147,UNVR.JK,Unilever Indonesia,3560.77,3647.2,3560.77,3586.7,20757900.0,2023-04-14
5148,UNVR.JK,Unilever Indonesia,3595.34,3612.63,3534.84,3569.41,11180200.0,2023-04-17
5149,UNVR.JK,Unilever Indonesia,3569.41,3586.7,3534.84,3534.84,8436800.0,2023-04-18
5150,UNVR.JK,Unilever Indonesia,3534.84,3543.49,3422.49,3543.49,32563400.0,2023-04-26
5151,UNVR.JK,Unilever Indonesia,3586.7,3863.26,3586.7,3802.77,65436100.0,2023-04-27
5152,UNVR.JK,Unilever Indonesia,3802.77,3837.34,3768.2,3802.77,14421200.0,2023-04-28
5153,UNVR.JK,Unilever Indonesia,3802.77,3811.41,3699.05,3802.77,11600900.0,2023-05-02
5154,UNVR.JK,Unilever Indonesia,3802.77,3820.05,3759.55,3802.77,18996600.0,2023-05-03
5155,UNVR.JK,Unilever Indonesia,3802.77,3871.91,3802.77,3845.98,15745000.0,2023-05-04
5156,UNVR.JK,Unilever Indonesia,3845.98,3880.55,3794.12,3880.55,19170300.0,2023-05-05
5157,UNVR.JK,Unilever Indonesia,3871.91,3880.55,3828.69,3863.26,8305100.0,2023-05-08
5158,UNVR.JK,Unilever Indonesia,3863.26,3863.26,3768.19,3794.12,13264100.0,2023-05-09
5159,UNVR.JK,Unilever Indonesia,3820.05,3889.19,3802.77,3889.19,12468600.0,2023-05-10
5160,UNVR.JK,Unilever Indonesia,3889.19,3889.19,3776.84,3828.69,10646000.0,2023-05-11
5161,UNVR.JK,Unilever Indonesia,3828.69,3828.69,3776.84,3802.77,7003400.0,2023-05-12
5162,UNVR.JK,Unilever Indonesia,3845.98,3915.12,3802.77,3889.19,17448600.0,2023-05-15
5163,UNVR.JK,Unilever Indonesia,3889.19,3897.83,3854.62,3897.83,6163000.0,2023-05-16
5164,UNVR.JK,Unilever Indonesia,3889.19,3897.83,3820.05,3854.62,8527400.0,2023-05-17
5165,UNVR.JK,Unilever Indonesia,3854.62,3889.19,3828.69,3828.69,10102700.0,2023-05-19
5166,UNVR.JK,Unilever Indonesia,3828.69,3871.91,3794.12,3820.05,10990800.0,2023-05-22
5167,UNVR.JK,Unilever Indonesia,3820.05,3871.91,3820.05,3845.98,15329600.0,2023-05-23
5168,UNVR.JK,Unilever Indonesia,3845.98,3845.98,3794.12,3811.41,15329600.0,2023-05-24
5169,UNVR.JK,Unilever Indonesia,3811.41,3845.98,3776.84,3811.41,16244400.0,2023-05-25
5170,UNVR.JK,Unilever Indonesia,3811.41,3828.69,3785.48,3785.48,8749200.0,2023-05-26
5171,UNVR.JK,Unilever Indonesia,3802.77,3932.41,3785.48,3932.41,26644200.0,2023-05-29
5172,UNVR.JK,Unilever Indonesia,3932.41,3975.62,3897.83,3923.76,14103700.0,2023-05-30
5173,UNVR.JK,Unilever Indonesia,3923.76,3958.33,3889.19,3915.12,221662700.0,2023-05-31
5174,UNVR.JK,Unilever Indonesia,3915.12,3932.41,3854.62,3889.19,14140400.0,2023-06-05
5175,UNVR.JK,Unilever Indonesia,3889.19,3897.83,3837.34,3854.62,6400200.0,2023-06-06
5176,UNVR.JK,Unilever Indonesia,3863.26,3949.69,3854.62,3949.69,30637600.0,2023-06-07
5177,UNVR.JK,Unilever Indonesia,3949.69,4001.55,3923.76,3975.62,15742600.0,2023-06-08
5178,UNVR.JK,Unilever Indonesia,3958.33,3975.62,3923.76,3932.41,11332500.0,2023-06-09
5179,UNVR.JK,Unilever Indonesia,3966.98,3984.26,3941.05,3984.26,8165300.0,2023-06-12
5180,UNVR.JK,Unilever Indonesia,3984.26,4001.55,3871.91,3897.83,19167100.0,2023-06-13
5181,UNVR.JK,Unilever Indonesia,3889.19,3897.83,3811.41,3837.34,13107000.0,2023-06-14
5182,UNVR.JK,Unilever Indonesia,3837.34,3906.48,3811.41,3906.48,10369100.0,2023-06-15
5183,UNVR.JK,Unilever Indonesia,3889.19,3889.19,3794.12,3794.12,17780000.0,2023-06-16
5184,UNVR.JK,Unilever Indonesia,3794.12,3820.05,3733.62,3785.48,10327500.0,2023-06-19
5185,UNVR.JK,Unilever Indonesia,3785.48,3794.12,3716.34,3716.34,14414700.0,2023-06-20
5186,UNVR.JK,Unilever Indonesia,3716.34,3776.84,3716.34,3768.19,11124900.0,2023-06-21
5187,UNVR.JK,Unilever Indonesia,3776.84,3776.84,3673.13,3673.13,15969700.0,2023-06-22
5188,UNVR.JK,Unilever Indonesia,3673.13,3707.7,3638.55,3690.41,7696300.0,2023-06-23
5189,UNVR.JK,Unilever Indonesia,3690.41,3690.41,3655.84,3655.84,6553900.0,2023-06-26
5190,UNVR.JK,Unilever Indonesia,3655.84,3699.05,3655.84,3681.77,10533700.0,2023-06-27
5191,UNVR.JK,Unilever Indonesia,3673.13,3724.98,3638.55,3724.98,11030200.0,2023-07-03
5192,UNVR.JK,Unilever Indonesia,3733.62,3750.91,3716.34,3742.27,3652500.0,2023-07-04
5193,UNVR.JK,Unilever Indonesia,3742.27,3742.27,3699.05,3724.98,6305600.0,2023-07-05
5194,UNVR.JK,Unilever Indonesia,3743.43,3769.8,3708.29,3734.65,12604100.0,2023-07-06
5195,UNVR.JK,Unilever Indonesia,3717.07,3725.86,3699.5,3725.86,6160700.0,2023-07-07
5196,UNVR.JK,Unilever Indonesia,3725.86,3796.16,3725.86,3734.65,7747800.0,2023-07-10
5197,UNVR.JK,Unilever Indonesia,3743.43,3761.01,3725.86,3734.65,4794700.0,2023-07-11
5198,UNVR.JK,Unilever Indonesia,3734.65,3743.44,3690.71,3699.5,16641400.0,2023-07-12
5199,UNVR.JK,Unilever Indonesia,3708.29,3734.65,3699.5,3734.65,6041000.0,2023-07-13
5200,UNVR.JK,Unilever Indonesia,3734.65,3769.8,3717.07,3734.65,10570200.0,2023-07-14
5201,UNVR.JK,Unilever Indonesia,3743.44,3769.8,3734.65,3752.22,9589000.0,2023-07-17
5202,UNVR.JK,Unilever Indonesia,3752.22,3778.58,3717.07,3752.22,4258600.0,2023-07-18
5203,UNVR.JK,Unilever Indonesia,3743.44,3752.22,3699.5,3708.29,8607100.0,2023-07-20
5204,UNVR.JK,Unilever Indonesia,3708.29,3769.8,3708.29,3769.8,6015200.0,2023-07-21
5205,UNVR.JK,Unilever Indonesia,3769.8,3813.73,3752.22,3769.8,8770000.0,2023-07-24
5206,UNVR.JK,Unilever Indonesia,3681.92,3681.92,3532.54,3558.9,49204900.0,2023-07-25
5207,UNVR.JK,Unilever Indonesia,3558.9,3576.47,3471.03,3488.6,37401200.0,2023-07-26
5208,UNVR.JK,Unilever Indonesia,3488.6,3514.96,3374.36,3374.36,40562400.0,2023-07-27
5209,UNVR.JK,Unilever Indonesia,3383.15,3427.09,3348.0,3400.73,20221700.0,2023-07-28
5210,UNVR.JK,Unilever Indonesia,3400.73,3418.3,3365.58,3383.15,19175000.0,2023-07-31
5211,UNVR.JK,Unilever Indonesia,3365.58,3383.15,3312.85,3312.85,20623500.0,2023-08-01
5212,UNVR.JK,Unilever Indonesia,3312.85,3339.21,3233.77,3242.55,28813900.0,2023-08-02
5213,UNVR.JK,Unilever Indonesia,3242.55,3365.58,3224.98,3312.85,26351700.0,2023-08-03
5214,UNVR.JK,Unilever Indonesia,3321.64,3348.0,3277.7,3286.49,18183400.0,2023-08-04
5215,UNVR.JK,Unilever Indonesia,3286.49,3312.85,3268.92,3268.92,7680200.0,2023-08-07
5216,UNVR.JK,Unilever Indonesia,3277.7,3330.43,3277.7,3295.28,10061700.0,2023-08-08
5217,UNVR.JK,Unilever Indonesia,3295.28,3312.85,3268.92,3268.92,13411000.0,2023-08-09
5218,UNVR.JK,Unilever Indonesia,3268.92,3277.7,3233.77,3233.77,13438900.0,2023-08-10
5219,UNVR.JK,Unilever Indonesia,3233.77,3268.91,3233.77,3251.34,7702800.0,2023-08-11
5220,UNVR.JK,Unilever Indonesia,3251.34,3277.7,3189.83,3277.7,13589300.0,2023-08-14
5221,UNVR.JK,Unilever Indonesia,3295.28,3295.28,3242.55,3277.7,9907900.0,2023-08-15
5222,UNVR.JK,Unilever Indonesia,3277.7,3277.7,3233.77,3277.7,5265200.0,2023-08-16
5223,UNVR.JK,Unilever Indonesia,3233.77,3268.92,3233.77,3242.55,10416200.0,2023-08-18
5224,UNVR.JK,Unilever Indonesia,3251.34,3277.7,3242.55,3260.13,6141700.0,2023-08-21
5225,UNVR.JK,Unilever Indonesia,3260.13,3268.92,3251.34,3260.13,5435600.0,2023-08-22
5226,UNVR.JK,Unilever Indonesia,3260.13,3321.64,3251.34,3295.28,9837500.0,2023-08-23
5227,UNVR.JK,Unilever Indonesia,3295.28,3304.06,3268.92,3268.92,6318100.0,2023-08-24
5228,UNVR.JK,Unilever Indonesia,3268.92,3304.06,3251.34,3304.06,5639900.0,2023-08-25
5229,UNVR.JK,Unilever Indonesia,3330.43,3339.21,3304.06,3321.64,4538300.0,2023-08-28
5230,UNVR.JK,Unilever Indonesia,3321.64,3339.21,3304.06,3304.06,4023200.0,2023-08-29
5231,UNVR.JK,Unilever Indonesia,3330.43,3330.43,3286.49,3286.49,6862300.0,2023-08-30
5232,UNVR.JK,Unilever Indonesia,3286.49,3304.06,3224.98,3224.98,17604900.0,2023-08-31
5233,UNVR.JK,Unilever Indonesia,3224.98,3268.92,3189.83,3216.19,14230900.0,2023-09-01
5234,UNVR.JK,Unilever Indonesia,3224.98,3242.55,3216.19,3216.19,4215000.0,2023-09-04
5235,UNVR.JK,Unilever Indonesia,3216.19,3224.98,3163.47,3181.04,13723200.0,2023-09-05
5236,UNVR.JK,Unilever Indonesia,3181.04,3233.77,3163.47,3207.4,9878900.0,2023-09-06
5237,UNVR.JK,Unilever Indonesia,3216.19,3224.98,3163.47,3189.83,13672200.0,2023-09-07
5238,UNVR.JK,Unilever Indonesia,3189.83,3189.83,3137.1,3172.25,13784500.0,2023-09-08
5239,UNVR.JK,Unilever Indonesia,3172.25,3207.4,3145.89,3207.4,7703500.0,2023-09-11
5240,UNVR.JK,Unilever Indonesia,3207.4,3216.19,3172.25,3181.04,6763100.0,2023-09-12
5241,UNVR.JK,Unilever Indonesia,3189.83,3189.83,3137.1,3154.68,7890700.0,2023-09-13
5242,UNVR.JK,Unilever Indonesia,3145.89,3172.25,3128.32,3128.32,7980500.0,2023-09-14
5243,UNVR.JK,Unilever Indonesia,3119.53,3137.1,3075.59,3075.59,19503200.0,2023-09-15
5244,UNVR.JK,Unilever Indonesia,3075.59,3093.17,3040.44,3049.23,11035100.0,2023-09-18
5245,UNVR.JK,Unilever Indonesia,3066.8,3189.83,3058.02,3145.89,10301100.0,2023-09-19
5246,UNVR.JK,Unilever Indonesia,3145.89,3224.98,3137.1,3189.83,12091400.0,2023-09-20
5247,UNVR.JK,Unilever Indonesia,3189.83,3321.64,3145.89,3312.85,24626400.0,2023-09-21
5248,UNVR.JK,Unilever Indonesia,3312.85,3418.3,3295.28,3383.15,24114800.0,2023-09-22
5249,UNVR.JK,Unilever Indonesia,3391.94,3418.3,3330.43,3356.79,10923700.0,2023-09-25
5250,UNVR.JK,Unilever Indonesia,3339.21,3356.79,3312.85,3356.79,11435500.0,2023-09-26
5251,UNVR.JK,Unilever Indonesia,3356.79,3356.79,3268.92,3312.85,9958600.0,2023-09-27
5252,UNVR.JK,Unilever Indonesia,3312.85,3321.64,3242.55,3286.49,10670700.0,2023-09-29
5253,UNVR.JK,Unilever Indonesia,3286.49,3321.64,3251.34,3251.34,7916700.0,2023-10-02
5254,UNVR.JK,Unilever Indonesia,3251.34,3251.34,3154.68,3154.68,19196000.0,2023-10-03
5255,UNVR.JK,Unilever Indonesia,3154.68,3172.25,3110.74,3145.89,9896800.0,2023-10-04
5256,UNVR.JK,Unilever Indonesia,3172.25,3233.77,3145.89,3216.19,12777300.0,2023-10-05
5257,UNVR.JK,Unilever Indonesia,3233.77,3374.36,3224.98,3339.21,23551700.0,2023-10-06
5258,UNVR.JK,Unilever Indonesia,3339.21,3339.21,3251.34,3268.92,8305700.0,2023-10-09
5259,UNVR.JK,Unilever Indonesia,3268.92,3295.28,3224.98,3224.98,3722500.0,2023-10-10
5260,UNVR.JK,Unilever Indonesia,3224.98,3260.13,3172.25,3172.25,12320900.0,2023-10-11
5261,UNVR.JK,Unilever Indonesia,3181.04,3224.98,3172.25,3189.83,10447600.0,2023-10-12
5262,UNVR.JK,Unilever Indonesia,3172.25,3216.19,3172.25,3207.4,5584300.0,2023-10-13
5263,UNVR.JK,Unilever Indonesia,3216.19,3224.98,3181.04,3207.4,4544700.0,2023-10-16
5264,UNVR.JK,Unilever Indonesia,3207.4,3374.36,3189.83,3365.58,21600800.0,2023-10-17
5265,UNVR.JK,Unilever Indonesia,3365.58,3374.36,3304.06,3356.79,8686200.0,2023-10-18
5266,UNVR.JK,Unilever Indonesia,3339.21,3383.15,3312.85,3348.0,8884300.0,2023-10-19
5267,UNVR.JK,Unilever Indonesia,3348.0,3409.51,3277.7,3391.94,13601000.0,2023-10-20
5268,UNVR.JK,Unilever Indonesia,3391.94,3391.94,3304.06,3374.36,7703300.0,2023-10-23
5269,UNVR.JK,Unilever Indonesia,3365.58,3514.96,3330.43,3506.17,29824500.0,2023-10-24
5270,UNVR.JK,Unilever Indonesia,3514.96,3602.84,3514.96,3585.26,27547000.0,2023-10-25
5271,UNVR.JK,Unilever Indonesia,3558.9,3558.9,3479.81,3497.39,19249700.0,2023-10-26
5272,UNVR.JK,Unilever Indonesia,3497.39,3576.47,3471.03,3497.39,19668800.0,2023-10-27
5273,UNVR.JK,Unilever Indonesia,3488.6,3488.6,3268.92,3330.43,26309000.0,2023-10-30
5274,UNVR.JK,Unilever Indonesia,3330.43,3356.79,3181.04,3181.04,26496500.0,2023-10-31
5275,UNVR.JK,Unilever Indonesia,3163.47,3207.4,3119.53,3145.89,22592200.0,2023-11-01
5276,UNVR.JK,Unilever Indonesia,3163.47,3224.98,3137.1,3154.68,20934700.0,2023-11-02
5277,UNVR.JK,Unilever Indonesia,3154.68,3172.25,3093.17,3119.53,17879200.0,2023-11-03
5278,UNVR.JK,Unilever Indonesia,3119.53,3189.83,3119.53,3181.04,11111200.0,2023-11-06
5279,UNVR.JK,Unilever Indonesia,3181.04,3181.04,3119.53,3137.1,10356800.0,2023-11-07
5280,UNVR.JK,Unilever Indonesia,3128.32,3163.47,3128.32,3163.47,6267300.0,2023-11-08
5281,UNVR.JK,Unilever Indonesia,3163.47,3163.47,3145.89,3163.47,4264700.0,2023-11-09
5282,UNVR.JK,Unilever Indonesia,3163.47,3163.47,3119.53,3154.68,4501100.0,2023-11-10
5283,UNVR.JK,Unilever Indonesia,3154.68,3154.68,3084.38,3101.95,9074200.0,2023-11-13
5284,UNVR.JK,Unilever Indonesia,3084.38,3093.17,3049.23,3058.02,13579700.0,2023-11-14
5285,UNVR.JK,Unilever Indonesia,3075.59,3101.95,2996.51,3014.08,30575200.0,2023-11-15
5286,UNVR.JK,Unilever Indonesia,3022.87,3040.44,3005.29,3040.44,7704400.0,2023-11-16
5287,UNVR.JK,Unilever Indonesia,3049.23,3049.23,3005.29,3049.23,13562900.0,2023-11-17
5288,UNVR.JK,Unilever Indonesia,3049.23,3049.23,3005.29,3040.44,4352900.0,2023-11-20
5289,UNVR.JK,Unilever Indonesia,3040.44,3066.8,3014.08,3058.02,11470300.0,2023-11-21
5290,UNVR.JK,Unilever Indonesia,3058.02,3093.17,3031.66,3075.59,16968700.0,2023-11-22
5291,UNVR.JK,Unilever Indonesia,3084.38,3145.89,3075.59,3110.74,16669800.0,2023-11-23
5292,UNVR.JK,Unilever Indonesia,3119.53,3145.89,3093.17,3101.95,4341700.0,2023-11-24
5293,UNVR.JK,Unilever Indonesia,3101.95,3119.53,3075.59,3093.17,11935500.0,2023-11-27
5294,UNVR.JK,Unilever Indonesia,3093.17,3198.62,3093.17,3163.47,13638400.0,2023-11-28
5295,UNVR.JK,Unilever Indonesia,3163.47,3198.62,3128.32,3189.83,9785100.0,2023-11-29
5296,UNVR.JK,Unilever Indonesia,3189.83,3207.4,3137.1,3207.4,40876300.0,2023-11-30
5297,UNVR.JK,Unilever Indonesia,3163.47,3251.34,3154.68,3189.83,11652900.0,2023-12-01
5298,UNVR.JK,Unilever Indonesia,3198.62,3224.98,3119.53,3189.83,17107000.0,2023-12-04
5299,UNVR.JK,Unilever Indonesia,3210.4,3237.22,3192.51,3237.22,14546100.0,2023-12-05
5300,UNVR.JK,Unilever Indonesia,3237.22,3246.17,3129.91,3138.86,16666500.0,2023-12-06
5301,UNVR.JK,Unilever Indonesia,3138.86,3192.51,3129.91,3192.51,7254400.0,2023-12-07
5302,UNVR.JK,Unilever Indonesia,3192.51,3192.51,3120.97,3138.86,10274300.0,2023-12-08
5303,UNVR.JK,Unilever Indonesia,3129.91,3138.86,3103.09,3129.91,7700700.0,2023-12-11
5304,UNVR.JK,Unilever Indonesia,3129.91,3138.86,3058.37,3067.31,11409300.0,2023-12-12
5305,UNVR.JK,Unilever Indonesia,3067.31,3094.14,3040.49,3085.2,5871300.0,2023-12-13
5306,UNVR.JK,Unilever Indonesia,3085.2,3085.2,3040.49,3040.49,6953500.0,2023-12-14
5307,UNVR.JK,Unilever Indonesia,3040.49,3129.91,2977.89,3129.91,24909000.0,2023-12-15
5308,UNVR.JK,Unilever Indonesia,3112.03,3112.03,3022.6,3049.43,10582500.0,2023-12-18
5309,UNVR.JK,Unilever Indonesia,3049.43,3076.26,3022.6,3067.31,4909700.0,2023-12-19
5310,UNVR.JK,Unilever Indonesia,3067.31,3147.8,3058.37,3094.14,15667400.0,2023-12-20
5311,UNVR.JK,Unilever Indonesia,3103.09,3112.03,3076.26,3103.09,4497500.0,2023-12-21
5312,UNVR.JK,Unilever Indonesia,3103.09,3120.97,3076.26,3103.09,6665700.0,2023-12-22
5313,UNVR.JK,Unilever Indonesia,3103.09,3147.8,3085.2,3103.09,7000200.0,2023-12-27
5314,UNVR.JK,Unilever Indonesia,3129.91,3192.51,3129.91,3165.68,12314500.0,2023-12-28
5315,UNVR.JK,Unilever Indonesia,3165.68,3174.63,3129.91,3156.74,6004400.0,2023-12-29
5316,UNVR.JK,Unilever Indonesia,3156.74,3174.63,3129.91,3174.63,5999200.0,2024-01-02
5317,UNVR.JK,Unilever Indonesia,3174.63,3183.57,3147.8,3156.74,3253600.0,2024-01-03
5318,UNVR.JK,Unilever Indonesia,3156.74,3183.57,3147.8,3147.8,4485500.0,2024-01-04
5319,UNVR.JK,Unilever Indonesia,3165.68,3201.45,3147.8,3147.8,7584800.0,2024-01-05
5320,UNVR.JK,Unilever Indonesia,3156.74,3183.57,3103.08,3112.03,7215700.0,2024-01-08
5321,UNVR.JK,Unilever Indonesia,3112.03,3120.97,3058.37,3067.31,6680700.0,2024-01-09
5322,UNVR.JK,Unilever Indonesia,3067.31,3112.03,3049.43,3049.43,12276500.0,2024-01-10
5323,UNVR.JK,Unilever Indonesia,3085.2,3085.2,3049.43,3049.43,1810300.0,2024-01-11
5324,UNVR.JK,Unilever Indonesia,3067.31,3112.03,3049.43,3103.09,8747800.0,2024-01-12
5325,UNVR.JK,Unilever Indonesia,3103.09,3112.03,3067.31,3067.31,7943000.0,2024-01-15
5326,UNVR.JK,Unilever Indonesia,3067.31,3103.09,3049.43,3049.43,5862800.0,2024-01-16
5327,UNVR.JK,Unilever Indonesia,3076.26,3076.26,2960.0,2968.95,30689000.0,2024-01-17
5328,UNVR.JK,Unilever Indonesia,2977.89,2986.83,2942.12,2951.06,14864200.0,2024-01-18
5329,UNVR.JK,Unilever Indonesia,2951.06,2951.06,2870.58,2897.41,15821600.0,2024-01-19
5330,UNVR.JK,Unilever Indonesia,2879.52,2897.41,2790.09,2790.09,22069700.0,2024-01-22
5331,UNVR.JK,Unilever Indonesia,2807.98,2861.63,2799.04,2843.75,17207800.0,2024-01-23
5332,UNVR.JK,Unilever Indonesia,2843.75,2879.52,2816.92,2861.64,8517800.0,2024-01-24
5333,UNVR.JK,Unilever Indonesia,2852.69,2861.63,2816.92,2825.86,11169800.0,2024-01-25
5334,UNVR.JK,Unilever Indonesia,2825.86,2834.81,2799.04,2825.86,5350200.0,2024-01-26
5335,UNVR.JK,Unilever Indonesia,2825.86,2825.86,2745.38,2754.32,13848500.0,2024-01-29
5336,UNVR.JK,Unilever Indonesia,2754.32,2799.04,2691.73,2799.04,26092800.0,2024-01-30
5337,UNVR.JK,Unilever Indonesia,2799.04,2816.92,2772.21,2772.21,18463900.0,2024-01-31
5338,UNVR.JK,Unilever Indonesia,2772.21,2799.04,2763.27,2772.21,12723500.0,2024-02-01
5339,UNVR.JK,Unilever Indonesia,2772.21,2861.63,2772.21,2834.81,18042600.0,2024-02-02
5340,UNVR.JK,Unilever Indonesia,2852.69,2897.41,2843.75,2861.64,16177900.0,2024-02-05
5341,UNVR.JK,Unilever Indonesia,2879.52,2924.23,2834.81,2906.35,14521500.0,2024-02-06
5342,UNVR.JK,Unilever Indonesia,2906.35,2933.18,2897.41,2924.23,12311500.0,2024-02-07
5343,UNVR.JK,Unilever Indonesia,2834.81,2834.81,2611.24,2611.24,82247100.0,2024-02-12
5344,UNVR.JK,Unilever Indonesia,2611.24,2620.18,2503.93,2503.93,56546400.0,2024-02-13
5345,UNVR.JK,Unilever Indonesia,2557.59,2629.13,2530.76,2620.18,37986300.0,2024-02-15
5346,UNVR.JK,Unilever Indonesia,2620.18,2629.13,2530.76,2530.76,22773700.0,2024-02-16
5347,UNVR.JK,Unilever Indonesia,2530.76,2566.53,2503.93,2503.93,19247100.0,2024-02-19
5348,UNVR.JK,Unilever Indonesia,2503.93,2521.82,2468.16,2468.16,25789800.0,2024-02-20
5349,UNVR.JK,Unilever Indonesia,2468.16,2468.16,2369.79,2405.56,42514700.0,2024-02-21
5350,UNVR.JK,Unilever Indonesia,2405.56,2450.27,2405.56,2432.39,14447400.0,2024-02-22
5351,UNVR.JK,Unilever Indonesia,2441.33,2450.27,2378.73,2405.56,14969800.0,2024-02-23
5352,UNVR.JK,Unilever Indonesia,2405.56,2405.56,2316.14,2316.14,30113500.0,2024-02-26
5353,UNVR.JK,Unilever Indonesia,2316.14,2360.85,2298.25,2342.96,23069800.0,2024-02-27
5354,UNVR.JK,Unilever Indonesia,2342.96,2432.39,2334.02,2414.5,23977800.0,2024-02-28
5355,UNVR.JK,Unilever Indonesia,2423.45,2441.33,2360.85,2441.33,33006500.0,2024-02-29
5356,UNVR.JK,Unilever Indonesia,2423.45,2441.33,2378.73,2441.33,13019300.0,2024-03-01
5357,UNVR.JK,Unilever Indonesia,2441.33,2450.27,2378.73,2387.68,9755100.0,2024-03-04
5358,UNVR.JK,Unilever Indonesia,2387.68,2405.56,2360.85,2387.68,9041900.0,2024-03-05
5359,UNVR.JK,Unilever Indonesia,2396.62,2432.39,2387.68,2405.56,8404900.0,2024-03-06
5360,UNVR.JK,Unilever Indonesia,2414.5,2441.33,2396.62,2441.33,18964900.0,2024-03-07
5361,UNVR.JK,Unilever Indonesia,2441.33,2450.27,2378.73,2378.73,9291000.0,2024-03-08
5362,UNVR.JK,Unilever Indonesia,2432.39,2432.39,2378.73,2432.39,18542100.0,2024-03-13
5363,UNVR.JK,Unilever Indonesia,2432.39,2432.39,2378.73,2405.56,23624800.0,2024-03-14
5364,UNVR.JK,Unilever Indonesia,2378.73,2405.56,2342.96,2360.85,31980100.0,2024-03-15
5365,UNVR.JK,Unilever Indonesia,2360.85,2503.93,2360.85,2477.1,31870900.0,2024-03-18
5366,UNVR.JK,Unilever Indonesia,2486.05,2494.99,2450.27,2450.27,7212400.0,2024-03-19
5367,UNVR.JK,Unilever Indonesia,2468.16,2521.82,2450.27,2468.16,20534200.0,2024-03-20
5368,UNVR.JK,Unilever Indonesia,2468.16,2486.05,2432.39,2432.39,10191700.0,2024-03-21
5369,UNVR.JK,Unilever Indonesia,2432.39,2459.22,2387.68,2432.39,12568600.0,2024-03-22
5370,UNVR.JK,Unilever Indonesia,2468.16,2468.16,2405.56,2468.16,9638300.0,2024-03-25
5371,UNVR.JK,Unilever Indonesia,2477.1,2477.1,2441.33,2477.1,12137600.0,2024-03-26
5372,UNVR.JK,Unilever Indonesia,2441.33,2477.1,2432.39,2441.33,8171400.0,2024-03-27
5373,UNVR.JK,Unilever Indonesia,2441.33,2450.27,2369.79,2414.5,22405000.0,2024-03-28
5374,UNVR.JK,Unilever Indonesia,2414.5,2441.33,2351.91,2441.33,10886900.0,2024-04-01
5375,UNVR.JK,Unilever Indonesia,2432.39,2450.27,2414.5,2450.27,7454900.0,2024-04-02
5376,UNVR.JK,Unilever Indonesia,2450.27,2450.27,2387.68,2405.56,10531600.0,2024-04-03
5377,UNVR.JK,Unilever Indonesia,2405.56,2494.99,2405.56,2423.45,15061600.0,2024-04-04
5378,UNVR.JK,Unilever Indonesia,2423.45,2441.33,2396.62,2396.62,4694500.0,2024-04-05
5379,UNVR.JK,Unilever Indonesia,2325.08,2351.91,2271.42,2271.42,20692600.0,2024-04-16
5380,UNVR.JK,Unilever Indonesia,2271.42,2280.37,2119.4,2119.4,35911000.0,2024-04-17
5381,UNVR.JK,Unilever Indonesia,2119.4,2173.05,2119.4,2137.28,13303400.0,2024-04-18
5382,UNVR.JK,Unilever Indonesia,2128.34,2182.0,2083.63,2128.34,13199200.0,2024-04-19
5383,UNVR.JK,Unilever Indonesia,2146.23,2173.05,2119.4,2155.17,6973300.0,2024-04-22
5384,UNVR.JK,Unilever Indonesia,2164.11,2173.05,2083.63,2083.63,13225400.0,2024-04-23
5385,UNVR.JK,Unilever Indonesia,2101.51,2164.11,2101.51,2137.28,14639700.0,2024-04-24
5386,UNVR.JK,Unilever Indonesia,2235.65,2405.56,2235.65,2360.85,49635500.0,2024-04-25
5387,UNVR.JK,Unilever Indonesia,2369.79,2459.22,2316.14,2316.14,31837700.0,2024-04-26
5388,UNVR.JK,Unilever Indonesia,2325.08,2334.02,2217.77,2316.14,20630300.0,2024-04-29
5389,UNVR.JK,Unilever Indonesia,2316.14,2387.68,2289.31,2342.96,21069900.0,2024-04-30
5390,UNVR.JK,Unilever Indonesia,2342.96,2360.85,2298.25,2360.85,12789700.0,2024-05-02
5391,UNVR.JK,Unilever Indonesia,2360.85,2369.79,2298.25,2325.08,12159100.0,2024-05-03
5392,UNVR.JK,Unilever Indonesia,2369.79,2369.79,2298.25,2325.08,4220900.0,2024-05-06
5393,UNVR.JK,Unilever Indonesia,2325.08,2325.08,2262.48,2271.42,8625300.0,2024-05-07
5394,UNVR.JK,Unilever Indonesia,2271.42,2307.19,2262.48,2289.31,11512500.0,2024-05-08
5395,UNVR.JK,Unilever Indonesia,2289.31,2405.56,2289.31,2369.79,23948700.0,2024-05-13
5396,UNVR.JK,Unilever Indonesia,2387.68,2423.45,2360.85,2414.5,10089800.0,2024-05-14
5397,UNVR.JK,Unilever Indonesia,2414.5,2423.45,2369.79,2396.62,7512400.0,2024-05-15
5398,UNVR.JK,Unilever Indonesia,2396.62,2414.5,2378.73,2414.5,8083900.0,2024-05-16
5399,UNVR.JK,Unilever Indonesia,2414.5,2459.22,2414.5,2423.45,9948800.0,2024-05-17
5400,UNVR.JK,Unilever Indonesia,2423.45,2459.22,2396.62,2414.5,6973900.0,2024-05-20
5401,UNVR.JK,Unilever Indonesia,2423.45,2602.3,2414.5,2602.3,44624100.0,2024-05-21
5402,UNVR.JK,Unilever Indonesia,2602.3,2763.27,2566.53,2736.44,50452500.0,2024-05-22
5403,UNVR.JK,Unilever Indonesia,2763.27,2924.23,2763.27,2915.29,54566200.0,2024-05-27
5404,UNVR.JK,Unilever Indonesia,2942.12,3031.54,2825.86,2933.18,29382200.0,2024-05-28
5405,UNVR.JK,Unilever Indonesia,2933.18,2933.18,2655.95,2691.72,28321900.0,2024-05-29
5406,UNVR.JK,Unilever Indonesia,2682.78,2852.69,2655.95,2781.15,32045000.0,2024-05-30
5407,UNVR.JK,Unilever Indonesia,2825.86,2888.46,2790.09,2790.09,93435800.0,2024-05-31
5408,UNVR.JK,Unilever Indonesia,2816.92,2852.69,2745.38,2754.32,16632800.0,2024-06-03
5409,UNVR.JK,Unilever Indonesia,2754.32,2861.63,2745.38,2799.04,20118800.0,2024-06-04
5410,UNVR.JK,Unilever Indonesia,2807.98,2825.86,2736.44,2745.38,15373900.0,2024-06-05
5411,UNVR.JK,Unilever Indonesia,2754.32,2834.81,2745.38,2754.32,9097200.0,2024-06-06
5412,UNVR.JK,Unilever Indonesia,2754.32,2772.21,2691.72,2691.72,18546500.0,2024-06-07
5413,UNVR.JK,Unilever Indonesia,2691.73,2825.86,2691.73,2745.38,16337700.0,2024-06-10
5414,UNVR.JK,Unilever Indonesia,2763.27,2790.09,2727.5,2736.44,9309500.0,2024-06-11
5415,UNVR.JK,Unilever Indonesia,2736.44,2790.09,2700.67,2736.44,9454500.0,2024-06-12
5416,UNVR.JK,Unilever Indonesia,2736.44,2790.09,2736.44,2736.44,11469600.0,2024-06-13
5417,UNVR.JK,Unilever Indonesia,2763.27,2870.58,2745.38,2861.64,31693600.0,2024-06-14
5418,UNVR.JK,Unilever Indonesia,2861.63,2861.63,2736.44,2745.38,26712400.0,2024-06-19
5419,UNVR.JK,Unilever Indonesia,2763.27,2772.21,2638.07,2718.55,15901600.0,2024-06-20
5420,UNVR.JK,Unilever Indonesia,2718.55,2772.21,2673.84,2673.84,31954300.0,2024-06-21
5421,UNVR.JK,Unilever Indonesia,2691.72,2736.44,2691.72,2691.72,11463100.0,2024-06-24
5422,UNVR.JK,Unilever Indonesia,2691.72,2709.61,2682.78,2691.72,6407300.0,2024-06-25
5423,UNVR.JK,Unilever Indonesia,2691.72,2727.5,2673.84,2691.72,10002000.0,2024-06-26
5424,UNVR.JK,Unilever Indonesia,2709.61,2772.21,2691.73,2754.32,11445600.0,2024-06-27
5425,UNVR.JK,Unilever Indonesia,2745.38,2772.21,2700.67,2700.67,22976500.0,2024-06-28
5426,UNVR.JK,Unilever Indonesia,2743.8,2752.97,2707.09,2716.27,19111600.0,2024-07-01
5427,UNVR.JK,Unilever Indonesia,2716.27,2734.62,2697.91,2725.44,18080200.0,2024-07-02
5428,UNVR.JK,Unilever Indonesia,2725.44,2725.44,2679.56,2697.91,13475700.0,2024-07-03
5429,UNVR.JK,Unilever Indonesia,2688.74,2707.09,2661.21,2679.56,9162800.0,2024-07-04
5430,UNVR.JK,Unilever Indonesia,2679.56,2697.91,2670.38,2670.38,3813800.0,2024-07-05
5431,UNVR.JK,Unilever Indonesia,2679.56,2798.86,2679.56,2798.86,13331300.0,2024-07-08
5432,UNVR.JK,Unilever Indonesia,2817.21,2826.39,2725.44,2752.97,9920600.0,2024-07-09
5433,UNVR.JK,Unilever Indonesia,2752.97,2762.15,2707.09,2716.27,7287100.0,2024-07-10
5434,UNVR.JK,Unilever Indonesia,2725.44,2743.8,2661.21,2661.21,15616700.0,2024-07-11
5435,UNVR.JK,Unilever Indonesia,2670.38,2707.09,2661.21,2679.56,8178100.0,2024-07-12
5436,UNVR.JK,Unilever Indonesia,2697.91,2707.09,2652.03,2688.74,11015000.0,2024-07-15
5437,UNVR.JK,Unilever Indonesia,2688.74,2688.74,2578.62,2578.62,16544200.0,2024-07-16
5438,UNVR.JK,Unilever Indonesia,2596.97,2642.86,2587.8,2624.5,6442600.0,2024-07-17
5439,UNVR.JK,Unilever Indonesia,2624.5,2642.86,2569.44,2569.44,15388600.0,2024-07-18
5440,UNVR.JK,Unilever Indonesia,2569.44,2596.97,2541.91,2569.44,13042200.0,2024-07-19
5441,UNVR.JK,Unilever Indonesia,2569.44,2596.97,2505.21,2514.38,11835200.0,2024-07-22
5442,UNVR.JK,Unilever Indonesia,2514.38,2541.91,2486.85,2505.21,9975200.0,2024-07-23
5443,UNVR.JK,Unilever Indonesia,2505.21,2514.38,2477.68,2496.03,8819600.0,2024-07-24
5444,UNVR.JK,Unilever Indonesia,2385.91,2413.44,2257.44,2284.97,49706400.0,2024-07-25
5445,UNVR.JK,Unilever Indonesia,2294.15,2312.5,2275.79,2284.97,10432400.0,2024-07-26
5446,UNVR.JK,Unilever Indonesia,2284.97,2312.5,2248.26,2257.44,15273200.0,2024-07-29
5447,UNVR.JK,Unilever Indonesia,2275.79,2275.79,2211.56,2229.91,13418000.0,2024-07-30
5448,UNVR.JK,Unilever Indonesia,2239.09,2248.26,2211.56,2239.09,12819500.0,2024-07-31
5449,UNVR.JK,Unilever Indonesia,2239.09,2303.32,2239.09,2294.15,12299900.0,2024-08-01
5450,UNVR.JK,Unilever Indonesia,2294.15,2330.85,2229.91,2229.91,12724200.0,2024-08-02
5451,UNVR.JK,Unilever Indonesia,2229.91,2248.26,2174.85,2211.56,12797900.0,2024-08-05
5452,UNVR.JK,Unilever Indonesia,2229.91,2284.97,2211.56,2257.44,13817000.0,2024-08-06
5453,UNVR.JK,Unilever Indonesia,2257.44,2275.79,2239.09,2275.79,7543700.0,2024-08-07
5454,UNVR.JK,Unilever Indonesia,2266.62,2294.15,2257.44,2257.44,6237100.0,2024-08-08
5455,UNVR.JK,Unilever Indonesia,2266.62,2284.97,2239.09,2257.44,4069500.0,2024-08-09
5456,UNVR.JK,Unilever Indonesia,2257.44,2275.79,2239.09,2257.44,6165000.0,2024-08-12
5457,UNVR.JK,Unilever Indonesia,2266.62,2266.62,2229.91,2248.26,9960500.0,2024-08-13
5458,UNVR.JK,Unilever Indonesia,2248.26,2257.44,2211.56,2229.91,19701700.0,2024-08-14
5459,UNVR.JK,Unilever Indonesia,2211.56,2229.91,2184.03,2184.03,14678100.0,2024-08-15
5460,UNVR.JK,Unilever Indonesia,2193.2,2211.56,2184.03,2193.2,15338700.0,2024-08-16
5461,UNVR.JK,Unilever Indonesia,2193.2,2211.56,2147.32,2165.67,27231100.0,2024-08-19
5462,UNVR.JK,Unilever Indonesia,2165.67,2211.56,2147.32,2174.85,47604400.0,2024-08-20
5463,UNVR.JK,Unilever Indonesia,2184.03,2229.91,2165.67,2165.67,58997300.0,2024-08-21
5464,UNVR.JK,Unilever Indonesia,2165.67,2193.2,2138.14,2156.5,23164600.0,2024-08-22
5465,UNVR.JK,Unilever Indonesia,2156.5,2184.03,2156.5,2156.5,17697600.0,2024-08-23
5466,UNVR.JK,Unilever Indonesia,2156.5,2184.03,2138.14,2156.5,20397600.0,2024-08-26
5467,UNVR.JK,Unilever Indonesia,2156.5,2165.67,2064.73,2101.44,53066300.0,2024-08-27
5468,UNVR.JK,Unilever Indonesia,2101.44,2101.44,2055.55,2064.73,33915800.0,2024-08-28
5469,UNVR.JK,Unilever Indonesia,2064.73,2092.26,2055.55,2055.55,16896700.0,2024-08-29
5470,UNVR.JK,Unilever Indonesia,2055.55,2092.26,2055.55,2083.08,35048000.0,2024-08-30
5471,UNVR.JK,Unilever Indonesia,2092.26,2138.14,2073.91,2101.44,33193700.0,2024-09-02
5472,UNVR.JK,Unilever Indonesia,2101.44,2110.61,2064.73,2064.73,20121900.0,2024-09-03
5473,UNVR.JK,Unilever Indonesia,2064.73,2073.91,2046.38,2055.55,17653400.0,2024-09-04
5474,UNVR.JK,Unilever Indonesia,2055.55,2064.73,2037.2,2037.2,19923600.0,2024-09-05
5475,UNVR.JK,Unilever Indonesia,2037.2,2064.73,2018.85,2037.2,22143400.0,2024-09-06
5476,UNVR.JK,Unilever Indonesia,2037.2,2046.38,1991.32,2009.67,28639100.0,2024-09-09
5477,UNVR.JK,Unilever Indonesia,2009.67,2055.55,2009.67,2028.02,15566300.0,2024-09-10
5478,UNVR.JK,Unilever Indonesia,2028.02,2083.08,2009.67,2009.67,19451900.0,2024-09-11
5479,UNVR.JK,Unilever Indonesia,2018.85,2055.55,2009.67,2037.2,19386200.0,2024-09-12
5480,UNVR.JK,Unilever Indonesia,2037.2,2046.38,2000.49,2018.85,22249000.0,2024-09-13
5481,UNVR.JK,Unilever Indonesia,2018.85,2028.02,1991.32,2000.49,16822800.0,2024-09-17
5482,UNVR.JK,Unilever Indonesia,2009.67,2028.02,2000.49,2028.02,14504400.0,2024-09-18
5483,UNVR.JK,Unilever Indonesia,2028.02,2110.61,2018.85,2018.85,71191900.0,2024-09-19
5484,UNVR.JK,Unilever Indonesia,2018.85,2028.02,1991.32,1991.32,41017800.0,2024-09-20
5485,UNVR.JK,Unilever Indonesia,2009.67,2028.02,1991.32,2028.02,17520500.0,2024-09-23
5486,UNVR.JK,Unilever Indonesia,2037.2,2083.08,2028.02,2073.91,25946800.0,2024-09-24
5487,UNVR.JK,Unilever Indonesia,2073.91,2110.61,2055.55,2110.61,36252700.0,2024-09-25
5488,UNVR.JK,Unilever Indonesia,2110.61,2119.79,2073.91,2110.61,24682000.0,2024-09-26
5489,UNVR.JK,Unilever Indonesia,2119.79,2147.32,2083.08,2083.08,38117300.0,2024-09-27
5490,UNVR.JK,Unilever Indonesia,2083.08,2101.44,2028.02,2028.02,29424700.0,2024-09-30
5491,UNVR.JK,Unilever Indonesia,2046.38,2055.55,2009.67,2028.02,19633500.0,2024-10-01
5492,UNVR.JK,Unilever Indonesia,2018.85,2028.02,1982.14,1991.32,28428400.0,2024-10-02
5493,UNVR.JK,Unilever Indonesia,1991.32,2018.85,1963.79,2009.67,17310900.0,2024-10-03
5494,UNVR.JK,Unilever Indonesia,2009.67,2018.85,1991.32,1991.32,8635300.0,2024-10-04
5495,UNVR.JK,Unilever Indonesia,2000.49,2083.08,2000.49,2083.08,27472500.0,2024-10-07
5496,UNVR.JK,Unilever Indonesia,2083.08,2138.14,2055.55,2119.79,31078200.0,2024-10-08
5497,UNVR.JK,Unilever Indonesia,2119.79,2156.5,2092.26,2092.26,24865600.0,2024-10-09
5498,UNVR.JK,Unilever Indonesia,2119.79,2128.97,2073.91,2092.26,11655300.0,2024-10-10
5499,UNVR.JK,Unilever Indonesia,2092.26,2110.61,2055.55,2083.08,11215100.0,2024-10-11
5500,UNVR.JK,Unilever Indonesia,2083.08,2128.97,2064.73,2128.97,15728600.0,2024-10-14
5501,UNVR.JK,Unilever Indonesia,2128.97,2184.03,2119.79,2156.5,40827200.0,2024-10-15
5502,UNVR.JK,Unilever Indonesia,2174.85,2239.09,2128.97,2239.09,43977800.0,2024-10-16
5503,UNVR.JK,Unilever Indonesia,2202.38,2211.56,2174.85,2174.85,21524500.0,2024-10-17
5504,UNVR.JK,Unilever Indonesia,2174.85,2174.85,2138.14,2138.14,12024900.0,2024-10-18
5505,UNVR.JK,Unilever Indonesia,2147.32,2174.85,2110.61,2138.14,20893700.0,2024-10-21
5506,UNVR.JK,Unilever Indonesia,2138.14,2165.67,2119.79,2128.97,21455700.0,2024-10-22
5507,UNVR.JK,Unilever Indonesia,2128.97,2147.32,2101.44,2138.14,12440600.0,2024-10-23
5508,UNVR.JK,Unilever Indonesia,1991.32,2018.85,1927.08,1954.61,81409800.0,2024-10-24
5509,UNVR.JK,Unilever Indonesia,1954.61,1982.14,1927.08,1927.08,30244700.0,2024-10-25
5510,UNVR.JK,Unilever Indonesia,1927.08,1936.26,1853.67,1853.67,23210300.0,2024-10-28
5511,UNVR.JK,Unilever Indonesia,1853.67,1890.38,1826.14,1853.67,31036200.0,2024-10-29
5512,UNVR.JK,Unilever Indonesia,1853.67,1853.67,1798.61,1798.61,29695000.0,2024-10-30
5513,UNVR.JK,Unilever Indonesia,1798.61,1821.55,1798.61,1803.2,12410700.0,2024-10-31
5514,UNVR.JK,Unilever Indonesia,1803.2,1807.79,1789.43,1794.02,9685800.0,2024-11-01
5515,UNVR.JK,Unilever Indonesia,1794.02,1798.61,1716.02,1716.02,22080600.0,2024-11-04
5516,UNVR.JK,Unilever Indonesia,1716.02,1738.96,1633.43,1633.43,44741100.0,2024-11-05
5517,UNVR.JK,Unilever Indonesia,1628.84,1642.61,1601.31,1610.49,35209700.0,2024-11-06
5518,UNVR.JK,Unilever Indonesia,1610.49,1638.02,1592.14,1592.14,19840000.0,2024-11-07
5519,UNVR.JK,Unilever Indonesia,1601.31,1628.84,1596.73,1615.08,19093300.0,2024-11-08
5520,UNVR.JK,Unilever Indonesia,1619.67,1624.25,1592.14,1596.72,22473500.0,2024-11-11
5521,UNVR.JK,Unilever Indonesia,1601.31,1674.73,1596.73,1674.73,24318400.0,2024-11-12
5522,UNVR.JK,Unilever Indonesia,1738.96,1738.96,1651.78,1651.78,22535900.0,2024-11-13
5523,UNVR.JK,Unilever Indonesia,1651.78,1665.55,1624.25,1624.25,12795300.0,2024-11-14
5524,UNVR.JK,Unilever Indonesia,1624.25,1697.67,1624.25,1693.08,25035400.0,2024-11-15
5525,UNVR.JK,Unilever Indonesia,1697.67,1697.67,1656.37,1670.14,9937400.0,2024-11-18
5526,UNVR.JK,Unilever Indonesia,1670.14,1683.9,1656.37,1656.37,7647900.0,2024-11-19
5527,UNVR.JK,Unilever Indonesia,1656.37,1679.31,1651.78,1656.37,8032900.0,2024-11-20
5528,UNVR.JK,Unilever Indonesia,1651.78,1670.14,1596.72,1596.72,21864200.0,2024-11-21
5529,UNVR.JK,Unilever Indonesia,1610.49,1660.96,1605.9,1647.2,11683400.0,2024-11-22
5530,UNVR.JK,Unilever Indonesia,1660.96,1757.32,1660.96,1757.32,51638500.0,2024-11-25
5531,UNVR.JK,Unilever Indonesia,1761.9,1775.67,1716.02,1716.02,25359300.0,2024-11-26
5532,UNVR.JK,Unilever Indonesia,1743.55,1780.26,1729.79,1729.79,18645200.0,2024-11-28
5533,UNVR.JK,Unilever Indonesia,1729.79,1748.14,1702.26,1711.43,15027900.0,2024-11-29
5534,UNVR.JK,Unilever Indonesia,1697.67,1743.55,1697.67,1720.61,8835100.0,2024-12-02
5535,UNVR.JK,Unilever Indonesia,1725.2,1743.55,1706.84,1720.61,8008800.0,2024-12-03
5536,UNVR.JK,Unilever Indonesia,1711.43,1761.9,1706.84,1752.73,11996400.0,2024-12-04
5537,UNVR.JK,Unilever Indonesia,1772.42,1772.42,1734.91,1758.35,6319800.0,2024-12-05
5538,UNVR.JK,Unilever Indonesia,1758.35,1767.73,1744.29,1753.66,3507600.0,2024-12-06
5539,UNVR.JK,Unilever Indonesia,1753.66,1795.87,1748.98,1777.11,7794200.0,2024-12-09
5540,UNVR.JK,Unilever Indonesia,1791.18,1913.09,1781.8,1875.58,39307500.0,2024-12-10
5541,UNVR.JK,Unilever Indonesia,1875.58,1894.33,1824.0,1824.0,19931300.0,2024-12-11
5542,UNVR.JK,Unilever Indonesia,1828.69,1833.38,1786.49,1786.49,7574000.0,2024-12-12
5543,UNVR.JK,Unilever Indonesia,1786.49,1786.49,1739.6,1753.66,8899500.0,2024-12-13
5544,UNVR.JK,Unilever Indonesia,1753.66,1753.66,1706.78,1711.46,7627000.0,2024-12-16
5545,UNVR.JK,Unilever Indonesia,1697.4,1716.15,1650.51,1650.51,17086100.0,2024-12-17
5546,UNVR.JK,Unilever Indonesia,1673.95,1706.78,1641.13,1692.71,10167000.0,2024-12-18
5547,UNVR.JK,Unilever Indonesia,1683.33,1683.33,1650.51,1659.89,6313900.0,2024-12-19
5548,UNVR.JK,Unilever Indonesia,1659.89,1673.95,1641.13,1641.13,16051300.0,2024-12-20
5549,UNVR.JK,Unilever Indonesia,1655.2,1683.33,1645.82,1673.95,5679500.0,2024-12-23
5550,UNVR.JK,Unilever Indonesia,1673.95,1706.78,1669.26,1669.26,3695800.0,2024-12-24
5551,UNVR.JK,Unilever Indonesia,1673.95,1744.29,1669.26,1725.53,9226300.0,2024-12-27
5552,UNVR.JK,Unilever Indonesia,1725.53,1772.42,1706.78,1767.73,9186900.0,2024-12-30
5553,UNVR.JK,Unilever Indonesia,1781.8,1781.8,1706.78,1720.84,6628000.0,2025-01-02
5554,UNVR.JK,Unilever Indonesia,1720.84,1725.53,1664.57,1664.57,22048300.0,2025-01-03
5555,UNVR.JK,Unilever Indonesia,1664.57,1692.71,1636.44,1636.44,8325600.0,2025-01-06
5556,UNVR.JK,Unilever Indonesia,1641.13,1669.26,1641.13,1669.26,6024700.0,2025-01-07
5557,UNVR.JK,Unilever Indonesia,1669.26,1669.26,1617.69,1617.69,10493000.0,2025-01-08
5558,UNVR.JK,Unilever Indonesia,1617.69,1636.44,1584.86,1584.86,6587100.0,2025-01-09
5559,UNVR.JK,Unilever Indonesia,1589.55,1608.31,1580.17,1598.93,6937800.0,2025-01-10
5560,UNVR.JK,Unilever Indonesia,1603.62,1636.44,1598.93,1613.0,6631600.0,2025-01-13
5561,UNVR.JK,Unilever Indonesia,1613.0,1678.64,1613.0,1636.44,13966800.0,2025-01-14
5562,UNVR.JK,Unilever Indonesia,1636.44,1655.2,1627.06,1627.06,7251900.0,2025-01-15
5563,UNVR.JK,Unilever Indonesia,1641.13,1678.64,1636.44,1673.95,12071200.0,2025-01-16
5564,UNVR.JK,Unilever Indonesia,1673.95,1678.64,1655.2,1678.64,3435700.0,2025-01-17
5565,UNVR.JK,Unilever Indonesia,1678.64,1678.64,1641.13,1641.13,5138200.0,2025-01-20
5566,UNVR.JK,Unilever Indonesia,1650.51,1659.89,1622.37,1622.37,6381600.0,2025-01-21
5567,UNVR.JK,Unilever Indonesia,1622.37,1641.13,1589.55,1589.55,11612400.0,2025-01-22
5568,UNVR.JK,Unilever Indonesia,1594.24,1631.75,1594.24,1631.75,12035700.0,2025-01-23
5569,UNVR.JK,Unilever Indonesia,1636.44,1636.44,1584.86,1584.86,7185100.0,2025-01-24
5570,UNVR.JK,Unilever Indonesia,1584.86,1584.86,1542.66,1547.35,8535800.0,2025-01-30
5571,UNVR.JK,Unilever Indonesia,1547.35,1556.73,1528.6,1528.6,12703300.0,2025-01-31
5572,UNVR.JK,Unilever Indonesia,1533.28,1537.97,1481.71,1481.71,12109000.0,2025-02-03
5573,UNVR.JK,Unilever Indonesia,1481.71,1519.22,1462.95,1467.64,9816400.0,2025-02-04
5574,UNVR.JK,Unilever Indonesia,1467.64,1477.02,1453.57,1467.64,7078900.0,2025-02-05
5575,UNVR.JK,Unilever Indonesia,1467.64,1467.64,1406.68,1416.06,11260100.0,2025-02-06
5576,UNVR.JK,Unilever Indonesia,1416.06,1416.06,1336.35,1336.35,23092400.0,2025-02-07
5577,UNVR.JK,Unilever Indonesia,1336.35,1448.88,1336.35,1411.37,22972400.0,2025-02-10
5578,UNVR.JK,Unilever Indonesia,1430.13,1434.82,1336.35,1336.35,12501100.0,2025-02-11
5579,UNVR.JK,Unilever Indonesia,1336.35,1355.1,1284.77,1289.46,47552000.0,2025-02-12
5580,UNVR.JK,Unilever Indonesia,1284.77,1331.66,1209.75,1326.97,74244500.0,2025-02-13
5581,UNVR.JK,Unilever Indonesia,1331.66,1406.68,1331.66,1373.86,30530500.0,2025-02-14
5582,UNVR.JK,Unilever Indonesia,1383.24,1406.68,1336.35,1350.42,30852000.0,2025-02-17
5583,UNVR.JK,Unilever Indonesia,1350.42,1369.17,1331.66,1359.79,24087300.0,2025-02-18
5584,UNVR.JK,Unilever Indonesia,1359.79,1359.79,1289.46,1289.46,36371600.0,2025-02-19
5585,UNVR.JK,Unilever Indonesia,1294.15,1317.59,1247.26,1266.01,29020400.0,2025-02-20
5586,UNVR.JK,Unilever Indonesia,1261.33,1270.7,1209.75,1209.75,37424600.0,2025-02-21
5587,UNVR.JK,Unilever Indonesia,1214.44,1223.81,1176.92,1186.3,33750800.0,2025-02-24
5588,UNVR.JK,Unilever Indonesia,1162.86,1176.92,1078.46,1078.46,116532600.0,2025-02-25
5589,UNVR.JK,Unilever Indonesia,1087.83,1148.79,1083.15,1125.35,123211400.0,2025-02-26
5590,UNVR.JK,Unilever Indonesia,1139.41,1186.3,1111.28,1125.35,64065200.0,2025-02-27
5591,UNVR.JK,Unilever Indonesia,1125.35,1134.72,951.86,951.86,785826000.0,2025-02-28
5592,UNVR.JK,Unilever Indonesia,923.72,1139.41,923.72,1055.01,505933700.0,2025-03-03
5593,UNVR.JK,Unilever Indonesia,1055.01,1087.83,1008.12,1022.19,169188900.0,2025-03-04
5594,UNVR.JK,Unilever Indonesia,1026.88,1111.28,1026.88,1050.32,152284100.0,2025-03-05
5595,UNVR.JK,Unilever Indonesia,1059.7,1092.52,1040.95,1069.08,75420000.0,2025-03-06
5596,UNVR.JK,Unilever Indonesia,1078.46,1162.86,1078.46,1125.35,116830700.0,2025-03-07
5597,UNVR.JK,Unilever Indonesia,1130.04,1153.48,1101.9,1106.59,73948200.0,2025-03-10
5598,UNVR.JK,Unilever Indonesia,1097.21,1125.35,1073.77,1115.97,35888100.0,2025-03-11
5599,UNVR.JK,Unilever Indonesia,1125.35,1134.72,1078.46,1078.46,59364000.0,2025-03-12
5600,UNVR.JK,Unilever Indonesia,1087.83,1200.37,1083.15,1181.61,123437300.0,2025-03-13
5601,UNVR.JK,Unilever Indonesia,1190.99,1251.95,1181.61,1219.13,148060700.0,2025-03-14
5602,UNVR.JK,Unilever Indonesia,1228.5,1289.46,1223.81,1280.08,98617100.0,2025-03-17
5603,UNVR.JK,Unilever Indonesia,1280.08,1294.15,1219.13,1275.39,112819800.0,2025-03-18
5604,UNVR.JK,Unilever Indonesia,1275.39,1331.66,1251.95,1275.39,84280900.0,2025-03-19
5605,UNVR.JK,Unilever Indonesia,1280.08,1284.77,1214.44,1223.81,72533700.0,2025-03-20
5606,UNVR.JK,Unilever Indonesia,1223.81,1247.26,1176.92,1214.44,76199400.0,2025-03-21
5607,UNVR.JK,Unilever Indonesia,1195.68,1209.75,1148.79,1172.24,34134300.0,2025-03-24
5608,UNVR.JK,Unilever Indonesia,1176.92,1195.68,1144.1,1167.55,26275100.0,2025-03-25
5609,UNVR.JK,Unilever Indonesia,1162.86,1195.68,1158.17,1162.86,24278400.0,2025-03-26
5610,UNVR.JK,Unilever Indonesia,1162.86,1205.06,1148.79,1186.3,24029300.0,2025-03-27
5611,UNVR.JK,Unilever Indonesia,1078.46,1106.59,1055.01,1106.59,43015400.0,2025-04-08
5612,UNVR.JK,Unilever Indonesia,1092.52,1144.1,1064.39,1083.15,37069200.0,2025-04-09
5613,UNVR.JK,Unilever Indonesia,1134.72,1205.06,1120.66,1205.06,43797500.0,2025-04-10
5614,UNVR.JK,Unilever Indonesia,1195.68,1256.64,1176.92,1228.5,27972400.0,2025-04-11
5615,UNVR.JK,Unilever Indonesia,1228.5,1331.66,1228.5,1275.39,49982800.0,2025-04-14
5616,UNVR.JK,Unilever Indonesia,1289.46,1294.15,1242.57,1247.26,30552000.0,2025-04-15
5617,UNVR.JK,Unilever Indonesia,1251.95,1270.7,1219.13,1237.88,21173800.0,2025-04-16
5618,UNVR.JK,Unilever Indonesia,1251.95,1261.33,1223.81,1237.88,18038000.0,2025-04-17
5619,UNVR.JK,Unilever Indonesia,1237.88,1326.97,1228.5,1261.33,43443800.0,2025-04-21
5620,UNVR.JK,Unilever Indonesia,1266.01,1312.9,1251.95,1298.84,31082500.0,2025-04-22
5621,UNVR.JK,Unilever Indonesia,1322.28,1359.79,1303.53,1336.35,57026800.0,2025-04-23
5622,UNVR.JK,Unilever Indonesia,1359.79,1406.68,1345.73,1401.99,77362800.0,2025-04-24
5623,UNVR.JK,Unilever Indonesia,1434.82,1748.98,1434.82,1641.13,238892100.0,2025-04-25
5624,UNVR.JK,Unilever Indonesia,1650.51,1683.33,1547.35,1561.42,80356100.0,2025-04-28
5625,UNVR.JK,Unilever Indonesia,1561.42,1594.24,1542.66,1575.48,31457700.0,2025-04-29
5626,UNVR.JK,Unilever Indonesia,1575.48,1641.13,1561.42,1608.31,50952000.0,2025-04-30
5627,UNVR.JK,Unilever Indonesia,1613.0,1664.57,1594.24,1645.82,44238500.0,2025-05-02
5628,UNVR.JK,Unilever Indonesia,1645.82,1734.91,1641.13,1664.57,47018900.0,2025-05-05
5629,UNVR.JK,Unilever Indonesia,1678.64,1720.84,1669.26,1720.84,30049700.0,2025-05-06
5630,UNVR.JK,Unilever Indonesia,1734.91,1744.29,1697.4,1697.4,22389700.0,2025-05-07
5631,UNVR.JK,Unilever Indonesia,1697.4,1697.4,1641.13,1669.26,36530300.0,2025-05-08
5632,UNVR.JK,Unilever Indonesia,1650.51,1702.09,1645.82,1669.26,14223700.0,2025-05-09
5633,UNVR.JK,Unilever Indonesia,1669.26,1706.78,1655.2,1673.95,24584500.0,2025-05-14
5634,UNVR.JK,Unilever Indonesia,1673.95,1711.46,1673.95,1678.64,18453900.0,2025-05-15
5635,UNVR.JK,Unilever Indonesia,1706.78,1706.78,1645.82,1655.2,21422400.0,2025-05-16
5636,UNVR.JK,Unilever Indonesia,1659.89,1673.95,1608.31,1655.2,32689200.0,2025-05-19
5637,UNVR.JK,Unilever Indonesia,1659.89,1669.26,1598.93,1603.62,31119800.0,2025-05-20
5638,UNVR.JK,Unilever Indonesia,1598.93,1650.51,1566.11,1650.51,27634600.0,2025-05-21
5639,UNVR.JK,Unilever Indonesia,1650.51,1739.6,1627.06,1702.09,86079500.0,2025-05-22
5640,UNVR.JK,Unilever Indonesia,1669.26,1692.71,1669.26,1673.95,12099800.0,2025-05-23
5641,UNVR.JK,Unilever Indonesia,1673.95,1692.71,1650.51,1655.2,18393000.0,2025-05-26
5642,UNVR.JK,Unilever Indonesia,1655.2,1678.64,1631.75,1631.75,14533400.0,2025-05-27
5643,UNVR.JK,Unilever Indonesia,1636.44,1641.13,1603.62,1622.37,25197600.0,2025-05-28
5644,UNVR.JK,Unilever Indonesia,1622.37,1655.2,1603.62,1622.37,26515500.0,2025-06-02
5645,UNVR.JK,Unilever Indonesia,1613.0,1655.2,1580.17,1584.86,31456000.0,2025-06-03
5646,UNVR.JK,Unilever Indonesia,1613.0,1627.06,1537.97,1542.66,31712900.0,2025-06-04
5647,UNVR.JK,Unilever Indonesia,1552.04,1552.04,1505.15,1523.91,17144300.0,2025-06-05
5648,UNVR.JK,Unilever Indonesia,1523.91,1561.42,1509.84,1519.22,16264300.0,2025-06-10
5649,UNVR.JK,Unilever Indonesia,1528.6,1533.28,1495.77,1514.53,23130800.0,2025-06-11
5650,UNVR.JK,Unilever Indonesia,1509.84,1547.35,1500.46,1523.91,23384800.0,2025-06-12
5651,UNVR.JK,Unilever Indonesia,1523.91,1523.91,1448.88,1462.95,34564600.0,2025-06-13
5652,UNVR.JK,Unilever Indonesia,1464.88,1484.22,1431.04,1450.38,32740100.0,2025-06-16
5653,UNVR.JK,Unilever Indonesia,1450.38,1450.38,1416.54,1431.04,21223700.0,2025-06-17
5654,UNVR.JK,Unilever Indonesia,1426.21,1426.21,1377.86,1421.37,27062700.0,2025-06-18
5655,UNVR.JK,Unilever Indonesia,1411.7,1421.37,1373.03,1402.03,27276600.0,2025-06-19
5656,UNVR.JK,Unilever Indonesia,1392.36,1406.87,1334.35,1334.35,31257500.0,2025-06-20
5657,UNVR.JK,Unilever Indonesia,1295.67,1344.02,1261.83,1319.85,48228000.0,2025-06-23
5658,UNVR.JK,Unilever Indonesia,1353.69,1416.54,1353.69,1397.2,47068000.0,2025-06-24
5659,UNVR.JK,Unilever Indonesia,1421.37,1421.37,1382.7,1406.87,24246700.0,2025-06-25
5660,UNVR.JK,Unilever Indonesia,1402.03,1411.7,1377.86,1411.7,9127100.0,2025-06-26
5661,UNVR.JK,Unilever Indonesia,1426.21,1426.21,1402.03,1402.03,17199800.0,2025-06-30
5662,UNVR.JK,Unilever Indonesia,1397.2,1435.88,1382.7,1421.37,22311700.0,2025-07-01
5663,UNVR.JK,Unilever Indonesia,1431.04,1479.39,1402.03,1421.37,37642300.0,2025-07-02
5664,UNVR.JK,Unilever Indonesia,1421.37,1571.25,1406.87,1542.24,55965500.0,2025-07-03
5665,UNVR.JK,Unilever Indonesia,1547.07,1551.91,1464.88,1493.89,38933100.0,2025-07-04
5666,UNVR.JK,Unilever Indonesia,1513.23,1518.06,1474.55,1508.4,16928200.0,2025-07-07
5667,UNVR.JK,Unilever Indonesia,1508.4,1508.4,1464.88,1469.72,18964100.0,2025-07-08
5668,UNVR.JK,Unilever Indonesia,1469.72,1469.72,1435.88,1464.88,8633400.0,2025-07-09
5669,UNVR.JK,Unilever Indonesia,1464.88,1547.07,1435.88,1527.73,38371900.0,2025-07-10
5670,UNVR.JK,Unilever Indonesia,1532.57,1566.41,1518.06,1522.9,30404800.0,2025-07-11
5671,UNVR.JK,Unilever Indonesia,1522.9,1547.07,1498.73,1522.9,12776800.0,2025-07-14
5672,UNVR.JK,Unilever Indonesia,1522.9,1527.73,1493.89,1518.06,9128300.0,2025-07-15
5673,UNVR.JK,Unilever Indonesia,1513.23,1522.9,1489.06,1508.4,14183800.0,2025-07-16
5674,UNVR.JK,Unilever Indonesia,1508.4,1556.74,1498.73,1522.9,24874600.0,2025-07-17
5675,UNVR.JK,Unilever Indonesia,1527.73,1542.24,1460.05,1460.05,23315100.0,2025-07-18
5676,UNVR.JK,Unilever Indonesia,1464.88,1537.4,1464.88,1498.73,25039900.0,2025-07-21
5677,UNVR.JK,Unilever Indonesia,1498.73,1532.57,1498.73,1518.06,15936600.0,2025-07-22
5678,UNVR.JK,Unilever Indonesia,1527.73,1537.4,1484.22,1518.06,15743800.0,2025-07-23
5679,UNVR.JK,Unilever Indonesia,1518.06,1571.25,1518.06,1532.57,24659800.0,2025-07-24
5680,UNVR.JK,Unilever Indonesia,1542.24,1556.74,1489.06,1493.89,14119700.0,2025-07-25
5681,UNVR.JK,Unilever Indonesia,1493.89,1527.73,1493.89,1503.56,26625700.0,2025-07-28
5682,UNVR.JK,Unilever Indonesia,1508.4,1522.9,1489.06,1503.56,29894600.0,2025-07-29
5683,UNVR.JK,Unilever Indonesia,1503.56,1508.4,1474.55,1479.39,16040100.0,2025-07-30
5684,UNVR.JK,Unilever Indonesia,1518.06,1682.44,1474.55,1653.43,213621800.0,2025-07-31
5685,UNVR.JK,Unilever Indonesia,1648.6,1721.12,1634.09,1711.45,99467400.0,2025-08-01
5686,UNVR.JK,Unilever Indonesia,1716.28,1725.95,1677.61,1701.78,37102700.0,2025-08-04
5687,UNVR.JK,Unilever Indonesia,1701.78,1774.3,1692.11,1740.46,85662300.0,2025-08-05
5688,UNVR.JK,Unilever Indonesia,1740.46,1740.46,1677.61,1677.61,33639400.0,2025-08-06
5689,UNVR.JK,Unilever Indonesia,1677.61,1711.45,1677.61,1706.61,15105200.0,2025-08-07
5690,UNVR.JK,Unilever Indonesia,1706.61,1735.62,1677.61,1692.11,12034100.0,2025-08-08
5691,UNVR.JK,Unilever Indonesia,1696.94,1721.12,1692.11,1701.78,18272400.0,2025-08-11
5692,UNVR.JK,Unilever Indonesia,1701.78,1759.79,1701.78,1730.79,38523100.0,2025-08-12
5693,UNVR.JK,Unilever Indonesia,1740.46,1764.63,1716.28,1725.95,26026700.0,2025-08-13
5694,UNVR.JK,Unilever Indonesia,1735.62,1851.65,1730.79,1769.46,85270700.0,2025-08-14
5695,UNVR.JK,Unilever Indonesia,1769.46,1779.13,1692.11,1692.11,36984000.0,2025-08-15
5696,UNVR.JK,Unilever Indonesia,1696.94,1783.97,1696.94,1769.46,40630500.0,2025-08-19
5697,UNVR.JK,Unilever Indonesia,1769.46,1779.13,1725.95,1745.29,21223900.0,2025-08-20
5698,UNVR.JK,Unilever Indonesia,1740.46,1769.46,1740.46,1754.96,10486800.0,2025-08-21
5699,UNVR.JK,Unilever Indonesia,1769.46,1769.46,1711.45,1711.45,14344500.0,2025-08-22
5700,UNVR.JK,Unilever Indonesia,1716.28,1750.13,1711.45,1716.28,10311100.0,2025-08-25
5701,UNVR.JK,Unilever Indonesia,1716.28,1740.46,1692.11,1730.79,14548700.0,2025-08-26
5702,UNVR.JK,Unilever Indonesia,1730.79,1735.62,1677.61,1696.94,15955700.0,2025-08-27
5703,UNVR.JK,Unilever Indonesia,1696.94,1701.78,1687.28,1692.11,13246200.0,2025-08-28
5704,UNVR.JK,Unilever Indonesia,1672.77,1672.77,1634.1,1643.76,24836500.0,2025-08-29
5705,UNVR.JK,Unilever Indonesia,1595.42,1653.43,1590.58,1643.76,15262900.0,2025-09-01
5706,UNVR.JK,Unilever Indonesia,1643.76,1687.28,1643.76,1643.76,15840700.0,2025-09-02
5707,UNVR.JK,Unilever Indonesia,1643.76,1672.77,1643.76,1653.43,11426700.0,2025-09-03
5708,UNVR.JK,Unilever Indonesia,1648.6,1677.61,1643.76,1648.6,27702300.0,2025-09-04
5709,UNVR.JK,Unilever Indonesia,1648.6,1658.27,1629.26,1638.93,38625200.0,2025-09-08
5710,UNVR.JK,Unilever Indonesia,1638.93,1638.93,1590.58,1600.25,54269100.0,2025-09-09
5711,UNVR.JK,Unilever Indonesia,1614.76,1663.1,1605.09,1643.76,26787800.0,2025-09-10
5712,UNVR.JK,Unilever Indonesia,1667.94,1687.28,1653.43,1663.1,10286400.0,2025-09-11
5713,UNVR.JK,Unilever Indonesia,1663.1,1667.94,1634.1,1638.93,10326000.0,2025-09-12
5714,UNVR.JK,Unilever Indonesia,1638.93,1672.77,1629.26,1634.1,44103900.0,2025-09-15
5715,UNVR.JK,Unilever Indonesia,1643.76,1711.45,1638.93,1682.44,28476400.0,2025-09-16
5716,UNVR.JK,Unilever Indonesia,1682.44,1706.61,1658.27,1677.61,12700500.0,2025-09-17
5717,UNVR.JK,Unilever Indonesia,1687.28,1696.94,1648.6,1653.43,11695200.0,2025-09-18
5718,UNVR.JK,Unilever Indonesia,1658.27,1667.94,1643.76,1658.27,22797600.0,2025-09-19
5719,UNVR.JK,Unilever Indonesia,1667.94,1672.77,1653.43,1658.27,12021400.0,2025-09-22
5720,UNVR.JK,Unilever Indonesia,1667.94,1721.12,1643.76,1716.28,29171000.0,2025-09-23
5721,UNVR.JK,Unilever Indonesia,1740.46,1745.29,1672.77,1677.61,23291800.0,2025-09-24
5722,UNVR.JK,Unilever Indonesia,1658.27,1721.12,1658.27,1677.61,14402500.0,2025-09-25
5723,UNVR.JK,Unilever Indonesia,1721.12,1875.83,1716.28,1769.46,134223700.0,2025-09-26
5724,UNVR.JK,Unilever Indonesia,1769.46,1779.13,1692.11,1701.78,37519500.0,2025-09-29
5725,UNVR.JK,Unilever Indonesia,1692.11,1730.79,1677.61,1721.12,23784800.0,2025-09-30
5726,UNVR.JK,Unilever Indonesia,1711.45,1754.96,1687.28,1721.12,22048100.0,2025-10-01
5727,UNVR.JK,Unilever Indonesia,1725.95,1798.47,1706.61,1730.79,24568600.0,2025-10-02
5728,UNVR.JK,Unilever Indonesia,1730.79,1812.98,1725.95,1774.3,33563100.0,2025-10-03
5729,UNVR.JK,Unilever Indonesia,1788.8,1827.48,1759.79,1798.47,22207000.0,2025-10-06
5730,UNVR.JK,Unilever Indonesia,1798.47,1822.64,1750.13,1769.46,27722000.0,2025-10-07
5731,UNVR.JK,Unilever Indonesia,1779.13,1817.81,1764.63,1793.64,15182700.0,2025-10-08
5732,UNVR.JK,Unilever Indonesia,1803.31,1909.67,1803.31,1851.65,78749900.0,2025-10-09
5733,UNVR.JK,Unilever Indonesia,1870.99,1875.83,1827.48,1837.15,14263100.0,2025-10-10
5734,UNVR.JK,Unilever Indonesia,1808.14,1837.15,1754.96,1788.8,25615900.0,2025-10-13
5735,UNVR.JK,Unilever Indonesia,1808.14,1808.14,1740.46,1740.46,26174800.0,2025-10-14
5736,UNVR.JK,Unilever Indonesia,1764.63,1793.64,1750.13,1774.3,23439100.0,2025-10-15
5737,UNVR.JK,Unilever Indonesia,1798.47,1953.18,1798.47,1919.34,80433300.0,2025-10-16
5738,UNVR.JK,Unilever Indonesia,1919.34,1929.01,1822.64,1837.15,51732500.0,2025-10-17
5739,UNVR.JK,Unilever Indonesia,1870.99,2059.54,1870.99,2011.19,86711600.0,2025-10-20
5740,UNVR.JK,Unilever Indonesia,2030.53,2040.2,1953.18,1982.19,29597600.0,2025-10-21
5741,UNVR.JK,Unilever Indonesia,1982.19,2078.88,1953.18,2001.52,49090900.0,2025-10-22
5742,UNVR.JK,Unilever Indonesia,2107.89,2194.91,2069.21,2185.24,130049800.0,2025-10-23
5743,UNVR.JK,Unilever Indonesia,2185.24,2610.68,2175.57,2446.31,267179900.0,2025-10-24
5744,UNVR.JK,Unilever Indonesia,2494.65,2746.05,2446.31,2620.35,277535000.0,2025-10-27
5745,UNVR.JK,Unilever Indonesia,2591.35,2630.02,2368.95,2407.63,156918700.0,2025-10-28
5746,UNVR.JK,Unilever Indonesia,2426.97,2523.66,2388.29,2494.65,73171300.0,2025-10-29
5747,UNVR.JK,Unilever Indonesia,2523.66,2581.68,2475.32,2475.32,49537500.0,2025-10-30
5748,UNVR.JK,Unilever Indonesia,2513.99,2572.01,2446.31,2494.65,63108200.0,2025-10-31
5749,UNVR.JK,Unilever Indonesia,2543.0,2610.68,2504.32,2581.68,49127900.0,2025-11-03
5750,UNVR.JK,Unilever Indonesia,2610.68,2659.03,2513.99,2601.02,57648100.0,2025-11-04
5751,UNVR.JK,Unilever Indonesia,2601.02,2649.36,2572.01,2601.02,41343200.0,2025-11-05
5752,UNVR.JK,Unilever Indonesia,2572.01,2591.35,2513.99,2533.33,29525900.0,2025-11-06
5753,UNVR.JK,Unilever Indonesia,2513.99,2523.66,2436.64,2446.31,48504400.0,2025-11-07
5754,UNVR.JK,Unilever Indonesia,2484.98,2513.99,2417.3,2446.31,49312800.0,2025-11-10
5755,UNVR.JK,Unilever Indonesia,2475.32,2484.98,2378.62,2407.63,47905800.0,2025-11-11
5756,UNVR.JK,Unilever Indonesia,2407.63,2504.32,2397.96,2465.65,35515000.0,2025-11-12
5757,UNVR.JK,Unilever Indonesia,2475.32,2475.32,2407.63,2407.63,16292900.0,2025-11-13
5758,UNVR.JK,Unilever Indonesia,2407.63,2475.32,2407.63,2426.97,16720600.0,2025-11-14
5759,UNVR.JK,Unilever Indonesia,2455.98,2533.33,2436.64,2504.32,37359900.0,2025-11-17
5760,UNVR.JK,Unilever Indonesia,2523.66,2543.0,2426.97,2426.97,28725900.0,2025-11-18
5761,UNVR.JK,Unilever Indonesia,2436.64,2494.65,2436.64,2494.65,13777400.0,2025-11-19
5762,UNVR.JK,Unilever Indonesia,2513.99,2533.33,2475.32,2513.99,20738000.0,2025-11-20
5763,UNVR.JK,Unilever Indonesia,2513.99,2581.68,2455.98,2455.98,27647200.0,2025-11-21
5764,UNVR.JK,Unilever Indonesia,2475.32,2581.68,2475.32,2581.68,32673700.0,2025-11-24
5765,UNVR.JK,Unilever Indonesia,2581.68,2581.68,2494.65,2543.0,25207700.0,2025-11-25
5766,UNVR.JK,Unilever Indonesia,2552.67,2601.02,2504.32,2513.99,21031000.0,2025-11-26
5767,UNVR.JK,Unilever Indonesia,2533.33,2543.0,2475.32,2513.99,34235900.0,2025-11-27
5768,UNVR.JK,Unilever Indonesia,2533.33,2552.67,2504.32,2513.99,18013700.0,2025-11-28
5769,UNVR.JK,Unilever Indonesia,2484.98,2562.34,2484.98,2533.33,17322300.0,2025-12-01
5770,UNVR.JK,Unilever Indonesia,2533.33,2581.68,2513.99,2562.34,35263000.0,2025-12-02
5771,UNVR.JK,Unilever Indonesia,2581.68,2707.38,2581.68,2678.37,65741000.0,2025-12-03
5772,UNVR.JK,Unilever Indonesia,2707.38,2717.05,2601.02,2678.37,40071400.0,2025-12-04
5773,UNVR.JK,Unilever Indonesia,2688.04,2697.71,2620.35,2620.35,34350200.0,2025-12-05
5774,UNVR.JK,Unilever Indonesia,2639.69,2639.69,2533.33,2533.33,34429000.0,2025-12-08
5775,UNVR.JK,Unilever Indonesia,2533.33,2620.35,2504.32,2581.68,44953900.0,2025-12-09
5776,UNVR.JK,Unilever Indonesia,2620.35,2659.03,2581.68,2639.69,29651800.0,2025-12-10
5777,UNVR.JK,Unilever Indonesia,2639.69,2649.36,2513.99,2552.67,30830400.0,2025-12-11
5778,UNVR.JK,Unilever Indonesia,2552.67,2572.01,2513.99,2543.0,14728100.0,2025-12-12
5779,UNVR.JK,Unilever Indonesia,2590.0,2610.0,2570.0,2580.0,18476400.0,2025-12-15
5780,UNVR.JK,Unilever Indonesia,2580.0,2710.0,2580.0,2710.0,32058000.0,2025-12-16
5781,UNVR.JK,Unilever Indonesia,2700.0,2700.0,2630.0,2630.0,20817800.0,2025-12-17
5782,UNVR.JK,Unilever Indonesia,2630.0,2680.0,2620.0,2650.0,17521000.0,2025-12-18
5783,UNVR.JK,Unilever Indonesia,2660.0,2770.0,2610.0,2770.0,28983500.0,2025-12-19
5784,UNVR.JK,Unilever Indonesia,2730.0,2730.0,2670.0,2700.0,22606200.0,2025-12-22
5785,UNVR.JK,Unilever Indonesia,2690.0,2700.0,2610.0,2610.0,17218500.0,2025-12-23
5786,UNVR.JK,Unilever Indonesia,2620.0,2620.0,2590.0,2600.0,10056300.0,2025-12-24
5787,UNVR.JK,Unilever Indonesia,2610.0,2630.0,2560.0,2600.0,13763200.0,2025-12-29
5788,UNVR.JK,Unilever Indonesia,2600.0,2660.0,2590.0,2600.0,17928600.0,2025-12-30
