symbol,company_name,open_price,high_price,low_price,close_price,volume,price_date
BBCA.JK,Bank Central Asia,5544.313000324061,5614.70383005185,5531.891089195628,5540.17236328125,49445000,2020-01-02 00:00:00+07:00
BBCA.JK,Bank Central Asia,5589.8602294921875,5631.2666015625,5569.157043457031,5631.2666015625,47755500,2020-01-03 00:00:00+07:00
BBCA.JK,Bank Central Asia,5565.01607739421,5589.85989916829,5540.172255620128,5577.43798828125,27300000,2020-01-06 00:00:00+07:00
BBCA.JK,Bank Central Asia,5577.437488408754,5606.421944547477,5573.296851817508,5581.578125,45022500,2020-01-07 00:00:00+07:00
BBCA.JK,Bank Central Asia,5523.6098391595715,5585.71939507216,5523.6098391595715,5531.89111328125,53692500,2020-01-08 00:00:00+07:00
BBCA.JK,Bank Central Asia,5581.578125,5594.000034773739,5573.296851817508,5581.578125,40363500,2020-01-09 00:00:00+07:00
BBCA.JK,Bank Central Asia,5602.2813429368025,5651.968982342008,5556.734340148699,5569.15625,73362000,2020-01-10 00:00:00+07:00
BBCA.JK,Bank Central Asia,5581.578601336639,5598.141149115086,5577.4379643920265,5585.71923828125,67855000,2020-01-13 00:00:00+07:00
BBCA.JK,Bank Central Asia,5585.719424496225,5701.657262810453,5581.578787413574,5689.2353515625,93582000,2020-01-14 00:00:00+07:00
BBCA.JK,Bank Central Asia,5689.235927355751,5846.580152420904,5631.267002331749,5660.25146484375,75623500,2020-01-15 00:00:00+07:00
BBCA.JK,Bank Central Asia,5635.406147354015,5705.796966240876,5627.124874543796,5672.671875,88931500,2020-01-16 00:00:00+07:00
BBCA.JK,Bank Central Asia,5664.391517045454,5705.797887784091,5631.266420454545,5693.3759765625,38249500,2020-01-17 00:00:00+07:00
BBCA.JK,Bank Central Asia,5755.486127383184,5776.189314891756,5656.110827342035,5660.25146484375,93554500,2020-01-20 00:00:00+07:00
BBCA.JK,Bank Central Asia,5701.657360250046,5709.938634556872,5651.969714409087,5656.1103515625,103984500,2020-01-21 00:00:00+07:00
BBCA.JK,Bank Central Asia,5676.813023617393,5709.938117847108,5660.250476502535,5664.39111328125,94311500,2020-01-22 00:00:00+07:00
BBCA.JK,Bank Central Asia,5701.656844289679,5709.938117847108,5656.109839723821,5664.39111328125,87728000,2020-01-23 00:00:00+07:00
BBCA.JK,Bank Central Asia,5647.829125940712,5697.516772209985,5639.5478515625,5639.5478515625,69653500,2020-01-24 00:00:00+07:00
BBCA.JK,Bank Central Asia,5685.094297174822,5747.203848855537,5643.687929387678,5664.39111328125,39679000,2020-01-27 00:00:00+07:00
BBCA.JK,Bank Central Asia,5660.250595070301,5668.531868801201,5594.000405223099,5622.98486328125,82615000,2020-01-28 00:00:00+07:00
BBCA.JK,Bank Central Asia,5631.26565954311,5668.531388172439,5606.42184045689,5618.84375,43821000,2020-01-29 00:00:00+07:00
BBCA.JK,Bank Central Asia,5668.5314934161715,5668.5314934161715,5573.296851817508,5581.578125,71990000,2020-01-30 00:00:00+07:00
BBCA.JK,Bank Central Asia,5631.265884211034,5635.406520890601,5366.26513671875,5366.26513671875,163136500,2020-01-31 00:00:00+07:00
BBCA.JK,Bank Central Asia,5366.265722049689,5453.219101805124,5275.171705163043,5333.140625,149797000,2020-02-03 00:00:00+07:00
BBCA.JK,Bank Central Asia,5440.797290039063,5482.203662109376,5399.390917968751,5465.64111328125,113316500,2020-02-04 00:00:00+07:00
BBCA.JK,Bank Central Asia,5614.703732993592,5614.703732993592,5507.047171741502,5573.29736328125,123002500,2020-02-05 00:00:00+07:00
BBCA.JK,Bank Central Asia,5581.578125,5614.70321772997,5531.890485905044,5581.578125,154693500,2020-02-06 00:00:00+07:00
BBCA.JK,Bank Central Asia,5556.733774760771,5614.702681501942,5552.593138564974,5598.14013671875,82609000,2020-02-07 00:00:00+07:00
BBCA.JK,Bank Central Asia,5598.1405674281505,5618.84375,5490.484018054532,5618.84375,66578500,2020-02-10 00:00:00+07:00
BBCA.JK,Bank Central Asia,5618.843761522861,5618.843761522861,5585.71866933997,5614.703125,77526500,2020-02-11 00:00:00+07:00
BBCA.JK,Bank Central Asia,5631.2666015625,5631.2666015625,5598.14150390625,5631.2666015625,69971500,2020-02-12 00:00:00+07:00
BBCA.JK,Bank Central Asia,5647.8286844739505,5647.8286844739505,5581.578494626749,5622.98486328125,49737000,2020-02-13 00:00:00+07:00
BBCA.JK,Bank Central Asia,5614.703854498035,5627.125765680553,5527.750476220411,5531.89111328125,147028500,2020-02-14 00:00:00+07:00
BBCA.JK,Bank Central Asia,5531.891017368861,5589.859935215541,5531.891017368861,5565.01611328125,115319000,2020-02-17 00:00:00+07:00
BBCA.JK,Bank Central Asia,5536.0317142136155,5565.016173450336,5523.609803112164,5544.31298828125,98436500,2020-02-18 00:00:00+07:00
BBCA.JK,Bank Central Asia,5519.4691660783465,5598.141269720873,5519.4691660783465,5544.31298828125,74594000,2020-02-19 00:00:00+07:00
BBCA.JK,Bank Central Asia,5540.171604760946,5544.312241236851,5436.65569286332,5461.49951171875,136724500,2020-02-20 00:00:00+07:00
BBCA.JK,Bank Central Asia,5465.640589569161,5515.328231292518,5461.499952758882,5478.0625,98261000,2020-02-21 00:00:00+07:00
BBCA.JK,Bank Central Asia,5436.656345785441,5465.640804597701,5391.10933908046,5403.53125,84910000,2020-02-24 00:00:00+07:00
BBCA.JK,Bank Central Asia,5424.2349126328,5432.516187308575,5391.109813929699,5407.67236328125,86446500,2020-02-25 00:00:00+07:00
BBCA.JK,Bank Central Asia,5382.827330972547,5411.81178583163,5316.5771484375,5316.5771484375,92824500,2020-02-26 00:00:00+07:00
BBCA.JK,Bank Central Asia,5357.984319883993,5362.12495691636,5134.389920136129,5208.92138671875,129254500,2020-02-27 00:00:00+07:00
BBCA.JK,Bank Central Asia,5134.389920136129,5208.92138671875,4997.74889806799,5208.92138671875,169946500,2020-02-28 00:00:00+07:00
BBCA.JK,Bank Central Asia,5208.921404386821,5208.921404386821,4997.748915019788,5035.0146484375,144871500,2020-03-02 00:00:00+07:00
BBCA.JK,Bank Central Asia,5134.389370302611,5258.608467971222,5134.389370302611,5233.7646484375,114663500,2020-03-03 00:00:00+07:00
BBCA.JK,Bank Central Asia,5229.62469671972,5382.828270574534,5184.077688276398,5333.140625,83025000,2020-03-04 00:00:00+07:00
BBCA.JK,Bank Central Asia,5415.953876201923,5415.953876201923,5250.328375400641,5329.00048828125,77583000,2020-03-05 00:00:00+07:00
BBCA.JK,Bank Central Asia,5258.608752835182,5258.608752835182,5134.3896484375,5134.3896484375,77835500,2020-03-06 00:00:00+07:00
BBCA.JK,Bank Central Asia,4968.764179991357,5001.889274524633,4790.716796875,4790.716796875,140889500,2020-03-09 00:00:00+07:00
BBCA.JK,Bank Central Asia,4836.264438291139,4977.046108583861,4836.264438291139,4906.6552734375,133667000,2020-03-10 00:00:00+07:00
BBCA.JK,Bank Central Asia,4927.357158954327,4952.2009765625,4794.856798377404,4844.54443359375,93204500,2020-03-11 00:00:00+07:00
BBCA.JK,Bank Central Asia,4637.512786645683,4670.6378779788665,4521.574966979541,4604.3876953125,129845500,2020-03-12 00:00:00+07:00
BBCA.JK,Bank Central Asia,4604.3876953125,4604.3876953125,4604.3876953125,4604.3876953125,0,2020-03-13 00:00:00+07:00
BBCA.JK,Bank Central Asia,4604.3876953125,4604.3876953125,4604.3876953125,4604.3876953125,0,2020-03-16 00:00:00+07:00
BBCA.JK,Bank Central Asia,4550.559976100922,4558.8412499427795,4240.01220703125,4240.01220703125,212200000,2020-03-17 00:00:00+07:00
BBCA.JK,Bank Central Asia,4240.012,4455.325109375,3946.0267929687498,4140.63671875,180053500,2020-03-18 00:00:00+07:00
BBCA.JK,Bank Central Asia,4136.495914188508,4136.495914188508,3850.7919921875,3850.7919921875,264419000,2020-03-19 00:00:00+07:00
BBCA.JK,Bank Central Asia,3809.385910275871,4459.465897138167,3581.650883031118,3921.18310546875,335132000,2020-03-20 00:00:00+07:00
BBCA.JK,Bank Central Asia,3941.885493086907,4140.636022150113,3647.900335514249,3668.603515625,217843500,2020-03-23 00:00:00+07:00
BBCA.JK,Bank Central Asia,3685.166872829861,4136.496298828125,3685.166872829861,3726.5732421875,253971000,2020-03-24 00:00:00+07:00
BBCA.JK,Bank Central Asia,3850.792430530895,4467.747346820253,3850.792430530895,4372.5126953125,331633000,2020-03-26 00:00:00+07:00
BBCA.JK,Bank Central Asia,4438.762824693738,4881.810979770446,4434.622187730405,4562.98193359375,269683000,2020-03-27 00:00:00+07:00
BBCA.JK,Bank Central Asia,4538.1386345541405,4600.24819615844,4268.99720093551,4550.560546875,159964500,2020-03-30 00:00:00+07:00
BBCA.JK,Bank Central Asia,4687.20100572681,4728.607375035351,4542.278713146918,4575.40380859375,182638500,2020-03-31 00:00:00+07:00
BBCA.JK,Bank Central Asia,4604.388871464416,4761.73309548928,4492.591659657277,4538.138671875,152831500,2020-04-01 00:00:00+07:00
BBCA.JK,Bank Central Asia,4529.85658611079,4529.85658611079,4438.762577980591,4480.1689453125,136623500,2020-04-02 00:00:00+07:00
BBCA.JK,Bank Central Asia,4521.576084792993,4579.545008957007,4442.9039734275475,4550.560546875,110506000,2020-04-03 00:00:00+07:00
BBCA.JK,Bank Central Asia,4571.263159328684,4753.451183794682,4550.559974730275,4749.310546875,78184000,2020-04-06 00:00:00+07:00
BBCA.JK,Bank Central Asia,4749.3107402879095,5051.577247734306,4620.950990550398,4683.060546875,149153500,2020-04-07 00:00:00+07:00
BBCA.JK,Bank Central Asia,4683.060105385564,4687.200742083518,4538.137820957188,4666.49755859375,106111500,2020-04-08 00:00:00+07:00
BBCA.JK,Bank Central Asia,4637.51368409294,4716.185791233803,4554.700939734138,4633.373046875,89997000,2020-04-09 00:00:00+07:00
BBCA.JK,Bank Central Asia,4587.824795809659,4649.9343372691765,4538.137162642045,4554.69970703125,58043000,2020-04-13 00:00:00+07:00
BBCA.JK,Bank Central Asia,4558.8417720846555,4629.2326078025835,4509.154123342589,4567.123046875,95796000,2020-04-14 00:00:00+07:00
BBCA.JK,Bank Central Asia,4567.122630700917,4662.357282111725,4509.15371245086,4542.27880859375,95342000,2020-04-15 00:00:00+07:00
BBCA.JK,Bank Central Asia,4542.278913891043,4571.263373687977,4293.840687060174,4339.3876953125,176990500,2020-04-16 00:00:00+07:00
BBCA.JK,Bank Central Asia,4389.075379824309,4509.15385719686,4372.512831221198,4492.59130859375,160935500,2020-04-17 00:00:00+07:00
BBCA.JK,Bank Central Asia,4496.7316231179975,4554.700539069795,4413.918886044001,4434.6220703125,90744000,2020-04-20 00:00:00+07:00
BBCA.JK,Bank Central Asia,4511.284777264263,4511.284777264263,4347.00830078125,4347.00830078125,73431000,2020-04-21 00:00:00+07:00
BBCA.JK,Bank Central Asia,4347.008723578718,4410.191989909803,4250.127715204386,4334.3720703125,107263500,2020-04-22 00:00:00+07:00
BBCA.JK,Bank Central Asia,4363.8566608428955,4418.6154799461365,4313.31005859375,4313.31005859375,105419500,2020-04-23 00:00:00+07:00
BBCA.JK,Bank Central Asia,4313.310975609756,4330.159846608231,4144.822265625,4144.822265625,131149500,2020-04-24 00:00:00+07:00
BBCA.JK,Bank Central Asia,4161.670662172379,4229.066138482863,4090.0629685924896,4178.51953125,151103500,2020-04-27 00:00:00+07:00
BBCA.JK,Bank Central Asia,4178.519353325569,4191.156004595707,4047.940623534145,4069.001708984375,180488000,2020-04-28 00:00:00+07:00
BBCA.JK,Bank Central Asia,4064.789743325145,4085.850830078125,4043.728656572165,4085.850830078125,121161000,2020-04-29 00:00:00+07:00
BBCA.JK,Bank Central Asia,4111.123556878627,4422.827597051801,4111.123556878627,4355.43212890625,174081000,2020-04-30 00:00:00+07:00
BBCA.JK,Bank Central Asia,4338.583647629311,4464.950161637931,4212.21713362069,4397.5546875,114497500,2020-05-04 00:00:00+07:00
BBCA.JK,Bank Central Asia,4397.554654239593,4498.647864681882,4380.705785832545,4452.3134765625,118643500,2020-05-05 00:00:00+07:00
BBCA.JK,Bank Central Asia,4477.5859607514885,4523.920340401786,4464.949311755952,4511.28369140625,86395500,2020-05-06 00:00:00+07:00
BBCA.JK,Bank Central Asia,4502.859566774905,4549.193949594853,4338.583118595091,4418.615234375,123028000,2020-05-08 00:00:00+07:00
BBCA.JK,Bank Central Asia,4418.615623063473,4486.011094911915,4418.615623063473,4460.73779296875,40615500,2020-05-11 00:00:00+07:00
BBCA.JK,Bank Central Asia,4498.647898706897,4498.647898706897,4237.490436422414,4397.5546875,118660000,2020-05-12 00:00:00+07:00
BBCA.JK,Bank Central Asia,4347.008897994129,4355.433333842955,4283.825629127936,4304.88671875,94973000,2020-05-13 00:00:00+07:00
BBCA.JK,Bank Central Asia,4271.188798113567,4304.886540110518,4132.185612376144,4144.822265625,131268000,2020-05-14 00:00:00+07:00
BBCA.JK,Bank Central Asia,4144.821910511363,4208.005171342329,3942.6354758522725,4031.092041015625,205790000,2020-05-15 00:00:00+07:00
BBCA.JK,Bank Central Asia,4043.728685729276,4081.6386421579878,4001.606511919596,4014.2431640625,139997500,2020-05-18 00:00:00+07:00
BBCA.JK,Bank Central Asia,4077.4259502704326,4178.519155649039,3942.635009765625,3942.635009765625,128504500,2020-05-19 00:00:00+07:00
BBCA.JK,Bank Central Asia,3976.333207633788,4043.728685729276,3951.0599033479803,4014.2431640625,119158000,2020-05-20 00:00:00+07:00
BBCA.JK,Bank Central Asia,4022.6673787844256,4212.217150559608,4022.6673787844256,4186.94384765625,176076500,2020-05-26 00:00:00+07:00
BBCA.JK,Bank Central Asia,4186.943173503588,4212.216472337614,4090.0621946398223,4182.73095703125,151753500,2020-05-27 00:00:00+07:00
BBCA.JK,Bank Central Asia,4212.2169905276205,4481.798877921388,4212.2169905276205,4460.73779296875,229233000,2020-05-28 00:00:00+07:00
BBCA.JK,Bank Central Asia,4460.737308921152,4460.737308921152,4372.28076171875,4372.28076171875,399414000,2020-05-29 00:00:00+07:00
BBCA.JK,Bank Central Asia,4431.251763642724,4633.438155900187,4414.4028976212685,4515.49609375,181369500,2020-06-02 00:00:00+07:00
BBCA.JK,Bank Central Asia,4557.618245161116,4869.322265625,4549.193812175606,4869.322265625,279673500,2020-06-03 00:00:00+07:00
BBCA.JK,Bank Central Asia,4869.323124122949,5046.236248009769,4717.683303648532,4877.74755859375,236158500,2020-06-04 00:00:00+07:00
BBCA.JK,Bank Central Asia,4877.747100163756,4932.505919077511,4705.04620974345,4822.98828125,88157500,2020-06-05 00:00:00+07:00
BBCA.JK,Bank Central Asia,4848.26219999669,4991.477590787209,4848.26219999669,4970.41650390625,173557500,2020-06-08 00:00:00+07:00
BBCA.JK,Bank Central Asia,5004.114643895348,5050.449038746231,4881.960330197567,4890.384765625,100110000,2020-06-09 00:00:00+07:00
BBCA.JK,Bank Central Asia,4886.171875,4940.930697737069,4713.470972521552,4886.171875,115382500,2020-06-10 00:00:00+07:00
BBCA.JK,Bank Central Asia,4844.049652529435,4894.596257599307,4721.89535694391,4785.07861328125,85187500,2020-06-11 00:00:00+07:00
BBCA.JK,Bank Central Asia,4785.077263833774,4785.077263833774,4616.58862778329,4776.65283203125,96044000,2020-06-12 00:00:00+07:00
BBCA.JK,Bank Central Asia,4785.077272727272,4810.350568181818,4633.4375,4633.4375,100844500,2020-06-15 00:00:00+07:00
BBCA.JK,Bank Central Asia,4700.83430480957,4881.959640926785,4700.83430480957,4852.47412109375,91518500,2020-06-16 00:00:00+07:00
BBCA.JK,Bank Central Asia,4886.1713457441,4886.1713457441,4785.078145487325,4818.77587890625,79800000,2020-06-17 00:00:00+07:00
BBCA.JK,Bank Central Asia,4818.775745579678,4835.624611822964,4705.0458984375,4705.0458984375,68032000,2020-06-18 00:00:00+07:00
BBCA.JK,Bank Central Asia,4717.682665358745,4759.804832013733,4671.348282038257,4696.62158203125,110071000,2020-06-19 00:00:00+07:00
BBCA.JK,Bank Central Asia,4713.471601685892,4768.230431732288,4658.712771639497,4667.13720703125,51590500,2020-06-22 00:00:00+07:00
BBCA.JK,Bank Central Asia,4692.410053728314,4768.2299648298485,4650.287880894129,4734.5322265625,69954000,2020-06-23 00:00:00+07:00
BBCA.JK,Bank Central Asia,4759.804777367714,4852.473542944785,4751.380344133435,4806.13916015625,57333000,2020-06-24 00:00:00+07:00
BBCA.JK,Bank Central Asia,4801.927197052401,4839.837148608079,4751.380594978166,4822.98828125,51415000,2020-06-25 00:00:00+07:00
BBCA.JK,Bank Central Asia,4818.776025520372,4852.4737599645705,4751.380556631975,4755.5927734375,57467500,2020-06-26 00:00:00+07:00
BBCA.JK,Bank Central Asia,4751.380692455948,4797.715078641245,4705.04630627065,4780.8662109375,48796500,2020-06-29 00:00:00+07:00
BBCA.JK,Bank Central Asia,4801.9280378895955,4835.625778506365,4768.230297272827,4797.7158203125,74474000,2020-06-30 00:00:00+07:00
BBCA.JK,Bank Central Asia,4801.927532327586,4886.171875,4780.866446659483,4886.171875,63959000,2020-07-01 00:00:00+07:00
BBCA.JK,Bank Central Asia,4865.111899172833,4945.14404296875,4852.475244889267,4945.14404296875,75585500,2020-07-02 00:00:00+07:00
BBCA.JK,Bank Central Asia,4945.14404296875,4974.629569630403,4919.870734401618,4945.14404296875,52219000,2020-07-03 00:00:00+07:00
BBCA.JK,Bank Central Asia,4936.718596975043,4999.90185546875,4928.294162509214,4999.90185546875,67800000,2020-07-06 00:00:00+07:00
BBCA.JK,Bank Central Asia,5004.114155102254,5050.448545427274,4970.416416684057,5046.236328125,74168000,2020-07-07 00:00:00+07:00
BBCA.JK,Bank Central Asia,5046.235817004788,5277.907745164441,5037.811383253528,5223.14892578125,106444500,2020-07-08 00:00:00+07:00
BBCA.JK,Bank Central Asia,5231.5725657979,5256.845863217213,5079.932781282018,5138.90380859375,93543500,2020-07-09 00:00:00+07:00
BBCA.JK,Bank Central Asia,5138.90458826865,5256.84666078629,5122.0557207661295,5223.14892578125,67224000,2020-07-10 00:00:00+07:00
BBCA.JK,Bank Central Asia,5248.422276695344,5256.846710526316,5172.602372216599,5202.087890625,86006000,2020-07-13 00:00:00+07:00
BBCA.JK,Bank Central Asia,5202.0878414031,5223.14892578125,5147.32902201991,5223.14892578125,45616500,2020-07-14 00:00:00+07:00
BBCA.JK,Bank Central Asia,5223.14853277439,5256.846265243902,5181.0263671875,5181.0263671875,61468000,2020-07-15 00:00:00+07:00
BBCA.JK,Bank Central Asia,5181.0265046647455,5223.148671369337,5172.602071323827,5206.2998046875,66520500,2020-07-16 00:00:00+07:00
BBCA.JK,Bank Central Asia,5168.390068502988,5206.300020105698,5088.357948452819,5155.75341796875,73348000,2020-07-17 00:00:00+07:00
BBCA.JK,Bank Central Asia,5155.754157547843,5189.451897139658,5105.207548160119,5172.60302734375,59794500,2020-07-20 00:00:00+07:00
BBCA.JK,Bank Central Asia,5138.90458826865,5252.634443910661,5138.90458826865,5223.14892578125,84159500,2020-07-21 00:00:00+07:00
BBCA.JK,Bank Central Asia,5231.5731047102545,5265.270838073928,5164.177637982909,5206.2998046875,44725500,2020-07-22 00:00:00+07:00
BBCA.JK,Bank Central Asia,5206.30005827873,5235.7855764081405,5172.60232327369,5223.14892578125,84026500,2020-07-23 00:00:00+07:00
BBCA.JK,Bank Central Asia,5223.148133324795,5223.148133324795,5138.90380859375,5138.90380859375,58366500,2020-07-24 00:00:00+07:00
BBCA.JK,Bank Central Asia,5138.90380859375,5172.6015384861685,5054.659483862705,5138.90380859375,41972500,2020-07-27 00:00:00+07:00
BBCA.JK,Bank Central Asia,5155.754354663501,5223.149836423808,5105.2077433432705,5210.51318359375,65279000,2020-07-28 00:00:00+07:00
BBCA.JK,Bank Central Asia,5210.51181346144,5210.51181346144,5138.904132920742,5168.3896484375,50262500,2020-07-29 00:00:00+07:00
BBCA.JK,Bank Central Asia,5168.389644916241,5256.84619140625,5100.9941809238535,5256.84619140625,80533500,2020-07-30 00:00:00+07:00
BBCA.JK,Bank Central Asia,5239.998626758768,5252.635279395647,4907.233440654313,5164.1787109375,137079000,2020-08-03 00:00:00+07:00
BBCA.JK,Bank Central Asia,5185.239825508253,5239.998653884863,5164.178737671095,5231.57421875,79357000,2020-08-04 00:00:00+07:00
BBCA.JK,Bank Central Asia,5223.148135324335,5239.997000276994,5138.90381056104,5227.3603515625,49393000,2020-08-05 00:00:00+07:00
BBCA.JK,Bank Central Asia,5235.7863317130095,5303.181811445437,5210.513026813349,5273.6962890625,55258500,2020-08-06 00:00:00+07:00
BBCA.JK,Bank Central Asia,5277.907488085305,5294.756354767142,5189.450938005663,5206.2998046875,43621000,2020-08-07 00:00:00+07:00
BBCA.JK,Bank Central Asia,5206.300020105698,5223.148887484682,5143.116767434513,5155.75341796875,37774500,2020-08-10 00:00:00+07:00
BBCA.JK,Bank Central Asia,5172.602372216599,5223.148975202429,5164.177938385628,5202.087890625,38795500,2020-08-11 00:00:00+07:00
BBCA.JK,Bank Central Asia,5202.088591846796,5273.6962890625,5189.451939396965,5273.6962890625,35612000,2020-08-12 00:00:00+07:00
BBCA.JK,Bank Central Asia,5273.696303013393,5307.39404296875,5206.300823102679,5307.39404296875,48581000,2020-08-13 00:00:00+07:00
BBCA.JK,Bank Central Asia,5307.394018954918,5395.8505859375,5256.847409250585,5395.8505859375,57316000,2020-08-14 00:00:00+07:00
BBCA.JK,Bank Central Asia,5395.849402085791,5412.698268290586,5307.392854510614,5357.939453125,81563500,2020-08-18 00:00:00+07:00
BBCA.JK,Bank Central Asia,5357.940295468009,5400.062467602192,5315.818123333826,5332.6669921875,58793500,2020-08-19 00:00:00+07:00
BBCA.JK,Bank Central Asia,5341.091359238915,5374.789096521179,5290.544753315518,5320.0302734375,66882500,2020-08-24 00:00:00+07:00
BBCA.JK,Bank Central Asia,5324.242390023566,5374.788994992145,5311.605738781422,5362.15234375,49211000,2020-08-25 00:00:00+07:00
BBCA.JK,Bank Central Asia,5379.001262676829,5383.213479797171,5311.605788751356,5341.09130859375,42983000,2020-08-26 00:00:00+07:00
BBCA.JK,Bank Central Asia,5362.151794063683,5560.1259765625,5341.090710819129,5560.1259765625,68326000,2020-08-27 00:00:00+07:00
BBCA.JK,Bank Central Asia,5526.429236431871,5560.126975678407,5412.699366474812,5471.67041015625,52292500,2020-08-28 00:00:00+07:00
BBCA.JK,Bank Central Asia,5475.881785358566,5509.579519422311,5286.33203125,5286.33203125,97032000,2020-08-31 00:00:00+07:00
BBCA.JK,Bank Central Asia,5290.544541435007,5492.73095703125,5256.8468055023,5492.73095703125,67446000,2020-09-01 00:00:00+07:00
BBCA.JK,Bank Central Asia,5492.731227539822,5526.4289651320905,5362.15249436978,5421.12353515625,66065000,2020-09-02 00:00:00+07:00
BBCA.JK,Bank Central Asia,5446.396804011419,5475.88232421875,5307.393637319712,5475.88232421875,68208500,2020-09-03 00:00:00+07:00
BBCA.JK,Bank Central Asia,5433.760596009258,5433.760596009258,5277.908547906666,5374.78955078125,80613500,2020-09-04 00:00:00+07:00
BBCA.JK,Bank Central Asia,5336.879006470018,5357.940091736277,5223.1491460322195,5294.7568359375,64249500,2020-09-07 00:00:00+07:00
BBCA.JK,Bank Central Asia,5294.757220935897,5357.940481328927,5294.757220935897,5336.87939453125,39649000,2020-09-08 00:00:00+07:00
BBCA.JK,Bank Central Asia,5307.392976881505,5324.241843474781,5231.5730772117695,5261.05859375,49285000,2020-09-09 00:00:00+07:00
BBCA.JK,Bank Central Asia,5239.99746530766,5239.99746530766,4894.595703125,4894.595703125,175735000,2020-09-10 00:00:00+07:00
BBCA.JK,Bank Central Asia,4886.1718584621085,5033.599457639844,4734.5320421650085,4974.62841796875,403032500,2020-09-11 00:00:00+07:00
BBCA.JK,Bank Central Asia,5054.659090909091,5151.540056818181,5042.022443181818,5096.78125,138115000,2020-09-14 00:00:00+07:00
BBCA.JK,Bank Central Asia,5088.357568526024,5138.904166888865,4936.7177734375,4936.7177734375,170087000,2020-09-15 00:00:00+07:00
BBCA.JK,Bank Central Asia,4936.7180859375,4945.14251953125,4839.837099609375,4844.04931640625,158565500,2020-09-16 00:00:00+07:00
BBCA.JK,Bank Central Asia,4844.049013934894,4932.505561145878,4772.441332859335,4848.26123046875,138796000,2020-09-17 00:00:00+07:00
BBCA.JK,Bank Central Asia,4801.928077819716,4831.413601104574,4692.41041990453,4742.95703125,316912000,2020-09-18 00:00:00+07:00
BBCA.JK,Bank Central Asia,4751.379554387823,4831.411656811022,4713.469611134729,4721.89404296875,112443000,2020-09-21 00:00:00+07:00
BBCA.JK,Bank Central Asia,4650.28744266055,4688.197394638762,4574.467538704129,4591.31640625,163442500,2020-09-22 00:00:00+07:00
BBCA.JK,Bank Central Asia,4591.316975689714,4705.046845729735,4570.255888645265,4637.6513671875,100517000,2020-09-23 00:00:00+07:00
BBCA.JK,Bank Central Asia,4574.467353757747,4662.923904797262,4540.769620028409,4587.10400390625,88618500,2020-09-24 00:00:00+07:00
BBCA.JK,Bank Central Asia,4616.589781082887,4738.744072735628,4599.740913268716,4726.107421875,100705000,2020-09-25 00:00:00+07:00
BBCA.JK,Bank Central Asia,4759.8050505014735,4797.715002231131,4633.438544735947,4646.0751953125,93522000,2020-09-28 00:00:00+07:00
BBCA.JK,Bank Central Asia,4696.622410911955,4747.169019818631,4599.741410507493,4637.6513671875,117778500,2020-09-29 00:00:00+07:00
BBCA.JK,Bank Central Asia,4688.19775615847,4688.19775615847,4566.04345703125,4566.04345703125,107377000,2020-09-30 00:00:00+07:00
BBCA.JK,Bank Central Asia,4620.801499207529,4692.4091796875,4616.589282708707,4692.4091796875,56893000,2020-10-01 00:00:00+07:00
BBCA.JK,Bank Central Asia,4683.985758685286,4688.197976094176,4582.892540871934,4637.6513671875,66848000,2020-10-02 00:00:00+07:00
BBCA.JK,Bank Central Asia,4646.075868468353,4683.98582569067,4599.741476307744,4650.2880859375,58291000,2020-10-05 00:00:00+07:00
BBCA.JK,Bank Central Asia,4742.956692023026,4814.564386307566,4717.683388157894,4801.927734375,141955500,2020-10-06 00:00:00+07:00
BBCA.JK,Bank Central Asia,4717.682517919201,4848.26123046875,4700.833651783775,4848.26123046875,89937500,2020-10-07 00:00:00+07:00
BBCA.JK,Bank Central Asia,4877.74669861051,4886.171131596021,4810.351234726428,4869.322265625,77384500,2020-10-08 00:00:00+07:00
BBCA.JK,Bank Central Asia,4844.048781622024,4865.10986328125,4818.775483630952,4865.10986328125,54250500,2020-10-09 00:00:00+07:00
BBCA.JK,Bank Central Asia,4919.869696039709,4949.355216478304,4911.445261628683,4932.50634765625,82918500,2020-10-12 00:00:00+07:00
BBCA.JK,Bank Central Asia,4919.869696039709,4936.718564861763,4860.898655162521,4932.50634765625,48250500,2020-10-13 00:00:00+07:00
BBCA.JK,Bank Central Asia,4919.869895391949,4970.41650390625,4894.596591134799,4970.41650390625,83117500,2020-10-14 00:00:00+07:00
BBCA.JK,Bank Central Asia,4949.354567729715,4953.5667843831025,4852.473584701815,4873.53466796875,82067000,2020-10-15 00:00:00+07:00
BBCA.JK,Bank Central Asia,4873.535206688774,4877.747423807779,4827.20081837972,4852.47412109375,89051500,2020-10-16 00:00:00+07:00
BBCA.JK,Bank Central Asia,4844.049982620498,4970.41650390625,4810.352243610964,4970.41650390625,56871500,2020-10-19 00:00:00+07:00
BBCA.JK,Bank Central Asia,4953.568031330749,4953.568031330749,4873.535894770133,4890.384765625,74995500,2020-10-20 00:00:00+07:00
BBCA.JK,Bank Central Asia,4936.717729509083,4940.929946001838,4827.200100697448,4869.322265625,77944000,2020-10-21 00:00:00+07:00
BBCA.JK,Bank Central Asia,4835.625269396552,4886.171875,4806.139749461207,4886.171875,96872500,2020-10-22 00:00:00+07:00
BBCA.JK,Bank Central Asia,4919.868981531628,4919.868981531628,4844.049082843641,4860.89794921875,66328000,2020-10-23 00:00:00+07:00
BBCA.JK,Bank Central Asia,4822.988684302451,4915.657462516122,4822.988684302451,4898.80859375,70452500,2020-10-26 00:00:00+07:00
BBCA.JK,Bank Central Asia,4898.808644770753,4911.445296476953,4848.262037945947,4877.74755859375,89482000,2020-10-27 00:00:00+07:00
BBCA.JK,Bank Central Asia,4852.474387886598,4907.233213444346,4818.77664908183,4903.02099609375,151006500,2020-11-02 00:00:00+07:00
BBCA.JK,Bank Central Asia,4919.869528597199,4966.203916280905,4915.657311535044,4961.99169921875,78152000,2020-11-03 00:00:00+07:00
BBCA.JK,Bank Central Asia,4970.416473703286,5004.114212508054,4873.535474639578,4903.02099609375,78626000,2020-11-04 00:00:00+07:00
BBCA.JK,Bank Central Asia,4970.415539253048,5206.299666539634,4970.415539253048,5181.0263671875,161090000,2020-11-05 00:00:00+07:00
BBCA.JK,Bank Central Asia,5189.451953125,5307.39404296875,5105.207603236607,5307.39404296875,137303500,2020-11-06 00:00:00+07:00
BBCA.JK,Bank Central Asia,5307.393487097255,5391.637828162291,5235.785797191975,5294.7568359375,82739500,2020-11-09 00:00:00+07:00
BBCA.JK,Bank Central Asia,5387.425032627435,5560.125913266782,5374.788382824556,5459.03271484375,191073500,2020-11-10 00:00:00+07:00
BBCA.JK,Bank Central Asia,5509.580078125,5530.641164050555,5459.03347190367,5509.580078125,131383500,2020-11-11 00:00:00+07:00
BBCA.JK,Bank Central Asia,5400.061407071407,5471.6690856363175,5395.849190685237,5408.48583984375,83082500,2020-11-12 00:00:00+07:00
BBCA.JK,Bank Central Asia,5408.486190580986,5433.7594905369715,5324.241857394366,5383.212890625,82374500,2020-11-13 00:00:00+07:00
BBCA.JK,Bank Central Asia,5463.244931444709,5463.244931444709,5379.000599425516,5459.03271484375,54905000,2020-11-16 00:00:00+07:00
BBCA.JK,Bank Central Asia,5475.881739026718,5530.6405564169845,5467.457305582061,5518.00390625,119784000,2020-11-17 00:00:00+07:00
BBCA.JK,Bank Central Asia,5518.003672885749,5539.064755606688,5509.579239797375,5534.8525390625,99789000,2020-11-18 00:00:00+07:00
BBCA.JK,Bank Central Asia,5492.731059263983,5593.824268943688,5488.518842193996,5572.76318359375,147346500,2020-11-19 00:00:00+07:00
BBCA.JK,Bank Central Asia,5593.823709753788,5602.24814305161,5518.00381007339,5560.1259765625,68468500,2020-11-20 00:00:00+07:00
BBCA.JK,Bank Central Asia,5560.1259765625,5568.550409860321,5518.00381007339,5560.1259765625,75265500,2020-11-23 00:00:00+07:00
BBCA.JK,Bank Central Asia,5560.126142421935,5560.126142421935,5513.791757901751,5530.640625,72349500,2020-11-24 00:00:00+07:00
BBCA.JK,Bank Central Asia,5543.277886115445,5547.490103354134,5374.789196567863,5400.0625,170140500,2020-11-25 00:00:00+07:00
BBCA.JK,Bank Central Asia,5349.515083218798,5467.457148045669,5307.392917209201,5459.03271484375,64339000,2020-11-26 00:00:00+07:00
BBCA.JK,Bank Central Asia,5459.033097592012,5467.457531384593,5374.788759666209,5379.0009765625,87361500,2020-11-27 00:00:00+07:00
BBCA.JK,Bank Central Asia,5379.000136136432,5391.636784850927,5168.389324228193,5227.3603515625,393091500,2020-11-30 00:00:00+07:00
BBCA.JK,Bank Central Asia,5239.997704810888,5421.123027404833,5239.997704810888,5387.42529296875,114563500,2020-12-01 00:00:00+07:00
BBCA.JK,Bank Central Asia,5442.1841993701555,5463.245283733043,5341.090994428295,5433.759765625,93897500,2020-12-02 00:00:00+07:00
BBCA.JK,Bank Central Asia,5475.881816285314,5496.9429001941035,5412.698564558945,5442.18408203125,98210000,2020-12-03 00:00:00+07:00
BBCA.JK,Bank Central Asia,5442.183923855633,5446.396140514965,5357.939590669013,5383.212890625,64995500,2020-12-04 00:00:00+07:00
BBCA.JK,Bank Central Asia,5475.882089064896,5543.277560930311,5459.0332210985425,5492.73095703125,96636000,2020-12-07 00:00:00+07:00
BBCA.JK,Bank Central Asia,5492.731311392527,5492.731311392527,5412.699183389108,5467.4580078125,70561500,2020-12-08 00:00:00+07:00
BBCA.JK,Bank Central Asia,5568.5191681024235,5576.96912131654,5526.269402031844,5555.84423828125,151420500,2020-12-10 00:00:00+07:00
BBCA.JK,Bank Central Asia,5576.969089295658,5729.068246276448,5572.744112712858,5691.04345703125,214160000,2020-12-11 00:00:00+07:00
BBCA.JK,Bank Central Asia,5745.96777057368,5771.317628385034,5741.742794271788,5762.86767578125,179785500,2020-12-14 00:00:00+07:00
BBCA.JK,Bank Central Asia,5771.317387127209,5830.467052881075,5581.193461489783,5737.517578125,164024500,2020-12-15 00:00:00+07:00
BBCA.JK,Bank Central Asia,5796.667226843525,5872.716796875,5779.7673223920865,5872.716796875,138674000,2020-12-16 00:00:00+07:00
BBCA.JK,Bank Central Asia,5885.392339793056,5914.967175671413,5762.868019725576,5860.04248046875,91920000,2020-12-17 00:00:00+07:00
BBCA.JK,Bank Central Asia,5860.042631620519,5860.042631620519,5707.943471751493,5745.96826171875,147238500,2020-12-18 00:00:00+07:00
BBCA.JK,Bank Central Asia,5822.01808141929,5822.01808141929,5745.968498352855,5771.318359375,93692500,2020-12-21 00:00:00+07:00
BBCA.JK,Bank Central Asia,5695.2689277154695,5762.86855890497,5669.919066019406,5674.14404296875,61790500,2020-12-22 00:00:00+07:00
BBCA.JK,Bank Central Asia,5834.692913568773,5834.692913568773,5593.869237918216,5682.59375,76948000,2020-12-23 00:00:00+07:00
BBCA.JK,Bank Central Asia,5737.5183127074115,5762.868172704646,5627.668919386062,5729.068359375,60234000,2020-12-28 00:00:00+07:00
BBCA.JK,Bank Central Asia,5724.843508205146,5754.418345516907,5695.268670893385,5716.3935546875,34212500,2020-12-29 00:00:00+07:00
BBCA.JK,Bank Central Asia,5745.968513432423,5745.968513432423,5661.468976470181,5720.61865234375,52675500,2020-12-30 00:00:00+07:00
BBCA.JK,Bank Central Asia,5745.968618553402,5792.443364732878,5678.368987746891,5775.54345703125,47937000,2021-01-04 00:00:00+07:00
BBCA.JK,Bank Central Asia,5796.668157451075,5991.01708984375,5788.218203868785,5991.01708984375,104831000,2021-01-05 00:00:00+07:00
BBCA.JK,Bank Central Asia,5957.216691414687,5978.341573299136,5813.567494600432,5868.4921875,89753500,2021-01-06 00:00:00+07:00
BBCA.JK,Bank Central Asia,5914.966433731156,5957.216193972093,5838.9168652974695,5885.3916015625,71360000,2021-01-07 00:00:00+07:00
BBCA.JK,Bank Central Asia,5944.541867519947,5982.566655585107,5893.842150099735,5957.216796875,75033500,2021-01-08 00:00:00+07:00
BBCA.JK,Bank Central Asia,6041.716157356194,6219.165163376446,6037.491181022378,6206.490234375,169034500,2021-01-11 00:00:00+07:00
BBCA.JK,Bank Central Asia,6206.490137537098,6236.06497141236,6050.166015625,6050.166015625,95235000,2021-01-12 00:00:00+07:00
BBCA.JK,Bank Central Asia,6121.990120877041,6147.339976450031,5974.115963367934,6016.36572265625,76581500,2021-01-13 00:00:00+07:00
BBCA.JK,Bank Central Asia,5957.216556907719,5991.016367159677,5910.741817811276,5931.86669921875,89319500,2021-01-14 00:00:00+07:00
BBCA.JK,Bank Central Asia,5995.241726247978,5999.466702799245,5779.767922133357,5876.9423828125,89853500,2021-01-15 00:00:00+07:00
BBCA.JK,Bank Central Asia,5876.941517004806,6020.590698585082,5783.99204657051,6016.36572265625,86343000,2021-01-18 00:00:00+07:00
BBCA.JK,Bank Central Asia,6016.366581879845,6016.366581879845,5919.192121638808,5995.24169921875,73777000,2021-01-19 00:00:00+07:00
BBCA.JK,Bank Central Asia,6054.391370669816,6164.2407605075105,5974.1168165576555,5995.24169921875,107216000,2021-01-20 00:00:00+07:00
BBCA.JK,Bank Central Asia,6151.565834805653,6168.465740945229,5965.666867270318,5978.341796875,66428000,2021-01-21 00:00:00+07:00
BBCA.JK,Bank Central Asia,5978.3414299744,6050.1660266596045,5978.3414299744,5982.56640625,80829000,2021-01-22 00:00:00+07:00
BBCA.JK,Bank Central Asia,6083.966717750533,6083.966717750533,5914.967642257463,5944.54248046875,76836500,2021-01-25 00:00:00+07:00
BBCA.JK,Bank Central Asia,5876.942035932345,5914.966822649377,5762.86767578125,5762.86767578125,98658000,2021-01-26 00:00:00+07:00
BBCA.JK,Bank Central Asia,5762.867434876657,5855.816909632732,5665.692983995305,5737.517578125,97920000,2021-01-27 00:00:00+07:00
BBCA.JK,Bank Central Asia,5737.517806697237,5851.5921666242075,5737.517806697237,5830.46728515625,104627000,2021-01-28 00:00:00+07:00
BBCA.JK,Bank Central Asia,5830.467803774501,5914.967337162537,5712.16845703125,5712.16845703125,132762500,2021-01-29 00:00:00+07:00
BBCA.JK,Bank Central Asia,5712.167960158541,5847.367201819098,5572.743742196091,5762.86767578125,113129000,2021-02-01 00:00:00+07:00
BBCA.JK,Bank Central Asia,5885.39249159869,5898.067421587775,5745.96826171875,5745.96826171875,86741000,2021-02-02 00:00:00+07:00
BBCA.JK,Bank Central Asia,5914.9664463141025,5914.9664463141025,5767.09228515625,5767.09228515625,67291000,2021-02-03 00:00:00+07:00
BBCA.JK,Bank Central Asia,5847.368059354486,5914.967690098468,5775.5434516890045,5792.443359375,80950500,2021-02-04 00:00:00+07:00
BBCA.JK,Bank Central Asia,5805.1173040096255,5872.716923270291,5792.442375398251,5843.14208984375,51602000,2021-02-05 00:00:00+07:00
BBCA.JK,Bank Central Asia,5957.21756598853,5961.442542985685,5813.56834808526,5847.3681640625,45604000,2021-02-08 00:00:00+07:00
BBCA.JK,Bank Central Asia,5914.967779033847,5940.317640943992,5876.942986168629,5898.06787109375,75574000,2021-02-09 00:00:00+07:00
BBCA.JK,Bank Central Asia,5957.21756598853,5957.21756598853,5830.46825607388,5847.3681640625,44984500,2021-02-10 00:00:00+07:00
BBCA.JK,Bank Central Asia,5902.292876487555,5902.292876487555,5779.768543332122,5813.568359375,36926000,2021-02-11 00:00:00+07:00
BBCA.JK,Bank Central Asia,5771.318121696921,5822.017841653263,5678.368635110293,5745.96826171875,83922000,2021-02-15 00:00:00+07:00
BBCA.JK,Bank Central Asia,5813.568342489193,5868.493043399339,5771.318572558313,5864.26806640625,47221000,2021-02-16 00:00:00+07:00
BBCA.JK,Bank Central Asia,5822.017332569067,5881.167000679347,5788.217522220335,5830.46728515625,66011500,2021-02-17 00:00:00+07:00
BBCA.JK,Bank Central Asia,5788.217918435645,5830.467684263642,5691.04345703125,5691.04345703125,91204000,2021-02-18 00:00:00+07:00
BBCA.JK,Bank Central Asia,5729.067500858517,5788.217165321657,5712.16759672619,5767.09228515625,70487500,2021-02-19 00:00:00+07:00
BBCA.JK,Bank Central Asia,5830.467052881075,5864.266861883284,5737.517578125,5737.517578125,68913000,2021-02-22 00:00:00+07:00
BBCA.JK,Bank Central Asia,5762.8673091231685,5783.992189288576,5724.842524825435,5767.09228515625,58360000,2021-02-23 00:00:00+07:00
BBCA.JK,Bank Central Asia,5767.093285315985,5775.543238847584,5682.59375,5682.59375,71869000,2021-02-24 00:00:00+07:00
BBCA.JK,Bank Central Asia,5695.26868504148,5720.618545657392,5644.568963809657,5665.69384765625,78688000,2021-02-25 00:00:00+07:00
BBCA.JK,Bank Central Asia,5665.692992618294,5754.417491384128,5614.993279037817,5669.91796875,173631500,2021-02-26 00:00:00+07:00
BBCA.JK,Bank Central Asia,5771.318662254924,5952.99267578125,5745.968799902413,5952.99267578125,205539000,2021-03-01 00:00:00+07:00
BBCA.JK,Bank Central Asia,6016.366101657163,6050.1659112170355,5914.966672977548,5927.6416015625,81446500,2021-03-02 00:00:00+07:00
BBCA.JK,Bank Central Asia,5969.891981375557,5986.791887904576,5914.96728515625,5914.96728515625,84470000,2021-03-03 00:00:00+07:00
BBCA.JK,Bank Central Asia,5834.692789350237,5914.967346191406,5678.36865234375,5678.36865234375,120802500,2021-03-04 00:00:00+07:00
BBCA.JK,Bank Central Asia,5678.368635110293,5851.592678294462,5678.368635110293,5745.96826171875,111871500,2021-03-05 00:00:00+07:00
BBCA.JK,Bank Central Asia,5872.717579432896,5872.717579432896,5678.36865234375,5678.36865234375,90883000,2021-03-08 00:00:00+07:00
BBCA.JK,Bank Central Asia,5661.468894894966,5674.143825256671,5576.969359150265,5581.1943359375,135582000,2021-03-09 00:00:00+07:00
BBCA.JK,Bank Central Asia,5678.368777964206,5678.368777964206,5593.8692425778345,5665.69384765625,50302000,2021-03-10 00:00:00+07:00
BBCA.JK,Bank Central Asia,5809.343043381606,5813.568020140428,5674.14378709927,5716.3935546875,74328000,2021-03-12 00:00:00+07:00
BBCA.JK,Bank Central Asia,5758.6433462613695,5762.86832303779,5631.89404296875,5631.89404296875,57416000,2021-03-15 00:00:00+07:00
BBCA.JK,Bank Central Asia,5669.918349056604,5669.918349056604,5593.868773584906,5598.09375,70755500,2021-03-16 00:00:00+07:00
BBCA.JK,Bank Central Asia,5619.2192486230615,5631.894179259054,5581.194456715087,5585.41943359375,71474500,2021-03-17 00:00:00+07:00
BBCA.JK,Bank Central Asia,5593.8692425778345,5678.368777964206,5585.419289039197,5665.69384765625,70067500,2021-03-18 00:00:00+07:00
BBCA.JK,Bank Central Asia,5720.618410370053,5720.618410370053,5598.094086957401,5712.16845703125,125853000,2021-03-19 00:00:00+07:00
BBCA.JK,Bank Central Asia,5610.76855763784,5644.56836822602,5585.418699696705,5593.86865234375,67523500,2021-03-22 00:00:00+07:00
BBCA.JK,Bank Central Asia,5678.368811881188,5678.368811881188,5538.944577660891,5547.39453125,127762500,2021-03-23 00:00:00+07:00
BBCA.JK,Bank Central Asia,5505.144176412073,5534.719010821041,5424.869625873447,5441.76953125,152050000,2021-03-24 00:00:00+07:00
BBCA.JK,Bank Central Asia,5407.969976452119,5441.769788804945,5348.820304834674,5382.6201171875,119101500,2021-03-25 00:00:00+07:00
BBCA.JK,Bank Central Asia,5382.619260126413,5445.993898196975,5323.469597927222,5420.64404296875,134467500,2021-03-26 00:00:00+07:00
BBCA.JK,Bank Central Asia,5416.419685411753,5505.1441888389345,5374.169921875,5374.169921875,113370500,2021-03-29 00:00:00+07:00
BBCA.JK,Bank Central Asia,5382.620234008503,5454.444836817093,5382.620234008503,5403.7451171875,83115500,2021-03-30 00:00:00+07:00
BBCA.JK,Bank Central Asia,5399.520179410951,5403.745156077157,5192.4963227668695,5251.64599609375,223390500,2021-03-31 00:00:00+07:00
BBCA.JK,Bank Central Asia,5251.646237685115,5298.120983151355,5200.946515358308,5260.09619140625,112286000,2021-04-01 00:00:00+07:00
BBCA.JK,Bank Central Asia,5281.22134173817,5315.021158325295,5200.94677734375,5200.94677734375,73311500,2021-04-05 00:00:00+07:00
BBCA.JK,Bank Central Asia,5184.046623137166,5213.621461247973,5137.571877534469,5209.396484375,80215000,2021-04-06 00:00:00+07:00
BBCA.JK,Bank Central Asia,5200.945667578125,5302.3450957031255,5184.045762890625,5281.22021484375,107908000,2021-04-07 00:00:00+07:00
BBCA.JK,Bank Central Asia,5312.410445955583,5325.263051873218,5248.14741636741,5256.7158203125,123697500,2021-04-08 00:00:00+07:00
BBCA.JK,Bank Central Asia,5410.94679624496,5415.230997983871,5265.283937121975,5312.41015625,116961000,2021-04-09 00:00:00+07:00
BBCA.JK,Bank Central Asia,5393.808580063634,5393.808580063634,5192.45115094291,5196.7353515625,110411500,2021-04-12 00:00:00+07:00
BBCA.JK,Bank Central Asia,5183.883516438802,5192.451918945312,5123.904698893229,5141.04150390625,119211500,2021-04-13 00:00:00+07:00
BBCA.JK,Bank Central Asia,5231.009874820331,5402.3779296875,5192.452062475218,5402.3779296875,135519500,2021-04-14 00:00:00+07:00
BBCA.JK,Bank Central Asia,5402.378038540008,5406.66223999801,5295.273002089968,5380.95703125,102686500,2021-04-15 00:00:00+07:00
BBCA.JK,Bank Central Asia,5458.073175267679,5458.073175267679,5325.262917470742,5376.67333984375,79293500,2021-04-16 00:00:00+07:00
BBCA.JK,Bank Central Asia,5376.672873367723,5380.9570748604465,5338.115059933213,5372.388671875,47095000,2021-04-19 00:00:00+07:00
BBCA.JK,Bank Central Asia,5312.40951721632,5355.251529451934,5299.556913545634,5342.39892578125,72721000,2021-04-20 00:00:00+07:00
BBCA.JK,Bank Central Asia,5312.410311486213,5333.831320806721,5282.4208984375,5282.4208984375,68397000,2021-04-21 00:00:00+07:00
BBCA.JK,Bank Central Asia,5312.409116049879,5376.672129550483,5295.272312449719,5325.26171875,63758000,2021-04-22 00:00:00+07:00
BBCA.JK,Bank Central Asia,5380.9570404196,5479.4936741215515,5333.830824301276,5475.20947265625,108498500,2021-04-23 00:00:00+07:00
BBCA.JK,Bank Central Asia,5479.493642632508,5483.77784407319,5380.957009496818,5385.2412109375,108742000,2021-04-26 00:00:00+07:00
BBCA.JK,Bank Central Asia,5458.072116205601,5513.766729636271,5445.219513106216,5488.0615234375,132650000,2021-04-27 00:00:00+07:00
BBCA.JK,Bank Central Asia,5483.777195411392,5488.061396345308,5410.945779534835,5415.22998046875,87660000,2021-04-28 00:00:00+07:00
BBCA.JK,Bank Central Asia,5535.188205379778,5535.188205379778,5449.504177432723,5492.34619140625,57355000,2021-04-29 00:00:00+07:00
BBCA.JK,Bank Central Asia,5526.619332735656,5526.619332735656,5466.640518271858,5488.0615234375,65829500,2021-04-30 00:00:00+07:00
BBCA.JK,Bank Central Asia,5552.32509903169,5552.32509903169,5436.65165946853,5475.20947265625,42065500,2021-05-03 00:00:00+07:00
BBCA.JK,Bank Central Asia,5440.9348487854,5509.48205947876,5432.3664474487305,5483.77685546875,50123500,2021-05-04 00:00:00+07:00
BBCA.JK,Bank Central Asia,5500.914041220817,5509.482443154183,5483.777237354086,5505.1982421875,51685000,2021-05-05 00:00:00+07:00
BBCA.JK,Bank Central Asia,5483.777237354086,5526.619247020914,5483.777237354086,5505.1982421875,38115500,2021-05-06 00:00:00+07:00
BBCA.JK,Bank Central Asia,5535.1872634887695,5535.1872634887695,5470.924253463745,5483.77685546875,48864000,2021-05-07 00:00:00+07:00
BBCA.JK,Bank Central Asia,5483.777745327103,5500.91455078125,5479.4935439635665,5500.91455078125,68180500,2021-05-10 00:00:00+07:00
BBCA.JK,Bank Central Asia,5483.7779706790125,5552.3251953125,5402.378141426746,5552.3251953125,70680000,2021-05-11 00:00:00+07:00
BBCA.JK,Bank Central Asia,5569.46142578125,5569.46142578125,5462.35639836238,5569.46142578125,129058500,2021-05-17 00:00:00+07:00
BBCA.JK,Bank Central Asia,5483.777875586854,5530.904091705179,5453.788465329739,5475.20947265625,73563000,2021-05-18 00:00:00+07:00
BBCA.JK,Bank Central Asia,5466.6407758323485,5483.777580772262,5428.082964717543,5436.6513671875,64912500,2021-05-19 00:00:00+07:00
BBCA.JK,Bank Central Asia,5475.210005326704,5513.767822265625,5440.936390269886,5466.6416015625,64950000,2021-05-20 00:00:00+07:00
BBCA.JK,Bank Central Asia,5526.62051794664,5526.62051794664,5363.820843774568,5449.5048828125,92620000,2021-05-21 00:00:00+07:00
BBCA.JK,Bank Central Asia,5445.220346853384,5466.6413552989125,5389.525724895009,5419.51513671875,59210000,2021-05-24 00:00:00+07:00
BBCA.JK,Bank Central Asia,5398.093513350708,5518.051146980723,5398.093513350708,5445.2197265625,87470000,2021-05-25 00:00:00+07:00
BBCA.JK,Bank Central Asia,5518.051522627591,5552.325134569378,5372.388671875,5372.388671875,537971500,2021-05-27 00:00:00+07:00
BBCA.JK,Bank Central Asia,5423.799272507147,5458.0728856035585,5423.799272507147,5432.36767578125,102108500,2021-05-28 00:00:00+07:00
BBCA.JK,Bank Central Asia,5449.5038419117645,5475.2090487132355,5419.514433976716,5462.3564453125,101442000,2021-05-31 00:00:00+07:00
BBCA.JK,Bank Central Asia,5569.462067382057,5582.314672152939,5500.914841937355,5539.47265625,141732500,2021-06-02 00:00:00+07:00
BBCA.JK,Bank Central Asia,5565.176803311435,5655.14501953125,5509.482193270596,5655.14501953125,133810500,2021-06-03 00:00:00+07:00
BBCA.JK,Bank Central Asia,5672.282889971979,5672.282889971979,5569.46205208729,5638.00927734375,62108500,2021-06-04 00:00:00+07:00
BBCA.JK,Bank Central Asia,5620.872200421133,5629.440603165677,5509.482964742056,5595.1669921875,62576000,2021-06-07 00:00:00+07:00
BBCA.JK,Bank Central Asia,5633.724249428946,5633.724249428946,5509.482421875,5509.482421875,64348000,2021-06-08 00:00:00+07:00
BBCA.JK,Bank Central Asia,5449.504145530244,5599.451193559772,5449.504145530244,5595.1669921875,77198000,2021-06-09 00:00:00+07:00
BBCA.JK,Bank Central Asia,5616.587612555466,5672.2822265625,5560.892998548433,5672.2822265625,73262500,2021-06-10 00:00:00+07:00
BBCA.JK,Bank Central Asia,5629.4403715767485,5638.008773968798,5535.1879452642,5543.75634765625,72780500,2021-06-11 00:00:00+07:00
BBCA.JK,Bank Central Asia,5586.598622148011,5586.598622148011,5483.777788611545,5492.34619140625,61478500,2021-06-14 00:00:00+07:00
BBCA.JK,Bank Central Asia,5522.335341676126,5543.75634765625,5488.061732107926,5543.75634765625,87799000,2021-06-15 00:00:00+07:00
BBCA.JK,Bank Central Asia,5500.915194303054,5513.76779989722,5449.50477192639,5470.92578125,48984000,2021-06-16 00:00:00+07:00
BBCA.JK,Bank Central Asia,5475.208750647956,5475.208750647956,5376.672129939894,5423.79833984375,68448500,2021-06-17 00:00:00+07:00
BBCA.JK,Bank Central Asia,5398.094128273221,5436.651943475173,5380.957321516798,5419.51513671875,118043000,2021-06-18 00:00:00+07:00
BBCA.JK,Bank Central Asia,5398.0934765625,5398.0934765625,5320.97785546875,5355.25146484375,60823500,2021-06-21 00:00:00+07:00
BBCA.JK,Bank Central Asia,5355.252046314324,5475.209692151765,5346.683643040221,5432.36767578125,65824000,2021-06-22 00:00:00+07:00
BBCA.JK,Bank Central Asia,5393.80837547339,5432.366179587179,5338.11376953125,5338.11376953125,52451000,2021-06-23 00:00:00+07:00
BBCA.JK,Bank Central Asia,5406.6625496930355,5406.6625496930355,5312.410112218196,5320.978515625,56010000,2021-06-24 00:00:00+07:00
BBCA.JK,Bank Central Asia,5338.114428198202,5363.819634112479,5303.8408203125,5303.8408203125,68939500,2021-06-25 00:00:00+07:00
BBCA.JK,Bank Central Asia,5226.725289985033,5269.5673005586805,5188.16748046875,5188.16748046875,84420500,2021-06-28 00:00:00+07:00
BBCA.JK,Bank Central Asia,5183.883810871588,5218.157422844292,5175.315407878412,5179.599609375,53704000,2021-06-29 00:00:00+07:00
BBCA.JK,Bank Central Asia,5141.041882780083,5201.020704745851,5141.041882780083,5162.462890625,65795000,2021-06-30 00:00:00+07:00
BBCA.JK,Bank Central Asia,5192.452301607884,5205.304906314834,5141.041882780083,5162.462890625,58153000,2021-07-01 00:00:00+07:00
BBCA.JK,Bank Central Asia,5201.020378137808,5260.99919633709,5175.3151703381145,5226.7255859375,67392500,2021-07-02 00:00:00+07:00
BBCA.JK,Bank Central Asia,5226.725542783347,5252.430750370806,5201.020335195888,5235.2939453125,39710500,2021-07-05 00:00:00+07:00
BBCA.JK,Bank Central Asia,5235.293692099763,5235.293692099763,5188.16748046875,5188.16748046875,34279500,2021-07-06 00:00:00+07:00
BBCA.JK,Bank Central Asia,5295.271965813066,5295.271965813066,5166.74594722537,5196.7353515625,35595000,2021-07-07 00:00:00+07:00
BBCA.JK,Bank Central Asia,5141.041926433915,5175.3155392768085,5123.905120012469,5153.89453125,47297000,2021-07-08 00:00:00+07:00
BBCA.JK,Bank Central Asia,5149.610307763185,5158.1787109375,5132.473501414555,5158.1787109375,40707500,2021-07-09 00:00:00+07:00
BBCA.JK,Bank Central Asia,5201.020080467483,5295.272503672001,5158.178069919975,5286.7041015625,65981500,2021-07-12 00:00:00+07:00
BBCA.JK,Bank Central Asia,5286.704646789703,5290.98884828629,5153.894400395471,5179.599609375,65946500,2021-07-13 00:00:00+07:00
BBCA.JK,Bank Central Asia,5158.178842993531,5166.747246387208,5123.905229418823,5132.4736328125,59321000,2021-07-14 00:00:00+07:00
BBCA.JK,Bank Central Asia,5141.041496320523,5239.578125,5136.757295073589,5239.578125,49724000,2021-07-15 00:00:00+07:00
BBCA.JK,Bank Central Asia,5286.704360487418,5286.704360487418,5188.167731402158,5235.2939453125,47998500,2021-07-16 00:00:00+07:00
BBCA.JK,Bank Central Asia,5235.293909535023,5235.293909535023,5145.32568359375,5145.32568359375,47119000,2021-07-19 00:00:00+07:00
BBCA.JK,Bank Central Asia,5183.882981489185,5243.861792845258,5149.609375,5149.609375,55009500,2021-07-21 00:00:00+07:00
BBCA.JK,Bank Central Asia,5239.578438753427,5273.85205078125,5183.883819208215,5273.85205078125,60792000,2021-07-22 00:00:00+07:00
BBCA.JK,Bank Central Asia,5295.273094449048,5303.841497514499,5162.462846934549,5171.03125,79938000,2021-07-23 00:00:00+07:00
BBCA.JK,Bank Central Asia,5175.315092240841,5192.451897182036,5145.32568359375,5145.32568359375,48171500,2021-07-26 00:00:00+07:00
BBCA.JK,Bank Central Asia,5145.32568359375,5192.451897182036,5141.0414823584515,5145.32568359375,53107500,2021-07-27 00:00:00+07:00
BBCA.JK,Bank Central Asia,5145.325301460597,5149.609502377717,5115.335895040761,5123.904296875,74133000,2021-07-28 00:00:00+07:00
BBCA.JK,Bank Central Asia,5188.168523725295,5213.873735238384,5123.90549494257,5175.31591796875,84605000,2021-07-29 00:00:00+07:00
BBCA.JK,Bank Central Asia,5175.315738850502,5226.726160097362,5106.768510521357,5115.3369140625,105685000,2021-07-30 00:00:00+07:00
BBCA.JK,Bank Central Asia,5192.452094366086,5196.736295764078,5059.64185102834,5106.76806640625,119981500,2021-08-02 00:00:00+07:00
BBCA.JK,Bank Central Asia,5162.4623757246745,5295.272611116761,5128.188766591233,5265.283203125,110071500,2021-08-03 00:00:00+07:00
BBCA.JK,Bank Central Asia,5265.283310834099,5269.567512063419,5192.451889935662,5243.8623046875,41112000,2021-08-04 00:00:00+07:00
BBCA.JK,Bank Central Asia,5286.704035683284,5406.661663721478,5260.998829675099,5398.09326171875,93768000,2021-08-05 00:00:00+07:00
BBCA.JK,Bank Central Asia,5449.504289899553,5449.504289899553,5256.7152230399,5278.13623046875,67285000,2021-08-06 00:00:00+07:00
BBCA.JK,Bank Central Asia,5256.715533644153,5312.41015625,5231.010323210685,5312.41015625,52858500,2021-08-09 00:00:00+07:00
BBCA.JK,Bank Central Asia,5355.251251705109,5398.09326171875,5239.5778246682785,5398.09326171875,60446000,2021-08-10 00:00:00+07:00
BBCA.JK,Bank Central Asia,5243.862025669643,5415.230065724207,5243.862025669643,5398.09326171875,118325500,2021-08-12 00:00:00+07:00
BBCA.JK,Bank Central Asia,5440.935774638017,5513.767198393014,5419.514767651253,5492.34619140625,86929000,2021-08-13 00:00:00+07:00
BBCA.JK,Bank Central Asia,5500.91455078125,5500.91455078125,5402.377919419904,5500.91455078125,69282000,2021-08-16 00:00:00+07:00
BBCA.JK,Bank Central Asia,5586.597807173295,5792.23944424716,5535.18739790483,5655.14501953125,186354500,2021-08-18 00:00:00+07:00
BBCA.JK,Bank Central Asia,5655.14501953125,5655.14501953125,5595.16620871804,5655.14501953125,100926000,2021-08-19 00:00:00+07:00
BBCA.JK,Bank Central Asia,5655.14501953125,5655.14501953125,5578.029405628551,5655.14501953125,120163500,2021-08-20 00:00:00+07:00
BBCA.JK,Bank Central Asia,5582.314613539098,5646.57763671875,5582.314613539098,5646.57763671875,68253000,2021-08-23 00:00:00+07:00
BBCA.JK,Bank Central Asia,5629.439814897018,5655.14501953125,5569.461004083807,5655.14501953125,59561500,2021-08-24 00:00:00+07:00
BBCA.JK,Bank Central Asia,5655.14501953125,5659.429220303622,5642.292417214134,5655.14501953125,80751500,2021-08-25 00:00:00+07:00
BBCA.JK,Bank Central Asia,5620.873046875,5638.009854944741,5543.757410561167,5620.873046875,74337000,2021-08-26 00:00:00+07:00
BBCA.JK,Bank Central Asia,5560.893467681932,5595.167079193068,5560.893467681932,5578.0302734375,71572500,2021-08-27 00:00:00+07:00
BBCA.JK,Bank Central Asia,5595.166841203351,5638.008853769992,5586.598438690023,5625.15625,74564500,2021-08-30 00:00:00+07:00
BBCA.JK,Bank Central Asia,5586.59753101145,5629.439536617366,5582.313330450858,5612.302734375,115373500,2021-08-31 00:00:00+07:00
BBCA.JK,Bank Central Asia,5612.303646230008,5655.145658796649,5599.451042460015,5625.15625,67362500,2021-09-01 00:00:00+07:00
BBCA.JK,Bank Central Asia,5590.882747545155,5633.724760936306,5530.903928797544,5603.7353515625,53257000,2021-09-02 00:00:00+07:00
BBCA.JK,Bank Central Asia,5620.871413352273,5655.14501953125,5582.313606400923,5655.14501953125,35764500,2021-09-03 00:00:00+07:00
BBCA.JK,Bank Central Asia,5655.145125356464,5659.429326209007,5612.303116831036,5633.72412109375,36780000,2021-09-06 00:00:00+07:00
BBCA.JK,Bank Central Asia,5650.861435888746,5659.429838369245,5629.4404296875,5629.4404296875,53902000,2021-09-07 00:00:00+07:00
BBCA.JK,Bank Central Asia,5612.303698048087,5650.861509714067,5500.914464346371,5518.05126953125,77888000,2021-09-08 00:00:00+07:00
BBCA.JK,Bank Central Asia,5492.345989999524,5629.4404296875,5492.345989999524,5629.4404296875,110074000,2021-09-09 00:00:00+07:00
BBCA.JK,Bank Central Asia,5565.178112193851,5625.156937113569,5565.178112193851,5586.59912109375,41483500,2021-09-10 00:00:00+07:00
BBCA.JK,Bank Central Asia,5620.872091914569,5620.872091914569,5590.882682887585,5616.587890625,29929000,2021-09-13 00:00:00+07:00
BBCA.JK,Bank Central Asia,5646.576851514754,5650.861052464309,5565.17703347319,5608.01904296875,51990500,2021-09-14 00:00:00+07:00
BBCA.JK,Bank Central Asia,5608.019749266263,5612.3039507553885,5556.609331396748,5565.177734375,44514000,2021-09-15 00:00:00+07:00
BBCA.JK,Bank Central Asia,5638.008643329327,5638.008643329327,5552.324621394231,5569.46142578125,58672500,2021-09-16 00:00:00+07:00
BBCA.JK,Bank Central Asia,5560.893910413871,5599.45172643369,5552.325506853911,5586.59912109375,117540000,2021-09-17 00:00:00+07:00
BBCA.JK,Bank Central Asia,5629.440365176538,5646.577169941154,5578.029950882688,5642.29296875,73157500,2021-09-20 00:00:00+07:00
BBCA.JK,Bank Central Asia,5578.03036071119,5599.451368240803,5543.756748663809,5560.8935546875,57115500,2021-09-21 00:00:00+07:00
BBCA.JK,Bank Central Asia,5569.461676439741,5638.008897072845,5569.461676439741,5616.587890625,68722000,2021-09-22 00:00:00+07:00
BBCA.JK,Bank Central Asia,5616.5882694511065,5646.577680500807,5608.019866294049,5638.00927734375,60998500,2021-09-23 00:00:00+07:00
BBCA.JK,Bank Central Asia,5569.46154850038,5642.29296875,5569.46154850038,5642.29296875,60539500,2021-09-24 00:00:00+07:00
BBCA.JK,Bank Central Asia,5642.293478922278,5650.861882079335,5616.5882694511065,5638.00927734375,55052500,2021-09-27 00:00:00+07:00
BBCA.JK,Bank Central Asia,5603.7359282136695,5620.872735333589,5569.4623139738305,5586.59912109375,80186000,2021-09-28 00:00:00+07:00
BBCA.JK,Bank Central Asia,5586.598858401406,5638.00927734375,5582.314656822877,5638.00927734375,74079000,2021-09-29 00:00:00+07:00
BBCA.JK,Bank Central Asia,5655.145731026785,5997.8818359375,5650.861529715401,5997.8818359375,156848000,2021-09-30 00:00:00+07:00
BBCA.JK,Bank Central Asia,5912.197373971431,5912.197373971431,5749.3977361374355,5792.23974609375,103954500,2021-10-01 00:00:00+07:00
BBCA.JK,Bank Central Asia,5775.103062421426,5963.60791015625,5775.103062421426,5963.60791015625,74719000,2021-10-04 00:00:00+07:00
BBCA.JK,Bank Central Asia,5920.765963176071,5950.75537109375,5877.923951865101,5950.75537109375,54986500,2021-10-05 00:00:00+07:00
BBCA.JK,Bank Central Asia,5980.745223276463,6152.11328125,5972.176820377786,6152.11328125,174312000,2021-10-06 00:00:00+07:00
BBCA.JK,Bank Central Asia,6147.829656334563,6147.829656334563,6066.429821163582,6134.97705078125,107263500,2021-10-07 00:00:00+07:00
BBCA.JK,Bank Central Asia,6169.250096450617,6254.934125567987,6147.829089171275,6246.36572265625,94643500,2021-10-08 00:00:00+07:00
BBCA.JK,Bank Central Asia,6203.523860161095,6246.365875769943,6194.955457039326,6216.37646484375,47201000,2021-10-11 00:00:00+07:00
BBCA.JK,Bank Central Asia,6216.375699069331,6272.0703125,6207.8072970030735,6272.0703125,91067000,2021-10-12 00:00:00+07:00
BBCA.JK,Bank Central Asia,6340.617628737541,7068.931815822259,6340.617628737541,6447.72265625,210893300,2021-10-13 00:00:00+07:00
BBCA.JK,Bank Central Asia,6511.986164314516,6769.038249747984,6511.986164314516,6640.51220703125,138811900,2021-10-14 00:00:00+07:00
BBCA.JK,Bank Central Asia,6683.354664522059,6747.617690142463,6383.460544960171,6554.82861328125,142378200,2021-10-15 00:00:00+07:00
BBCA.JK,Bank Central Asia,6554.827683762458,6576.24868926495,6404.880645245016,6447.72265625,116644300,2021-10-18 00:00:00+07:00
BBCA.JK,Bank Central Asia,6404.88123860677,6447.723253580729,6297.776201171875,6426.30224609375,134601200,2021-10-19 00:00:00+07:00
BBCA.JK,Bank Central Asia,6426.3016984269425,6469.143709749789,6297.775664458404,6340.61767578125,106120100,2021-10-21 00:00:00+07:00
BBCA.JK,Bank Central Asia,6383.459639742525,6469.143661752491,6362.038634240033,6447.72265625,96730700,2021-10-22 00:00:00+07:00
BBCA.JK,Bank Central Asia,6340.617628737541,6447.72265625,6340.617628737541,6447.72265625,60329800,2021-10-25 00:00:00+07:00
BBCA.JK,Bank Central Asia,6511.985672757475,6511.985672757475,6426.301650747509,6447.72265625,70103000,2021-10-26 00:00:00+07:00
BBCA.JK,Bank Central Asia,6490.565490313024,6490.565490313024,6362.039440999894,6383.46044921875,57067000,2021-10-27 00:00:00+07:00
BBCA.JK,Bank Central Asia,6297.776744570974,6362.039772576801,6297.776744570974,6319.19775390625,75271900,2021-10-28 00:00:00+07:00
BBCA.JK,Bank Central Asia,6383.459853156355,6404.880859375,6319.196834500418,6404.880859375,60639200,2021-10-29 00:00:00+07:00
BBCA.JK,Bank Central Asia,6469.143709749789,6469.143709749789,6340.61767578125,6340.61767578125,38593400,2021-11-01 00:00:00+07:00
BBCA.JK,Bank Central Asia,6319.1975967198205,6362.039614324701,6212.092552707621,6254.9345703125,90535400,2021-11-02 00:00:00+07:00
BBCA.JK,Bank Central Asia,6254.933866124575,6340.617891687925,6212.091853342899,6297.77587890625,61621500,2021-11-03 00:00:00+07:00
BBCA.JK,Bank Central Asia,6362.039772576801,6404.881791247351,6319.19775390625,6319.19775390625,61081400,2021-11-04 00:00:00+07:00
BBCA.JK,Bank Central Asia,6404.881457437605,6404.881457437605,6319.197424562185,6383.46044921875,43120400,2021-11-05 00:00:00+07:00
BBCA.JK,Bank Central Asia,6426.301922184406,6511.985947813531,6383.459909369843,6490.56494140625,85441700,2021-11-08 00:00:00+07:00
BBCA.JK,Bank Central Asia,6511.986003664495,6576.2490234375,6490.564997073494,6576.2490234375,101785800,2021-11-09 00:00:00+07:00
BBCA.JK,Bank Central Asia,6576.249621821385,6576.249621821385,6490.565587660845,6554.82861328125,47503900,2021-11-10 00:00:00+07:00
BBCA.JK,Bank Central Asia,6597.670030028502,6640.512043210505,6511.986003664495,6576.2490234375,55790000,2021-11-11 00:00:00+07:00
BBCA.JK,Bank Central Asia,6640.511705772426,6640.511705772426,6447.72265625,6447.72265625,52590100,2021-11-12 00:00:00+07:00
BBCA.JK,Bank Central Asia,6533.407283528645,6533.407283528645,6426.30224609375,6426.30224609375,67344200,2021-11-15 00:00:00+07:00
BBCA.JK,Bank Central Asia,6340.617840719064,6404.880859375,6276.354822063127,6404.880859375,98616900,2021-11-16 00:00:00+07:00
BBCA.JK,Bank Central Asia,6447.866549350248,6512.34521484375,6383.387883856745,6512.34521484375,61968100,2021-11-17 00:00:00+07:00
BBCA.JK,Bank Central Asia,6383.387418179899,6447.866078969595,6361.89453125,6361.89453125,78839600,2021-11-18 00:00:00+07:00
BBCA.JK,Bank Central Asia,6383.388671875,6404.881563026094,6340.402889572812,6383.388671875,68203700,2021-11-19 00:00:00+07:00
BBCA.JK,Bank Central Asia,6383.388244016513,6469.359802858487,6361.89535430602,6426.3740234375,66328300,2021-11-22 00:00:00+07:00
BBCA.JK,Bank Central Asia,6361.89535430602,6447.866913147993,6361.89535430602,6426.3740234375,43477500,2021-11-23 00:00:00+07:00
BBCA.JK,Bank Central Asia,6512.345582279473,6512.345582279473,6383.388244016513,6426.3740234375,35181400,2021-11-24 00:00:00+07:00
BBCA.JK,Bank Central Asia,6404.881563026094,6469.360236479377,6383.388671875,6383.388671875,40216100,2021-11-25 00:00:00+07:00
BBCA.JK,Bank Central Asia,6361.8951084621995,6404.8808862220785,6232.93777518256,6254.4306640625,113288400,2021-11-26 00:00:00+07:00
BBCA.JK,Bank Central Asia,6254.430096600507,6383.387418179899,6168.4585488809125,6361.89453125,87907900,2021-11-29 00:00:00+07:00
BBCA.JK,Bank Central Asia,6297.416441822379,6383.387997342139,6254.4306640625,6254.4306640625,144923700,2021-11-30 00:00:00+07:00
BBCA.JK,Bank Central Asia,6254.430938302654,6404.881167059075,6254.430938302654,6275.923828125,76538100,2021-12-01 00:00:00+07:00
BBCA.JK,Bank Central Asia,6340.402734374999,6447.8671875,6275.9240625,6447.8671875,66831000,2021-12-02 00:00:00+07:00
BBCA.JK,Bank Central Asia,6469.3601777674785,6469.3601777674785,6318.9099410752115,6340.40283203125,63283700,2021-12-03 00:00:00+07:00
BBCA.JK,Bank Central Asia,6404.881228077168,6426.374118104272,6318.90966796875,6318.90966796875,56944100,2021-12-06 00:00:00+07:00
BBCA.JK,Bank Central Asia,6404.881228077168,6426.374118104272,6318.90966796875,6318.90966796875,51258200,2021-12-07 00:00:00+07:00
BBCA.JK,Bank Central Asia,6404.881563026094,6426.374454177188,6361.895780723906,6383.388671875,74775000,2021-12-08 00:00:00+07:00
BBCA.JK,Bank Central Asia,6361.8954480229595,6404.881228077168,6318.90966796875,6318.90966796875,54886400,2021-12-09 00:00:00+07:00
BBCA.JK,Bank Central Asia,6297.417050119174,6340.40283203125,6254.431268207098,6340.40283203125,91092400,2021-12-10 00:00:00+07:00
BBCA.JK,Bank Central Asia,6340.402497592037,6361.895387414384,6275.923828125,6275.923828125,59977100,2021-12-13 00:00:00+07:00
BBCA.JK,Bank Central Asia,6275.923828125,6340.402497592037,6254.430938302654,6275.923828125,49763600,2021-12-14 00:00:00+07:00
BBCA.JK,Bank Central Asia,6275.923828125,6340.402497592037,6254.430938302654,6275.923828125,52477600,2021-12-15 00:00:00+07:00
BBCA.JK,Bank Central Asia,6340.402219582259,6361.8951084621995,6254.4306640625,6254.4306640625,95171400,2021-12-16 00:00:00+07:00
BBCA.JK,Bank Central Asia,6297.416953125,6447.8671875,6275.9240625,6447.8671875,107096800,2021-12-17 00:00:00+07:00
BBCA.JK,Bank Central Asia,6318.9099410752115,6361.895722987288,6297.417050119174,6340.40283203125,74753000,2021-12-20 00:00:00+07:00
BBCA.JK,Bank Central Asia,6297.417050119174,6361.895722987288,6297.417050119174,6340.40283203125,52386100,2021-12-21 00:00:00+07:00
BBCA.JK,Bank Central Asia,6383.388060273571,6383.388060273571,6297.41650390625,6297.41650390625,33232000,2021-12-22 00:00:00+07:00
BBCA.JK,Bank Central Asia,6297.416717947346,6318.909607769691,6275.923828125,6275.923828125,37136400,2021-12-23 00:00:00+07:00
BBCA.JK,Bank Central Asia,6275.923828125,6318.909607769691,6275.923828125,6275.923828125,30802100,2021-12-24 00:00:00+07:00
BBCA.JK,Bank Central Asia,6275.9238879145405,6318.90966796875,6275.9238879145405,6318.90966796875,20722100,2021-12-27 00:00:00+07:00
BBCA.JK,Bank Central Asia,6340.402557995854,6361.8954480229595,6297.416777941646,6318.90966796875,39343800,2021-12-28 00:00:00+07:00
BBCA.JK,Bank Central Asia,6318.909607769691,6340.402497592037,6275.923828125,6275.923828125,42079500,2021-12-29 00:00:00+07:00
BBCA.JK,Bank Central Asia,6318.909607769691,6318.909607769691,6275.923828125,6275.923828125,49954700,2021-12-30 00:00:00+07:00
BBCA.JK,Bank Central Asia,6297.41650390625,6361.895171181741,6275.92361481442,6297.41650390625,54287400,2022-01-03 00:00:00+07:00
BBCA.JK,Bank Central Asia,6297.415870460304,6404.8803051097975,6297.415870460304,6361.89453125,70624000,2022-01-04 00:00:00+07:00
BBCA.JK,Bank Central Asia,6404.88134765625,6469.36001894138,6340.40267637112,6404.88134765625,76164900,2022-01-05 00:00:00+07:00
BBCA.JK,Bank Central Asia,6447.866913147993,6469.359802858487,6383.388244016513,6426.3740234375,63657100,2022-01-06 00:00:00+07:00
BBCA.JK,Bank Central Asia,6490.852178436478,6619.809506484885,6447.866402420343,6576.82373046875,143433300,2022-01-07 00:00:00+07:00
BBCA.JK,Bank Central Asia,6512.345489501953,6576.824157714844,6490.852600097656,6533.83837890625,45351900,2022-01-10 00:00:00+07:00
BBCA.JK,Bank Central Asia,6576.824764103085,6619.810546875,6555.331872717127,6619.810546875,110334600,2022-01-11 00:00:00+07:00
BBCA.JK,Bank Central Asia,6619.810546875,6619.810546875,6576.824764103085,6619.810546875,62606000,2022-01-12 00:00:00+07:00
BBCA.JK,Bank Central Asia,6619.810546875,6662.796329646916,6576.824764103085,6619.810546875,50025200,2022-01-13 00:00:00+07:00
BBCA.JK,Bank Central Asia,6619.810235867834,6748.767578125,6576.824455115446,6748.767578125,65898700,2022-01-14 00:00:00+07:00
BBCA.JK,Bank Central Asia,6791.753238407258,6791.753238407258,6619.810118447581,6662.7958984375,63902600,2022-01-17 00:00:00+07:00
BBCA.JK,Bank Central Asia,6684.288944803542,6684.288944803542,6490.852930323697,6598.3173828125,71476300,2022-01-18 00:00:00+07:00
BBCA.JK,Bank Central Asia,6576.8244923147395,6641.303163808021,6512.345820821458,6598.3173828125,60389700,2022-01-19 00:00:00+07:00
BBCA.JK,Bank Central Asia,6641.302795606411,6684.28857421875,6555.331238381732,6684.28857421875,59925500,2022-01-20 00:00:00+07:00
BBCA.JK,Bank Central Asia,6684.288545044713,6834.73876953125,6619.809877407625,6834.73876953125,63370500,2022-01-21 00:00:00+07:00
BBCA.JK,Bank Central Asia,6727.274628468049,6748.767518654848,6684.288848094451,6705.78173828125,40278300,2022-01-24 00:00:00+07:00
BBCA.JK,Bank Central Asia,6598.317016994071,6684.28857421875,6555.331238381732,6684.28857421875,106796900,2022-01-25 00:00:00+07:00
BBCA.JK,Bank Central Asia,6619.810546875,6662.796329646916,6576.824764103085,6619.810546875,53350200,2022-01-26 00:00:00+07:00
BBCA.JK,Bank Central Asia,6555.331506973657,6705.78173828125,6555.331506973657,6705.78173828125,71945100,2022-01-27 00:00:00+07:00
BBCA.JK,Bank Central Asia,6705.78146352492,6727.274352831088,6619.809906300241,6684.28857421875,70595000,2022-01-28 00:00:00+07:00
BBCA.JK,Bank Central Asia,6684.288884797644,6684.288884797644,6555.33154296875,6555.33154296875,68122000,2022-01-31 00:00:00+07:00
BBCA.JK,Bank Central Asia,6684.288848094451,6705.78173828125,6598.317287347255,6705.78173828125,65308100,2022-02-02 00:00:00+07:00
BBCA.JK,Bank Central Asia,6705.781401699029,6727.274290807039,6619.80984526699,6641.302734375,35100600,2022-02-03 00:00:00+07:00
BBCA.JK,Bank Central Asia,6662.79562348301,6705.781401699029,6619.80984526699,6641.302734375,39324700,2022-02-04 00:00:00+07:00
BBCA.JK,Bank Central Asia,6684.288848094451,6705.78173828125,6619.810177534054,6705.78173828125,56813200,2022-02-07 00:00:00+07:00
BBCA.JK,Bank Central Asia,6662.79562348301,6748.7671799150485,6641.302734375,6641.302734375,61883100,2022-02-08 00:00:00+07:00
BBCA.JK,Bank Central Asia,6748.7672126818,6834.73876953125,6705.7814342570755,6834.73876953125,108922200,2022-02-09 00:00:00+07:00
BBCA.JK,Bank Central Asia,6834.7390183971775,6834.7390183971775,6662.7958984375,6662.7958984375,93277000,2022-02-10 00:00:00+07:00
BBCA.JK,Bank Central Asia,6598.317077051717,6727.2744140625,6576.82418754992,6727.2744140625,71968800,2022-02-11 00:00:00+07:00
BBCA.JK,Bank Central Asia,6662.796329646916,6684.289221032874,6619.810546875,6619.810546875,57710700,2022-02-14 00:00:00+07:00
BBCA.JK,Bank Central Asia,6662.795805431548,6770.26025390625,6641.302915736607,6770.26025390625,55617000,2022-02-15 00:00:00+07:00
BBCA.JK,Bank Central Asia,6748.767483223942,6856.23193359375,6727.27459314998,6856.23193359375,77055100,2022-02-16 00:00:00+07:00
BBCA.JK,Bank Central Asia,6748.766666460641,6813.245328879055,6705.780891515032,6791.75244140625,48704600,2022-02-17 00:00:00+07:00
BBCA.JK,Bank Central Asia,6834.738983635647,6834.738983635647,6748.76742409306,6813.24609375,56813400,2022-02-18 00:00:00+07:00
BBCA.JK,Bank Central Asia,6813.245880318887,6856.231658743613,6791.752991106525,6834.73876953125,43821700,2022-02-21 00:00:00+07:00
BBCA.JK,Bank Central Asia,6791.75244140625,6834.73821635186,6748.766666460641,6791.75244140625,80095500,2022-02-22 00:00:00+07:00
BBCA.JK,Bank Central Asia,6791.752632472826,6963.695737092391,6770.25974439538,6920.7099609375,99240300,2022-02-23 00:00:00+07:00
BBCA.JK,Bank Central Asia,6985.189056396484,7006.681945800781,6813.245941162109,6877.724609375,124947700,2022-02-24 00:00:00+07:00
BBCA.JK,Bank Central Asia,6834.738408627717,7028.174401324728,6813.245520550272,6920.7099609375,135899900,2022-02-25 00:00:00+07:00
BBCA.JK,Bank Central Asia,6877.724184782608,7028.174401324728,6877.724184782608,6920.7099609375,136616800,2022-03-01 00:00:00+07:00
BBCA.JK,Bank Central Asia,7071.1608343333655,7071.1608343333655,6856.23193359375,6856.23193359375,100301000,2022-03-02 00:00:00+07:00
BBCA.JK,Bank Central Asia,6856.231103824664,6899.216878770273,6791.75244140625,6791.75244140625,132983400,2022-03-04 00:00:00+07:00
BBCA.JK,Bank Central Asia,6705.782112418831,6748.767895190747,6619.810546875,6619.810546875,130990900,2022-03-07 00:00:00+07:00
BBCA.JK,Bank Central Asia,6619.809506484885,6748.766834533292,6576.82373046875,6576.82373046875,119256500,2022-03-08 00:00:00+07:00
BBCA.JK,Bank Central Asia,6619.810235867834,6834.739139629777,6576.824455115446,6748.767578125,132814500,2022-03-09 00:00:00+07:00
BBCA.JK,Bank Central Asia,6813.24609375,6856.231873521293,6705.781644321766,6813.24609375,86484000,2022-03-10 00:00:00+07:00
BBCA.JK,Bank Central Asia,6641.302766619988,6834.73876953125,6641.302766619988,6834.73876953125,61053900,2022-03-11 00:00:00+07:00
BBCA.JK,Bank Central Asia,6920.709749298569,6963.695524138932,6834.738199617841,6942.20263671875,78432100,2022-03-14 00:00:00+07:00
BBCA.JK,Bank Central Asia,7006.681640625,7049.66741756135,6942.202975220476,7006.681640625,111214500,2022-03-15 00:00:00+07:00
BBCA.JK,Bank Central Asia,7114.146639195885,7114.146639195885,6942.20351800686,7049.66796875,149761300,2022-03-16 00:00:00+07:00
BBCA.JK,Bank Central Asia,7135.6392822265625,7135.6392822265625,6877.724609375,6877.724609375,132439400,2022-03-17 00:00:00+07:00
BBCA.JK,Bank Central Asia,6877.723991297468,6963.695541188687,6791.75244140625,6791.75244140625,143981700,2022-03-18 00:00:00+07:00
BBCA.JK,Bank Central Asia,6705.780891515032,6834.73821635186,6705.780891515032,6791.75244140625,85485500,2022-03-21 00:00:00+07:00
BBCA.JK,Bank Central Asia,6791.753203864353,6834.738983635647,6770.260313978707,6813.24609375,60010900,2022-03-22 00:00:00+07:00
BBCA.JK,Bank Central Asia,6813.245328879055,6834.73821635186,6727.2737789878365,6791.75244140625,82208000,2022-03-23 00:00:00+07:00
BBCA.JK,Bank Central Asia,6748.76742409306,6834.738983635647,6705.781644321766,6813.24609375,95245100,2022-03-24 00:00:00+07:00
BBCA.JK,Bank Central Asia,6791.752991106525,6834.73876953125,6791.752991106525,6834.73876953125,85101200,2022-03-25 00:00:00+07:00
BBCA.JK,Bank Central Asia,6830.373977081685,6895.8408203125,6808.551696004747,6895.8408203125,83911500,2022-03-28 00:00:00+07:00
BBCA.JK,Bank Central Asia,6874.019060074143,6895.841342804538,6830.374494613356,6852.19677734375,62180600,2022-03-29 00:00:00+07:00
BBCA.JK,Bank Central Asia,6895.841325644841,6895.841325644841,6830.374477616568,6874.01904296875,71430600,2022-03-30 00:00:00+07:00
BBCA.JK,Bank Central Asia,6917.663540544181,6983.130387931035,6874.018975619612,6961.30810546875,112691900,2022-03-31 00:00:00+07:00
BBCA.JK,Bank Central Asia,7048.59726962983,7048.59726962983,6852.19672651321,6917.66357421875,105575400,2022-04-01 00:00:00+07:00
BBCA.JK,Bank Central Asia,6917.663101389438,6917.663101389438,6830.373977081685,6895.8408203125,57321200,2022-04-04 00:00:00+07:00
BBCA.JK,Bank Central Asia,6895.8408203125,6895.8408203125,6852.196258158623,6895.8408203125,48528300,2022-04-05 00:00:00+07:00
BBCA.JK,Bank Central Asia,6830.374563697076,6852.196846648186,6764.90771484375,6764.90771484375,119263000,2022-04-06 00:00:00+07:00
BBCA.JK,Bank Central Asia,6743.085431892641,6830.374563697076,6721.263148941533,6764.90771484375,68619400,2022-04-07 00:00:00+07:00
BBCA.JK,Bank Central Asia,6808.552211882961,6874.019060074143,6786.729929152568,6852.19677734375,69791600,2022-04-08 00:00:00+07:00
BBCA.JK,Bank Central Asia,6830.374086645429,6874.018649499393,6743.0849609375,6743.0849609375,62776200,2022-04-11 00:00:00+07:00
BBCA.JK,Bank Central Asia,6743.085397573618,6808.55224609375,6721.263114733574,6808.55224609375,73471300,2022-04-12 00:00:00+07:00
BBCA.JK,Bank Central Asia,6808.55224609375,6852.196811773839,6764.907680413662,6808.55224609375,57622100,2022-04-13 00:00:00+07:00
BBCA.JK,Bank Central Asia,6808.552810470779,6808.552810470779,6721.263671875,6721.263671875,93342900,2022-04-14 00:00:00+07:00
BBCA.JK,Bank Central Asia,6721.263671875,6743.085956523945,6655.796817928166,6721.263671875,68464700,2022-04-18 00:00:00+07:00
BBCA.JK,Bank Central Asia,6721.26323642418,6721.26323642418,6655.79638671875,6655.79638671875,98632000,2022-04-19 00:00:00+07:00
BBCA.JK,Bank Central Asia,6743.085008808211,6743.085008808211,6655.795882480596,6677.6181640625,124388800,2022-04-20 00:00:00+07:00
BBCA.JK,Bank Central Asia,6808.552161376183,6917.66357421875,6764.907596239156,6917.66357421875,129323400,2022-04-21 00:00:00+07:00
BBCA.JK,Bank Central Asia,6852.196760292659,6917.663608320932,6808.5521949404765,6874.01904296875,85956100,2022-04-22 00:00:00+07:00
BBCA.JK,Bank Central Asia,6874.01895904541,6983.13037109375,6830.3743942260735,6983.13037109375,91279600,2022-04-25 00:00:00+07:00
BBCA.JK,Bank Central Asia,6917.663918269231,7092.2421875,6917.663918269231,7092.2421875,128360900,2022-04-26 00:00:00+07:00
BBCA.JK,Bank Central Asia,7048.59756693026,7157.708984375,7048.59756693026,7157.708984375,89463100,2022-04-27 00:00:00+07:00
BBCA.JK,Bank Central Asia,7201.353605769231,7201.353605769231,7048.597620192308,7092.2421875,133730600,2022-04-28 00:00:00+07:00
BBCA.JK,Bank Central Asia,6874.018731368215,6895.841013055099,6633.9736328125,6633.9736328125,456796600,2022-05-09 00:00:00+07:00
BBCA.JK,Bank Central Asia,6328.461735620847,6633.9736814784055,6328.461735620847,6568.5068359375,268445700,2022-05-10 00:00:00+07:00
BBCA.JK,Bank Central Asia,6568.506756152981,6721.262727226307,6503.039911407271,6677.6181640625,156535200,2022-05-11 00:00:00+07:00
BBCA.JK,Bank Central Asia,6568.507003731744,6590.329286136168,6350.2841796875,6350.2841796875,240529600,2022-05-12 00:00:00+07:00
BBCA.JK,Bank Central Asia,6328.461864067833,6524.862404676835,6328.461864067833,6393.9287109375,212968600,2022-05-13 00:00:00+07:00
BBCA.JK,Bank Central Asia,6350.283617174303,6524.861860945418,6350.283617174303,6459.39501953125,159657600,2022-05-17 00:00:00+07:00
BBCA.JK,Bank Central Asia,6546.684521967823,6612.1513671875,6437.573113268359,6612.1513671875,153514300,2022-05-18 00:00:00+07:00
BBCA.JK,Bank Central Asia,6459.395960046141,6524.862810992555,6437.573676397336,6503.04052734375,140908900,2022-05-19 00:00:00+07:00
BBCA.JK,Bank Central Asia,6481.21730000264,6524.861860945418,6459.39501953125,6459.39501953125,86520200,2022-05-20 00:00:00+07:00
BBCA.JK,Bank Central Asia,6503.040581965042,6524.86286579714,6415.751446636653,6437.57373046875,71603500,2022-05-23 00:00:00+07:00
BBCA.JK,Bank Central Asia,6393.928694329295,6524.862387728529,6393.928694329295,6415.7509765625,108710800,2022-05-24 00:00:00+07:00
BBCA.JK,Bank Central Asia,6459.396014300848,6503.040581965042,6415.751446636653,6437.57373046875,76747400,2022-05-25 00:00:00+07:00
BBCA.JK,Bank Central Asia,6568.506803707714,6612.1513671875,6524.86224022793,6612.1513671875,84336900,2022-05-27 00:00:00+07:00
BBCA.JK,Bank Central Asia,6612.1513671875,6633.973648927393,6524.86224022793,6612.1513671875,105411400,2022-05-30 00:00:00+07:00
BBCA.JK,Bank Central Asia,6633.974017137097,6764.90771484375,6568.50716828377,6764.90771484375,286292700,2022-05-31 00:00:00+07:00
BBCA.JK,Bank Central Asia,6655.795930667286,6699.440494147071,6568.506803707714,6612.1513671875,149226300,2022-06-02 00:00:00+07:00
BBCA.JK,Bank Central Asia,6633.9736328125,6699.44047787315,6612.151351125617,6633.9736328125,80563100,2022-06-03 00:00:00+07:00
BBCA.JK,Bank Central Asia,6590.3296619389685,6612.151945587772,6481.218243694945,6503.04052734375,81140300,2022-06-06 00:00:00+07:00
BBCA.JK,Bank Central Asia,6372.106878972458,6524.86286579714,6372.106878972458,6437.57373046875,129242500,2022-06-07 00:00:00+07:00
BBCA.JK,Bank Central Asia,6546.6845060649675,6633.9736328125,6481.217661004318,6633.9736328125,108910500,2022-06-08 00:00:00+07:00
BBCA.JK,Bank Central Asia,6546.68505859375,6612.151909179687,6546.68505859375,6546.68505859375,107828300,2022-06-09 00:00:00+07:00
BBCA.JK,Bank Central Asia,6459.395541028912,6503.040105495324,6415.7509765625,6415.7509765625,111768600,2022-06-10 00:00:00+07:00
BBCA.JK,Bank Central Asia,6372.106412096089,6459.395541028912,6350.284129862883,6415.7509765625,85539500,2022-06-13 00:00:00+07:00
BBCA.JK,Bank Central Asia,6372.1058976456925,6459.39501953125,6328.461336702913,6459.39501953125,80865100,2022-06-14 00:00:00+07:00
BBCA.JK,Bank Central Asia,6372.10642864761,6437.573275517278,6372.10642864761,6393.9287109375,130367100,2022-06-15 00:00:00+07:00
BBCA.JK,Bank Central Asia,6459.395395008251,6633.973648927393,6437.573113268359,6612.1513671875,132666300,2022-06-16 00:00:00+07:00
BBCA.JK,Bank Central Asia,6481.218208007813,6590.329625651042,6481.218208007813,6546.68505859375,117839400,2022-06-17 00:00:00+07:00
BBCA.JK,Bank Central Asia,6633.974103483606,6677.618669953893,6546.684970543032,6655.79638671875,88138700,2022-06-20 00:00:00+07:00
BBCA.JK,Bank Central Asia,6633.973600898693,6677.6181640625,6590.329037734885,6677.6181640625,44295700,2022-06-21 00:00:00+07:00
BBCA.JK,Bank Central Asia,6655.796476236979,6677.618759765625,6546.68505859375,6546.68505859375,53041800,2022-06-22 00:00:00+07:00
BBCA.JK,Bank Central Asia,6503.0399903965945,6612.151399631437,6503.0399903965945,6568.5068359375,60443000,2022-06-23 00:00:00+07:00
BBCA.JK,Bank Central Asia,6633.9737144648825,6633.9737144648825,6524.8623046875,6524.8623046875,57956600,2022-06-24 00:00:00+07:00
BBCA.JK,Bank Central Asia,6524.862387728529,6546.684669961735,6415.7509765625,6415.7509765625,76354100,2022-06-27 00:00:00+07:00
BBCA.JK,Bank Central Asia,6372.1064453125,6459.395574700343,6372.1064453125,6372.1064453125,146078100,2022-06-28 00:00:00+07:00
BBCA.JK,Bank Central Asia,6393.928744496348,6459.395591709622,6350.2841796875,6350.2841796875,98517800,2022-06-29 00:00:00+07:00
BBCA.JK,Bank Central Asia,6372.106970635776,6459.396107219827,6328.46240234375,6328.46240234375,101343900,2022-06-30 00:00:00+07:00
BBCA.JK,Bank Central Asia,6372.106970635776,6393.929254781789,6328.46240234375,6328.46240234375,68738800,2022-07-01 00:00:00+07:00
BBCA.JK,Bank Central Asia,6328.461048315603,6350.283327792553,6110.238253546099,6153.8828125,102238600,2022-07-04 00:00:00+07:00
BBCA.JK,Bank Central Asia,6197.528697467672,6393.929254781789,6197.528697467672,6328.46240234375,69172900,2022-07-05 00:00:00+07:00
BBCA.JK,Bank Central Asia,6372.1064453125,6393.9287276594605,6262.995033577697,6372.1064453125,66801100,2022-07-06 00:00:00+07:00
BBCA.JK,Bank Central Asia,6306.639237524758,6328.46151862346,6197.52783203125,6197.52783203125,86126800,2022-07-07 00:00:00+07:00
BBCA.JK,Bank Central Asia,6219.350568864729,6262.995134260271,6175.706003469187,6241.1728515625,64312400,2022-07-08 00:00:00+07:00
BBCA.JK,Bank Central Asia,6284.817927631579,6284.817927631579,6219.35107421875,6219.35107421875,36830800,2022-07-11 00:00:00+07:00
BBCA.JK,Bank Central Asia,6262.99560546875,6328.462458487587,6241.173321129138,6262.99560546875,34269000,2022-07-12 00:00:00+07:00
BBCA.JK,Bank Central Asia,6197.527894810268,6219.350176130022,6110.23876953125,6110.23876953125,71988200,2022-07-13 00:00:00+07:00
BBCA.JK,Bank Central Asia,6132.06103515625,6197.5278789479535,6110.2387538923485,6132.06103515625,83316300,2022-07-14 00:00:00+07:00
BBCA.JK,Bank Central Asia,6197.527894810268,6197.527894810268,6110.23876953125,6110.23876953125,57419900,2022-07-15 00:00:00+07:00
BBCA.JK,Bank Central Asia,6132.061438073645,6241.1728515625,6132.061438073645,6241.1728515625,60077700,2022-07-18 00:00:00+07:00
BBCA.JK,Bank Central Asia,6197.528752449913,6262.99560546875,6197.528752449913,6262.99560546875,59641000,2022-07-19 00:00:00+07:00
BBCA.JK,Bank Central Asia,6284.816775760135,6459.39501953125,6262.994495288745,6459.39501953125,105792900,2022-07-20 00:00:00+07:00
BBCA.JK,Bank Central Asia,6459.39501953125,6459.39501953125,6328.461336702913,6459.39501953125,64337100,2022-07-21 00:00:00+07:00
BBCA.JK,Bank Central Asia,6459.395557807167,6459.395557807167,6372.10642864761,6393.9287109375,38956500,2022-07-22 00:00:00+07:00
BBCA.JK,Bank Central Asia,6415.751010006421,6437.573292353382,6372.1064453125,6372.1064453125,31247600,2022-07-25 00:00:00+07:00
BBCA.JK,Bank Central Asia,6328.461880618579,6437.573292353382,6328.461880618579,6372.1064453125,44379900,2022-07-26 00:00:00+07:00
BBCA.JK,Bank Central Asia,6393.9287109375,6415.750993227389,6350.2841463577215,6393.9287109375,58465500,2022-07-27 00:00:00+07:00
BBCA.JK,Bank Central Asia,6437.573258795706,6503.040105495324,6393.928694329295,6415.7509765625,86909700,2022-07-28 00:00:00+07:00
BBCA.JK,Bank Central Asia,6459.395541028912,6524.862387728529,6415.7509765625,6415.7509765625,131553000,2022-07-29 00:00:00+07:00
BBCA.JK,Bank Central Asia,6415.751357421875,6546.68505859375,6415.751357421875,6546.68505859375,104841600,2022-08-01 00:00:00+07:00
BBCA.JK,Bank Central Asia,6633.9736328125,6655.795914499384,6546.6845060649675,6633.9736328125,106466900,2022-08-02 00:00:00+07:00
BBCA.JK,Bank Central Asia,6655.79638671875,6655.79638671875,6612.151820248463,6655.79638671875,60170600,2022-08-03 00:00:00+07:00
BBCA.JK,Bank Central Asia,6699.44083189353,6808.55224609375,6677.618549053486,6808.55224609375,164221000,2022-08-04 00:00:00+07:00
BBCA.JK,Bank Central Asia,6830.374477616568,6874.01904296875,6743.085346912202,6874.01904296875,118734200,2022-08-05 00:00:00+07:00
BBCA.JK,Bank Central Asia,6874.01904296875,6917.663608320932,6764.907629588294,6874.01904296875,84328900,2022-08-08 00:00:00+07:00
BBCA.JK,Bank Central Asia,6874.018539235562,6961.307663543314,6874.018539235562,6895.8408203125,92875800,2022-08-09 00:00:00+07:00
BBCA.JK,Bank Central Asia,6808.551696004747,6895.8408203125,6743.084852773932,6895.8408203125,104376300,2022-08-10 00:00:00+07:00
BBCA.JK,Bank Central Asia,6852.196709782823,6939.48583984375,6830.37442726759,6939.48583984375,73204700,2022-08-11 00:00:00+07:00
BBCA.JK,Bank Central Asia,6917.66357421875,6961.308139355777,6852.19672651321,6917.66357421875,59381200,2022-08-12 00:00:00+07:00
BBCA.JK,Bank Central Asia,6939.48583984375,6961.3081223589825,6895.841274813287,6939.48583984375,81411000,2022-08-15 00:00:00+07:00
BBCA.JK,Bank Central Asia,6939.485823006466,6961.30810546875,6852.196693157328,6961.30810546875,83556700,2022-08-16 00:00:00+07:00
BBCA.JK,Bank Central Asia,6895.841241455078,7004.952653503417,6874.01895904541,6983.13037109375,86136900,2022-08-18 00:00:00+07:00
BBCA.JK,Bank Central Asia,7026.77450677413,7026.77450677413,6895.8408203125,6895.8408203125,58194900,2022-08-19 00:00:00+07:00
BBCA.JK,Bank Central Asia,6852.196676635742,6983.13037109375,6830.3743942260735,6983.13037109375,97293300,2022-08-22 00:00:00+07:00
BBCA.JK,Bank Central Asia,6983.129944620253,6983.129944620253,6895.8408203125,6895.8408203125,71671800,2022-08-23 00:00:00+07:00
BBCA.JK,Bank Central Asia,6939.48583984375,7004.9526873894465,6895.841274813287,6939.48583984375,108892400,2022-08-24 00:00:00+07:00
BBCA.JK,Bank Central Asia,6983.129837461301,7070.418960429566,6895.840714493034,7048.5966796875,99503500,2022-08-25 00:00:00+07:00
BBCA.JK,Bank Central Asia,7004.952653503417,7092.24178314209,6983.13037109375,6983.13037109375,80472400,2022-08-26 00:00:00+07:00
BBCA.JK,Bank Central Asia,6983.130272239264,7114.06396484375,6939.485708037769,7114.06396484375,57762100,2022-08-29 00:00:00+07:00
BBCA.JK,Bank Central Asia,7070.419384317661,7223.1753586702025,7048.5971022672975,7135.88623046875,124467000,2022-08-30 00:00:00+07:00
BBCA.JK,Bank Central Asia,7048.59756693026,7179.531267863948,7026.775283441311,7157.708984375,137659900,2022-08-31 00:00:00+07:00
BBCA.JK,Bank Central Asia,7114.06396484375,7201.353093246741,7092.2416827430025,7114.06396484375,74960800,2022-09-01 00:00:00+07:00
BBCA.JK,Bank Central Asia,7114.064399696048,7179.53125,7114.064399696048,7179.53125,71430600,2022-09-02 00:00:00+07:00
BBCA.JK,Bank Central Asia,7179.530729265011,7244.997574820619,7157.708447413142,7223.17529296875,62906000,2022-09-05 00:00:00+07:00
BBCA.JK,Bank Central Asia,7244.997574820619,7288.6421385243575,7201.35301111688,7223.17529296875,67079900,2022-09-06 00:00:00+07:00
BBCA.JK,Bank Central Asia,7201.353428171642,7310.46484375,7201.353428171642,7310.46484375,117931700,2022-09-07 00:00:00+07:00
BBCA.JK,Bank Central Asia,7332.286653255988,7419.575780080464,7288.64208984375,7288.64208984375,132777400,2022-09-08 00:00:00+07:00
BBCA.JK,Bank Central Asia,7419.576259328358,7419.576259328358,7223.175711287314,7310.46484375,91234600,2022-09-09 00:00:00+07:00
BBCA.JK,Bank Central Asia,7266.820277518657,7354.109409981344,7266.820277518657,7310.46484375,52395300,2022-09-12 00:00:00+07:00
BBCA.JK,Bank Central Asia,7310.464260962702,7485.042511970766,7310.464260962702,7441.39794921875,124485200,2022-09-13 00:00:00+07:00
BBCA.JK,Bank Central Asia,7310.4642764820765,7550.509372127757,7310.4642764820765,7419.57568359375,116642400,2022-09-14 00:00:00+07:00
BBCA.JK,Bank Central Asia,7419.576004464287,7746.910239955358,7419.576004464287,7637.798828125,190404800,2022-09-15 00:00:00+07:00
BBCA.JK,Bank Central Asia,7594.1539675018485,7615.976249017659,7375.93115234375,7375.93115234375,363127600,2022-09-16 00:00:00+07:00
BBCA.JK,Bank Central Asia,7397.754744513187,7637.799883715679,7375.9324591311415,7550.5107421875,102530600,2022-09-19 00:00:00+07:00
BBCA.JK,Bank Central Asia,7463.22021484375,7550.50934016356,7463.22021484375,7463.22021484375,89238400,2022-09-20 00:00:00+07:00
BBCA.JK,Bank Central Asia,7441.398472068584,7506.86532079646,7354.109340431416,7397.75390625,90933700,2022-09-21 00:00:00+07:00
BBCA.JK,Bank Central Asia,7310.464774612831,7441.398472068584,7310.464774612831,7397.75390625,61908500,2022-09-22 00:00:00+07:00
BBCA.JK,Bank Central Asia,7310.46484375,7397.753976212687,7310.46484375,7310.46484375,60567600,2022-09-23 00:00:00+07:00
BBCA.JK,Bank Central Asia,7157.708827893175,7419.576224035609,7157.708827893175,7354.109375,106228200,2022-09-26 00:00:00+07:00
BBCA.JK,Bank Central Asia,7310.4639113093,7375.9307523061,7244.9970703125,7244.9970703125,89567100,2022-09-27 00:00:00+07:00
BBCA.JK,Bank Central Asia,7201.352978955518,7354.108951236392,7201.352978955518,7266.81982421875,89153400,2022-09-28 00:00:00+07:00
BBCA.JK,Bank Central Asia,7266.820277518657,7375.931693097015,7266.820277518657,7310.46484375,62643700,2022-09-29 00:00:00+07:00
BBCA.JK,Bank Central Asia,7310.464245534083,7485.042496173703,7223.175120214273,7463.22021484375,176524800,2022-09-30 00:00:00+07:00
BBCA.JK,Bank Central Asia,7375.931120749081,7441.3979650160845,7375.931120749081,7419.57568359375,115079600,2022-10-03 00:00:00+07:00
BBCA.JK,Bank Central Asia,7441.397933513798,7528.687058833608,7441.397933513798,7463.22021484375,80524500,2022-10-04 00:00:00+07:00
BBCA.JK,Bank Central Asia,7441.397996891179,7463.22027840699,7354.108870827939,7375.93115234375,63788000,2022-10-05 00:00:00+07:00
BBCA.JK,Bank Central Asia,7397.753941023739,7419.576224035609,7354.109375,7354.109375,43967400,2022-10-06 00:00:00+07:00
BBCA.JK,Bank Central Asia,7266.820401819741,7310.464968797637,7157.708984375,7157.708984375,112043400,2022-10-07 00:00:00+07:00
BBCA.JK,Bank Central Asia,7114.0633883189,7310.4639113093,7092.241107986634,7244.9970703125,80238200,2022-10-10 00:00:00+07:00
BBCA.JK,Bank Central Asia,7157.709434185606,7244.998573626894,7114.064864464962,7201.35400390625,64060000,2022-10-11 00:00:00+07:00
BBCA.JK,Bank Central Asia,7157.708415446697,7266.81982421875,7135.886133692286,7266.81982421875,47569700,2022-10-12 00:00:00+07:00
BBCA.JK,Bank Central Asia,7223.17529296875,7310.464420376227,7223.17529296875,7223.17529296875,62282800,2022-10-13 00:00:00+07:00
BBCA.JK,Bank Central Asia,7244.998573626894,7288.643143347538,7201.35400390625,7201.35400390625,70642900,2022-10-14 00:00:00+07:00
BBCA.JK,Bank Central Asia,7201.35400390625,7244.998573626894,7135.887149325284,7201.35400390625,56387500,2022-10-17 00:00:00+07:00
BBCA.JK,Bank Central Asia,7223.174789980233,7397.753032638366,7201.352509647967,7244.9970703125,85665300,2022-10-18 00:00:00+07:00
BBCA.JK,Bank Central Asia,7201.35301111688,7288.6421385243575,7179.530729265011,7223.17529296875,66753500,2022-10-19 00:00:00+07:00
BBCA.JK,Bank Central Asia,7201.352869370404,7419.57568359375,7201.352869370404,7419.57568359375,91812300,2022-10-20 00:00:00+07:00
BBCA.JK,Bank Central Asia,7375.9324591311415,7615.977598333635,7375.9324591311415,7550.5107421875,122777800,2022-10-21 00:00:00+07:00
BBCA.JK,Bank Central Asia,7637.798249319698,7768.73193359375,7615.975968607356,7768.73193359375,89416500,2022-10-24 00:00:00+07:00
BBCA.JK,Bank Central Asia,7703.266204483208,7746.910772213991,7594.15478515625,7594.15478515625,84696300,2022-10-25 00:00:00+07:00
BBCA.JK,Bank Central Asia,7528.687058833608,7550.50934016356,7463.22021484375,7463.22021484375,98962100,2022-10-26 00:00:00+07:00
BBCA.JK,Bank Central Asia,7463.221081963901,7594.15478515625,7463.221081963901,7594.15478515625,77003400,2022-10-27 00:00:00+07:00
BBCA.JK,Bank Central Asia,7550.509698660715,7637.798828125001,7550.509698660715,7637.798828125,84980600,2022-10-28 00:00:00+07:00
BBCA.JK,Bank Central Asia,7725.087432861328,7725.087432861328,7659.620590209961,7681.44287109375,138922800,2022-10-31 00:00:00+07:00
BBCA.JK,Bank Central Asia,7856.0211181640625,7856.0211181640625,7615.976028442383,7681.44287109375,118118400,2022-11-01 00:00:00+07:00
BBCA.JK,Bank Central Asia,7681.443392857143,7703.265675223215,7615.976545758929,7637.798828125,68323600,2022-11-02 00:00:00+07:00
BBCA.JK,Bank Central Asia,7594.153747558594,7703.265151977539,7594.153747558594,7681.44287109375,81856300,2022-11-03 00:00:00+07:00
BBCA.JK,Bank Central Asia,7659.6220703125,7681.444355413105,7572.332929910078,7659.6220703125,84458300,2022-11-04 00:00:00+07:00
BBCA.JK,Bank Central Asia,7615.975998355844,7725.08740234375,7572.331436760682,7725.08740234375,94794000,2022-11-07 00:00:00+07:00
BBCA.JK,Bank Central Asia,7725.087957589286,7746.910239955358,7615.976545758929,7637.798828125,42525500,2022-11-08 00:00:00+07:00
BBCA.JK,Bank Central Asia,7572.332376485476,7746.91064453125,7572.332376485476,7746.91064453125,96599500,2022-11-09 00:00:00+07:00
BBCA.JK,Bank Central Asia,7615.976028442383,7681.44287109375,7615.976028442383,7681.44287109375,89463000,2022-11-10 00:00:00+07:00
BBCA.JK,Bank Central Asia,7768.7319639389125,7790.554244736493,7703.265121546168,7725.08740234375,59597900,2022-11-11 00:00:00+07:00
BBCA.JK,Bank Central Asia,7746.910239955358,7768.732522321429,7637.798828125001,7637.798828125,49208200,2022-11-14 00:00:00+07:00
BBCA.JK,Bank Central Asia,7659.620590209961,7725.087432861328,7637.798309326172,7681.44287109375,59092900,2022-11-15 00:00:00+07:00
BBCA.JK,Bank Central Asia,7528.688496434411,7572.333067428234,7463.2216399436775,7506.8662109375,143424800,2022-11-16 00:00:00+07:00
BBCA.JK,Bank Central Asia,7528.687915528743,7703.266186033758,7506.8656317156165,7615.97705078125,72679800,2022-11-17 00:00:00+07:00
BBCA.JK,Bank Central Asia,7615.976496104816,7768.732471671387,7615.976496104816,7703.265625,83556900,2022-11-18 00:00:00+07:00
BBCA.JK,Bank Central Asia,7746.910753660011,7768.733037473138,7615.97705078125,7615.97705078125,35901000,2022-11-21 00:00:00+07:00
BBCA.JK,Bank Central Asia,7768.73193359375,7812.376495018433,7725.087372169066,7768.73193359375,84684200,2022-11-22 00:00:00+07:00
BBCA.JK,Bank Central Asia,7768.732928036972,7834.199778554138,7746.91064453125,7746.91064453125,84642100,2022-11-23 00:00:00+07:00
BBCA.JK,Bank Central Asia,7834.200176323785,7856.0224609375,7812.37789171007,7856.0224609375,53520800,2022-11-24 00:00:00+07:00
BBCA.JK,Bank Central Asia,7856.020031772285,7856.020031772285,7768.730920308148,7834.19775390625,75048300,2022-11-25 00:00:00+07:00
BBCA.JK,Bank Central Asia,7899.665542222126,7943.310103228878,7834.198700711998,7877.84326171875,96209700,2022-11-28 00:00:00+07:00
BBCA.JK,Bank Central Asia,7834.19775390625,7921.486865370387,7790.553198174182,7834.19775390625,91562100,2022-11-29 00:00:00+07:00
BBCA.JK,Bank Central Asia,7746.909888482864,8205.177797379032,7725.087607106855,8117.888671875,644359600,2022-11-30 00:00:00+07:00
BBCA.JK,Bank Central Asia,8096.067591688368,8161.534445529514,7856.0224609375,7856.0224609375,155775400,2022-12-01 00:00:00+07:00
BBCA.JK,Bank Central Asia,7799.06201171875,7864.784444401773,7799.06201171875,7799.06201171875,130982100,2022-12-02 00:00:00+07:00
BBCA.JK,Bank Central Asia,7711.431891025642,7799.061798878205,7689.5244140625,7689.5244140625,114656300,2022-12-05 00:00:00+07:00
BBCA.JK,Bank Central Asia,7645.709976416157,7667.61745485861,7514.265105761438,7601.89501953125,180553800,2022-12-06 00:00:00+07:00
BBCA.JK,Bank Central Asia,7448.542003744453,7514.264433189257,7404.72705078125,7404.72705078125,229308700,2022-12-07 00:00:00+07:00
BBCA.JK,Bank Central Asia,7339.005572150735,7514.265406709558,7317.098092830882,7448.54296875,172590100,2022-12-08 00:00:00+07:00
BBCA.JK,Bank Central Asia,7448.542701120627,7536.1726152514575,7404.727744055211,7514.26513671875,90851300,2022-12-09 00:00:00+07:00
BBCA.JK,Bank Central Asia,7470.4503805226295,7623.802734375,7426.635422279095,7623.802734375,102851800,2022-12-12 00:00:00+07:00
BBCA.JK,Bank Central Asia,7558.080297009698,7623.802734375,7492.357859644397,7623.802734375,104580200,2022-12-13 00:00:00+07:00
BBCA.JK,Bank Central Asia,7536.173086503623,7623.803006114131,7470.450646795743,7558.08056640625,118164300,2022-12-14 00:00:00+07:00
BBCA.JK,Bank Central Asia,7514.265406709558,7536.1728860294115,7448.54296875,7448.54296875,113255700,2022-12-15 00:00:00+07:00
BBCA.JK,Bank Central Asia,7382.820497024891,7579.987810001817,7360.913017805232,7536.1728515625,181516700,2022-12-16 00:00:00+07:00
BBCA.JK,Bank Central Asia,7579.98779296875,7623.80275130961,7536.172834627891,7579.98779296875,67482900,2022-12-19 00:00:00+07:00
BBCA.JK,Bank Central Asia,7492.357658186042,7579.9875723168725,7492.357658186042,7514.26513671875,41243700,2022-12-20 00:00:00+07:00
BBCA.JK,Bank Central Asia,7536.17258420389,7623.802497973704,7514.265105761438,7601.89501953125,33617700,2022-12-21 00:00:00+07:00
BBCA.JK,Bank Central Asia,7579.9875723168725,7601.895050849581,7514.26513671875,7514.26513671875,59591500,2022-12-22 00:00:00+07:00
BBCA.JK,Bank Central Asia,7470.450448069852,7514.265406709558,7448.54296875,7448.54296875,47393000,2022-12-23 00:00:00+07:00
BBCA.JK,Bank Central Asia,7448.542701120627,7558.080093784165,7448.542701120627,7514.26513671875,20495900,2022-12-26 00:00:00+07:00
BBCA.JK,Bank Central Asia,7536.1728515625,7579.987810001817,7514.265372342841,7536.1728515625,27193800,2022-12-27 00:00:00+07:00
BBCA.JK,Bank Central Asia,7579.98779296875,7579.98779296875,7492.35787628703,7579.98779296875,40420200,2022-12-28 00:00:00+07:00
BBCA.JK,Bank Central Asia,7470.450179653334,7536.1726152514575,7448.542701120627,7514.26513671875,47020900,2022-12-29 00:00:00+07:00
BBCA.JK,Bank Central Asia,7514.26489971674,7579.987333241959,7492.357421875,7492.357421875,44681400,2022-12-30 00:00:00+07:00
BBCA.JK,Bank Central Asia,7514.26489971674,7536.17237755848,7448.54246619152,7492.357421875,10653900,2023-01-02 00:00:00+07:00
BBCA.JK,Bank Central Asia,7492.357421875,7536.17237755848,7470.44994403326,7492.357421875,27399100,2023-01-03 00:00:00+07:00
BBCA.JK,Bank Central Asia,7470.449503824383,7514.264456925992,7317.09716796875,7317.09716796875,90918800,2023-01-04 00:00:00+07:00
BBCA.JK,Bank Central Asia,7317.098180042613,7339.005659623579,7141.838343394886,7229.46826171875,128838500,2023-01-05 00:00:00+07:00
BBCA.JK,Bank Central Asia,7098.022890389684,7295.190192900509,7098.022890389684,7273.28271484375,69286600,2023-01-06 00:00:00+07:00
BBCA.JK,Bank Central Asia,7295.189668373244,7404.72705078125,7295.189668373244,7404.72705078125,86916900,2023-01-09 00:00:00+07:00
BBCA.JK,Bank Central Asia,7360.912413990825,7382.819891413417,7141.837639764908,7163.7451171875,101759100,2023-01-10 00:00:00+07:00
BBCA.JK,Bank Central Asia,7054.207743389423,7141.837653245192,7010.392788461539,7119.93017578125,96069100,2023-01-11 00:00:00+07:00
BBCA.JK,Bank Central Asia,7141.837639764908,7251.375026877867,7119.930162342316,7163.7451171875,103804600,2023-01-12 00:00:00+07:00
BBCA.JK,Bank Central Asia,7141.838415299884,7163.745895101417,7032.301016292217,7054.20849609375,119748200,2023-01-13 00:00:00+07:00
BBCA.JK,Bank Central Asia,7054.207977856595,7185.652847009203,7054.207977856595,7141.837890625,105710700,2023-01-16 00:00:00+07:00
BBCA.JK,Bank Central Asia,7163.745077597128,7339.004896009291,7141.837600295608,7295.18994140625,88695900,2023-01-17 00:00:00+07:00
BBCA.JK,Bank Central Asia,7185.652802616717,7295.190192900509,7163.745324559959,7273.28271484375,96814600,2023-01-18 00:00:00+07:00
BBCA.JK,Bank Central Asia,7317.09741870777,7317.09741870777,7229.467509501689,7295.18994140625,66391800,2023-01-19 00:00:00+07:00
BBCA.JK,Bank Central Asia,7251.375236786992,7295.190192900509,7229.467758730234,7273.28271484375,96859500,2023-01-20 00:00:00+07:00
BBCA.JK,Bank Central Asia,7273.282983472644,7317.097941204407,7207.560546875,7207.560546875,42474500,2023-01-24 00:00:00+07:00
BBCA.JK,Bank Central Asia,7273.282744616997,7273.282744616997,7185.65283203125,7185.65283203125,66124500,2023-01-25 00:00:00+07:00
BBCA.JK,Bank Central Asia,7207.5604676553285,7426.63525390625,7207.5604676553285,7426.63525390625,77582300,2023-01-26 00:00:00+07:00
BBCA.JK,Bank Central Asia,7623.802734375,7755.247609105604,7492.357859644397,7623.802734375,196804700,2023-01-27 00:00:00+07:00
BBCA.JK,Bank Central Asia,7645.710213496768,7689.5251717403025,7514.265338766164,7623.802734375,68544300,2023-01-30 00:00:00+07:00
BBCA.JK,Bank Central Asia,7558.080125656803,7601.895082906987,7426.63525390625,7426.63525390625,200589000,2023-01-31 00:00:00+07:00
BBCA.JK,Bank Central Asia,7514.265406709558,7514.265406709558,7404.728010110294,7448.54296875,77396200,2023-02-01 00:00:00+07:00
BBCA.JK,Bank Central Asia,7382.819574299649,7470.449480226054,7360.912097818047,7404.72705078125,99109500,2023-02-02 00:00:00+07:00
BBCA.JK,Bank Central Asia,7492.357859644397,7623.802734375,7448.542901400862,7623.802734375,71716700,2023-02-03 00:00:00+07:00
BBCA.JK,Bank Central Asia,7667.617439335601,7667.617439335601,7579.987525743194,7645.7099609375,117757700,2023-02-06 00:00:00+07:00
BBCA.JK,Bank Central Asia,7689.525121656515,7755.24755859375,7667.617642677436,7755.24755859375,116014700,2023-02-07 00:00:00+07:00
BBCA.JK,Bank Central Asia,7733.3408203125,7755.248301389872,7711.433339235127,7733.3408203125,54495500,2023-02-08 00:00:00+07:00
BBCA.JK,Bank Central Asia,7733.339579035726,7799.06201171875,7711.432101474718,7799.06201171875,72381700,2023-02-09 00:00:00+07:00
BBCA.JK,Bank Central Asia,7777.1557824672445,7799.063263544617,7623.803414925637,7733.3408203125,62060900,2023-02-10 00:00:00+07:00
BBCA.JK,Bank Central Asia,7777.15576171875,7799.063242737676,7689.525837643046,7777.15576171875,63775000,2023-02-13 00:00:00+07:00
BBCA.JK,Bank Central Asia,7755.247043034218,7842.876953125,7733.339565511523,7842.876953125,81678200,2023-02-14 00:00:00+07:00
BBCA.JK,Bank Central Asia,7777.15576171875,7799.063242737676,7667.61835662412,7777.15576171875,38037000,2023-02-15 00:00:00+07:00
BBCA.JK,Bank Central Asia,7733.340129983837,7755.247609105604,7623.802734375,7623.802734375,66040400,2023-02-16 00:00:00+07:00
BBCA.JK,Bank Central Asia,7689.524917733703,7755.247352928008,7645.7099609375,7645.7099609375,43588900,2023-02-17 00:00:00+07:00
BBCA.JK,Bank Central Asia,7645.709709821429,7733.339620535715,7623.802232142858,7667.6171875,40077000,2023-02-20 00:00:00+07:00
BBCA.JK,Bank Central Asia,7689.5251717403025,7711.43265086207,7623.802734375,7623.802734375,25390500,2023-02-21 00:00:00+07:00
BBCA.JK,Bank Central Asia,7623.802497973704,7667.61745485861,7558.080062646344,7601.89501953125,38671900,2023-02-22 00:00:00+07:00
BBCA.JK,Bank Central Asia,7558.080047345093,7667.617439335601,7558.080047345093,7645.7099609375,53412300,2023-02-23 00:00:00+07:00
BBCA.JK,Bank Central Asia,7689.524933301063,7755.247368628423,7601.89501953125,7601.89501953125,44123400,2023-02-24 00:00:00+07:00
BBCA.JK,Bank Central Asia,7601.894506209936,7689.5244140625,7579.987029246795,7689.5244140625,59983900,2023-02-27 00:00:00+07:00
BBCA.JK,Bank Central Asia,7689.524665178572,7689.524665178572,7601.894754464286,7667.6171875,106349400,2023-02-28 00:00:00+07:00
BBCA.JK,Bank Central Asia,7645.7102476607915,7667.61772688045,7536.1728515625,7536.1728515625,67034700,2023-03-01 00:00:00+07:00
BBCA.JK,Bank Central Asia,7536.173086503623,7623.803006114131,7536.173086503623,7558.08056640625,56672000,2023-03-02 00:00:00+07:00
BBCA.JK,Bank Central Asia,7579.987604281895,7601.895082906987,7426.63525390625,7426.63525390625,95376900,2023-03-03 00:00:00+07:00
BBCA.JK,Bank Central Asia,7492.35746547154,7492.35746547154,7360.91259765625,7360.91259765625,92652000,2023-03-06 00:00:00+07:00
BBCA.JK,Bank Central Asia,7317.09787648368,7426.635269844214,7317.09787648368,7382.8203125,106115600,2023-03-07 00:00:00+07:00
BBCA.JK,Bank Central Asia,7360.912786989796,7514.26513671875,7360.912786989796,7514.26513671875,79350900,2023-03-08 00:00:00+07:00
BBCA.JK,Bank Central Asia,7579.9875723168725,7579.9875723168725,7492.357658186042,7514.26513671875,54201400,2023-03-09 00:00:00+07:00
BBCA.JK,Bank Central Asia,7448.542003744453,7492.356956707656,7404.72705078125,7404.72705078125,59580100,2023-03-10 00:00:00+07:00
BBCA.JK,Bank Central Asia,7404.727510508042,7558.0798554002195,7404.727510508042,7492.357421875,82077700,2023-03-13 00:00:00+07:00
BBCA.JK,Bank Central Asia,7382.819850612331,7426.634805215372,7295.18994140625,7295.18994140625,90495300,2023-03-14 00:00:00+07:00
BBCA.JK,Bank Central Asia,7404.727327913852,7426.634805215372,7295.18994140625,7295.18994140625,86747400,2023-03-15 00:00:00+07:00
BBCA.JK,Bank Central Asia,7273.28271484375,7317.097670957267,7229.467758730234,7273.28271484375,105894000,2023-03-16 00:00:00+07:00
BBCA.JK,Bank Central Asia,7339.0048828125,7404.72731459888,7295.189928288246,7339.0048828125,198558600,2023-03-17 00:00:00+07:00
BBCA.JK,Bank Central Asia,7360.91259765625,7426.635031563896,7339.005119687035,7360.91259765625,37277900,2023-03-20 00:00:00+07:00
BBCA.JK,Bank Central Asia,7360.913051470588,7448.54296875,7339.005572150735,7448.54296875,91617400,2023-03-21 00:00:00+07:00
BBCA.JK,Bank Central Asia,7623.803414925637,7733.3408203125,7558.080971693519,7733.3408203125,145603600,2023-03-24 00:00:00+07:00
BBCA.JK,Bank Central Asia,7733.340129983837,7733.340129983837,7623.802734375,7623.802734375,110692800,2023-03-27 00:00:00+07:00
BBCA.JK,Bank Central Asia,7711.432411743516,7711.432411743516,7601.89501953125,7601.89501953125,98296600,2023-03-28 00:00:00+07:00
BBCA.JK,Bank Central Asia,7753.84346147017,7865.5703125,7709.152721058238,7865.5703125,101068200,2023-03-29 00:00:00+07:00
BBCA.JK,Bank Central Asia,7954.952129072239,7954.952129072239,7865.570644475921,7887.916015625,118912100,2023-03-30 00:00:00+07:00
BBCA.JK,Bank Central Asia,7887.915503627232,7910.260873325893,7798.534024832589,7820.87939453125,97146900,2023-03-31 00:00:00+07:00
BBCA.JK,Bank Central Asia,7887.915682705966,7887.915682705966,7820.879572088068,7865.5703125,60288900,2023-04-03 00:00:00+07:00
BBCA.JK,Bank Central Asia,7887.915347889957,7887.915347889957,7731.4977630876065,7843.224609375,60975800,2023-04-04 00:00:00+07:00
BBCA.JK,Bank Central Asia,7843.224919972242,7865.570290114613,7798.5341796875,7798.5341796875,36922100,2023-04-05 00:00:00+07:00
BBCA.JK,Bank Central Asia,7776.1886551339285,7843.224764229911,7776.1886551339285,7820.87939453125,45489400,2023-04-06 00:00:00+07:00
BBCA.JK,Bank Central Asia,7798.534201882102,7865.5703125,7776.188831676136,7865.5703125,32996000,2023-04-10 00:00:00+07:00
BBCA.JK,Bank Central Asia,7887.916015625,7887.916015625,7820.879902177762,7887.916015625,44554300,2023-04-11 00:00:00+07:00
BBCA.JK,Bank Central Asia,7954.95166015625,7954.95166015625,7887.915550660551,7954.95166015625,91903600,2023-04-12 00:00:00+07:00
BBCA.JK,Bank Central Asia,7999.6417547487745,7999.6417547487745,7932.605650658701,7977.29638671875,51726500,2023-04-13 00:00:00+07:00
BBCA.JK,Bank Central Asia,8044.33251953125,8044.33251953125,7999.641783311632,8044.33251953125,110354200,2023-04-14 00:00:00+07:00
BBCA.JK,Bank Central Asia,8066.67822265625,8089.023591694078,7954.951377467105,8066.67822265625,83946900,2023-04-17 00:00:00+07:00
BBCA.JK,Bank Central Asia,8089.024432791096,8200.751289597603,8066.679061429794,8156.060546875,91178700,2023-04-18 00:00:00+07:00
BBCA.JK,Bank Central Asia,8156.06153405231,8223.09765625,8044.334663722826,8223.09765625,186928200,2023-04-26 00:00:00+07:00
BBCA.JK,Bank Central Asia,8133.714534238388,8200.750643037056,8111.369164638832,8178.4052734375,54842400,2023-04-27 00:00:00+07:00
BBCA.JK,Bank Central Asia,8133.7141747237565,8156.059543335635,8089.0234375,8089.0234375,145775300,2023-04-28 00:00:00+07:00
BBCA.JK,Bank Central Asia,8133.7141747237565,8133.7141747237565,7954.951225828729,8089.0234375,83645900,2023-05-02 00:00:00+07:00
BBCA.JK,Bank Central Asia,8089.023226868872,8089.023226868872,7932.605650658701,7977.29638671875,83728800,2023-05-03 00:00:00+07:00
BBCA.JK,Bank Central Asia,7977.296415201823,8066.677887641059,7932.605678982205,8044.33251953125,67565000,2023-05-04 00:00:00+07:00
BBCA.JK,Bank Central Asia,8044.33251953125,8089.023255750868,7999.641783311632,8044.33251953125,64815100,2023-05-05 00:00:00+07:00
BBCA.JK,Bank Central Asia,8044.33251953125,8111.368623860677,7999.641783311632,8044.33251953125,84754500,2023-05-08 00:00:00+07:00
BBCA.JK,Bank Central Asia,7999.6417547487745,8021.987122778799,7954.9510186887255,7977.29638671875,40929600,2023-05-09 00:00:00+07:00
BBCA.JK,Bank Central Asia,7977.29638671875,7999.6417547487745,7954.9510186887255,7977.29638671875,45322600,2023-05-10 00:00:00+07:00
BBCA.JK,Bank Central Asia,7954.952129072239,7954.952129072239,7865.570644475921,7887.916015625,81993900,2023-05-11 00:00:00+07:00
BBCA.JK,Bank Central Asia,7820.879572088068,7932.606423117898,7798.534201882102,7865.5703125,96525600,2023-05-12 00:00:00+07:00
BBCA.JK,Bank Central Asia,7932.606086404914,7932.606086404914,7798.533870860042,7843.224609375,64830300,2023-05-15 00:00:00+07:00
BBCA.JK,Bank Central Asia,7865.570447198276,7887.915817786908,7776.18896484375,7776.18896484375,49497000,2023-05-16 00:00:00+07:00
BBCA.JK,Bank Central Asia,7843.224609374999,7910.260717147436,7820.879240117521,7843.224609375,69996100,2023-05-17 00:00:00+07:00
BBCA.JK,Bank Central Asia,7954.951047092014,8044.33251953125,7887.914942762587,8044.33251953125,123592500,2023-05-19 00:00:00+07:00
BBCA.JK,Bank Central Asia,8044.33251953125,8111.368623860677,7977.296415201823,8044.33251953125,91000000,2023-05-22 00:00:00+07:00
BBCA.JK,Bank Central Asia,8089.024432791096,8178.405918236301,8066.679061429794,8156.060546875,102980500,2023-05-23 00:00:00+07:00
BBCA.JK,Bank Central Asia,8223.095805921052,8223.095805921052,8066.67822265625,8066.67822265625,77392900,2023-05-24 00:00:00+07:00
BBCA.JK,Bank Central Asia,8133.7141747237565,8178.404911947514,8089.0234375,8089.0234375,76325700,2023-05-25 00:00:00+07:00
BBCA.JK,Bank Central Asia,8200.750643037056,8223.096012636612,8133.714534238388,8178.4052734375,55675900,2023-05-26 00:00:00+07:00
BBCA.JK,Bank Central Asia,8267.786751835723,8267.786751835723,8111.369164638832,8178.4052734375,79148200,2023-05-29 00:00:00+07:00
BBCA.JK,Bank Central Asia,8223.096368243243,8334.823221072635,8178.405627111486,8267.787109375,97189500,2023-05-30 00:00:00+07:00
BBCA.JK,Bank Central Asia,8312.477123618784,8334.822492230664,8089.0234375,8089.0234375,722827900,2023-05-31 00:00:00+07:00
BBCA.JK,Bank Central Asia,8178.406908118207,8334.824526579483,8133.716159986413,8223.09765625,163535600,2023-06-05 00:00:00+07:00
BBCA.JK,Bank Central Asia,8089.023795039277,8223.096012636612,8089.023795039277,8178.4052734375,74872200,2023-06-06 00:00:00+07:00
BBCA.JK,Bank Central Asia,8156.060703822545,8200.751447405135,8111.369960239956,8133.71533203125,87492200,2023-06-07 00:00:00+07:00
BBCA.JK,Bank Central Asia,8111.369804152397,8156.060546875,8111.369804152397,8156.060546875,53188400,2023-06-08 00:00:00+07:00
BBCA.JK,Bank Central Asia,8200.751447405135,8200.751447405135,8133.71533203125,8133.71533203125,44632400,2023-06-09 00:00:00+07:00
BBCA.JK,Bank Central Asia,8178.4052734375,8178.4052734375,8133.714534238388,8178.4052734375,38082300,2023-06-12 00:00:00+07:00
BBCA.JK,Bank Central Asia,8200.750643037056,8200.750643037056,8133.714534238388,8178.4052734375,45552600,2023-06-13 00:00:00+07:00
BBCA.JK,Bank Central Asia,8133.714020532026,8156.0593887203,8089.023284155475,8111.36865234375,72223700,2023-06-14 00:00:00+07:00
BBCA.JK,Bank Central Asia,8133.7141747237565,8133.7141747237565,8089.0234375,8089.0234375,59073000,2023-06-15 00:00:00+07:00
BBCA.JK,Bank Central Asia,8133.7141747237565,8133.7141747237565,8021.987331664364,8089.0234375,112769400,2023-06-16 00:00:00+07:00
BBCA.JK,Bank Central Asia,8044.33251953125,8089.023255750868,8044.33251953125,8044.33251953125,32330600,2023-06-19 00:00:00+07:00
BBCA.JK,Bank Central Asia,8066.678068888121,8089.0234375,7999.641963052486,8089.0234375,54990100,2023-06-20 00:00:00+07:00
BBCA.JK,Bank Central Asia,8089.024432791096,8156.060546875,8044.333690068493,8156.060546875,42676300,2023-06-21 00:00:00+07:00
BBCA.JK,Bank Central Asia,8156.059543335635,8178.404911947514,8089.0234375,8089.0234375,48291100,2023-06-22 00:00:00+07:00
BBCA.JK,Bank Central Asia,8066.678068888121,8178.404911947514,8066.678068888121,8089.0234375,47813500,2023-06-23 00:00:00+07:00
BBCA.JK,Bank Central Asia,8066.6779159672005,8156.0593887203,8066.6779159672005,8111.36865234375,36389900,2023-06-26 00:00:00+07:00
BBCA.JK,Bank Central Asia,8089.023795039277,8178.4052734375,8089.023795039277,8178.4052734375,36225100,2023-06-27 00:00:00+07:00
BBCA.JK,Bank Central Asia,8066.6779159672005,8111.36865234375,8066.6779159672005,8111.36865234375,108855900,2023-07-03 00:00:00+07:00
BBCA.JK,Bank Central Asia,8178.404911947514,8178.404911947514,8089.0234375,8089.0234375,35049300,2023-07-04 00:00:00+07:00
BBCA.JK,Bank Central Asia,8089.0234375,8111.368806111878,8066.678068888121,8089.0234375,44609200,2023-07-05 00:00:00+07:00
BBCA.JK,Bank Central Asia,8089.023284155475,8133.714020532026,8066.6779159672005,8111.36865234375,52532400,2023-07-06 00:00:00+07:00
BBCA.JK,Bank Central Asia,8066.67822265625,8133.714329769737,8066.67822265625,8066.67822265625,37641300,2023-07-07 00:00:00+07:00
BBCA.JK,Bank Central Asia,8133.7141747237565,8133.7141747237565,8089.0234375,8089.0234375,28981500,2023-07-10 00:00:00+07:00
BBCA.JK,Bank Central Asia,8133.714329769737,8133.714329769737,8066.67822265625,8066.67822265625,43703500,2023-07-11 00:00:00+07:00
BBCA.JK,Bank Central Asia,8111.369494529121,8200.7509765625,8089.024124020776,8200.7509765625,61566500,2023-07-12 00:00:00+07:00
BBCA.JK,Bank Central Asia,8223.096660958903,8245.442032320205,8156.060546875,8156.060546875,65230900,2023-07-13 00:00:00+07:00
BBCA.JK,Bank Central Asia,8200.752282184103,8223.09765625,8156.06153405231,8223.09765625,55554500,2023-07-14 00:00:00+07:00
BBCA.JK,Bank Central Asia,8223.096347070845,8267.787088087534,8200.7509765625,8200.7509765625,62550100,2023-07-17 00:00:00+07:00
BBCA.JK,Bank Central Asia,8223.096012636612,8267.786751835723,8133.714534238388,8178.4052734375,52924600,2023-07-18 00:00:00+07:00
BBCA.JK,Bank Central Asia,8223.096012636612,8245.441382236168,8156.059903837944,8178.4052734375,83476600,2023-07-20 00:00:00+07:00
BBCA.JK,Bank Central Asia,8178.4052734375,8200.750643037056,8156.059903837944,8178.4052734375,42667800,2023-07-21 00:00:00+07:00
BBCA.JK,Bank Central Asia,8223.09681919643,8223.09681919643,8133.71533203125,8133.71533203125,62061200,2023-07-24 00:00:00+07:00
BBCA.JK,Bank Central Asia,8200.750643037056,8312.477491034837,8178.4052734375,8178.4052734375,122802700,2023-07-25 00:00:00+07:00
BBCA.JK,Bank Central Asia,8200.750386447193,8357.16796875,8156.05964864639,8357.16796875,113868700,2023-07-26 00:00:00+07:00
BBCA.JK,Bank Central Asia,8401.858993902439,8401.858993902439,8245.44140625,8245.44140625,77848400,2023-07-27 00:00:00+07:00
BBCA.JK,Bank Central Asia,8223.096660958903,8245.442032320205,8156.060546875,8156.060546875,74510200,2023-07-28 00:00:00+07:00
BBCA.JK,Bank Central Asia,8200.751289597603,8223.096660958903,8133.715175513698,8156.060546875,80868000,2023-07-31 00:00:00+07:00
BBCA.JK,Bank Central Asia,8200.751289597603,8200.751289597603,8133.715175513698,8156.060546875,49756400,2023-08-01 00:00:00+07:00
BBCA.JK,Bank Central Asia,8156.06153405231,8223.09765625,8156.06153405231,8223.09765625,60629900,2023-08-02 00:00:00+07:00
BBCA.JK,Bank Central Asia,8178.405627111486,8312.477850506757,8178.405627111486,8267.787109375,64596100,2023-08-03 00:00:00+07:00
BBCA.JK,Bank Central Asia,8267.786751835723,8290.132121435281,8156.059903837944,8178.4052734375,52675900,2023-08-04 00:00:00+07:00
BBCA.JK,Bank Central Asia,8178.404028386119,8290.130859375,8178.404028386119,8290.130859375,55589300,2023-08-07 00:00:00+07:00
BBCA.JK,Bank Central Asia,8290.133778447691,8312.479152513588,8223.09765625,8223.09765625,43373400,2023-08-08 00:00:00+07:00
BBCA.JK,Bank Central Asia,8290.132521609043,8401.859375,8267.787150930852,8401.859375,77056800,2023-08-09 00:00:00+07:00
BBCA.JK,Bank Central Asia,8401.859375,8424.204745678191,8357.168633643618,8401.859375,76738100,2023-08-10 00:00:00+07:00
BBCA.JK,Bank Central Asia,8424.204745678191,8446.550116356382,8379.514004321809,8401.859375,68898600,2023-08-11 00:00:00+07:00
BBCA.JK,Bank Central Asia,8334.822599849598,8357.16796875,8245.441124247995,8357.16796875,75495400,2023-08-14 00:00:00+07:00
BBCA.JK,Bank Central Asia,8334.821929603495,8379.512663810483,8312.4765625,8312.4765625,59303700,2023-08-15 00:00:00+07:00
BBCA.JK,Bank Central Asia,8290.131195396505,8334.821929603495,8267.78582829301,8312.4765625,53440000,2023-08-16 00:00:00+07:00
BBCA.JK,Bank Central Asia,8267.787109375,8357.168591638514,8267.787109375,8267.787109375,79328900,2023-08-18 00:00:00+07:00
BBCA.JK,Bank Central Asia,8245.44171757919,8267.787088087534,8200.7509765625,8200.7509765625,73573000,2023-08-21 00:00:00+07:00
BBCA.JK,Bank Central Asia,8178.404359879032,8334.821929603495,8178.404359879032,8312.4765625,65664600,2023-08-22 00:00:00+07:00
BBCA.JK,Bank Central Asia,8312.4765625,8334.821929603495,8290.131195396505,8312.4765625,63749800,2023-08-23 00:00:00+07:00
BBCA.JK,Bank Central Asia,8267.788404381794,8334.824526579483,8223.09765625,8223.09765625,53725900,2023-08-24 00:00:00+07:00
BBCA.JK,Bank Central Asia,8223.09476078167,8290.130859375,8200.749394583896,8290.130859375,50379000,2023-08-25 00:00:00+07:00
BBCA.JK,Bank Central Asia,8267.788404381794,8267.788404381794,8223.09765625,8223.09765625,44423100,2023-08-28 00:00:00+07:00
BBCA.JK,Bank Central Asia,8290.132479940878,8312.477850506757,8223.096368243243,8267.787109375,45428500,2023-08-29 00:00:00+07:00
BBCA.JK,Bank Central Asia,8312.479152513588,8312.479152513588,8223.09765625,8223.09765625,56227000,2023-08-30 00:00:00+07:00
BBCA.JK,Bank Central Asia,8223.096347070845,8245.44171757919,8133.714865037466,8200.7509765625,136107200,2023-08-31 00:00:00+07:00
BBCA.JK,Bank Central Asia,8223.096036585366,8290.132145579268,8200.750666920732,8245.44140625,42152700,2023-09-01 00:00:00+07:00
BBCA.JK,Bank Central Asia,8245.44140625,8290.132145579268,8200.750666920732,8245.44140625,40610600,2023-09-04 00:00:00+07:00
BBCA.JK,Bank Central Asia,8267.786775914634,8267.786775914634,8223.096036585366,8245.44140625,42007200,2023-09-05 00:00:00+07:00
BBCA.JK,Bank Central Asia,8223.096012636612,8267.786751835723,8178.4052734375,8178.4052734375,49318400,2023-09-06 00:00:00+07:00
BBCA.JK,Bank Central Asia,8156.06023554581,8200.7509765625,8133.714865037466,8200.7509765625,61405200,2023-09-07 00:00:00+07:00
BBCA.JK,Bank Central Asia,8133.715175513698,8178.405918236301,8089.024432791096,8156.060546875,80732300,2023-09-08 00:00:00+07:00
BBCA.JK,Bank Central Asia,8111.369804152397,8156.060546875,8111.369804152397,8156.060546875,53155900,2023-09-11 00:00:00+07:00
BBCA.JK,Bank Central Asia,8133.71533203125,8156.060703822545,8111.369960239956,8133.71533203125,66479000,2023-09-12 00:00:00+07:00
BBCA.JK,Bank Central Asia,8089.023284155475,8111.36865234375,8044.332547778926,8111.36865234375,69490200,2023-09-13 00:00:00+07:00
BBCA.JK,Bank Central Asia,8044.333844866072,8156.060703822545,8044.333844866072,8133.71533203125,112757900,2023-09-14 00:00:00+07:00
BBCA.JK,Bank Central Asia,8089.023255750868,8133.713991970486,8044.33251953125,8044.33251953125,121005300,2023-09-15 00:00:00+07:00
BBCA.JK,Bank Central Asia,8089.023255750868,8111.368623860677,8044.33251953125,8044.33251953125,34272200,2023-09-18 00:00:00+07:00
BBCA.JK,Bank Central Asia,8044.332547778926,8111.36865234375,8021.987179590651,8111.36865234375,33325800,2023-09-19 00:00:00+07:00
BBCA.JK,Bank Central Asia,8156.059903837944,8200.750643037056,8111.369164638832,8178.4052734375,54305500,2023-09-20 00:00:00+07:00
BBCA.JK,Bank Central Asia,8156.060546875,8178.405918236301,8111.369804152397,8156.060546875,40607000,2023-09-21 00:00:00+07:00
BBCA.JK,Bank Central Asia,8156.0593887203,8178.404756908575,8111.36865234375,8111.36865234375,42445300,2023-09-22 00:00:00+07:00
BBCA.JK,Bank Central Asia,8111.368623860677,8111.368623860677,8044.33251953125,8044.33251953125,56132200,2023-09-25 00:00:00+07:00
BBCA.JK,Bank Central Asia,8044.333318784916,8066.678689114874,7999.642578125,7999.642578125,73544700,2023-09-26 00:00:00+07:00
BBCA.JK,Bank Central Asia,7954.951815580986,8044.33329665493,7932.6064453125,7932.6064453125,84345000,2023-09-27 00:00:00+07:00
BBCA.JK,Bank Central Asia,7887.916015625,7954.952129072239,7887.916015625,7887.916015625,118960000,2023-09-29 00:00:00+07:00
BBCA.JK,Bank Central Asia,7954.951075025827,8133.714020532026,7932.605706837552,8111.36865234375,93663000,2023-10-02 00:00:00+07:00
BBCA.JK,Bank Central Asia,8111.370785920516,8223.09765625,8066.680037788723,8223.09765625,98380200,2023-10-03 00:00:00+07:00
BBCA.JK,Bank Central Asia,8223.09765625,8267.788404381794,8156.06153405231,8223.09765625,112582800,2023-10-04 00:00:00+07:00
BBCA.JK,Bank Central Asia,8223.095493285124,8223.095493285124,8111.36865234375,8111.36865234375,72855700,2023-10-05 00:00:00+07:00
BBCA.JK,Bank Central Asia,8133.714329769737,8133.714329769737,8066.67822265625,8066.67822265625,53344400,2023-10-06 00:00:00+07:00
BBCA.JK,Bank Central Asia,8066.678068888121,8156.059543335635,8066.678068888121,8089.0234375,43774500,2023-10-09 00:00:00+07:00
BBCA.JK,Bank Central Asia,8044.332490808823,8044.332490808823,7977.29638671875,7977.29638671875,71966100,2023-10-10 00:00:00+07:00
BBCA.JK,Bank Central Asia,7977.29638671875,8066.677858838848,7977.29638671875,7977.29638671875,84305800,2023-10-11 00:00:00+07:00
BBCA.JK,Bank Central Asia,8044.332700276243,8133.7141747237565,8044.332700276243,8089.0234375,71064500,2023-10-12 00:00:00+07:00
BBCA.JK,Bank Central Asia,8133.714020532026,8156.0593887203,8066.6779159672005,8111.36865234375,62941800,2023-10-13 00:00:00+07:00
BBCA.JK,Bank Central Asia,8156.060703822545,8156.060703822545,8089.024588448661,8133.71533203125,29429200,2023-10-16 00:00:00+07:00
BBCA.JK,Bank Central Asia,8089.024059444832,8111.369429774791,7999.642578125,7999.642578125,59606000,2023-10-17 00:00:00+07:00
BBCA.JK,Bank Central Asia,7977.29685017214,7999.642219500353,7910.2607421875,7910.2607421875,50919200,2023-10-18 00:00:00+07:00
BBCA.JK,Bank Central Asia,7887.915503627232,7910.260873325893,7820.87939453125,7820.87939453125,89509700,2023-10-19 00:00:00+07:00
BBCA.JK,Bank Central Asia,7798.53361932016,8066.678041760968,7798.53361932016,8021.9873046875,64554500,2023-10-20 00:00:00+07:00
BBCA.JK,Bank Central Asia,7932.606111515714,7977.29685017214,7910.2607421875,7910.2607421875,50633500,2023-10-23 00:00:00+07:00
BBCA.JK,Bank Central Asia,7843.224609374999,7932.606086404914,7843.224609374999,7843.224609375,76963200,2023-10-24 00:00:00+07:00
BBCA.JK,Bank Central Asia,7887.915704775528,7977.297185849471,7887.915704775528,7932.6064453125,54748400,2023-10-25 00:00:00+07:00
BBCA.JK,Bank Central Asia,7977.297140826468,7999.64251096884,7798.5341796875,7798.5341796875,63199400,2023-10-26 00:00:00+07:00
BBCA.JK,Bank Central Asia,7798.534335432381,7865.570447198276,7776.18896484375,7776.18896484375,52450700,2023-10-27 00:00:00+07:00
BBCA.JK,Bank Central Asia,7776.18852621822,7910.2607421875,7776.18852621822,7910.2607421875,51958200,2023-10-30 00:00:00+07:00
BBCA.JK,Bank Central Asia,7865.5701339285715,7887.915503627232,7798.534024832589,7820.87939453125,64907600,2023-10-31 00:00:00+07:00
BBCA.JK,Bank Central Asia,7820.8793462708945,7843.224715831669,7686.80712890625,7686.80712890625,67027600,2023-11-01 00:00:00+07:00
BBCA.JK,Bank Central Asia,7798.533895546434,7954.951480843926,7798.533895546434,7910.2607421875,56050900,2023-11-02 00:00:00+07:00
BBCA.JK,Bank Central Asia,7977.297029988149,7999.642399820049,7910.260920492451,7954.95166015625,60414100,2023-11-03 00:00:00+07:00
BBCA.JK,Bank Central Asia,8021.987331664364,8089.0234375,7999.641963052486,8089.0234375,84994200,2023-11-06 00:00:00+07:00
BBCA.JK,Bank Central Asia,8044.332673224234,8066.678041760968,7954.951199077298,8021.9873046875,60648200,2023-11-07 00:00:00+07:00
BBCA.JK,Bank Central Asia,7999.641783311632,8044.33251953125,7954.951047092014,8044.33251953125,31829300,2023-11-08 00:00:00+07:00
BBCA.JK,Bank Central Asia,7954.951047092014,8089.023255750868,7954.951047092014,8044.33251953125,46076800,2023-11-09 00:00:00+07:00
BBCA.JK,Bank Central Asia,7999.642871370397,8044.333613668556,7887.916015625,7887.916015625,50754600,2023-11-10 00:00:00+07:00
BBCA.JK,Bank Central Asia,7932.6064453125,7977.297185849471,7910.2610750440135,7932.6064453125,20827700,2023-11-13 00:00:00+07:00
BBCA.JK,Bank Central Asia,7954.9510186887255,7999.6417547487745,7932.605650658701,7977.29638671875,37195700,2023-11-14 00:00:00+07:00
BBCA.JK,Bank Central Asia,8021.987331664364,8089.0234375,7999.641963052486,8089.0234375,84977900,2023-11-15 00:00:00+07:00
BBCA.JK,Bank Central Asia,8089.023284155475,8111.36865234375,7999.641811402376,8111.36865234375,48714300,2023-11-16 00:00:00+07:00
BBCA.JK,Bank Central Asia,8066.6779159672005,8111.36865234375,8021.987179590651,8111.36865234375,57050500,2023-11-17 00:00:00+07:00
BBCA.JK,Bank Central Asia,8021.987926386443,8066.678666923415,7932.6064453125,7932.6064453125,49216000,2023-11-20 00:00:00+07:00
BBCA.JK,Bank Central Asia,7887.915347889957,7954.951455662393,7843.224609374999,7843.224609375,107614800,2023-11-21 00:00:00+07:00
BBCA.JK,Bank Central Asia,7843.224964238556,7932.6064453125,7843.224964238556,7932.6064453125,40364800,2023-11-22 00:00:00+07:00
BBCA.JK,Bank Central Asia,7910.260282628677,8021.987122778799,7910.260282628677,7977.29638671875,55542100,2023-11-23 00:00:00+07:00
BBCA.JK,Bank Central Asia,7977.29638671875,8021.987122778799,7954.9510186887255,7977.29638671875,43631900,2023-11-24 00:00:00+07:00
BBCA.JK,Bank Central Asia,7954.951815580986,7999.642556117958,7932.6064453125,7932.6064453125,35679000,2023-11-27 00:00:00+07:00
BBCA.JK,Bank Central Asia,7932.6064453125,7999.642556117958,7910.2610750440135,7932.6064453125,69070600,2023-11-28 00:00:00+07:00
BBCA.JK,Bank Central Asia,7954.95166015625,7999.642399820049,7954.95166015625,7954.95166015625,54715600,2023-11-29 00:00:00+07:00
BBCA.JK,Bank Central Asia,7977.296567614032,8021.9873046875,7954.951199077298,8021.9873046875,205312100,2023-11-30 00:00:00+07:00
BBCA.JK,Bank Central Asia,7977.297207795042,8021.987948454958,7954.951837465083,7999.642578125,80566400,2023-12-01 00:00:00+07:00
BBCA.JK,Bank Central Asia,8037.809893097864,8105.165841922707,8015.35791015625,8015.35791015625,54747400,2023-12-04 00:00:00+07:00
BBCA.JK,Bank Central Asia,8037.8102176966295,8037.8102176966295,7925.550298455057,7992.90625,94363900,2023-12-05 00:00:00+07:00
BBCA.JK,Bank Central Asia,7948.003093372692,8037.811037930575,7903.09912109375,7903.09912109375,81852800,2023-12-06 00:00:00+07:00
BBCA.JK,Bank Central Asia,7858.194825601983,7925.55078125,7835.742840385978,7925.55078125,91322500,2023-12-07 00:00:00+07:00
BBCA.JK,Bank Central Asia,7903.098303571429,7948.002271205357,7858.1943359375,7858.1943359375,43891600,2023-12-08 00:00:00+07:00
BBCA.JK,Bank Central Asia,7790.838384486607,7880.6463197544645,7790.838384486607,7858.1943359375,78642800,2023-12-11 00:00:00+07:00
BBCA.JK,Bank Central Asia,7813.291015625,7858.194986979167,7813.291015625,7813.291015625,87589300,2023-12-12 00:00:00+07:00
BBCA.JK,Bank Central Asia,7813.290362707133,7858.194330308898,7790.838378906251,7790.83837890625,51560500,2023-12-13 00:00:00+07:00
BBCA.JK,Bank Central Asia,7880.645867953643,8127.61767578125,7858.193885423861,8127.61767578125,115332800,2023-12-14 00:00:00+07:00
BBCA.JK,Bank Central Asia,8194.974289147189,8284.7822265625,8150.070320439533,8284.7822265625,275013500,2023-12-15 00:00:00+07:00
BBCA.JK,Bank Central Asia,8262.3310546875,8284.783041249151,8217.4270815642,8262.3310546875,111712200,2023-12-18 00:00:00+07:00
BBCA.JK,Bank Central Asia,8194.975414379223,8307.2353515625,8194.975414379223,8307.2353515625,65174500,2023-12-19 00:00:00+07:00
BBCA.JK,Bank Central Asia,8307.233729208669,8352.1376953125,8284.781746156754,8352.1376953125,72938100,2023-12-20 00:00:00+07:00
BBCA.JK,Bank Central Asia,8352.137860254692,8374.58984375,8307.233893264076,8374.58984375,88116700,2023-12-21 00:00:00+07:00
BBCA.JK,Bank Central Asia,8329.685876759384,8397.041827245308,8329.685876759384,8374.58984375,64449600,2023-12-22 00:00:00+07:00
BBCA.JK,Bank Central Asia,8419.4931640625,8441.945145833333,8374.589200520833,8419.4931640625,64464700,2023-12-27 00:00:00+07:00
BBCA.JK,Bank Central Asia,8374.59033462849,8464.398273873836,8374.59033462849,8441.9462890625,70184600,2023-12-28 00:00:00+07:00
BBCA.JK,Bank Central Asia,8464.398273873836,8486.850258685174,8397.042319439828,8441.9462890625,79903400,2023-12-29 00:00:00+07:00
BBCA.JK,Bank Central Asia,8441.945478282492,8464.3974609375,8397.04151297248,8464.3974609375,30545200,2024-01-02 00:00:00+07:00
BBCA.JK,Bank Central Asia,8464.397943996491,8464.397943996491,8374.590008251169,8397.0419921875,34603300,2024-01-03 00:00:00+07:00
BBCA.JK,Bank Central Asia,8441.946776055409,8509.302734375,8419.494789948878,8509.302734375,56501800,2024-01-04 00:00:00+07:00
BBCA.JK,Bank Central Asia,8531.754395806136,8621.56233681462,8509.302410554013,8599.1103515625,85290100,2024-01-05 00:00:00+07:00
BBCA.JK,Bank Central Asia,8621.56233681462,8644.014322066743,8509.302410554013,8599.1103515625,50896000,2024-01-08 00:00:00+07:00
BBCA.JK,Bank Central Asia,8621.563636363637,8644.015625,8599.111647727274,8644.015625,59848600,2024-01-09 00:00:00+07:00
BBCA.JK,Bank Central Asia,8666.467129213022,8666.467129213022,8576.6591796875,8576.6591796875,52774900,2024-01-10 00:00:00+07:00
BBCA.JK,Bank Central Asia,8644.014322066743,8666.466307318864,8599.1103515625,8599.1103515625,39381500,2024-01-11 00:00:00+07:00
BBCA.JK,Bank Central Asia,8666.466147511275,8711.3701171875,8621.56217783505,8711.3701171875,68253400,2024-01-12 00:00:00+07:00
BBCA.JK,Bank Central Asia,8756.273271810733,8756.273271810733,8666.465340817802,8733.8212890625,88399500,2024-01-15 00:00:00+07:00
BBCA.JK,Bank Central Asia,8711.3701171875,8756.274086863725,8688.918132349389,8711.3701171875,44869200,2024-01-16 00:00:00+07:00
BBCA.JK,Bank Central Asia,8756.2724609375,8756.2724609375,8666.464538261218,8756.2724609375,107706100,2024-01-17 00:00:00+07:00
BBCA.JK,Bank Central Asia,8688.9169921875,8756.272937863372,8644.013028403586,8688.9169921875,71048900,2024-01-18 00:00:00+07:00
BBCA.JK,Bank Central Asia,8778.727556818183,8778.727556818183,8621.563636363637,8644.015625,63176500,2024-01-19 00:00:00+07:00
BBCA.JK,Bank Central Asia,8621.563636363637,8666.467613636363,8554.207670454545,8644.015625,52868300,2024-01-22 00:00:00+07:00
BBCA.JK,Bank Central Asia,8486.849624633789,8621.5615234375,8486.849624633789,8621.5615234375,92348600,2024-01-23 00:00:00+07:00
BBCA.JK,Bank Central Asia,8621.562007874016,8621.562007874016,8509.30208589649,8554.2060546875,84906000,2024-01-24 00:00:00+07:00
BBCA.JK,Bank Central Asia,8486.850909745066,8599.110842413651,8486.850909745066,8531.7548828125,63212700,2024-01-25 00:00:00+07:00
BBCA.JK,Bank Central Asia,8441.94596006016,8486.84992793282,8352.13802431484,8397.0419921875,78977300,2024-01-26 00:00:00+07:00
BBCA.JK,Bank Central Asia,8441.947255399215,8576.6591796875,8419.495268017834,8576.6591796875,73452800,2024-01-29 00:00:00+07:00
BBCA.JK,Bank Central Asia,8531.753916369818,8666.4658203125,8509.301932379372,8666.4658203125,73136400,2024-01-30 00:00:00+07:00
BBCA.JK,Bank Central Asia,8711.371103975785,8711.371103975785,8576.6591796875,8576.6591796875,102581200,2024-01-31 00:00:00+07:00
BBCA.JK,Bank Central Asia,8666.466147511275,8733.822102025611,8599.110192996939,8711.3701171875,104208700,2024-02-01 00:00:00+07:00
BBCA.JK,Bank Central Asia,8778.726071701836,8801.178056539948,8644.014162673164,8711.3701171875,99324000,2024-02-02 00:00:00+07:00
BBCA.JK,Bank Central Asia,8688.918292570985,8688.918292570985,8554.206381058257,8599.1103515625,57983300,2024-02-05 00:00:00+07:00
BBCA.JK,Bank Central Asia,8756.275568181818,8756.275568181818,8644.015625,8644.015625,87651000,2024-02-06 00:00:00+07:00
BBCA.JK,Bank Central Asia,8711.3701171875,8733.822102025611,8666.466147511275,8711.3701171875,92953500,2024-02-07 00:00:00+07:00
BBCA.JK,Bank Central Asia,8756.273766342474,8801.177734375,8711.369798309948,8801.177734375,87949400,2024-02-12 00:00:00+07:00
BBCA.JK,Bank Central Asia,8756.273271810733,8801.177237307198,8711.369306314267,8733.8212890625,66072400,2024-02-13 00:00:00+07:00
BBCA.JK,Bank Central Asia,8935.889970653552,8958.34195550444,8846.08203125,8846.08203125,164748900,2024-02-15 00:00:00+07:00
BBCA.JK,Bank Central Asia,8958.342611494974,8980.794597989949,8868.534665515075,8935.890625,142277200,2024-02-16 00:00:00+07:00
BBCA.JK,Bank Central Asia,8890.986164952532,8958.342120747628,8823.630209157436,8868.5341796875,53341300,2024-02-19 00:00:00+07:00
BBCA.JK,Bank Central Asia,8846.081237336346,9003.2451171875,8846.081237336346,9003.2451171875,63997700,2024-02-20 00:00:00+07:00
BBCA.JK,Bank Central Asia,8935.88981242168,8980.79378132832,8846.081874608397,8958.341796875,75371600,2024-02-21 00:00:00+07:00
BBCA.JK,Bank Central Asia,8958.342120747628,8958.342120747628,8868.5341796875,8868.5341796875,66913000,2024-02-22 00:00:00+07:00
BBCA.JK,Bank Central Asia,8890.984852099236,8913.436834048982,8801.176924300255,8823.62890625,55192300,2024-02-23 00:00:00+07:00
BBCA.JK,Bank Central Asia,8756.273766342474,8868.533686423789,8733.821782326211,8801.177734375,41356000,2024-02-26 00:00:00+07:00
BBCA.JK,Bank Central Asia,8756.274253362342,8890.986164952532,8756.274253362342,8868.5341796875,43735800,2024-02-27 00:00:00+07:00
BBCA.JK,Bank Central Asia,8958.34196044922,8980.7939453125,8890.986005859375,8980.7939453125,54043100,2024-02-28 00:00:00+07:00
BBCA.JK,Bank Central Asia,8980.794106012658,8980.794106012658,8846.082194422468,8868.5341796875,126671200,2024-02-29 00:00:00+07:00
BBCA.JK,Bank Central Asia,8890.984852099236,8913.436834048982,8801.176924300255,8823.62890625,51520600,2024-03-01 00:00:00+07:00
BBCA.JK,Bank Central Asia,8801.176422275641,8823.62840294471,8756.2724609375,8756.2724609375,43822900,2024-03-04 00:00:00+07:00
BBCA.JK,Bank Central Asia,8890.985670440052,8890.985670440052,8778.725750358737,8801.177734375,61952900,2024-03-05 00:00:00+07:00
BBCA.JK,Bank Central Asia,8890.98665201005,8980.794597989949,8778.726719535176,8935.890625,70242200,2024-03-06 00:00:00+07:00
BBCA.JK,Bank Central Asia,9025.696788194444,9137.95669849537,8980.792824074075,9093.052734375,118369300,2024-03-07 00:00:00+07:00
BBCA.JK,Bank Central Asia,9205.313798876232,9250.217768626848,9093.053874499692,9115.505859375,100947200,2024-03-08 00:00:00+07:00
BBCA.JK,Bank Central Asia,9340.025703125,9340.025703125,8980.7939453125,8980.7939453125,141622600,2024-03-13 00:00:00+07:00
BBCA.JK,Bank Central Asia,9025.699034314468,9272.6708984375,9003.24704666692,9272.6708984375,110681100,2024-03-14 00:00:00+07:00
BBCA.JK,Bank Central Asia,9160.409829125616,9250.217768626848,9025.697919873768,9115.505859375,154176800,2024-03-15 00:00:00+07:00
BBCA.JK,Bank Central Asia,9137.957844250308,9227.76578375154,9115.505859375,9115.505859375,62444100,2024-03-18 00:00:00+07:00
BBCA.JK,Bank Central Asia,9115.505048372237,9205.312979883292,9115.505048372237,9137.95703125,55004800,2024-03-19 00:00:00+07:00
BBCA.JK,Bank Central Asia,9070.600752314815,9115.504716435185,9048.14877025463,9093.052734375,66269700,2024-03-20 00:00:00+07:00
BBCA.JK,Bank Central Asia,9137.95669849537,9182.860662615742,9025.696788194444,9093.052734375,90279400,2024-03-21 00:00:00+07:00
BBCA.JK,Bank Central Asia,8980.793626237624,9093.053546565594,8935.889658106436,9070.6015625,91968200,2024-03-22 00:00:00+07:00
BBCA.JK,Bank Central Asia,9256.654296875,9256.654296875,9118.838103869417,9256.654296875,66971000,2024-03-25 00:00:00+07:00
BBCA.JK,Bank Central Asia,9233.68359375,9233.68359375,9141.80614505597,9233.68359375,65742700,2024-03-26 00:00:00+07:00
BBCA.JK,Bank Central Asia,9210.715565873139,9256.654296875,9187.746200372208,9256.654296875,39514100,2024-03-27 00:00:00+07:00
BBCA.JK,Bank Central Asia,9210.715565873139,9279.62366237593,9164.776834871278,9256.654296875,79229700,2024-03-28 00:00:00+07:00
BBCA.JK,Bank Central Asia,9256.654968571542,9279.624335739214,9026.96129689483,9049.9306640625,79248700,2024-04-01 00:00:00+07:00
BBCA.JK,Bank Central Asia,9118.837528113163,9141.806892163826,9003.990707859848,9095.8681640625,76763100,2024-04-02 00:00:00+07:00
BBCA.JK,Bank Central Asia,8958.052411417322,9003.991141732284,8751.328125,8751.328125,177418400,2024-04-03 00:00:00+07:00
BBCA.JK,Bank Central Asia,8797.267625218115,9049.9306640625,8797.267625218115,9049.9306640625,75993500,2024-04-04 00:00:00+07:00
BBCA.JK,Bank Central Asia,9141.806779778944,9141.806779778944,9026.9599609375,9026.9599609375,70428600,2024-04-05 00:00:00+07:00
BBCA.JK,Bank Central Asia,8590.54185562335,8797.26612487632,8498.664402622033,8705.388671875,283265900,2024-04-16 00:00:00+07:00
BBCA.JK,Bank Central Asia,8774.29749015748,8889.144315944883,8751.328125,8751.328125,95620700,2024-04-17 00:00:00+07:00
BBCA.JK,Bank Central Asia,8751.32739837566,8797.26612487632,8682.41930862467,8705.388671875,127134000,2024-04-18 00:00:00+07:00
BBCA.JK,Bank Central Asia,8590.54185562335,8728.35803512533,8544.603129122692,8705.388671875,147784300,2024-04-19 00:00:00+07:00
BBCA.JK,Bank Central Asia,8636.48071941845,8659.450083033924,8590.5419921875,8590.5419921875,128908000,2024-04-22 00:00:00+07:00
BBCA.JK,Bank Central Asia,8636.480318123393,8981.020756346401,8636.480318123393,8935.08203125,178833000,2024-04-23 00:00:00+07:00
BBCA.JK,Bank Central Asia,9026.95982353172,9141.806640625,8958.051733275754,9141.806640625,132832700,2024-04-24 00:00:00+07:00
BBCA.JK,Bank Central Asia,9187.746763107418,9187.746763107418,8912.114360214195,8981.0224609375,104874100,2024-04-25 00:00:00+07:00
BBCA.JK,Bank Central Asia,8912.114153814935,9026.960985693993,8843.2060546875,8843.2060546875,100932900,2024-04-26 00:00:00+07:00
BBCA.JK,Bank Central Asia,8751.327243104273,9049.928960060586,8751.327243104273,9003.990234375,90063500,2024-04-29 00:00:00+07:00
BBCA.JK,Bank Central Asia,9233.683862802933,9233.683862802933,9003.990234375,9003.990234375,109623000,2024-04-30 00:00:00+07:00
BBCA.JK,Bank Central Asia,9095.868977012435,9095.868977012435,8728.359119355368,8774.2978515625,97079400,2024-05-02 00:00:00+07:00
BBCA.JK,Bank Central Asia,8958.053195391814,9049.9306640625,8889.145093888801,9049.9306640625,81200400,2024-05-03 00:00:00+07:00
BBCA.JK,Bank Central Asia,9049.928960060586,9072.89832290338,8981.020871532206,9003.990234375,53076200,2024-05-06 00:00:00+07:00
BBCA.JK,Bank Central Asia,8912.1142578125,8958.052991100194,8843.20615788096,8912.1142578125,66746800,2024-05-07 00:00:00+07:00
BBCA.JK,Bank Central Asia,8820.235999999999,8912.113458333333,8613.51171875,8613.51171875,112808900,2024-05-08 00:00:00+07:00
BBCA.JK,Bank Central Asia,8452.726377952757,8751.328125,8452.726377952757,8751.328125,145469900,2024-05-13 00:00:00+07:00
BBCA.JK,Bank Central Asia,8843.2059498732,8889.144682080334,8751.328485458933,8774.2978515625,95363500,2024-05-14 00:00:00+07:00
BBCA.JK,Bank Central Asia,8728.3583984375,8820.235855263158,8659.450305818256,8728.3583984375,54741900,2024-05-15 00:00:00+07:00
BBCA.JK,Bank Central Asia,8797.266962687174,8889.144424438477,8751.328231811523,8820.236328125,61126000,2024-05-16 00:00:00+07:00
BBCA.JK,Bank Central Asia,8820.235576923076,9049.929211738781,8797.266213441506,8958.0517578125,99848500,2024-05-17 00:00:00+07:00
BBCA.JK,Bank Central Asia,8912.112941127969,9003.990394129289,8705.388671875,8705.388671875,87890100,2024-05-20 00:00:00+07:00
BBCA.JK,Bank Central Asia,8682.4198125,8797.266635416667,8613.51171875,8613.51171875,75311400,2024-05-21 00:00:00+07:00
BBCA.JK,Bank Central Asia,8705.388923139091,8797.266378792276,8567.572739659317,8659.4501953125,121712700,2024-05-22 00:00:00+07:00
BBCA.JK,Bank Central Asia,8544.603515625,8613.511608492943,8521.634151335686,8544.603515625,128578500,2024-05-27 00:00:00+07:00
BBCA.JK,Bank Central Asia,8544.603515625,8636.480972782258,8544.603515625,8544.603515625,73945700,2024-05-28 00:00:00+07:00
BBCA.JK,Bank Central Asia,8521.633927809085,8567.57265518272,8406.787109375,8406.787109375,117351600,2024-05-29 00:00:00+07:00
BBCA.JK,Bank Central Asia,8268.970703125,8498.664333767361,8062.246435546876,8268.970703125,207115100,2024-05-30 00:00:00+07:00
BBCA.JK,Bank Central Asia,8360.848849239865,8498.6650390625,8291.940754328547,8498.6650390625,756431600,2024-05-31 00:00:00+07:00
BBCA.JK,Bank Central Asia,8590.54187900101,8590.54187900101,8475.695062436826,8521.6337890625,72197700,2024-06-03 00:00:00+07:00
BBCA.JK,Bank Central Asia,8751.327537495823,8751.327537495823,8590.5419921875,8590.5419921875,75353100,2024-06-04 00:00:00+07:00
BBCA.JK,Bank Central Asia,8728.35865162037,8728.35865162037,8544.603732638889,8682.419921875,82087300,2024-06-05 00:00:00+07:00
BBCA.JK,Bank Central Asia,8751.32739837566,8751.32739837566,8682.41930862467,8705.388671875,44991300,2024-06-06 00:00:00+07:00
BBCA.JK,Bank Central Asia,8728.357804121984,8728.357804121984,8567.572265625,8567.572265625,51599800,2024-06-07 00:00:00+07:00
BBCA.JK,Bank Central Asia,8728.35875984252,8751.328125,8682.420029527559,8751.328125,45584700,2024-06-10 00:00:00+07:00
BBCA.JK,Bank Central Asia,8774.297158518146,8774.297158518146,8544.603515625,8544.603515625,68690900,2024-06-11 00:00:00+07:00
BBCA.JK,Bank Central Asia,8544.603769003379,8567.573133973818,8498.6650390625,8498.6650390625,49785700,2024-06-12 00:00:00+07:00
BBCA.JK,Bank Central Asia,8705.389584748642,8705.389584748642,8452.7265625,8452.7265625,84652200,2024-06-13 00:00:00+07:00
BBCA.JK,Bank Central Asia,8452.7265625,8498.665293817934,8360.84909986413,8452.7265625,52986300,2024-06-14 00:00:00+07:00
BBCA.JK,Bank Central Asia,8498.66507683011,8498.66507683011,8314.91015625,8314.91015625,100051000,2024-06-19 00:00:00+07:00
BBCA.JK,Bank Central Asia,8406.787192266247,8659.4501953125,8360.848464439656,8659.4501953125,81474800,2024-06-20 00:00:00+07:00
BBCA.JK,Bank Central Asia,8705.389500935873,8889.144424438477,8636.481404622396,8820.236328125,166841200,2024-06-21 00:00:00+07:00
BBCA.JK,Bank Central Asia,8820.236328125,8958.052520751953,8797.266962687174,8820.236328125,79592300,2024-06-24 00:00:00+07:00
BBCA.JK,Bank Central Asia,8820.236328125,8820.236328125,8682.420135498047,8820.236328125,80029000,2024-06-25 00:00:00+07:00
BBCA.JK,Bank Central Asia,8751.327762643916,8866.174583675987,8682.419670024672,8728.3583984375,77913200,2024-06-26 00:00:00+07:00
BBCA.JK,Bank Central Asia,8797.266213441506,8958.0517578125,8774.296849959936,8958.0517578125,89150700,2024-06-27 00:00:00+07:00
BBCA.JK,Bank Central Asia,9003.992030069268,9164.777602034792,8981.022662645622,9118.8388671875,166172300,2024-06-28 00:00:00+07:00
BBCA.JK,Bank Central Asia,9049.929074367088,9095.86780063291,9026.959711234176,9072.8984375,68634600,2024-07-01 00:00:00+07:00
BBCA.JK,Bank Central Asia,9187.745620265152,9187.745620265152,9049.929435961174,9095.8681640625,78848500,2024-07-02 00:00:00+07:00
BBCA.JK,Bank Central Asia,9164.776728515624,9187.74609375,9118.837998046874,9187.74609375,55860200,2024-07-03 00:00:00+07:00
BBCA.JK,Bank Central Asia,9164.776143547233,9187.745507315522,9026.9599609375,9026.9599609375,67054000,2024-07-04 00:00:00+07:00
BBCA.JK,Bank Central Asia,9118.837277206343,9164.776004043655,9072.898550369033,9141.806640625,36946900,2024-07-05 00:00:00+07:00
BBCA.JK,Bank Central Asia,9187.744869402984,9233.68359375,9141.80614505597,9233.68359375,72903600,2024-07-08 00:00:00+07:00
BBCA.JK,Bank Central Asia,9279.62366237593,9325.562393377792,9256.654296875,9256.654296875,61853200,2024-07-09 00:00:00+07:00
BBCA.JK,Bank Central Asia,9348.53113880724,9394.469866762067,9233.684318920174,9279.623046875,62325900,2024-07-10 00:00:00+07:00
BBCA.JK,Bank Central Asia,9187.746200372208,9302.593027876861,9187.746200372208,9256.654296875,55908400,2024-07-11 00:00:00+07:00
BBCA.JK,Bank Central Asia,9233.68493137407,9279.62366237593,9210.715565873139,9256.654296875,62646500,2024-07-12 00:00:00+07:00
BBCA.JK,Bank Central Asia,9233.68359375,9256.652955923508,9141.80614505597,9233.68359375,36682600,2024-07-15 00:00:00+07:00
BBCA.JK,Bank Central Asia,9164.776004043655,9210.714730880967,9141.806640625,9141.806640625,37192700,2024-07-16 00:00:00+07:00
BBCA.JK,Bank Central Asia,9095.867685746174,9141.80641143176,9003.990234375,9003.990234375,90666000,2024-07-17 00:00:00+07:00
BBCA.JK,Bank Central Asia,9003.99067914604,9279.623046875,9003.99067914604,9279.623046875,65383200,2024-07-18 00:00:00+07:00
BBCA.JK,Bank Central Asia,9233.68370949074,9302.591796875,9164.775622106481,9302.591796875,53880300,2024-07-19 00:00:00+07:00
BBCA.JK,Bank Central Asia,9302.592410852412,9325.561774829826,9279.623046875,9279.623046875,31285300,2024-07-22 00:00:00+07:00
BBCA.JK,Bank Central Asia,9371.50159321253,9371.50159321253,9302.593493262439,9348.5322265625,39321100,2024-07-23 00:00:00+07:00
BBCA.JK,Bank Central Asia,9302.593027876861,9348.531758878722,9256.654296875,9256.654296875,24658000,2024-07-24 00:00:00+07:00
BBCA.JK,Bank Central Asia,9394.470807418082,9463.37890625,9371.501441140777,9463.37890625,98088100,2024-07-25 00:00:00+07:00
BBCA.JK,Bank Central Asia,9532.287367111834,9555.2567342615,9463.379265662832,9486.3486328125,75565800,2024-07-26 00:00:00+07:00
BBCA.JK,Bank Central Asia,9555.256631097562,9578.225997999238,9348.53232898247,9417.4404296875,69092500,2024-07-29 00:00:00+07:00
BBCA.JK,Bank Central Asia,9463.379059812652,9463.379059812652,9348.5322265625,9348.5322265625,32122900,2024-07-30 00:00:00+07:00
BBCA.JK,Bank Central Asia,9509.316292198906,9509.316292198906,9394.46947707573,9440.408203125,82519900,2024-07-31 00:00:00+07:00
BBCA.JK,Bank Central Asia,9371.500583584337,9532.2861328125,9371.500583584337,9532.2861328125,61176200,2024-08-01 00:00:00+07:00
BBCA.JK,Bank Central Asia,9440.408088235294,9509.31617647059,9371.5,9371.5,55699900,2024-08-02 00:00:00+07:00
BBCA.JK,Bank Central Asia,9187.745253164556,9325.561431962025,9072.8984375,9072.8984375,126328300,2024-08-05 00:00:00+07:00
BBCA.JK,Bank Central Asia,9256.654189453126,9256.654189453126,9141.80736328125,9187.74609375,78473900,2024-08-06 00:00:00+07:00
BBCA.JK,Bank Central Asia,9187.745590965345,9279.623046875,9187.745590965345,9279.623046875,52327400,2024-08-07 00:00:00+07:00
BBCA.JK,Bank Central Asia,9325.562605058069,9394.470703125,9256.654506991137,9394.470703125,54162100,2024-08-08 00:00:00+07:00
BBCA.JK,Bank Central Asia,9394.47059729064,9417.439963054187,9279.623768472906,9325.5625,47062400,2024-08-09 00:00:00+07:00
BBCA.JK,Bank Central Asia,9279.622549019608,9371.5,9256.65318627451,9371.5,40364100,2024-08-12 00:00:00+07:00
BBCA.JK,Bank Central Asia,9417.440173695388,9463.37890625,9348.532074863471,9463.37890625,55207100,2024-08-13 00:00:00+07:00
BBCA.JK,Bank Central Asia,9463.377450980393,9463.377450980393,9371.5,9371.5,47999100,2024-08-14 00:00:00+07:00
BBCA.JK,Bank Central Asia,9371.501337102689,9463.378801191931,9348.53197108038,9394.470703125,33396600,2024-08-15 00:00:00+07:00
BBCA.JK,Bank Central Asia,9463.379265662832,9486.3486328125,9417.440531363498,9486.3486328125,40731400,2024-08-16 00:00:00+07:00
BBCA.JK,Bank Central Asia,9486.347404461596,9578.224861163404,9440.408676110692,9532.2861328125,51054400,2024-08-19 00:00:00+07:00
BBCA.JK,Bank Central Asia,9486.34715508843,9601.193972946643,9463.377791516787,9578.224609375,60304400,2024-08-20 00:00:00+07:00
BBCA.JK,Bank Central Asia,9647.13270008993,9647.13270008993,9578.224609375,9578.224609375,84848800,2024-08-21 00:00:00+07:00
BBCA.JK,Bank Central Asia,9509.317999962166,9555.2567342615,9394.471164213832,9486.3486328125,56611600,2024-08-22 00:00:00+07:00
BBCA.JK,Bank Central Asia,9486.3486328125,9532.287367111834,9463.379265662832,9486.3486328125,46651600,2024-08-23 00:00:00+07:00
BBCA.JK,Bank Central Asia,9440.409898513166,9532.287367111834,9417.440531363498,9486.3486328125,35145600,2024-08-26 00:00:00+07:00
BBCA.JK,Bank Central Asia,9440.408088235294,9463.377450980393,9348.530637254902,9371.5,60448400,2024-08-27 00:00:00+07:00
BBCA.JK,Bank Central Asia,9463.377679649759,9509.31640625,9417.438953049517,9509.31640625,38489900,2024-08-28 00:00:00+07:00
BBCA.JK,Bank Central Asia,9647.133729370416,9647.133729370416,9394.470703125,9394.470703125,53004700,2024-08-29 00:00:00+07:00
BBCA.JK,Bank Central Asia,9486.3486328125,9486.3486328125,9371.501797064164,9486.3486328125,158403700,2024-08-30 00:00:00+07:00
BBCA.JK,Bank Central Asia,9532.28565522354,9532.28565522354,9371.500114051096,9440.408203125,72008600,2024-09-02 00:00:00+07:00
BBCA.JK,Bank Central Asia,9486.348426462684,9486.348426462684,9325.562859912468,9348.5322265625,50950200,2024-09-03 00:00:00+07:00
BBCA.JK,Bank Central Asia,9325.562708586165,9463.37890625,9302.593342308859,9463.37890625,44817000,2024-09-04 00:00:00+07:00
BBCA.JK,Bank Central Asia,9509.317897294208,9509.317897294208,9417.4404296875,9417.4404296875,39332900,2024-09-05 00:00:00+07:00
BBCA.JK,Bank Central Asia,9394.470807418082,9463.37890625,9394.470807418082,9463.37890625,31541800,2024-09-06 00:00:00+07:00
BBCA.JK,Bank Central Asia,9463.377566149635,9509.316292198906,9371.500114051096,9440.408203125,36185100,2024-09-09 00:00:00+07:00
BBCA.JK,Bank Central Asia,9509.31640625,9509.31640625,9440.408316349638,9509.31640625,55093100,2024-09-10 00:00:00+07:00
BBCA.JK,Bank Central Asia,9578.224609375,9578.224609375,9509.316518660073,9578.224609375,64621300,2024-09-11 00:00:00+07:00
BBCA.JK,Bank Central Asia,9601.194697195704,9647.133427804296,9532.286601282816,9624.1640625,70759100,2024-09-12 00:00:00+07:00
BBCA.JK,Bank Central Asia,9555.255245803357,9578.224609375,9486.34715508843,9578.224609375,70057100,2024-09-13 00:00:00+07:00
BBCA.JK,Bank Central Asia,9601.194084821429,9647.1328125,9509.316629464285,9647.1328125,89745000,2024-09-17 00:00:00+07:00
BBCA.JK,Bank Central Asia,9647.133639705882,9761.98046875,9601.194908088235,9761.98046875,65420200,2024-09-18 00:00:00+07:00
BBCA.JK,Bank Central Asia,9830.887668434632,10014.642578125,9784.94894101204,10014.642578125,140886600,2024-09-19 00:00:00+07:00
BBCA.JK,Bank Central Asia,10014.642718604988,10014.642718604988,9899.7958984375,9899.7958984375,142194600,2024-09-20 00:00:00+07:00
BBCA.JK,Bank Central Asia,9853.857742936643,10060.58203125,9853.857742936643,10060.58203125,72553800,2024-09-23 00:00:00+07:00
BBCA.JK,Bank Central Asia,9899.796260127316,10060.581814236111,9899.796260127316,9922.765625,105191100,2024-09-24 00:00:00+07:00
BBCA.JK,Bank Central Asia,9807.9185515373,9968.7041015625,9670.102365801411,9968.7041015625,158369100,2024-09-25 00:00:00+07:00
BBCA.JK,Bank Central Asia,9991.67423426548,9991.67423426548,9807.919305819218,9830.888671875,84960100,2024-09-26 00:00:00+07:00
BBCA.JK,Bank Central Asia,9647.133032570422,9876.826676203053,9555.255575117371,9784.94921875,93027400,2024-09-27 00:00:00+07:00
BBCA.JK,Bank Central Asia,9624.164835710502,9693.072937159503,9486.3486328125,9486.3486328125,144692100,2024-09-30 00:00:00+07:00
BBCA.JK,Bank Central Asia,9555.256072274882,9693.072265625,9532.286706716528,9693.072265625,59797700,2024-10-01 00:00:00+07:00
BBCA.JK,Bank Central Asia,9486.347265625,9693.071540178571,9486.347265625,9647.1328125,86746200,2024-10-02 00:00:00+07:00
BBCA.JK,Bank Central Asia,9601.1943359375,9670.102429257626,9555.255607057417,9601.1943359375,60887000,2024-10-03 00:00:00+07:00
BBCA.JK,Bank Central Asia,9555.255966587112,9624.1640625,9509.31723597852,9624.1640625,58500400,2024-10-04 00:00:00+07:00
BBCA.JK,Bank Central Asia,9509.317638804612,9532.287005081917,9417.440173695388,9463.37890625,91867900,2024-10-07 00:00:00+07:00
BBCA.JK,Bank Central Asia,9371.500939002404,9647.133319561299,9325.562208909254,9555.255859375,99622900,2024-10-08 00:00:00+07:00
BBCA.JK,Bank Central Asia,9555.255245803357,9670.10206366157,9555.255245803357,9578.224609375,56835200,2024-10-09 00:00:00+07:00
BBCA.JK,Bank Central Asia,9578.224720982143,9647.1328125,9555.255357142858,9647.1328125,51080000,2024-10-10 00:00:00+07:00
BBCA.JK,Bank Central Asia,9716.041046216114,9716.041046216114,9532.2861328125,9532.2861328125,44632100,2024-10-11 00:00:00+07:00
BBCA.JK,Bank Central Asia,9532.28599330357,9647.1328125,9532.28599330357,9647.1328125,31738600,2024-10-14 00:00:00+07:00
BBCA.JK,Bank Central Asia,9693.07237132353,9761.98046875,9601.194908088235,9761.98046875,66635200,2024-10-15 00:00:00+07:00
BBCA.JK,Bank Central Asia,9830.888350238663,9853.85771554296,9624.1640625,9624.1640625,63255900,2024-10-16 00:00:00+07:00
BBCA.JK,Bank Central Asia,9693.0709089088,9922.764532342657,9647.132184222028,9853.8564453125,66993300,2024-10-17 00:00:00+07:00
BBCA.JK,Bank Central Asia,9991.672987827034,9991.672987827034,9853.856808684593,9876.826171875,56299600,2024-10-18 00:00:00+07:00
BBCA.JK,Bank Central Asia,9968.704501793032,9968.704501793032,9807.9189453125,9807.9189453125,36472500,2024-10-21 00:00:00+07:00
BBCA.JK,Bank Central Asia,9624.163448660714,9739.010267857142,9624.163448660714,9647.1328125,94799500,2024-10-22 00:00:00+07:00
BBCA.JK,Bank Central Asia,9624.16366820716,9784.94921875,9624.16366820716,9784.94921875,48903000,2024-10-23 00:00:00+07:00
BBCA.JK,Bank Central Asia,9853.858037930782,9968.704868209697,9830.888671875,9830.888671875,85341200,2024-10-24 00:00:00+07:00
BBCA.JK,Bank Central Asia,9784.948719113372,9876.826171875,9761.979355922966,9876.826171875,34847500,2024-10-25 00:00:00+07:00
BBCA.JK,Bank Central Asia,9945.735026809403,9945.735026809403,9739.0107421875,9739.0107421875,39061500,2024-10-28 00:00:00+07:00
BBCA.JK,Bank Central Asia,9670.102176339286,9716.040904017857,9647.1328125,9647.1328125,49680100,2024-10-29 00:00:00+07:00
BBCA.JK,Bank Central Asia,9440.408316349638,9555.255132850241,9440.408316349638,9509.31640625,114484100,2024-10-30 00:00:00+07:00
BBCA.JK,Bank Central Asia,9486.34853039253,9624.164731802592,9417.4404296875,9417.4404296875,97553400,2024-10-31 00:00:00+07:00
BBCA.JK,Bank Central Asia,9440.408427945144,9578.224609375,9440.408427945144,9578.224609375,47710000,2024-11-01 00:00:00+07:00
BBCA.JK,Bank Central Asia,9578.224861163404,9647.13295368976,9463.378040286145,9532.2861328125,49275700,2024-11-04 00:00:00+07:00
BBCA.JK,Bank Central Asia,9463.377901785714,9716.040904017857,9463.377901785714,9647.1328125,50296500,2024-11-05 00:00:00+07:00
BBCA.JK,Bank Central Asia,9624.163700377543,9647.133064817584,9532.286242617374,9601.1943359375,50324900,2024-11-06 00:00:00+07:00
BBCA.JK,Bank Central Asia,9486.348426462684,9601.195259712838,9348.5322265625,9348.5322265625,131579100,2024-11-07 00:00:00+07:00
BBCA.JK,Bank Central Asia,9371.501124379653,9394.470489880583,9233.68493137407,9256.654296875,92166100,2024-11-08 00:00:00+07:00
BBCA.JK,Bank Central Asia,9003.989972014926,9233.68359375,9003.989972014926,9233.68359375,128707600,2024-11-11 00:00:00+07:00
BBCA.JK,Bank Central Asia,9279.623768472906,9394.47059729064,9187.74630541872,9325.5625,80378500,2024-11-12 00:00:00+07:00
BBCA.JK,Bank Central Asia,9394.47059729064,9417.439963054187,9325.5625,9325.5625,62933100,2024-11-13 00:00:00+07:00
BBCA.JK,Bank Central Asia,9302.592410852412,9348.53113880724,9233.684318920174,9279.623046875,56381400,2024-11-14 00:00:00+07:00
BBCA.JK,Bank Central Asia,9233.685393312346,9440.409693162623,9233.685393312346,9348.5322265625,63598200,2024-11-15 00:00:00+07:00
BBCA.JK,Bank Central Asia,9256.654189453126,9302.592919921875,9187.74609375,9187.74609375,65716200,2024-11-18 00:00:00+07:00
BBCA.JK,Bank Central Asia,9095.869499763854,9210.716336882084,9095.869499763854,9118.8388671875,85295300,2024-11-19 00:00:00+07:00
BBCA.JK,Bank Central Asia,9210.715565873139,9325.562393377792,9187.746200372208,9256.654296875,58584400,2024-11-20 00:00:00+07:00
BBCA.JK,Bank Central Asia,9233.570947017766,9233.570947017766,9095.0673828125,9095.0673828125,93181200,2024-11-21 00:00:00+07:00
BBCA.JK,Bank Central Asia,9164.319164915132,9187.403092282677,9095.0673828125,9095.0673828125,58396100,2024-11-22 00:00:00+07:00
BBCA.JK,Bank Central Asia,9187.402862023955,9418.242129914004,9141.235008445945,9395.158203125,165369400,2024-11-25 00:00:00+07:00
BBCA.JK,Bank Central Asia,9464.4095703125,9464.4095703125,9233.5703125,9233.5703125,62310100,2024-11-26 00:00:00+07:00
BBCA.JK,Bank Central Asia,9210.48638671875,9302.82208984375,9164.31853515625,9233.5703125,57443500,2024-11-28 00:00:00+07:00
BBCA.JK,Bank Central Asia,9233.5703125,9325.906015625,9187.402460937501,9233.5703125,76886000,2024-11-29 00:00:00+07:00
BBCA.JK,Bank Central Asia,9233.569711538461,9279.737560096155,9002.73046875,9002.73046875,87879600,2024-12-02 00:00:00+07:00
BBCA.JK,Bank Central Asia,9256.65373918122,9441.325135474111,9141.23411649816,9418.2412109375,126087100,2024-12-03 00:00:00+07:00
BBCA.JK,Bank Central Asia,9395.157286400889,9464.409060010723,9279.737663717831,9418.2412109375,97876300,2024-12-04 00:00:00+07:00
BBCA.JK,Bank Central Asia,9464.41015625,9556.745865091463,9441.326229039634,9464.41015625,96904400,2024-12-05 00:00:00+07:00
BBCA.JK,Bank Central Asia,9325.90619184243,9395.157970494727,9279.738339407568,9302.822265625,68247200,2024-12-06 00:00:00+07:00
BBCA.JK,Bank Central Asia,9256.654086937651,9556.7451171875,9233.570161533817,9556.7451171875,64458400,2024-12-09 00:00:00+07:00
BBCA.JK,Bank Central Asia,9533.661191783665,9556.7451171875,9487.493340975996,9556.7451171875,61230400,2024-12-10 00:00:00+07:00
BBCA.JK,Bank Central Asia,9441.324705860312,9625.99609375,9441.324705860312,9625.99609375,37934300,2024-12-11 00:00:00+07:00
BBCA.JK,Bank Central Asia,9510.577837070025,9579.829617437039,9395.158203125,9395.158203125,44780100,2024-12-12 00:00:00+07:00
BBCA.JK,Bank Central Asia,9348.989075618005,9441.324770192008,9256.653381044,9279.7373046875,75126400,2024-12-13 00:00:00+07:00
BBCA.JK,Bank Central Asia,9233.56957766089,9348.989197381652,9233.56957766089,9325.9052734375,57746100,2024-12-16 00:00:00+07:00
BBCA.JK,Bank Central Asia,9187.402225378788,9279.737926136364,9141.234375,9141.234375,99845900,2024-12-17 00:00:00+07:00
BBCA.JK,Bank Central Asia,9141.234135841836,9256.653758769133,9048.8984375,9048.8984375,84868500,2024-12-18 00:00:00+07:00
BBCA.JK,Bank Central Asia,8956.562439437985,9025.814210876939,8818.058896560078,8933.478515625,104254100,2024-12-19 00:00:00+07:00
BBCA.JK,Bank Central Asia,8910.39453125,9002.730225874351,8887.310607593912,8910.39453125,91576900,2024-12-20 00:00:00+07:00
BBCA.JK,Bank Central Asia,8956.56364889706,9095.06721047794,8956.56364889706,9025.8154296875,43292100,2024-12-23 00:00:00+07:00
BBCA.JK,Bank Central Asia,9095.066165865384,9141.234014423077,9002.73046875,9002.73046875,32415700,2024-12-24 00:00:00+07:00
BBCA.JK,Bank Central Asia,9048.8984375,9071.982362085459,8979.646663743622,9048.8984375,24016700,2024-12-27 00:00:00+07:00
BBCA.JK,Bank Central Asia,9048.898134689924,9071.982058502907,8933.478515625,8933.478515625,56350100,2024-12-30 00:00:00+07:00
BBCA.JK,Bank Central Asia,8910.39512310606,9141.234375,8910.39512310606,9141.234375,38124800,2025-01-02 00:00:00+07:00
BBCA.JK,Bank Central Asia,9095.0673828125,9164.319164915132,9071.983455444955,9095.0673828125,41916000,2025-01-03 00:00:00+07:00
BBCA.JK,Bank Central Asia,9095.065982315891,9118.149906128876,8910.394591812015,8933.478515625,41593900,2025-01-06 00:00:00+07:00
BBCA.JK,Bank Central Asia,8933.479138471948,8979.646989316765,8794.9755859375,8794.9755859375,71318600,2025-01-07 00:00:00+07:00
BBCA.JK,Bank Central Asia,8933.478515625,9025.814210876939,8841.142820373063,8933.478515625,55943100,2025-01-08 00:00:00+07:00
BBCA.JK,Bank Central Asia,9002.731673342321,9118.151310180045,8979.647745974778,9095.0673828125,42733800,2025-01-09 00:00:00+07:00
BBCA.JK,Bank Central Asia,9048.898256748073,9164.317877369858,8979.646484375,8979.646484375,72531300,2025-01-10 00:00:00+07:00
BBCA.JK,Bank Central Asia,8887.31066799903,8979.64636325097,8887.31066799903,8933.478515625,88270100,2025-01-13 00:00:00+07:00
BBCA.JK,Bank Central Asia,8864.227362204725,8979.646989316765,8794.9755859375,8794.9755859375,70942600,2025-01-14 00:00:00+07:00
BBCA.JK,Bank Central Asia,8841.143116230867,9048.8984375,8818.059191645409,9048.8984375,77098000,2025-01-15 00:00:00+07:00
BBCA.JK,Bank Central Asia,9095.066165865384,9164.317938701923,9002.73046875,9002.73046875,76979000,2025-01-16 00:00:00+07:00
BBCA.JK,Bank Central Asia,9002.730823863636,9141.234375,8910.39512310606,9141.234375,71033100,2025-01-17 00:00:00+07:00
BBCA.JK,Bank Central Asia,9095.067857142858,9118.151785714286,8887.3125,8887.3125,112111200,2025-01-20 00:00:00+07:00
BBCA.JK,Bank Central Asia,8864.227480417754,8933.479257608518,8818.059628957246,8841.1435546875,124547900,2025-01-21 00:00:00+07:00
BBCA.JK,Bank Central Asia,8910.39539082845,8933.479316711426,8841.143613179524,8864.2275390625,90154800,2025-01-22 00:00:00+07:00
BBCA.JK,Bank Central Asia,8864.2275390625,9002.731094360352,8864.2275390625,8864.2275390625,120515400,2025-01-23 00:00:00+07:00
BBCA.JK,Bank Central Asia,8887.31086282169,8910.394787140709,8633.3876953125,8633.3876953125,152057000,2025-01-24 00:00:00+07:00
BBCA.JK,Bank Central Asia,8448.716796875,8564.136425247609,8448.716796875,8448.716796875,154645800,2025-01-30 00:00:00+07:00
BBCA.JK,Bank Central Asia,8541.052233176257,8771.891482721561,8517.968308221727,8725.7236328125,112982800,2025-01-31 00:00:00+07:00
BBCA.JK,Bank Central Asia,8679.555543950535,8679.555543950535,8517.968073717413,8633.3876953125,90439900,2025-02-03 00:00:00+07:00
BBCA.JK,Bank Central Asia,8633.388262091281,8679.556113760218,8471.80078125,8471.80078125,94607700,2025-02-04 00:00:00+07:00
BBCA.JK,Bank Central Asia,8402.548886986302,8471.800663527398,8402.548886986302,8425.6328125,98229900,2025-02-05 00:00:00+07:00
BBCA.JK,Bank Central Asia,8379.464543688897,8402.548468051677,8171.709224423882,8264.044921875,171477800,2025-02-06 00:00:00+07:00
BBCA.JK,Bank Central Asia,8264.044906208223,8633.3876953125,8148.625284613135,8633.3876953125,131162200,2025-02-07 00:00:00+07:00
BBCA.JK,Bank Central Asia,8333.297168502391,8541.052499573087,8333.297168502391,8448.716796875,76209100,2025-02-10 00:00:00+07:00
BBCA.JK,Bank Central Asia,8333.296993371212,8402.548768939394,8310.213068181818,8379.46484375,71188300,2025-02-11 00:00:00+07:00
BBCA.JK,Bank Central Asia,8264.045391478825,8448.716796875,8264.045391478825,8448.716796875,121172600,2025-02-12 00:00:00+07:00
BBCA.JK,Bank Central Asia,8402.548589409722,8448.716438802083,8310.212890625,8310.212890625,90439700,2025-02-13 00:00:00+07:00
BBCA.JK,Bank Central Asia,8310.212830779943,8379.464604369778,8264.044981720055,8287.12890625,116274500,2025-02-14 00:00:00+07:00
BBCA.JK,Bank Central Asia,8287.12877272537,8610.3037109375,8287.12877272537,8610.3037109375,89096400,2025-02-17 00:00:00+07:00
BBCA.JK,Bank Central Asia,8610.303650558635,8841.142890519994,8541.051878570228,8587.2197265625,107318300,2025-02-18 00:00:00+07:00
BBCA.JK,Bank Central Asia,8517.968089865572,8541.052014228351,8264.044921875,8264.044921875,154438200,2025-02-19 00:00:00+07:00
BBCA.JK,Bank Central Asia,8287.12896592882,8333.29681532118,8264.045041232639,8310.212890625,119260800,2025-02-20 00:00:00+07:00
BBCA.JK,Bank Central Asia,8264.045041232639,8310.212890625,8240.961116536459,8310.212890625,106054700,2025-02-21 00:00:00+07:00
BBCA.JK,Bank Central Asia,8240.9609375,8287.128785889356,8194.793089110644,8240.9609375,108530300,2025-02-24 00:00:00+07:00
BBCA.JK,Bank Central Asia,8217.877755400143,8310.213460516998,8148.6259765625,8148.6259765625,101592700,2025-02-25 00:00:00+07:00
BBCA.JK,Bank Central Asia,8125.541444088319,8217.877142316596,8056.289670417112,8102.45751953125,117843500,2025-02-26 00:00:00+07:00
BBCA.JK,Bank Central Asia,8125.541330645161,8125.541330645161,7848.534239827713,7871.6181640625,199991600,2025-02-27 00:00:00+07:00
BBCA.JK,Bank Central Asia,7871.618908800075,8010.122467312685,7779.283203125,7779.283203125,293095000,2025-02-28 00:00:00+07:00
BBCA.JK,Bank Central Asia,7940.870583274148,8217.877696644176,7894.70273104581,8125.5419921875,192944300,2025-03-03 00:00:00+07:00
BBCA.JK,Bank Central Asia,8217.877322784252,8240.961247848252,8010.121997208245,8171.70947265625,125418500,2025-03-04 00:00:00+07:00
BBCA.JK,Bank Central Asia,8148.625417751736,8471.800363498263,8148.625417751736,8310.212890625,155207900,2025-03-05 00:00:00+07:00
BBCA.JK,Bank Central Asia,8494.884227019498,8494.884227019498,8287.12890625,8287.12890625,96270100,2025-03-06 00:00:00+07:00
BBCA.JK,Bank Central Asia,8310.212710084033,8310.212710084033,8240.9609375,8240.9609375,82295300,2025-03-07 00:00:00+07:00
BBCA.JK,Bank Central Asia,8079.373468137255,8287.128785889356,8056.289543942577,8240.9609375,97652100,2025-03-10 00:00:00+07:00
BBCA.JK,Bank Central Asia,8264.044861694678,8356.38055847339,8194.793089110644,8240.9609375,109295600,2025-03-11 00:00:00+07:00
BBCA.JK,Bank Central Asia,8333.297110445206,8425.6328125,8287.129259417808,8425.6328125,87968900,2025-03-12 00:00:00+07:00
BBCA.JK,Bank Central Asia,8448.71637795961,8471.800302489553,8287.12890625,8287.12890625,83030700,2025-03-13 00:00:00+07:00
BBCA.JK,Bank Central Asia,8125.541875,8240.96150390625,8079.3740234375,8079.3740234375,111397800,2025-03-14 00:00:00+07:00
BBCA.JK,Bank Central Asia,8079.373665743096,8102.457590502362,7894.7022676689685,7940.8701171875,151365700,2025-03-17 00:00:00+07:00
BBCA.JK,Bank Central Asia,7848.534185570407,7894.702033720821,7456.107476291887,7663.86279296875,417305700,2025-03-18 00:00:00+07:00
BBCA.JK,Bank Central Asia,7663.862853087463,7756.198550112613,7594.6110803186,7686.94677734375,214108200,2025-03-19 00:00:00+07:00
BBCA.JK,Bank Central Asia,7802.366519939365,7825.450444554571,7710.030821478545,7733.11474609375,152917300,2025-03-20 00:00:00+07:00
BBCA.JK,Bank Central Asia,7875.880289198478,7875.880289198478,7518.96728515625,7518.96728515625,377916400,2025-03-21 00:00:00+07:00
BBCA.JK,Bank Central Asia,7447.584182451356,7709.320367777123,7257.230593123526,7566.55517578125,331836800,2025-03-24 00:00:00+07:00
BBCA.JK,Bank Central Asia,7685.526621942934,7756.909222146739,7614.14402173913,7661.732421875,136341700,2025-03-25 00:00:00+07:00
BBCA.JK,Bank Central Asia,7899.6739884989,8232.792771146444,7875.879789738362,8113.82177734375,283104600,2025-03-26 00:00:00+07:00
BBCA.JK,Bank Central Asia,8018.645233513327,8161.410430549173,7971.056834501379,8090.02783203125,122943900,2025-03-27 00:00:00+07:00
BBCA.JK,Bank Central Asia,7043.083098874598,7614.143890675242,6924.112100582798,7399.99609375,533073600,2025-04-08 00:00:00+07:00
BBCA.JK,Bank Central Asia,7328.61343528194,7566.555429933951,7304.819235816739,7542.76123046875,136753900,2025-04-09 00:00:00+07:00
BBCA.JK,Bank Central Asia,8090.028198613222,8232.79340211816,7780.703591019187,7828.2919921875,144148600,2025-04-10 00:00:00+07:00
BBCA.JK,Bank Central Asia,7804.497285687311,7923.46828089596,7661.732091436934,7875.8798828125,82603000,2025-04-11 00:00:00+07:00
BBCA.JK,Bank Central Asia,7852.085876464844,7994.85107421875,7852.085876464844,7994.85107421875,83319300,2025-04-14 00:00:00+07:00
BBCA.JK,Bank Central Asia,8161.41064453125,8185.204844661078,8042.439643882106,8161.41064453125,83431800,2025-04-15 00:00:00+07:00
BBCA.JK,Bank Central Asia,8090.02759725295,8137.615994883849,8018.6450008066,8066.2333984375,76874900,2025-04-16 00:00:00+07:00
BBCA.JK,Bank Central Asia,8042.439433019302,8090.02783203125,7947.262634995404,8090.02783203125,83540600,2025-04-17 00:00:00+07:00
BBCA.JK,Bank Central Asia,8090.02741434488,8090.02741434488,7899.673828125,7899.673828125,40683800,2025-04-21 00:00:00+07:00
BBCA.JK,Bank Central Asia,7923.46843548943,8090.02783203125,7923.46843548943,8090.02783203125,56537100,2025-04-22 00:00:00+07:00
BBCA.JK,Bank Central Asia,8137.616381626074,8304.17578125,8137.616381626074,8304.17578125,92329600,2025-04-23 00:00:00+07:00
BBCA.JK,Bank Central Asia,8423.146380669248,8423.146380669248,8066.2333984375,8066.2333984375,143675300,2025-04-24 00:00:00+07:00
BBCA.JK,Bank Central Asia,8232.792988621912,8232.792988621912,8161.41039045467,8185.20458984375,58297000,2025-04-25 00:00:00+07:00
BBCA.JK,Bank Central Asia,8327.96947337963,8351.763671875,8232.792679398148,8351.763671875,73235400,2025-04-28 00:00:00+07:00
BBCA.JK,Bank Central Asia,8375.558381088826,8399.3525810351,8280.381581303725,8304.17578125,60315700,2025-04-29 00:00:00+07:00
BBCA.JK,Bank Central Asia,8375.558339235127,8494.52933837199,8256.587340098265,8399.3525390625,164597500,2025-04-30 00:00:00+07:00
BBCA.JK,Bank Central Asia,8565.911385793872,8565.911385793872,8423.14619603064,8542.1171875,92219000,2025-05-02 00:00:00+07:00
BBCA.JK,Bank Central Asia,8565.911385793872,8613.499782381616,8542.1171875,8542.1171875,86385600,2025-05-05 00:00:00+07:00
BBCA.JK,Bank Central Asia,8613.500254284972,8613.500254284972,8542.117655492555,8589.7060546875,48860500,2025-05-06 00:00:00+07:00
BBCA.JK,Bank Central Asia,8637.2939453125,8661.088143508952,8565.91135072314,8637.2939453125,77382000,2025-05-07 00:00:00+07:00
BBCA.JK,Bank Central Asia,8637.293980675488,8756.264972144847,8494.528790912256,8542.1171875,99614500,2025-05-08 00:00:00+07:00
BBCA.JK,Bank Central Asia,8613.49952799479,8613.49952799479,8542.116935221355,8565.9111328125,47167500,2025-05-09 00:00:00+07:00
BBCA.JK,Bank Central Asia,8803.853262929582,8851.441658945418,8708.67647089791,8827.6474609375,149002900,2025-05-14 00:00:00+07:00
BBCA.JK,Bank Central Asia,8827.6474609375,8946.618450977088,8803.853262929582,8827.6474609375,101401300,2025-05-15 00:00:00+07:00
BBCA.JK,Bank Central Asia,8851.44140625,8875.235603578629,8780.058814264114,8851.44140625,63007500,2025-05-16 00:00:00+07:00
BBCA.JK,Bank Central Asia,8827.648100842927,9041.7958984375,8803.853901110197,9041.7958984375,111597200,2025-05-19 00:00:00+07:00
BBCA.JK,Bank Central Asia,9041.796153529023,9208.35555635719,9018.001953125,9018.001953125,160614800,2025-05-20 00:00:00+07:00
BBCA.JK,Bank Central Asia,9232.1494140625,9255.943613583278,9089.384216937822,9232.1494140625,169739200,2025-05-21 00:00:00+07:00
BBCA.JK,Bank Central Asia,9327.325736722798,9327.325736722798,9184.560546875,9184.560546875,103113000,2025-05-22 00:00:00+07:00
BBCA.JK,Bank Central Asia,9208.3544921875,9232.148689841732,9160.766096879037,9208.3544921875,48521800,2025-05-23 00:00:00+07:00
BBCA.JK,Bank Central Asia,9136.973376623377,9184.561779626623,9041.796570616883,9160.767578125,56625300,2025-05-26 00:00:00+07:00
BBCA.JK,Bank Central Asia,9089.383825231482,9136.972222222223,8994.20703125,8994.20703125,93212000,2025-05-27 00:00:00+07:00
BBCA.JK,Bank Central Asia,8994.207540309175,9089.384339677526,8946.619140625,8946.619140625,236950800,2025-05-28 00:00:00+07:00
BBCA.JK,Bank Central Asia,8589.706266633757,8732.471467741243,8589.706266633757,8661.0888671875,264428700,2025-06-02 00:00:00+07:00
BBCA.JK,Bank Central Asia,8613.5,8684.882596685084,8518.323204419888,8613.5,128318100,2025-06-03 00:00:00+07:00
BBCA.JK,Bank Central Asia,8661.08817896936,8684.882377263231,8518.322989206128,8542.1171875,93357200,2025-06-04 00:00:00+07:00
BBCA.JK,Bank Central Asia,8565.910911239496,8613.499305190826,8470.734123336835,8494.5283203125,95529000,2025-06-05 00:00:00+07:00
BBCA.JK,Bank Central Asia,8542.117866264594,8661.0888671875,8518.323666080014,8661.0888671875,80406400,2025-06-10 00:00:00+07:00
BBCA.JK,Bank Central Asia,8661.088397790056,8684.882596685084,8613.5,8613.5,56632600,2025-06-11 00:00:00+07:00
BBCA.JK,Bank Central Asia,8565.911815068494,8684.8828125,8565.911815068494,8684.8828125,41337300,2025-06-12 00:00:00+07:00
BBCA.JK,Bank Central Asia,8661.088653479917,8684.88285307739,8542.117655492555,8589.7060546875,83318000,2025-06-13 00:00:00+07:00
BBCA.JK,Bank Central Asia,8494.5283203125,8565.910911239496,8470.734123336835,8494.5283203125,57825000,2025-06-16 00:00:00+07:00
BBCA.JK,Bank Central Asia,8542.117152526687,8661.088143508952,8542.117152526687,8637.2939453125,54927900,2025-06-17 00:00:00+07:00
BBCA.JK,Bank Central Asia,8518.323752413975,8589.706353691186,8470.7353515625,8470.7353515625,86270200,2025-06-18 00:00:00+07:00
BBCA.JK,Bank Central Asia,8470.734664351852,8494.528862847223,8327.96947337963,8351.763671875,78879500,2025-06-19 00:00:00+07:00
BBCA.JK,Bank Central Asia,8280.3818359375,8446.941240683369,8208.999233903556,8280.3818359375,445915100,2025-06-20 00:00:00+07:00
BBCA.JK,Bank Central Asia,8161.41062330163,8280.381623641304,8090.028023097826,8208.9990234375,87324500,2025-06-23 00:00:00+07:00
BBCA.JK,Bank Central Asia,8304.17527488426,8423.146267361111,8280.381076388889,8351.763671875,110158900,2025-06-24 00:00:00+07:00
BBCA.JK,Bank Central Asia,8304.175586789153,8351.763985567315,8066.233592898347,8185.20458984375,117561000,2025-06-25 00:00:00+07:00
BBCA.JK,Bank Central Asia,8113.821972091762,8232.79296875,8113.821972091762,8232.79296875,117281700,2025-06-26 00:00:00+07:00
BBCA.JK,Bank Central Asia,8161.410119664085,8399.352105660122,8137.615921064482,8256.5869140625,185441800,2025-06-30 00:00:00+07:00
BBCA.JK,Bank Central Asia,8327.970237293463,8351.764437971444,8185.205033225575,8280.3818359375,82364500,2025-07-01 00:00:00+07:00
BBCA.JK,Bank Central Asia,8161.410119664085,8256.5869140625,8161.410119664085,8256.5869140625,68545100,2025-07-02 00:00:00+07:00
BBCA.JK,Bank Central Asia,8280.381387400073,8327.969786178235,8185.20458984375,8185.20458984375,50370800,2025-07-03 00:00:00+07:00
BBCA.JK,Bank Central Asia,8232.79296875,8280.381367413294,8137.61617142341,8232.79296875,43593300,2025-07-04 00:00:00+07:00
BBCA.JK,Bank Central Asia,8208.9990234375,8232.793223505434,8137.616423233695,8208.9990234375,49936900,2025-07-07 00:00:00+07:00
BBCA.JK,Bank Central Asia,8137.616231043198,8185.204630055147,8018.645233513327,8090.02783203125,215611000,2025-07-08 00:00:00+07:00
BBCA.JK,Bank Central Asia,8090.02783203125,8137.616231043198,8042.439433019302,8090.02783203125,94459300,2025-07-09 00:00:00+07:00
BBCA.JK,Bank Central Asia,8113.821991676508,8232.792988621912,8090.0277922874275,8185.20458984375,111769400,2025-07-10 00:00:00+07:00
BBCA.JK,Bank Central Asia,8161.41062330163,8256.58742357337,8161.41062330163,8208.9990234375,135986500,2025-07-11 00:00:00+07:00
BBCA.JK,Bank Central Asia,8232.792771146444,8256.586969906983,8042.439181062134,8113.82177734375,125196000,2025-07-14 00:00:00+07:00
BBCA.JK,Bank Central Asia,8185.2046098318715,8185.2046098318715,8066.233612595944,8137.6162109375,77219300,2025-07-15 00:00:00+07:00
BBCA.JK,Bank Central Asia,8137.615976104289,8185.204373625366,8090.027578583211,8113.82177734375,97475300,2025-07-16 00:00:00+07:00
BBCA.JK,Bank Central Asia,8090.027578583211,8137.615976104289,8090.027578583211,8113.82177734375,86016400,2025-07-17 00:00:00+07:00
BBCA.JK,Bank Central Asia,8137.6165094120925,8161.410709732011,8018.6455078125,8018.6455078125,80432200,2025-07-18 00:00:00+07:00
BBCA.JK,Bank Central Asia,8042.43896484375,8090.027361085429,7971.056370481231,8042.43896484375,95383500,2025-07-21 00:00:00+07:00
BBCA.JK,Bank Central Asia,8042.439473470052,8066.233673095703,7994.85107421875,7994.85107421875,77981700,2025-07-22 00:00:00+07:00
BBCA.JK,Bank Central Asia,8042.439708132419,8090.028108772256,7994.851307492582,8018.6455078125,70969500,2025-07-23 00:00:00+07:00
BBCA.JK,Bank Central Asia,8066.233632525275,8137.616231043198,8042.439433019302,8090.02783203125,138256800,2025-07-24 00:00:00+07:00
BBCA.JK,Bank Central Asia,8090.027361085429,8113.821559206268,8042.43896484375,8042.43896484375,58682800,2025-07-25 00:00:00+07:00
BBCA.JK,Bank Central Asia,8208.998829561122,8208.998829561122,8066.233632525275,8090.02783203125,99484300,2025-07-28 00:00:00+07:00
BBCA.JK,Bank Central Asia,8090.0278727213545,8090.0278727213545,7971.056874593099,7994.85107421875,104240300,2025-07-29 00:00:00+07:00
BBCA.JK,Bank Central Asia,8066.233436333955,8066.233436333955,7923.468242770522,7971.056640625,98098100,2025-07-30 00:00:00+07:00
BBCA.JK,Bank Central Asia,7947.262479937689,7971.056678979418,7852.085683770771,7875.8798828125,206006300,2025-07-31 00:00:00+07:00
BBCA.JK,Bank Central Asia,7994.85062123494,8018.644819512425,7899.673828125,7899.673828125,86196100,2025-08-01 00:00:00+07:00
BBCA.JK,Bank Central Asia,7923.46828089596,7947.262479937689,7875.8798828125,7875.8798828125,49054500,2025-08-04 00:00:00+07:00
BBCA.JK,Bank Central Asia,7947.262906852745,8042.439708132419,7923.468706532827,8018.6455078125,69475900,2025-08-05 00:00:00+07:00
BBCA.JK,Bank Central Asia,8018.644819512425,8018.644819512425,7899.673828125,7899.673828125,56325400,2025-08-06 00:00:00+07:00
BBCA.JK,Bank Central Asia,7923.4680264024855,7947.26222467997,7899.673828125,7899.673828125,43621300,2025-08-07 00:00:00+07:00
BBCA.JK,Bank Central Asia,7923.4680264024855,7994.85062123494,7899.673828125,7899.673828125,68378700,2025-08-08 00:00:00+07:00
BBCA.JK,Bank Central Asia,8090.027812043129,8137.6162109375,8018.645213701572,8137.6162109375,128561300,2025-08-11 00:00:00+07:00
BBCA.JK,Bank Central Asia,8208.998692399364,8446.940683483404,8161.410294182557,8423.146484375,171015700,2025-08-12 00:00:00+07:00
BBCA.JK,Bank Central Asia,8542.11671426383,8542.11671426383,8304.174744507178,8494.5283203125,129083900,2025-08-13 00:00:00+07:00
BBCA.JK,Bank Central Asia,8494.528862847223,8518.323061342593,8327.96947337963,8351.763671875,122930900,2025-08-14 00:00:00+07:00
BBCA.JK,Bank Central Asia,8399.352839327406,8423.147040005388,8280.3818359375,8280.3818359375,68754200,2025-08-15 00:00:00+07:00
BBCA.JK,Bank Central Asia,8185.204630055147,8185.204630055147,8042.439433019302,8090.02783203125,128591700,2025-08-19 00:00:00+07:00
BBCA.JK,Bank Central Asia,7971.056584780517,8185.204373625366,7947.262386019978,8113.82177734375,202260200,2025-08-20 00:00:00+07:00
BBCA.JK,Bank Central Asia,8137.6162109375,8161.410410384686,8090.027812043129,8137.6162109375,69470200,2025-08-21 00:00:00+07:00
BBCA.JK,Bank Central Asia,8161.409955447947,8161.409955447947,8042.43896484375,8042.43896484375,66394100,2025-08-22 00:00:00+07:00
BBCA.JK,Bank Central Asia,8113.8217960684,8137.615994883849,8066.2333984375,8066.2333984375,64052700,2025-08-25 00:00:00+07:00
BBCA.JK,Bank Central Asia,8042.439535984848,8066.233735795454,7852.0859375,7852.0859375,326794200,2025-08-26 00:00:00+07:00
BBCA.JK,Bank Central Asia,7852.08543157003,7947.26222467997,7804.497035015061,7899.673828125,111915700,2025-08-27 00:00:00+07:00
BBCA.JK,Bank Central Asia,7947.262460702891,7971.056659687031,7875.87986375047,7923.46826171875,81281400,2025-08-28 00:00:00+07:00
BBCA.JK,Bank Central Asia,7852.0862610052245,7875.880461796149,7685.52685546875,7685.52685546875,236499300,2025-08-29 00:00:00+07:00
BBCA.JK,Bank Central Asia,7281.025241088867,7661.732443237304,7233.436840820313,7614.14404296875,421127500,2025-09-01 00:00:00+07:00
BBCA.JK,Bank Central Asia,7614.14404296875,7780.703443908691,7614.14404296875,7614.14404296875,155531500,2025-09-02 00:00:00+07:00
BBCA.JK,Bank Central Asia,7518.9670111677115,7614.1438087774295,7518.9670111677115,7590.349609375,212372700,2025-09-03 00:00:00+07:00
BBCA.JK,Bank Central Asia,7590.349842834473,7614.14404296875,7542.761442565918,7614.14404296875,103534800,2025-09-04 00:00:00+07:00
BBCA.JK,Bank Central Asia,7637.9383766867895,7637.9383766867895,7328.61376953125,7328.61376953125,321191900,2025-09-08 00:00:00+07:00
BBCA.JK,Bank Central Asia,7257.230999208368,7352.407799197987,7114.465799223942,7162.05419921875,595368700,2025-09-09 00:00:00+07:00
BBCA.JK,Bank Central Asia,7185.84805063101,7423.7900390625,7185.84805063101,7423.7900390625,246849600,2025-09-10 00:00:00+07:00
BBCA.JK,Bank Central Asia,7518.967306926751,7590.349907941879,7471.37890625,7471.37890625,235173400,2025-09-11 00:00:00+07:00
BBCA.JK,Bank Central Asia,7590.349629399152,7590.349629399152,7471.378632073147,7542.76123046875,156084700,2025-09-12 00:00:00+07:00
BBCA.JK,Bank Central Asia,7614.14378894081,7709.32058630257,7590.34958960037,7637.93798828125,142567700,2025-09-15 00:00:00+07:00
BBCA.JK,Bank Central Asia,7661.732227794756,7685.526427259957,7518.967031003549,7542.76123046875,129312900,2025-09-16 00:00:00+07:00
BBCA.JK,Bank Central Asia,7471.37890625,7518.967306926751,7423.790505573248,7471.37890625,183725900,2025-09-17 00:00:00+07:00
BBCA.JK,Bank Central Asia,7471.378972833807,7518.967373934659,7281.025368430398,7328.61376953125,275378700,2025-09-18 00:00:00+07:00
BBCA.JK,Bank Central Asia,7281.024846003606,7447.584237905649,7281.024846003606,7423.7900390625,149025300,2025-09-19 00:00:00+07:00
BBCA.JK,Bank Central Asia,7423.789820995146,7447.584019139361,7352.4072265625,7352.4072265625,92588800,2025-09-22 00:00:00+07:00
BBCA.JK,Bank Central Asia,7376.201853918651,7518.96705109127,7376.201853918651,7495.1728515625,102606200,2025-09-23 00:00:00+07:00
BBCA.JK,Bank Central Asia,7566.555491358521,7566.555491358521,7352.40769443328,7399.99609375,150428400,2025-09-24 00:00:00+07:00
BBCA.JK,Bank Central Asia,7352.4079700816765,7399.9963711825285,7328.61376953125,7328.61376953125,147986600,2025-09-25 00:00:00+07:00
BBCA.JK,Bank Central Asia,7209.642557313013,7328.613556608607,7209.642557313013,7257.23095703125,121657700,2025-09-26 00:00:00+07:00
BBCA.JK,Bank Central Asia,7376.2018940916405,7423.79029340836,7328.61349477492,7399.99609375,116454700,2025-09-29 00:00:00+07:00
BBCA.JK,Bank Central Asia,7328.613556608607,7399.996156185964,7257.23095703125,7257.23095703125,170666700,2025-09-30 00:00:00+07:00
BBCA.JK,Bank Central Asia,7233.4365625,7304.81916015625,7138.259765625,7138.259765625,202433400,2025-10-01 00:00:00+07:00
BBCA.JK,Bank Central Asia,7138.259765625,7233.4365625,7138.259765625,7138.259765625,126952400,2025-10-02 00:00:00+07:00
BBCA.JK,Bank Central Asia,7162.05419921875,7185.848399216155,7138.259999221345,7162.05419921875,76787500,2025-10-03 00:00:00+07:00
BBCA.JK,Bank Central Asia,7138.259765625,7185.8481640625005,7090.6713671875,7138.259765625,104032400,2025-10-06 00:00:00+07:00
BBCA.JK,Bank Central Asia,7185.847891527434,7233.436288160066,7138.259494894802,7209.64208984375,74282600,2025-10-07 00:00:00+07:00
BBCA.JK,Bank Central Asia,7138.259567002118,7162.053765558792,7019.28857421875,7019.28857421875,168080800,2025-10-08 00:00:00+07:00
BBCA.JK,Bank Central Asia,7019.288750452711,7328.613339455712,6947.90615299048,7185.84814453125,293567400,2025-10-09 00:00:00+07:00
BBCA.JK,Bank Central Asia,7090.671406513936,7090.671406513936,6995.494609111064,7043.0830078125,107426000,2025-10-10 00:00:00+07:00
BBCA.JK,Bank Central Asia,6947.906483308448,7019.289084164356,6947.906483308448,6971.70068359375,101847900,2025-10-13 00:00:00+07:00
BBCA.JK,Bank Central Asia,6924.112070649246,6995.494669315733,6900.31787109375,6900.31787109375,151862300,2025-10-14 00:00:00+07:00
BBCA.JK,Bank Central Asia,6900.31787109375,6995.494669315733,6876.523671538254,6900.31787109375,133206400,2025-10-15 00:00:00+07:00
BBCA.JK,Bank Central Asia,6900.317851027397,6971.700449486301,6876.523651541096,6947.90625,120611200,2025-10-16 00:00:00+07:00
BBCA.JK,Bank Central Asia,6947.906171875,7162.05396484375,6924.11197265625,7138.259765625,157334400,2025-10-17 00:00:00+07:00
BBCA.JK,Bank Central Asia,7328.613454861111,7614.143849206349,7257.230856274801,7495.1728515625,393421800,2025-10-20 00:00:00+07:00
BBCA.JK,Bank Central Asia,7709.320416205752,8066.2333984375,7709.320416205752,8066.2333984375,529802600,2025-10-21 00:00:00+07:00
BBCA.JK,Bank Central Asia,8280.381556068978,8280.381556068978,7804.49755859375,7804.49755859375,392957200,2025-10-22 00:00:00+07:00
BBCA.JK,Bank Central Asia,7804.497266798048,7947.262460702891,7756.908868829768,7923.46826171875,187003900,2025-10-23 00:00:00+07:00
BBCA.JK,Bank Central Asia,7899.674081854229,7971.056678979418,7875.8798828125,7875.8798828125,133355100,2025-10-24 00:00:00+07:00
BBCA.JK,Bank Central Asia,7923.468495625935,8018.645294372193,7804.497497193114,7947.2626953125,182275600,2025-10-27 00:00:00+07:00
BBCA.JK,Bank Central Asia,7947.262479937689,7994.850878021149,7852.085683770771,7875.8798828125,180270000,2025-10-28 00:00:00+07:00
BBCA.JK,Bank Central Asia,7899.674197174782,8185.20458984375,7875.879997785702,8185.20458984375,239156800,2025-10-29 00:00:00+07:00
BBCA.JK,Bank Central Asia,8161.410174864828,8327.9695661886,8066.233379822673,8113.82177734375,259009800,2025-10-30 00:00:00+07:00
BBCA.JK,Bank Central Asia,8137.615976104289,8232.792771146444,8113.82177734375,8113.82177734375,177088000,2025-10-31 00:00:00+07:00
BBCA.JK,Bank Central Asia,8232.79296875,8232.79296875,8113.821972091762,8232.79296875,115007100,2025-11-03 00:00:00+07:00
BBCA.JK,Bank Central Asia,8232.79296875,8280.381367413294,8208.998769418353,8232.79296875,155231500,2025-11-04 00:00:00+07:00
BBCA.JK,Bank Central Asia,8208.999233903556,8280.3818359375,8185.205033225575,8280.3818359375,125731500,2025-11-05 00:00:00+07:00
BBCA.JK,Bank Central Asia,8208.998809279057,8256.587208173429,8137.6162109375,8137.6162109375,89756900,2025-11-06 00:00:00+07:00
BBCA.JK,Bank Central Asia,8137.615921064482,8256.5869140625,8137.615921064482,8256.5869140625,75241900,2025-11-07 00:00:00+07:00
BBCA.JK,Bank Central Asia,8256.587445050565,8256.587445050565,8161.41064453125,8161.41064453125,79897700,2025-11-10 00:00:00+07:00
BBCA.JK,Bank Central Asia,8161.410471598308,8185.204671223958,7994.85107421875,7994.85107421875,130897600,2025-11-11 00:00:00+07:00
BBCA.JK,Bank Central Asia,8018.645233513327,8137.616231043198,7994.851034007353,8090.02783203125,85415600,2025-11-12 00:00:00+07:00
BBCA.JK,Bank Central Asia,7994.8508395522385,8066.233436333955,7971.056640625,7971.056640625,104113800,2025-11-13 00:00:00+07:00
BBCA.JK,Bank Central Asia,7971.057107172664,8090.028108772256,7971.057107172664,8018.6455078125,89815300,2025-11-14 00:00:00+07:00
BBCA.JK,Bank Central Asia,8090.0280441417635,8161.41064453125,8066.233844011935,8161.41064453125,129411100,2025-11-17 00:00:00+07:00
BBCA.JK,Bank Central Asia,8137.616271972656,8161.410471598308,7994.85107421875,7994.85107421875,119377900,2025-11-18 00:00:00+07:00
BBCA.JK,Bank Central Asia,7947.262404360251,8090.02759725295,7923.468205544801,8066.2333984375,114209700,2025-11-19 00:00:00+07:00
BBCA.JK,Bank Central Asia,8066.233908452337,8185.204910051929,7994.851307492582,8018.6455078125,124087400,2025-11-20 00:00:00+07:00
BBCA.JK,Bank Central Asia,7971.056874593099,8018.645273844401,7947.262674967448,7994.85107421875,103917100,2025-11-21 00:00:00+07:00
BBCA.JK,Bank Central Asia,7994.850801991151,8066.2333984375,7947.262404360251,8066.2333984375,279590600,2025-11-24 00:00:00+07:00
BBCA.JK,Bank Central Asia,8066.233632525275,8090.02783203125,7971.056834501379,8090.02783203125,98807700,2025-11-25 00:00:00+07:00
BBCA.JK,Bank Central Asia,7994.851307492582,8042.439708132419,7971.057107172664,8018.6455078125,77094400,2025-11-26 00:00:00+07:00
BBCA.JK,Bank Central Asia,8018.645057655312,8042.439256639453,7923.46826171875,7923.46826171875,71051300,2025-11-27 00:00:00+07:00
BBCA.JK,Bank Central Asia,7923.46828089596,7947.262479937689,7875.8798828125,7875.8798828125,67559300,2025-11-28 00:00:00+07:00
BBCA.JK,Bank Central Asia,8042.439473470052,8042.439473470052,7947.262674967448,7994.85107421875,76359200,2025-12-01 00:00:00+07:00
BBCA.JK,Bank Central Asia,7947.262441697761,8018.645038479477,7947.262441697761,7971.056640625,97044000,2025-12-02 00:00:00+07:00
BBCA.JK,Bank Central Asia,7999.798492799322,8047.701477786145,7951.8955078125,7951.8955078125,103550900,2025-12-03 00:00:00+07:00
BBCA.JK,Bank Central Asia,7975.847479637633,7999.798973570479,7880.04150390625,7880.04150390625,71410400,2025-12-04 00:00:00+07:00
BBCA.JK,Bank Central Asia,7856.089537838855,7951.8955078125,7856.089537838855,7951.8955078125,71162300,2025-12-05 00:00:00+07:00
BBCA.JK,Bank Central Asia,7999.798492799322,7999.798492799322,7903.992522825678,7951.8955078125,61745200,2025-12-08 00:00:00+07:00
BBCA.JK,Bank Central Asia,7951.895634403935,7951.895634403935,7760.28369140625,7760.28369140625,113057200,2025-12-09 00:00:00+07:00
BBCA.JK,Bank Central Asia,7760.284013399768,7832.138495005321,7688.429531794214,7736.33251953125,143418300,2025-12-10 00:00:00+07:00
BBCA.JK,Bank Central Asia,7832.138484191895,7856.089978027344,7568.6720520019535,7664.47802734375,140766000,2025-12-11 00:00:00+07:00
BBCA.JK,Bank Central Asia,7568.6720520019535,7664.47802734375,7520.769064331055,7664.47802734375,100006800,2025-12-12 00:00:00+07:00
BBCA.JK,Bank Central Asia,7592.623120411333,7951.8955078125,7592.623120411333,7951.8955078125,143105700,2025-12-15 00:00:00+07:00
BBCA.JK,Bank Central Asia,8023.750445953463,8023.750445953463,7688.429531794214,7736.33251953125,122332000,2025-12-16 00:00:00+07:00
BBCA.JK,Bank Central Asia,7664.477706386293,7784.235170548579,7640.526213553836,7688.42919921875,89802700,2025-12-17 00:00:00+07:00
BBCA.JK,Bank Central Asia,7688.429226096617,7903.992662342316,7688.429226096617,7832.13818359375,88497200,2025-12-18 00:00:00+07:00
BBCA.JK,Bank Central Asia,7856.089819487577,7880.041312839674,7712.380859375,7712.380859375,131069800,2025-12-19 00:00:00+07:00
BBCA.JK,Bank Central Asia,7712.3807190128055,7832.13818359375,7688.429226096617,7832.13818359375,72424200,2025-12-22 00:00:00+07:00
BBCA.JK,Bank Central Asia,7760.283677716122,7784.235170548579,7640.526213553836,7688.42919921875,85044100,2025-12-23 00:00:00+07:00
BBCA.JK,Bank Central Asia,7688.42919921875,7736.332184883665,7664.477706386293,7688.42919921875,71260500,2025-12-24 00:00:00+07:00
BBCA.JK,Bank Central Asia,7688.42919921875,7688.42919921875,7616.574720721379,7688.42919921875,78399400,2025-12-29 00:00:00+07:00
BBCA.JK,Bank Central Asia,7616.5750501886605,7832.138495005321,7616.5750501886605,7736.33251953125,101995600,2025-12-30 00:00:00+07:00
TLKM.JK,Telkom Indonesia,2908.5135357556746,2930.492227461637,2857.2299217750956,2864.55615234375,52094000,2020-01-02 00:00:00+07:00
TLKM.JK,Telkom Indonesia,2901.1873822236184,2915.83984375,2879.208689934045,2915.83984375,70032900,2020-01-03 00:00:00+07:00
TLKM.JK,Telkom Indonesia,2879.208806818182,2908.513731060606,2879.208806818182,2901.1875,42908900,2020-01-06 00:00:00+07:00
TLKM.JK,Telkom Indonesia,2879.2084378470017,2908.5133583339943,2871.882207725254,2886.53466796875,51837600,2020-01-07 00:00:00+07:00
TLKM.JK,Telkom Indonesia,2871.882687299679,2893.8613813351362,2857.230224609375,2857.230224609375,52402600,2020-01-08 00:00:00+07:00
TLKM.JK,Telkom Indonesia,2871.882575757576,2908.513731060606,2871.882575757576,2901.1875,37580300,2020-01-09 00:00:00+07:00
TLKM.JK,Telkom Indonesia,2915.83984375,2923.1660745131912,2893.861151460427,2915.83984375,48099000,2020-01-10 00:00:00+07:00
TLKM.JK,Telkom Indonesia,2930.4924976736975,2952.47119140625,2923.166266429513,2952.47119140625,61913800,2020-01-13 00:00:00+07:00
TLKM.JK,Telkom Indonesia,2915.839775761471,2930.4922369462024,2886.534853392009,2893.861083984375,95058600,2020-01-14 00:00:00+07:00
TLKM.JK,Telkom Indonesia,2901.1872357240654,2901.1872357240654,2835.251162184882,2842.577392578125,147583300,2020-01-15 00:00:00+07:00
TLKM.JK,Telkom Indonesia,2849.9040470271916,2849.9040470271916,2805.946658127029,2820.59912109375,118903100,2020-01-16 00:00:00+07:00
TLKM.JK,Telkom Indonesia,2827.925099450459,2835.2513302780512,2783.967714484908,2791.2939453125,119904100,2020-01-17 00:00:00+07:00
TLKM.JK,Telkom Indonesia,2798.6201761400916,2813.2726377952754,2783.967714484908,2791.2939453125,73599200,2020-01-20 00:00:00+07:00
TLKM.JK,Telkom Indonesia,2791.2939616303825,2857.230039464171,2791.2939616303825,2849.90380859375,78014400,2020-01-21 00:00:00+07:00
TLKM.JK,Telkom Indonesia,2849.903986955554,2849.903986955554,2820.599061639816,2827.92529296875,45839800,2020-01-22 00:00:00+07:00
TLKM.JK,Telkom Indonesia,2827.9249317916397,2842.577392578125,2805.946240611912,2842.577392578125,41077400,2020-01-23 00:00:00+07:00
TLKM.JK,Telkom Indonesia,2842.5776441924427,2879.2087994011085,2827.9251821089765,2871.882568359375,58524000,2020-01-24 00:00:00+07:00
TLKM.JK,Telkom Indonesia,2871.882553100586,2871.882553100586,2805.9464740753174,2813.272705078125,33081800,2020-01-27 00:00:00+07:00
TLKM.JK,Telkom Indonesia,2791.2943137544876,2813.273009138381,2783.968081959856,2805.94677734375,56210000,2020-01-28 00:00:00+07:00
TLKM.JK,Telkom Indonesia,2813.2728365384614,2857.230224609375,2813.2728365384614,2857.230224609375,51929800,2020-01-29 00:00:00+07:00
TLKM.JK,Telkom Indonesia,2864.556449613423,2864.556449613423,2820.599061639816,2827.92529296875,60391600,2020-01-30 00:00:00+07:00
TLKM.JK,Telkom Indonesia,2849.9036023591693,2849.9036023591693,2769.3150686163654,2783.967529296875,120447900,2020-01-31 00:00:00+07:00
TLKM.JK,Telkom Indonesia,2783.967389601437,2798.619849546708,2732.6837797929898,2740.010009765625,68360600,2020-02-03 00:00:00+07:00
TLKM.JK,Telkom Indonesia,2791.293996608004,2791.293996608004,2732.684148910198,2754.662841796875,77259600,2020-02-04 00:00:00+07:00
TLKM.JK,Telkom Indonesia,2754.662782866379,2769.3152444773705,2725.3578596443963,2761.989013671875,68150800,2020-02-05 00:00:00+07:00
TLKM.JK,Telkom Indonesia,2783.967765645778,2783.967765645778,2747.3366108346495,2754.662841796875,56261500,2020-02-06 00:00:00+07:00
TLKM.JK,Telkom Indonesia,2769.3153704238125,2798.620294978562,2754.662908146438,2776.6416015625,53578900,2020-02-07 00:00:00+07:00
TLKM.JK,Telkom Indonesia,2783.967714484908,2820.5988686228675,2769.315252829724,2791.2939453125,86588500,2020-02-10 00:00:00+07:00
TLKM.JK,Telkom Indonesia,2791.2940638398745,2805.946526117249,2769.3153704238125,2776.6416015625,50248200,2020-02-11 00:00:00+07:00
TLKM.JK,Telkom Indonesia,2783.9678987033703,2820.599055265257,2769.3154360786157,2798.620361328125,73840300,2020-02-12 00:00:00+07:00
TLKM.JK,Telkom Indonesia,2798.6201590775804,2805.9463898605063,2718.031620465399,2732.68408203125,66699800,2020-02-13 00:00:00+07:00
TLKM.JK,Telkom Indonesia,2696.0527236435437,2732.683874780005,2666.747802734375,2666.747802734375,108793300,2020-02-14 00:00:00+07:00
TLKM.JK,Telkom Indonesia,2659.421748533804,2681.4004406704466,2630.1168256849464,2644.769287109375,94887800,2020-02-17 00:00:00+07:00
TLKM.JK,Telkom Indonesia,2630.1170094526933,2681.400628021409,2630.1170094526933,2652.095703125,94382900,2020-02-18 00:00:00+07:00
TLKM.JK,Telkom Indonesia,2652.095703125,2666.7481655732045,2630.1170094526933,2652.095703125,63717800,2020-02-19 00:00:00+07:00
TLKM.JK,Telkom Indonesia,2652.095643939394,2674.0743371212125,2637.443181818182,2659.421875,53035400,2020-02-20 00:00:00+07:00
TLKM.JK,Telkom Indonesia,2674.0744688452746,2718.031857374238,2666.7482374237807,2703.37939453125,86862600,2020-02-21 00:00:00+07:00
TLKM.JK,Telkom Indonesia,2688.7264934162517,2725.357644552713,2659.4215725070826,2666.747802734375,72610600,2020-02-24 00:00:00+07:00
TLKM.JK,Telkom Indonesia,2637.443174399373,2688.726791679361,2630.116943359375,2630.116943359375,73990700,2020-02-25 00:00:00+07:00
TLKM.JK,Telkom Indonesia,2586.1595420728722,2600.812004067619,2527.5496940938833,2571.507080078125,133449900,2020-02-26 00:00:00+07:00
TLKM.JK,Telkom Indonesia,2571.5070723387967,2600.811996240094,2505.570993560879,2542.2021484375,88389400,2020-02-27 00:00:00+07:00
TLKM.JK,Telkom Indonesia,2483.592185821096,2556.8544921875,2446.961032637894,2556.8544921875,151751800,2020-02-28 00:00:00+07:00
TLKM.JK,Telkom Indonesia,2542.2023272847023,2600.8121792105744,2520.2236328125,2520.2236328125,96802900,2020-03-02 00:00:00+07:00
TLKM.JK,Telkom Indonesia,2571.5071596598755,2681.400628021409,2542.202234763467,2652.095703125,114698200,2020-03-03 00:00:00+07:00
TLKM.JK,Telkom Indonesia,2666.748373245757,2813.273009138381,2659.4221414511258,2805.94677734375,136081000,2020-03-04 00:00:00+07:00
TLKM.JK,Telkom Indonesia,2798.6205455491186,2842.577936316906,2754.6631547813313,2805.94677734375,101235000,2020-03-05 00:00:00+07:00
TLKM.JK,Telkom Indonesia,2732.6842076822913,2776.6415944010414,2718.031745442708,2747.336669921875,86476000,2020-03-06 00:00:00+07:00
TLKM.JK,Telkom Indonesia,2608.138295200893,2652.095682198661,2564.180908203125,2564.180908203125,109347300,2020-03-09 00:00:00+07:00
TLKM.JK,Telkom Indonesia,2549.5282615508595,2652.095490463825,2549.5282615508595,2556.8544921875,119718000,2020-03-10 00:00:00+07:00
TLKM.JK,Telkom Indonesia,2542.20207232307,2549.5283030790442,2468.9397647633273,2490.91845703125,115486900,2020-03-11 00:00:00+07:00
TLKM.JK,Telkom Indonesia,2417.6564343962423,2520.223677067598,2395.6777395380946,2424.982666015625,84363800,2020-03-12 00:00:00+07:00
TLKM.JK,Telkom Indonesia,2424.982666015625,2424.982666015625,2424.982666015625,2424.982666015625,0,2020-03-13 00:00:00+07:00
TLKM.JK,Telkom Indonesia,2417.656095480617,2417.656095480617,2315.0888671875,2315.0888671875,115972300,2020-03-16 00:00:00+07:00
TLKM.JK,Telkom Indonesia,2315.0889435852464,2315.0889435852464,2153.911865234375,2153.911865234375,150122700,2020-03-17 00:00:00+07:00
TLKM.JK,Telkom Indonesia,2205.19525602619,2256.4788666314503,2007.3870436916147,2058.670654296875,150147300,2020-03-18 00:00:00+07:00
TLKM.JK,Telkom Indonesia,2058.6707931402075,2058.6707931402075,1919.472412109375,1919.472412109375,138987300,2020-03-19 00:00:00+07:00
TLKM.JK,Telkom Indonesia,1948.7772776285808,2190.542879740397,1794.9264399210613,2109.954345703125,267694700,2020-03-20 00:00:00+07:00
TLKM.JK,Telkom Indonesia,2109.9544222248137,2109.9544222248137,1963.4298095703125,1963.4298095703125,86157200,2020-03-23 00:00:00+07:00
TLKM.JK,Telkom Indonesia,1978.082256753936,2109.9544072041986,1882.8412592065242,1919.472412109375,243778900,2020-03-24 00:00:00+07:00
TLKM.JK,Telkom Indonesia,1868.1884519845846,2256.4786008284395,1868.1884519845846,2183.21630859375,267369500,2020-03-26 00:00:00+07:00
TLKM.JK,Telkom Indonesia,2234.500495392142,2395.677580305674,2234.500495392142,2263.805419921875,200952500,2020-03-27 00:00:00+07:00
TLKM.JK,Telkom Indonesia,2241.826675706608,2329.7414473029457,2109.9545183121018,2300.4365234375,134474300,2020-03-30 00:00:00+07:00
TLKM.JK,Telkom Indonesia,2329.741328372231,2417.656095480617,2285.783944818038,2315.0888671875,151302900,2020-03-31 00:00:00+07:00
TLKM.JK,Telkom Indonesia,2329.741689768145,2344.394153225807,2227.174445564516,2271.1318359375,104550600,2020-04-01 00:00:00+07:00
TLKM.JK,Telkom Indonesia,2271.1316580970447,2293.1103515625,2212.5218088558304,2293.1103515625,92893600,2020-04-02 00:00:00+07:00
TLKM.JK,Telkom Indonesia,2307.7626457214355,2359.0462600708006,2285.7839538574217,2344.393798828125,83469200,2020-04-03 00:00:00+07:00
TLKM.JK,Telkom Indonesia,2403.0036129879877,2439.634765625,2329.741307713964,2439.634765625,115495000,2020-04-06 00:00:00+07:00
TLKM.JK,Telkom Indonesia,2483.5920569378395,2564.1805897588315,2344.3936820652175,2359.046142578125,166425600,2020-04-07 00:00:00+07:00
TLKM.JK,Telkom Indonesia,2359.0465547126205,2359.0465547126205,2234.5006185942525,2278.4580078125,124553900,2020-04-08 00:00:00+07:00
TLKM.JK,Telkom Indonesia,2278.4577049842246,2329.7413189227764,2219.8478604830225,2285.783935546875,122622400,2020-04-09 00:00:00+07:00
TLKM.JK,Telkom Indonesia,2300.436531114878,2366.3726100321837,2293.1103001240663,2329.741455078125,45469500,2020-04-13 00:00:00+07:00
TLKM.JK,Telkom Indonesia,2344.3940489969136,2381.0252060124903,2315.0891233844523,2373.698974609375,79114600,2020-04-14 00:00:00+07:00
TLKM.JK,Telkom Indonesia,2381.0252493217445,2417.6564070036175,2263.8055447397505,2278.4580078125,69832000,2020-04-15 00:00:00+07:00
TLKM.JK,Telkom Indonesia,2278.45767578125,2278.45767578125,2197.869140625,2197.869140625,109582500,2020-04-16 00:00:00+07:00
TLKM.JK,Telkom Indonesia,2234.500403625677,2381.025020256869,2234.500403625677,2366.37255859375,127860400,2020-04-17 00:00:00+07:00
TLKM.JK,Telkom Indonesia,2395.6773939866284,2395.6773939866284,2285.783935546875,2285.783935546875,77306900,2020-04-20 00:00:00+07:00
TLKM.JK,Telkom Indonesia,2285.783985647394,2293.1102163706228,2234.500370584792,2249.15283203125,43239400,2020-04-21 00:00:00+07:00
TLKM.JK,Telkom Indonesia,2234.5003306714793,2395.67740370352,2219.847869486748,2315.0888671875,126278300,2020-04-22 00:00:00+07:00
TLKM.JK,Telkom Indonesia,2344.3938314332245,2373.69875432614,2249.15283203125,2249.15283203125,117391500,2020-04-23 00:00:00+07:00
TLKM.JK,Telkom Indonesia,2271.1316510543083,2315.089037848908,2256.479188789442,2263.805419921875,84061400,2020-04-24 00:00:00+07:00
TLKM.JK,Telkom Indonesia,2285.7840029761905,2344.393849206349,2271.1315414186506,2307.7626953125,85475400,2020-04-27 00:00:00+07:00
TLKM.JK,Telkom Indonesia,2322.4150977798654,2344.393789556962,2300.4364060027688,2315.0888671875,80212700,2020-04-28 00:00:00+07:00
TLKM.JK,Telkom Indonesia,2344.393656716418,2483.5920300839553,2271.1313549440297,2454.287109375,154902100,2020-04-29 00:00:00+07:00
TLKM.JK,Telkom Indonesia,2490.918596540179,2593.4858328683035,2454.2874407087056,2564.180908203125,163170100,2020-04-30 00:00:00+07:00
TLKM.JK,Telkom Indonesia,2490.9184393825303,2490.9184393825303,2388.3512095256024,2432.30859375,108988600,2020-05-04 00:00:00+07:00
TLKM.JK,Telkom Indonesia,2432.30859375,2483.592208678464,2432.30859375,2432.30859375,74036700,2020-05-05 00:00:00+07:00
TLKM.JK,Telkom Indonesia,2417.656363028067,2446.9612886405284,2359.0465118031443,2373.698974609375,86395000,2020-05-06 00:00:00+07:00
TLKM.JK,Telkom Indonesia,2395.6774733970906,2410.329935008082,2307.762703731142,2337.067626953125,143584400,2020-05-08 00:00:00+07:00
TLKM.JK,Telkom Indonesia,2359.046142578125,2381.0248333474865,2351.719912321671,2359.046142578125,58473100,2020-05-11 00:00:00+07:00
TLKM.JK,Telkom Indonesia,2395.6774646577383,2395.6774646577383,2271.1315414186506,2307.7626953125,138978700,2020-05-12 00:00:00+07:00
TLKM.JK,Telkom Indonesia,2307.762636595134,2322.4150977798654,2256.479022448576,2315.0888671875,73238700,2020-05-13 00:00:00+07:00
TLKM.JK,Telkom Indonesia,2278.4577549241653,2300.4364470938517,2241.826601308021,2249.15283203125,101581300,2020-05-14 00:00:00+07:00
TLKM.JK,Telkom Indonesia,2271.1318359375,2293.110531123992,2212.521982106855,2271.1318359375,114753900,2020-05-15 00:00:00+07:00
TLKM.JK,Telkom Indonesia,2271.131379500679,2359.046142578125,2271.131379500679,2359.046142578125,108828800,2020-05-18 00:00:00+07:00
TLKM.JK,Telkom Indonesia,2381.0250285204033,2439.63487537629,2381.0250285204033,2395.677490234375,97387100,2020-05-19 00:00:00+07:00
TLKM.JK,Telkom Indonesia,2344.3939170597487,2388.351303004619,2329.741455078125,2329.741455078125,76086600,2020-05-20 00:00:00+07:00
TLKM.JK,Telkom Indonesia,2307.76259765625,2403.00359375,2293.1101367187503,2381.02490234375,105792900,2020-05-26 00:00:00+07:00
TLKM.JK,Telkom Indonesia,2381.0251326215007,2395.6775949760945,2307.762820848531,2322.415283203125,128693900,2020-05-27 00:00:00+07:00
TLKM.JK,Telkom Indonesia,2329.7415073382585,2351.720200803714,2293.1103515625,2293.1103515625,177385100,2020-05-28 00:00:00+07:00
TLKM.JK,Telkom Indonesia,2271.1315414186506,2307.7626953125,2256.479079861111,2307.7626953125,276092100,2020-05-29 00:00:00+07:00
TLKM.JK,Telkom Indonesia,2315.088828125,2395.67736328125,2285.78390625,2381.02490234375,174790600,2020-06-02 00:00:00+07:00
TLKM.JK,Telkom Indonesia,2403.003603485942,2432.3085254796733,2366.3724509937783,2410.329833984375,216200900,2020-06-03 00:00:00+07:00
TLKM.JK,Telkom Indonesia,2432.3087121212125,2483.5923295454545,2381.02509469697,2417.65625,167708600,2020-06-04 00:00:00+07:00
TLKM.JK,Telkom Indonesia,2461.6135594040247,2461.6135594040247,2344.393866099071,2366.37255859375,188420700,2020-06-05 00:00:00+07:00
TLKM.JK,Telkom Indonesia,2381.025020256869,2410.3299435831073,2359.0463277621902,2366.37255859375,221641600,2020-06-08 00:00:00+07:00
TLKM.JK,Telkom Indonesia,2381.025064067476,2395.6775260001987,2300.4365234375,2300.4365234375,171214500,2020-06-09 00:00:00+07:00
TLKM.JK,Telkom Indonesia,2307.7629339579985,2337.0678601034965,2271.1317762761255,2278.4580078125,263483700,2020-06-10 00:00:00+07:00
TLKM.JK,Telkom Indonesia,2285.7839260349024,2307.762617631392,2241.8265428419236,2256.47900390625,175767800,2020-06-11 00:00:00+07:00
TLKM.JK,Telkom Indonesia,2256.4793020317657,2256.4793020317657,2175.8907555306314,2219.84814453125,260087300,2020-06-12 00:00:00+07:00
TLKM.JK,Telkom Indonesia,2241.8267265245754,2307.7628067164746,2219.848033127276,2263.805419921875,241625700,2020-06-15 00:00:00+07:00
TLKM.JK,Telkom Indonesia,2307.7626457214355,2359.0462600708006,2293.1101844787595,2344.393798828125,194424800,2020-06-16 00:00:00+07:00
TLKM.JK,Telkom Indonesia,2351.719970703125,2366.37243157978,2300.436357634833,2351.719970703125,177784900,2020-06-17 00:00:00+07:00
TLKM.JK,Telkom Indonesia,2351.720047369236,2454.287276849514,2329.741355337748,2403.003662109375,235586600,2020-06-18 00:00:00+07:00
TLKM.JK,Telkom Indonesia,2417.6561234637,2446.9610461723514,2381.024970077887,2403.003662109375,227358800,2020-06-19 00:00:00+07:00
TLKM.JK,Telkom Indonesia,2410.329874420166,2417.656105041504,2329.741337585449,2344.393798828125,159776500,2020-06-22 00:00:00+07:00
TLKM.JK,Telkom Indonesia,2344.3939696485622,2344.3939696485622,2285.784120407348,2293.1103515625,167271000,2020-06-23 00:00:00+07:00
TLKM.JK,Telkom Indonesia,2307.76276210569,2366.3726100321837,2300.436531114878,2329.741455078125,170895600,2020-06-24 00:00:00+07:00
TLKM.JK,Telkom Indonesia,2315.0888671875,2359.046250741693,2300.4364060027688,2315.0888671875,100882600,2020-06-25 00:00:00+07:00
TLKM.JK,Telkom Indonesia,2337.067626953125,2359.046319369612,2329.741396147629,2337.067626953125,100784500,2020-06-26 00:00:00+07:00
TLKM.JK,Telkom Indonesia,2344.3939170597487,2381.025072013807,2315.088993096502,2329.741455078125,156613200,2020-06-29 00:00:00+07:00
TLKM.JK,Telkom Indonesia,2379.069229476178,2386.768482646004,2348.272216796875,2348.272216796875,258068400,2020-06-30 00:00:00+07:00
TLKM.JK,Telkom Indonesia,2363.6705113461144,2386.7682687859788,2317.4749964663856,2340.57275390625,148037400,2020-07-01 00:00:00+07:00
TLKM.JK,Telkom Indonesia,2340.5729000796177,2417.5654296875,2340.5729000796177,2417.5654296875,178357900,2020-07-02 00:00:00+07:00
TLKM.JK,Telkom Indonesia,2425.2645052396338,2448.362262432392,2394.467495649289,2402.166748046875,102033100,2020-07-03 00:00:00+07:00
TLKM.JK,Telkom Indonesia,2409.8662421554814,2425.264748495133,2340.572963627049,2348.272216796875,248572600,2020-07-06 00:00:00+07:00
TLKM.JK,Telkom Indonesia,2355.9712336613584,2402.166748046875,2348.271981263772,2402.166748046875,169104200,2020-07-07 00:00:00+07:00
TLKM.JK,Telkom Indonesia,2409.866142733135,2432.963901289683,2394.46763702877,2425.2646484375,158166300,2020-07-08 00:00:00+07:00
TLKM.JK,Telkom Indonesia,2440.663044331541,2456.061549343097,2394.467529296875,2394.467529296875,125940800,2020-07-09 00:00:00+07:00
TLKM.JK,Telkom Indonesia,2394.467529296875,2409.8660343084302,2386.7682767910974,2394.467529296875,95422400,2020-07-10 00:00:00+07:00
TLKM.JK,Telkom Indonesia,2402.1668499696602,2409.866102693922,2371.369839072613,2379.069091796875,77733900,2020-07-13 00:00:00+07:00
TLKM.JK,Telkom Indonesia,2386.7683787160104,2394.467631550578,2363.6706202123073,2371.369873046875,111442600,2020-07-14 00:00:00+07:00
TLKM.JK,Telkom Indonesia,2402.1668499696602,2409.866102693922,2371.369839072613,2379.069091796875,102304100,2020-07-15 00:00:00+07:00
TLKM.JK,Telkom Indonesia,2379.068814579133,2394.4673182333668,2371.369562752016,2386.76806640625,91951000,2020-07-16 00:00:00+07:00
TLKM.JK,Telkom Indonesia,2386.768447776246,2394.4677008335884,2355.971435546875,2355.971435546875,112416300,2020-07-17 00:00:00+07:00
TLKM.JK,Telkom Indonesia,2371.3699416615605,2371.3699416615605,2340.5729294321895,2355.971435546875,64735500,2020-07-20 00:00:00+07:00
TLKM.JK,Telkom Indonesia,2348.272182489532,2394.4677008335884,2348.272182489532,2355.971435546875,101283800,2020-07-21 00:00:00+07:00
TLKM.JK,Telkom Indonesia,2363.67041015625,2379.068914456942,2355.971158005904,2363.67041015625,69462100,2020-07-22 00:00:00+07:00
TLKM.JK,Telkom Indonesia,2363.67041015625,2379.068914456942,2355.971158005904,2363.67041015625,70482100,2020-07-23 00:00:00+07:00
TLKM.JK,Telkom Indonesia,2371.3700816173427,2371.3700816173427,2325.174560546875,2325.174560546875,137265100,2020-07-24 00:00:00+07:00
TLKM.JK,Telkom Indonesia,2325.1742489463404,2348.272006386205,2325.1742489463404,2340.57275390625,58708800,2020-07-27 00:00:00+07:00
TLKM.JK,Telkom Indonesia,2348.2723210821086,2348.2723210821086,2317.4753070351303,2325.174560546875,102705300,2020-07-28 00:00:00+07:00
TLKM.JK,Telkom Indonesia,2332.8736376953125,2348.2721435546873,2309.77587890625,2309.77587890625,114352000,2020-07-29 00:00:00+07:00
TLKM.JK,Telkom Indonesia,2340.572963627049,2348.272216796875,2309.775950947746,2348.272216796875,95785000,2020-07-30 00:00:00+07:00
TLKM.JK,Telkom Indonesia,2355.9714271858948,2355.9714271858948,2194.28711355549,2248.181884765625,255659800,2020-08-03 00:00:00+07:00
TLKM.JK,Telkom Indonesia,2286.6780463784426,2286.6780463784426,2248.181782971398,2271.279541015625,96018000,2020-08-04 00:00:00+07:00
TLKM.JK,Telkom Indonesia,2278.9790394764073,2340.5730675703644,2248.182025429429,2325.174560546875,120719100,2020-08-05 00:00:00+07:00
TLKM.JK,Telkom Indonesia,2348.2723210821086,2348.2723210821086,2309.7760535233856,2325.174560546875,71699000,2020-08-06 00:00:00+07:00
TLKM.JK,Telkom Indonesia,2325.1742066248953,2332.873458964713,2286.6779449258074,2294.377197265625,78347200,2020-08-07 00:00:00+07:00
TLKM.JK,Telkom Indonesia,2309.7754892676767,2325.173992529461,2286.677734375,2286.677734375,65485400,2020-08-10 00:00:00+07:00
TLKM.JK,Telkom Indonesia,2294.377368080738,2309.775873906783,2255.881103515625,2255.881103515625,175693000,2020-08-11 00:00:00+07:00
TLKM.JK,Telkom Indonesia,2255.881035652807,2278.978793697034,2248.181782971398,2271.279541015625,110934800,2020-08-12 00:00:00+07:00
TLKM.JK,Telkom Indonesia,2271.279580759448,2325.174350472384,2271.279580759448,2317.47509765625,160906600,2020-08-13 00:00:00+07:00
TLKM.JK,Telkom Indonesia,2325.1742825649753,2340.5727877475247,2309.7757773824255,2332.87353515625,93007500,2020-08-14 00:00:00+07:00
TLKM.JK,Telkom Indonesia,2332.8737104572233,2355.9714699667006,2309.775950947746,2348.272216796875,139358500,2020-08-18 00:00:00+07:00
TLKM.JK,Telkom Indonesia,2348.2721435546873,2348.2721435546873,2309.77587890625,2309.77587890625,103980600,2020-08-19 00:00:00+07:00
TLKM.JK,Telkom Indonesia,2317.4751318359376,2325.174384765625,2302.0766259765624,2309.77587890625,76713900,2020-08-24 00:00:00+07:00
TLKM.JK,Telkom Indonesia,2317.4749542850777,2317.4749542850777,2294.377197265625,2294.377197265625,100013600,2020-08-25 00:00:00+07:00
TLKM.JK,Telkom Indonesia,2294.3775464998967,2348.2723210821086,2294.3775464998967,2325.174560546875,122465300,2020-08-26 00:00:00+07:00
TLKM.JK,Telkom Indonesia,2325.174665878449,2340.573173599498,2286.6783965758254,2302.076904296875,102787800,2020-08-27 00:00:00+07:00
TLKM.JK,Telkom Indonesia,2302.0765174659523,2302.0765174659523,2263.580254632074,2278.978759765625,160569500,2020-08-28 00:00:00+07:00
TLKM.JK,Telkom Indonesia,2278.9788570804194,2294.3773628715035,2201.986328125,2201.986328125,204261100,2020-08-31 00:00:00+07:00
TLKM.JK,Telkom Indonesia,2232.783203125,2240.482455549569,2201.986193426724,2232.783203125,90565400,2020-09-01 00:00:00+07:00
TLKM.JK,Telkom Indonesia,2232.78327760858,2286.6780463784426,2232.78327760858,2271.279541015625,107589800,2020-09-02 00:00:00+07:00
TLKM.JK,Telkom Indonesia,2271.2794652478447,2278.978717672414,2217.384698275862,2232.783203125,123106100,2020-09-03 00:00:00+07:00
TLKM.JK,Telkom Indonesia,2194.287075229458,2225.084086811626,2186.587822333916,2201.986328125,143569100,2020-09-04 00:00:00+07:00
TLKM.JK,Telkom Indonesia,2209.685445851293,2240.482455549569,2209.685445851293,2232.783203125,62206600,2020-09-07 00:00:00+07:00
TLKM.JK,Telkom Indonesia,2225.084086811626,2232.7833397071677,2201.986328125,2201.986328125,80068200,2020-09-08 00:00:00+07:00
TLKM.JK,Telkom Indonesia,2194.2870352608816,2201.986288016183,2155.790771484375,2155.790771484375,108397400,2020-09-09 00:00:00+07:00
TLKM.JK,Telkom Indonesia,2155.790870949074,2155.790870949074,2017.2043149594906,2078.79833984375,287496300,2020-09-10 00:00:00+07:00
TLKM.JK,Telkom Indonesia,2055.7004533543704,2186.587748137233,2040.3019480857986,2163.489990234375,197756800,2020-09-11 00:00:00+07:00
TLKM.JK,Telkom Indonesia,2178.88846912846,2225.083984375,2171.1892165873705,2225.083984375,127562700,2020-09-14 00:00:00+07:00
TLKM.JK,Telkom Indonesia,2225.083942103302,2232.783194498123,2163.489922944733,2178.888427734375,106215900,2020-09-15 00:00:00+07:00
TLKM.JK,Telkom Indonesia,2163.489812598006,2178.8883166022624,2132.692804589494,2148.09130859375,68113400,2020-09-16 00:00:00+07:00
TLKM.JK,Telkom Indonesia,2163.489713195368,2194.2867197888963,2140.3919582502217,2171.18896484375,97257400,2020-09-17 00:00:00+07:00
TLKM.JK,Telkom Indonesia,2194.2869742106404,2225.083984375,2186.5877216695503,2225.083984375,162116700,2020-09-18 00:00:00+07:00
TLKM.JK,Telkom Indonesia,2225.0840113086633,2240.4825165772354,2155.790737600089,2163.489990234375,100305100,2020-09-21 00:00:00+07:00
TLKM.JK,Telkom Indonesia,2148.091586984319,2163.4900929842065,2117.2945749845435,2140.392333984375,75891600,2020-09-22 00:00:00+07:00
TLKM.JK,Telkom Indonesia,2132.6930132184707,2163.490024239676,2109.595254952567,2155.790771484375,85953300,2020-09-23 00:00:00+07:00
TLKM.JK,Telkom Indonesia,2117.2945015596383,2124.9937542925827,2086.4974906278617,2101.89599609375,74516800,2020-09-24 00:00:00+07:00
TLKM.JK,Telkom Indonesia,2094.1966339451674,2109.595138606529,2055.7003722917634,2071.098876953125,180968900,2020-09-25 00:00:00+07:00
TLKM.JK,Telkom Indonesia,2086.497235520442,2101.8957391036183,2048.0009765625,2048.0009765625,89256700,2020-09-28 00:00:00+07:00
TLKM.JK,Telkom Indonesia,2071.0988333234313,2071.0988333234313,2024.9033203125,2024.9033203125,155853900,2020-09-29 00:00:00+07:00
TLKM.JK,Telkom Indonesia,2024.9035606384275,2040.3020668029783,1955.6102828979492,1971.0087890625,235611600,2020-09-30 00:00:00+07:00
TLKM.JK,Telkom Indonesia,2001.8054154829547,2124.9934410511364,2001.8054154829547,2117.294189453125,225006000,2020-10-01 00:00:00+07:00
TLKM.JK,Telkom Indonesia,2117.2944253949977,2117.2944253949977,2040.3019008351796,2063.399658203125,140161900,2020-10-02 00:00:00+07:00
TLKM.JK,Telkom Indonesia,2071.0990133033606,2086.4975189784786,2032.602749115566,2040.302001953125,124720200,2020-10-05 00:00:00+07:00
TLKM.JK,Telkom Indonesia,2063.3997604658016,2078.7982661409196,2017.204243440448,2040.302001953125,148977400,2020-10-06 00:00:00+07:00
TLKM.JK,Telkom Indonesia,2040.3017247709117,2055.7002283540883,2017.2039693961467,2048.0009765625,110186000,2020-10-07 00:00:00+07:00
TLKM.JK,Telkom Indonesia,2055.7005805121526,2094.1968460648145,2040.3020742910878,2078.79833984375,154587800,2020-10-08 00:00:00+07:00
TLKM.JK,Telkom Indonesia,2086.4974906278617,2117.2945015596383,2078.7982378949177,2101.89599609375,109122300,2020-10-09 00:00:00+07:00
TLKM.JK,Telkom Indonesia,2117.2945015596383,2124.9937542925827,2086.4974906278617,2101.89599609375,77479100,2020-10-12 00:00:00+07:00
TLKM.JK,Telkom Indonesia,2101.89599609375,2109.5952488266944,2063.3997324290294,2101.89599609375,97205500,2020-10-13 00:00:00+07:00
TLKM.JK,Telkom Indonesia,2101.8959691600867,2178.888495502947,2086.4974638915146,2163.489990234375,183236500,2020-10-14 00:00:00+07:00
TLKM.JK,Telkom Indonesia,2155.7908399842627,2194.287104983982,2124.9938279844873,2140.392333984375,138462900,2020-10-15 00:00:00+07:00
TLKM.JK,Telkom Indonesia,2140.3919442471592,2140.3919442471592,2094.196434659091,2117.294189453125,135175000,2020-10-16 00:00:00+07:00
TLKM.JK,Telkom Indonesia,2155.791087696033,2163.4903415806616,2086.497802734375,2086.497802734375,187840500,2020-10-19 00:00:00+07:00
TLKM.JK,Telkom Indonesia,2086.497449782011,2109.595207528675,2055.700439453125,2055.700439453125,168211100,2020-10-20 00:00:00+07:00
TLKM.JK,Telkom Indonesia,2063.399658203125,2086.4974155710706,2055.700405747143,2063.399658203125,142146300,2020-10-21 00:00:00+07:00
TLKM.JK,Telkom Indonesia,2055.7005805121526,2094.1968460648145,2040.3020742910878,2078.79833984375,257179400,2020-10-22 00:00:00+07:00
TLKM.JK,Telkom Indonesia,2086.4973376604084,2094.1965898288972,2024.9033203125,2024.9033203125,166356000,2020-10-23 00:00:00+07:00
TLKM.JK,Telkom Indonesia,2024.903496278007,2063.3997604658016,2024.903496278007,2040.302001953125,97523200,2020-10-26 00:00:00+07:00
TLKM.JK,Telkom Indonesia,2032.6024831524333,2071.0987423030474,2017.2039794921875,2017.2039794921875,146366600,2020-10-27 00:00:00+07:00
TLKM.JK,Telkom Indonesia,1994.106548309326,2017.2043075561521,1963.3095359802246,1971.0087890625,391510600,2020-11-02 00:00:00+07:00
TLKM.JK,Telkom Indonesia,1978.7079737463664,1994.1064793786338,1955.6102152979652,1986.4072265625,188874000,2020-11-03 00:00:00+07:00
TLKM.JK,Telkom Indonesia,2001.8057321947676,2032.6027434593025,1986.4072265625002,1986.4072265625,150678200,2020-11-04 00:00:00+07:00
TLKM.JK,Telkom Indonesia,2024.9035715041177,2163.490127728734,2017.2043183805279,2132.693115234375,369260400,2020-11-05 00:00:00+07:00
TLKM.JK,Telkom Indonesia,2155.7906705499117,2186.587680129196,2117.2944085758063,2178.888427734375,243865800,2020-11-06 00:00:00+07:00
TLKM.JK,Telkom Indonesia,2201.9862603081597,2232.7832709418403,2186.5877549913193,2217.384765625,208192700,2020-11-09 00:00:00+07:00
TLKM.JK,Telkom Indonesia,2271.279604184878,2271.279604184878,2201.986328125,2201.986328125,195337300,2020-11-10 00:00:00+07:00
TLKM.JK,Telkom Indonesia,2232.783322024655,2386.7683787160104,2217.3848163555194,2371.369873046875,480530200,2020-11-11 00:00:00+07:00
TLKM.JK,Telkom Indonesia,2371.369763826069,2371.369763826069,2317.4749964663856,2340.57275390625,169609900,2020-11-12 00:00:00+07:00
TLKM.JK,Telkom Indonesia,2317.475412017924,2317.475412017924,2271.2798888547763,2302.076904296875,186708800,2020-11-13 00:00:00+07:00
TLKM.JK,Telkom Indonesia,2340.5726537052115,2386.768166607288,2325.1741494045195,2363.67041015625,206145500,2020-11-16 00:00:00+07:00
TLKM.JK,Telkom Indonesia,2386.768389399748,2517.655688173282,2386.768389399748,2479.159423828125,527501800,2020-11-17 00:00:00+07:00
TLKM.JK,Telkom Indonesia,2463.7608097484276,2502.257072400747,2432.9637996265724,2448.3623046875,239122600,2020-11-18 00:00:00+07:00
TLKM.JK,Telkom Indonesia,2425.2645806634464,2479.159349122634,2417.5653280264196,2440.6630859375,185558800,2020-11-19 00:00:00+07:00
TLKM.JK,Telkom Indonesia,2456.0616652210306,2517.655688173282,2448.3624123519994,2479.159423828125,211892500,2020-11-20 00:00:00+07:00
TLKM.JK,Telkom Indonesia,2486.858582278332,2571.5503606221764,2479.159329701619,2556.15185546875,260752200,2020-11-23 00:00:00+07:00
TLKM.JK,Telkom Indonesia,2579.24951171875,2602.347268540112,2563.8510071711753,2579.24951171875,207503900,2020-11-24 00:00:00+07:00
TLKM.JK,Telkom Indonesia,2594.6480065322503,2610.046511022056,2525.354736328125,2525.354736328125,253156200,2020-11-25 00:00:00+07:00
TLKM.JK,Telkom Indonesia,2525.3550578620316,2679.3401223658143,2525.3550578620316,2671.640869140625,374185400,2020-11-26 00:00:00+07:00
TLKM.JK,Telkom Indonesia,2679.339911488439,2694.7384167268788,2633.1443957731212,2663.94140625,163651600,2020-11-27 00:00:00+07:00
TLKM.JK,Telkom Indonesia,2663.9414561363196,2671.6407088997194,2479.1593898147253,2486.858642578125,624142600,2020-11-30 00:00:00+07:00
TLKM.JK,Telkom Indonesia,2486.8583652826,2556.1516324266972,2432.9636019483023,2494.5576171875,277929200,2020-12-01 00:00:00+07:00
TLKM.JK,Telkom Indonesia,2517.6557991096565,2563.851318359375,2494.5580394847975,2563.851318359375,187276600,2020-12-02 00:00:00+07:00
TLKM.JK,Telkom Indonesia,2563.851422674006,2586.9491832386366,2525.355155066288,2540.753662109375,121434200,2020-12-03 00:00:00+07:00
TLKM.JK,Telkom Indonesia,2517.655585186298,2525.3548377403845,2471.4600698617787,2502.257080078125,170418900,2020-12-04 00:00:00+07:00
TLKM.JK,Telkom Indonesia,2525.355052317943,2563.851318359375,2509.95654590137,2563.851318359375,175436900,2020-12-07 00:00:00+07:00
TLKM.JK,Telkom Indonesia,2579.249929717093,2579.249929717093,2533.0544085878314,2540.753662109375,113775100,2020-12-08 00:00:00+07:00
TLKM.JK,Telkom Indonesia,2517.655551278518,2533.054056179304,2502.257046377732,2509.956298828125,229380200,2020-12-10 00:00:00+07:00
TLKM.JK,Telkom Indonesia,2517.6554840832223,2563.850997552639,2502.2569795934164,2525.354736328125,154365400,2020-12-11 00:00:00+07:00
TLKM.JK,Telkom Indonesia,2540.753350315324,2571.5503606221764,2502.2570874317585,2556.15185546875,281474900,2020-12-14 00:00:00+07:00
TLKM.JK,Telkom Indonesia,2556.1519021739127,2687.039198369565,2533.054144021739,2656.2421875,410175700,2020-12-15 00:00:00+07:00
TLKM.JK,Telkom Indonesia,2694.738397571849,2802.527933474723,2694.738397571849,2779.43017578125,455088400,2020-12-16 00:00:00+07:00
TLKM.JK,Telkom Indonesia,2779.430417163224,2787.129670396363,2710.1371380649716,2725.53564453125,249797800,2020-12-17 00:00:00+07:00
TLKM.JK,Telkom Indonesia,2694.7384913083156,2725.5355026375537,2694.7384913083156,2702.437744140625,187856600,2020-12-18 00:00:00+07:00
TLKM.JK,Telkom Indonesia,2717.8359707919035,2779.429987127131,2702.4374667080965,2710.13671875,267970200,2020-12-21 00:00:00+07:00
TLKM.JK,Telkom Indonesia,2694.738515218099,2725.5355268205917,2571.5504688081287,2586.948974609375,311860000,2020-12-22 00:00:00+07:00
TLKM.JK,Telkom Indonesia,2579.249613198889,2633.144381235881,2494.5578348550453,2556.15185546875,240067600,2020-12-23 00:00:00+07:00
TLKM.JK,Telkom Indonesia,2594.647992637345,2663.94126247039,2525.3547228043003,2640.843505859375,178138100,2020-12-28 00:00:00+07:00
TLKM.JK,Telkom Indonesia,2694.7383055212904,2717.8360624257584,2617.745782506396,2633.144287109375,184525500,2020-12-29 00:00:00+07:00
TLKM.JK,Telkom Indonesia,2633.144416186745,2633.144416186745,2548.45263671875,2548.45263671875,150844500,2020-12-30 00:00:00+07:00
TLKM.JK,Telkom Indonesia,2556.151772922636,2694.73831482808,2548.452520594556,2687.0390625,165339800,2021-01-04 00:00:00+07:00
TLKM.JK,Telkom Indonesia,2679.3401223658143,2679.3401223658143,2633.1446030146794,2671.640869140625,157800700,2021-01-05 00:00:00+07:00
TLKM.JK,Telkom Indonesia,2671.640721352235,2687.039226950807,2563.851182162231,2594.648193359375,177877900,2021-01-06 00:00:00+07:00
TLKM.JK,Telkom Indonesia,2610.046630859375,2656.2421464498066,2602.34737826097,2610.046630859375,140221900,2021-01-07 00:00:00+07:00
TLKM.JK,Telkom Indonesia,2656.2422654608717,2787.129565498074,2648.543012517507,2748.63330078125,492643700,2021-01-08 00:00:00+07:00
TLKM.JK,Telkom Indonesia,2764.0319478352867,2802.528214518229,2748.6334411621096,2771.731201171875,271231200,2021-01-11 00:00:00+07:00
TLKM.JK,Telkom Indonesia,2771.7310196314106,2787.1295252960294,2694.7384913083156,2702.437744140625,189779500,2021-01-12 00:00:00+07:00
TLKM.JK,Telkom Indonesia,2733.2348597734826,2733.2348597734826,2663.9415816383803,2679.340087890625,162329300,2021-01-13 00:00:00+07:00
TLKM.JK,Telkom Indonesia,2679.339776785714,2764.0315513392857,2671.640524553571,2694.73828125,187448400,2021-01-14 00:00:00+07:00
TLKM.JK,Telkom Indonesia,2702.4378472689928,2725.53560664736,2656.2423285122577,2679.340087890625,133304300,2021-01-15 00:00:00+07:00
TLKM.JK,Telkom Indonesia,2679.339945652174,2710.136956521739,2640.8436820652173,2656.2421875,138913100,2021-01-18 00:00:00+07:00
TLKM.JK,Telkom Indonesia,2671.6408311950145,2687.039337426686,2594.648300036657,2625.4453125,144100700,2021-01-19 00:00:00+07:00
TLKM.JK,Telkom Indonesia,2633.1446030146794,2679.3401223658143,2602.3475901139227,2671.640869140625,116098100,2021-01-20 00:00:00+07:00
TLKM.JK,Telkom Indonesia,2694.73859414287,2710.1371003951153,2663.9415816383803,2679.340087890625,81801900,2021-01-21 00:00:00+07:00
TLKM.JK,Telkom Indonesia,2633.144388654591,2648.5428938514015,2586.948873064159,2610.046630859375,165024200,2021-01-22 00:00:00+07:00
TLKM.JK,Telkom Indonesia,2594.648193359375,2625.445204556519,2548.452676563659,2594.648193359375,118131800,2021-01-25 00:00:00+07:00
TLKM.JK,Telkom Indonesia,2586.9488233320553,2610.0465806832344,2509.956298828125,2509.956298828125,111414500,2021-01-26 00:00:00+07:00
TLKM.JK,Telkom Indonesia,2571.5504013151813,2602.347412109375,2509.956379726794,2602.347412109375,159144700,2021-01-27 00:00:00+07:00
TLKM.JK,Telkom Indonesia,2525.354624807099,2563.850884331597,2486.8583652826,2494.5576171875,142648800,2021-01-28 00:00:00+07:00
TLKM.JK,Telkom Indonesia,2533.054074400874,2533.054074400874,2394.467529296875,2394.467529296875,191915100,2021-01-29 00:00:00+07:00
TLKM.JK,Telkom Indonesia,2409.8661149441273,2502.2571481049245,2340.5728400735293,2486.858642578125,133929600,2021-02-01 00:00:00+07:00
TLKM.JK,Telkom Indonesia,2540.7535210005735,2563.851280282397,2502.257255530868,2517.65576171875,114734600,2021-02-02 00:00:00+07:00
TLKM.JK,Telkom Indonesia,2502.2568690923995,2563.850884331597,2479.1591133777006,2494.5576171875,86433900,2021-02-03 00:00:00+07:00
TLKM.JK,Telkom Indonesia,2517.6556934484233,2563.8512107594033,2509.9564405632595,2533.05419921875,80319500,2021-02-04 00:00:00+07:00
TLKM.JK,Telkom Indonesia,2556.15195787424,2556.15195787424,2517.6556934484233,2533.05419921875,52630500,2021-02-05 00:00:00+07:00
TLKM.JK,Telkom Indonesia,2540.7532408179304,2594.6480065322503,2517.6554840832223,2525.354736328125,96635600,2021-02-08 00:00:00+07:00
TLKM.JK,Telkom Indonesia,2502.257251739502,2540.753517150879,2448.362480163574,2463.760986328125,157479200,2021-02-09 00:00:00+07:00
TLKM.JK,Telkom Indonesia,2448.362514388225,2479.159527147825,2432.9640080084246,2456.061767578125,125221400,2021-02-10 00:00:00+07:00
TLKM.JK,Telkom Indonesia,2479.159527147825,2486.8587803377254,2440.663261198325,2456.061767578125,79940700,2021-02-11 00:00:00+07:00
TLKM.JK,Telkom Indonesia,2463.760918090062,2509.956435304251,2463.760918090062,2479.159423828125,88883300,2021-02-15 00:00:00+07:00
TLKM.JK,Telkom Indonesia,2463.7607087227416,2502.2569697965346,2456.061456507983,2471.4599609375,82026300,2021-02-16 00:00:00+07:00
TLKM.JK,Telkom Indonesia,2479.1594184027776,2502.2571769593255,2417.5653955853177,2425.2646484375,121105300,2021-02-17 00:00:00+07:00
TLKM.JK,Telkom Indonesia,2456.0615572179636,2517.6555774616745,2448.3623046875,2448.3623046875,151200300,2021-02-18 00:00:00+07:00
TLKM.JK,Telkom Indonesia,2448.3622042932243,2479.159213152259,2440.662952078466,2471.4599609375,63214600,2021-02-19 00:00:00+07:00
TLKM.JK,Telkom Indonesia,2471.460096485607,2494.557854396688,2440.6630859375,2440.6630859375,100425500,2021-02-22 00:00:00+07:00
TLKM.JK,Telkom Indonesia,2463.7610320605186,2679.3401223658143,2463.7610320605186,2671.640869140625,354966200,2021-02-23 00:00:00+07:00
TLKM.JK,Telkom Indonesia,2687.0393410167476,2733.2348597734826,2663.9415816383803,2679.340087890625,303017100,2021-02-24 00:00:00+07:00
TLKM.JK,Telkom Indonesia,2702.4375671561606,2748.633081124642,2656.242053187679,2687.0390625,226833000,2021-02-25 00:00:00+07:00
TLKM.JK,Telkom Indonesia,2656.242053187679,2702.4375671561606,2625.4450438753584,2687.0390625,230007700,2021-02-26 00:00:00+07:00
TLKM.JK,Telkom Indonesia,2687.0390625,2702.4375671561606,2671.64055784384,2687.0390625,91513500,2021-03-01 00:00:00+07:00
TLKM.JK,Telkom Indonesia,2687.039164107659,2694.7384167268788,2648.542901011561,2663.94140625,169061400,2021-03-02 00:00:00+07:00
TLKM.JK,Telkom Indonesia,2679.3402269940043,2679.3402269940043,2633.1447058389354,2648.543212890625,82610700,2021-03-03 00:00:00+07:00
TLKM.JK,Telkom Indonesia,2633.144492013114,2640.8437449137373,2579.249721708752,2586.948974609375,142322100,2021-03-04 00:00:00+07:00
TLKM.JK,Telkom Indonesia,2571.5503606221764,2594.6481183523156,2556.15185546875,2556.15185546875,128546000,2021-03-05 00:00:00+07:00
TLKM.JK,Telkom Indonesia,2586.9490433196106,2617.7460557400823,2563.851284004257,2571.550537109375,80094900,2021-03-08 00:00:00+07:00
TLKM.JK,Telkom Indonesia,2594.6482223000567,2610.046728070384,2525.3549463335867,2533.05419921875,110090800,2021-03-09 00:00:00+07:00
TLKM.JK,Telkom Indonesia,2571.550334616268,2633.144354607077,2548.452577119715,2617.745849609375,91631900,2021-03-10 00:00:00+07:00
TLKM.JK,Telkom Indonesia,2648.5429347826084,2679.339945652174,2640.8436820652173,2656.2421875,100195200,2021-03-12 00:00:00+07:00
TLKM.JK,Telkom Indonesia,2648.5429283006656,2656.2421809992143,2602.347412109375,2602.347412109375,50077300,2021-03-15 00:00:00+07:00
TLKM.JK,Telkom Indonesia,2617.7459862118676,2625.445239112491,2586.948974609375,2586.948974609375,60111200,2021-03-16 00:00:00+07:00
TLKM.JK,Telkom Indonesia,2625.4451360561857,2640.843641252996,2594.648125662565,2610.046630859375,61701400,2021-03-17 00:00:00+07:00
TLKM.JK,Telkom Indonesia,2656.2421875,2679.339945652174,2640.8436820652173,2656.2421875,101896400,2021-03-18 00:00:00+07:00
TLKM.JK,Telkom Indonesia,2625.4454523130903,2648.543212890625,2602.347691735556,2648.543212890625,140000000,2021-03-19 00:00:00+07:00
TLKM.JK,Telkom Indonesia,2648.5429283006656,2648.5429283006656,2602.347412109375,2602.347412109375,53870300,2021-03-22 00:00:00+07:00
TLKM.JK,Telkom Indonesia,2610.0467333112447,2633.144492013114,2579.249721708752,2586.948974609375,55323200,2021-03-23 00:00:00+07:00
TLKM.JK,Telkom Indonesia,2556.1519293629453,2610.0466989579472,2556.1519293629453,2594.648193359375,67173200,2021-03-24 00:00:00+07:00
TLKM.JK,Telkom Indonesia,2617.7460593841643,2640.8438187316715,2602.3475531524928,2625.4453125,107607200,2021-03-25 00:00:00+07:00
TLKM.JK,Telkom Indonesia,2625.4450438753584,2694.73831482808,2610.0465392191977,2687.0390625,106810400,2021-03-26 00:00:00+07:00
TLKM.JK,Telkom Indonesia,2671.6408311950145,2687.039337426686,2617.7460593841643,2625.4453125,72214100,2021-03-29 00:00:00+07:00
TLKM.JK,Telkom Indonesia,2633.1444229035687,2640.8436756021174,2586.948906712278,2602.347412109375,66491800,2021-03-30 00:00:00+07:00
TLKM.JK,Telkom Indonesia,2602.3472779034173,2633.144287109375,2563.8510163959704,2633.144287109375,134671900,2021-03-31 00:00:00+07:00
TLKM.JK,Telkom Indonesia,2610.046630859375,2648.5428938514015,2602.34737826097,2610.046630859375,73332000,2021-04-01 00:00:00+07:00
TLKM.JK,Telkom Indonesia,2640.8436756021174,2640.8436756021174,2594.6481594108263,2602.347412109375,36029200,2021-04-05 00:00:00+07:00
TLKM.JK,Telkom Indonesia,2617.745951757233,2625.445204556519,2594.648193359375,2594.648193359375,40566400,2021-04-06 00:00:00+07:00
TLKM.JK,Telkom Indonesia,2625.445102108226,2640.843607105928,2602.3473446116727,2617.745849609375,84754300,2021-04-07 00:00:00+07:00
TLKM.JK,Telkom Indonesia,2602.34737826097,2617.74588345778,2602.34737826097,2610.046630859375,59079700,2021-04-08 00:00:00+07:00
TLKM.JK,Telkom Indonesia,2610.0467333112447,2610.0467333112447,2586.948974609375,2586.948974609375,56861400,2021-04-09 00:00:00+07:00
TLKM.JK,Telkom Indonesia,2571.5503947554757,2610.046658150019,2540.7533840398414,2548.45263671875,79003200,2021-04-12 00:00:00+07:00
TLKM.JK,Telkom Indonesia,2571.5505715676613,2571.5505715676613,2540.753558734516,2563.851318359375,51300200,2021-04-13 00:00:00+07:00
TLKM.JK,Telkom Indonesia,2586.9490433196106,2586.9490433196106,2556.1520308991394,2571.550537109375,52587500,2021-04-14 00:00:00+07:00
TLKM.JK,Telkom Indonesia,2571.5504688081287,2586.948974609375,2556.1519630068824,2586.948974609375,65669100,2021-04-15 00:00:00+07:00
TLKM.JK,Telkom Indonesia,2594.6482275099984,2594.6482275099984,2556.1519630068824,2586.948974609375,52517800,2021-04-16 00:00:00+07:00
TLKM.JK,Telkom Indonesia,2563.851284004257,2586.9490433196106,2563.851284004257,2571.550537109375,44899700,2021-04-19 00:00:00+07:00
TLKM.JK,Telkom Indonesia,2563.851108045463,2579.249613198889,2540.753350315324,2556.15185546875,55700100,2021-04-20 00:00:00+07:00
TLKM.JK,Telkom Indonesia,2533.0539885730277,2563.850997552639,2525.354736328125,2525.354736328125,47167800,2021-04-21 00:00:00+07:00
TLKM.JK,Telkom Indonesia,2533.0543055262297,2571.5505715676613,2533.0543055262297,2563.851318359375,54970000,2021-04-22 00:00:00+07:00
TLKM.JK,Telkom Indonesia,2563.851142076567,2563.851142076567,2533.054131360933,2548.45263671875,39798400,2021-04-23 00:00:00+07:00
TLKM.JK,Telkom Indonesia,2525.3548377403845,2540.7533428485576,2502.257080078125,2502.257080078125,55076200,2021-04-26 00:00:00+07:00
TLKM.JK,Telkom Indonesia,2494.557889141614,2502.257141885878,2417.565361698971,2432.9638671875,166985400,2021-04-27 00:00:00+07:00
TLKM.JK,Telkom Indonesia,2432.9639356090765,2440.663188569865,2409.8661767267117,2417.5654296875,91596300,2021-04-28 00:00:00+07:00
TLKM.JK,Telkom Indonesia,2425.264720916748,2471.4602394104004,2417.5654678344727,2463.760986328125,111785100,2021-04-29 00:00:00+07:00
TLKM.JK,Telkom Indonesia,2479.159492492676,2509.9565048217773,2463.760986328125,2463.760986328125,143840800,2021-04-30 00:00:00+07:00
TLKM.JK,Telkom Indonesia,2463.7608438485804,2471.460096485607,2409.866075389393,2440.6630859375,124724400,2021-05-03 00:00:00+07:00
TLKM.JK,Telkom Indonesia,2448.3622042932243,2471.4599609375,2440.662952078466,2471.4599609375,60180600,2021-05-04 00:00:00+07:00
TLKM.JK,Telkom Indonesia,2471.4602394104004,2471.4602394104004,2448.362480163574,2463.760986328125,76480300,2021-05-05 00:00:00+07:00
TLKM.JK,Telkom Indonesia,2463.761020768025,2463.761020768025,2425.2647548185246,2456.061767578125,91955600,2021-05-06 00:00:00+07:00
TLKM.JK,Telkom Indonesia,2463.761020768025,2479.159527147825,2448.362514388225,2456.061767578125,98099900,2021-05-07 00:00:00+07:00
TLKM.JK,Telkom Indonesia,2456.0615912115536,2463.7608438485804,2432.963833300473,2440.6630859375,104121900,2021-05-10 00:00:00+07:00
TLKM.JK,Telkom Indonesia,2440.663052157036,2463.7608097484276,2425.2645470961083,2448.3623046875,94281900,2021-05-11 00:00:00+07:00
TLKM.JK,Telkom Indonesia,2456.061767578125,2456.061767578125,2425.2647548185246,2456.061767578125,114071400,2021-05-17 00:00:00+07:00
TLKM.JK,Telkom Indonesia,2456.0615572179636,2456.0615572179636,2425.2645470961083,2448.3623046875,77310400,2021-05-18 00:00:00+07:00
TLKM.JK,Telkom Indonesia,2425.2646144432356,2479.159383653085,2425.2646144432356,2432.9638671875,48958100,2021-05-19 00:00:00+07:00
TLKM.JK,Telkom Indonesia,2456.0616045718466,2556.1518893976586,2448.362351892938,2548.45263671875,197430900,2021-05-20 00:00:00+07:00
TLKM.JK,Telkom Indonesia,2571.550533376338,2579.249786470279,2517.65576171875,2517.65576171875,104101400,2021-05-21 00:00:00+07:00
TLKM.JK,Telkom Indonesia,2533.054056179304,2563.8510659808762,2479.159289026553,2509.956298828125,64347100,2021-05-24 00:00:00+07:00
TLKM.JK,Telkom Indonesia,2533.0544085878314,2556.152169152462,2517.655901544744,2540.753662109375,62218300,2021-05-25 00:00:00+07:00
TLKM.JK,Telkom Indonesia,2579.2496540137295,2617.745917506472,2563.8511486166326,2602.347412109375,233551300,2021-05-27 00:00:00+07:00
TLKM.JK,Telkom Indonesia,2602.3475457521026,2617.7460519399847,2509.956508624809,2517.65576171875,87439800,2021-05-28 00:00:00+07:00
TLKM.JK,Telkom Indonesia,2540.7536635287975,2663.9417199423146,2540.7536635287975,2648.543212890625,155768200,2021-05-31 00:00:00+07:00
TLKM.JK,Telkom Indonesia,2687.039198369565,2694.7384510869565,2633.1444293478257,2656.2421875,108933400,2021-06-02 00:00:00+07:00
TLKM.JK,Telkom Indonesia,2633.1442962034384,2687.0390625,2633.1442962034384,2687.0390625,77627900,2021-06-03 00:00:00+07:00
TLKM.JK,Telkom Indonesia,2687.039029017857,2702.437533482143,2656.2420200892857,2694.73828125,70624200,2021-06-04 00:00:00+07:00
TLKM.JK,Telkom Indonesia,2725.5353666923415,2748.633124037192,2694.738356899208,2733.234619140625,124440300,2021-06-07 00:00:00+07:00
TLKM.JK,Telkom Indonesia,2733.2345424107143,2733.2345424107143,2671.640524553571,2694.73828125,132409400,2021-06-08 00:00:00+07:00
TLKM.JK,Telkom Indonesia,2701.2164367855826,2749.7412829553837,2676.954013700682,2741.65380859375,112204200,2021-06-09 00:00:00+07:00
TLKM.JK,Telkom Indonesia,2709.3039922604617,2830.6161113169,2701.216517656699,2814.441162109375,137713700,2021-06-10 00:00:00+07:00
TLKM.JK,Telkom Indonesia,2822.5287093896345,2830.616184201639,2765.916385705602,2806.353759765625,82336600,2021-06-11 00:00:00+07:00
TLKM.JK,Telkom Indonesia,2798.2662306978555,2806.3537053530517,2749.7413827666787,2757.828857421875,46016500,2021-06-14 00:00:00+07:00
TLKM.JK,Telkom Indonesia,2757.8288843908977,2782.09130859375,2733.566460188045,2782.09130859375,60528600,2021-06-15 00:00:00+07:00
TLKM.JK,Telkom Indonesia,2733.5664334562866,2774.003806732267,2733.5664334562866,2757.828857421875,39149800,2021-06-16 00:00:00+07:00
TLKM.JK,Telkom Indonesia,2725.478904063666,2765.9162765275187,2709.303955078125,2709.303955078125,50286100,2021-06-17 00:00:00+07:00
TLKM.JK,Telkom Indonesia,2709.303955078125,2749.7413275419776,2660.779108121502,2709.303955078125,168414300,2021-06-18 00:00:00+07:00
TLKM.JK,Telkom Indonesia,2652.6915068655303,2701.2163515033144,2636.5165586529356,2668.866455078125,74248200,2021-06-21 00:00:00+07:00
TLKM.JK,Telkom Indonesia,2668.866455078125,2725.4787738222067,2660.778980971828,2668.866455078125,89349200,2021-06-22 00:00:00+07:00
TLKM.JK,Telkom Indonesia,2676.9539153781066,2765.916130088557,2676.9539153781066,2725.478759765625,81901000,2021-06-23 00:00:00+07:00
TLKM.JK,Telkom Indonesia,2693.128994891827,2717.391418269231,2620.3417247596158,2628.42919921875,101334200,2021-06-24 00:00:00+07:00
TLKM.JK,Telkom Indonesia,2628.42919921875,2668.8665715144234,2620.3417247596158,2628.42919921875,58330700,2021-06-25 00:00:00+07:00
TLKM.JK,Telkom Indonesia,2628.4292900975947,2636.5167648363563,2563.7294921875,2563.7294921875,66338900,2021-06-28 00:00:00+07:00
TLKM.JK,Telkom Indonesia,2579.904268288914,2636.5165876557553,2547.554371507862,2555.641845703125,123411200,2021-06-29 00:00:00+07:00
TLKM.JK,Telkom Indonesia,2547.5546875,2571.817113095238,2531.3797371031746,2547.5546875,142204500,2021-06-30 00:00:00+07:00
TLKM.JK,Telkom Indonesia,2555.64196267082,2563.729437236234,2499.0296407129217,2515.20458984375,143665900,2021-07-01 00:00:00+07:00
TLKM.JK,Telkom Indonesia,2515.204387851181,2531.3793356830215,2474.76701827158,2482.8544921875,161855700,2021-07-02 00:00:00+07:00
TLKM.JK,Telkom Indonesia,2482.8547090229235,2499.0296582673723,2434.3298612895765,2458.59228515625,133815000,2021-07-05 00:00:00+07:00
TLKM.JK,Telkom Indonesia,2466.679732110413,2482.8546811734323,2426.2423594528655,2434.329833984375,151573500,2021-07-06 00:00:00+07:00
TLKM.JK,Telkom Indonesia,2450.5048828125,2482.8547822555693,2434.3299330909654,2450.5048828125,110215500,2021-07-07 00:00:00+07:00
TLKM.JK,Telkom Indonesia,2474.7672066419227,2474.7672066419227,2426.2423594528655,2434.329833984375,132576600,2021-07-08 00:00:00+07:00
TLKM.JK,Telkom Indonesia,2458.5921553599683,2563.729319898388,2450.5046811647053,2555.641845703125,222916400,2021-07-09 00:00:00+07:00
TLKM.JK,Telkom Indonesia,2579.9042391548523,2579.9042391548523,2515.2044463233824,2531.37939453125,86268000,2021-07-12 00:00:00+07:00
TLKM.JK,Telkom Indonesia,2555.641757430782,2555.641757430782,2466.67954435566,2482.8544921875,82856600,2021-07-13 00:00:00+07:00
TLKM.JK,Telkom Indonesia,2466.6796156939336,2482.854563993566,2442.417193244485,2474.76708984375,84993400,2021-07-14 00:00:00+07:00
TLKM.JK,Telkom Indonesia,2515.2044463233824,2539.466868635184,2490.9420240115815,2531.37939453125,88092800,2021-07-15 00:00:00+07:00
TLKM.JK,Telkom Indonesia,2539.4670679712144,2563.7294921875,2515.204643754929,2563.7294921875,63626300,2021-07-16 00:00:00+07:00
TLKM.JK,Telkom Indonesia,2555.641901809977,2612.2542224196914,2547.5544274371605,2604.166748046875,116219500,2021-07-19 00:00:00+07:00
TLKM.JK,Telkom Indonesia,2579.9041538892134,2620.34152307243,2571.81668005257,2596.0791015625,115099400,2021-07-21 00:00:00+07:00
TLKM.JK,Telkom Indonesia,2596.078989976754,2636.516357421875,2596.078989976754,2636.516357421875,48865700,2021-07-22 00:00:00+07:00
TLKM.JK,Telkom Indonesia,2628.4292900975947,2628.4292900975947,2547.5545427099764,2563.7294921875,67128400,2021-07-23 00:00:00+07:00
TLKM.JK,Telkom Indonesia,2539.4671657645963,2587.9920160658307,2539.4671657645963,2579.904541015625,55525800,2021-07-26 00:00:00+07:00
TLKM.JK,Telkom Indonesia,2596.079159797878,2644.60400390625,2555.641789707569,2644.60400390625,62673400,2021-07-27 00:00:00+07:00
TLKM.JK,Telkom Indonesia,2628.4293913168594,2628.4293913168594,2547.554640814802,2579.904541015625,103282300,2021-07-28 00:00:00+07:00
TLKM.JK,Telkom Indonesia,2596.078959462074,2660.778746613777,2587.9914860681115,2612.25390625,126542400,2021-07-29 00:00:00+07:00
TLKM.JK,Telkom Indonesia,2587.991657021605,2660.7789223753375,2587.991657021605,2620.341552734375,95143100,2021-07-30 00:00:00+07:00
TLKM.JK,Telkom Indonesia,2620.3417791729607,2676.9541015625,2596.0793552917294,2676.9541015625,60368200,2021-08-02 00:00:00+07:00
TLKM.JK,Telkom Indonesia,2676.9539578641143,2717.3913288288286,2660.779009478228,2693.12890625,89712500,2021-08-03 00:00:00+07:00
TLKM.JK,Telkom Indonesia,2693.128863507279,2725.478759765625,2676.9539153781066,2725.478759765625,63108600,2021-08-04 00:00:00+07:00
TLKM.JK,Telkom Indonesia,2717.391502151946,2749.741400987088,2685.041603316804,2701.216552734375,89742800,2021-08-05 00:00:00+07:00
TLKM.JK,Telkom Indonesia,2717.391401543675,2733.566350362387,2676.954029496894,2685.04150390625,31664200,2021-08-06 00:00:00+07:00
TLKM.JK,Telkom Indonesia,2636.5166736778847,2668.8665715144234,2604.1667758413464,2628.42919921875,70299500,2021-08-09 00:00:00+07:00
TLKM.JK,Telkom Indonesia,2620.3413796439627,2644.6037998258516,2579.904012674149,2612.25390625,57658000,2021-08-10 00:00:00+07:00
TLKM.JK,Telkom Indonesia,2636.5166846431903,2709.303955078125,2620.341735657649,2709.303955078125,93133400,2021-08-12 00:00:00+07:00
TLKM.JK,Telkom Indonesia,2725.4787738222067,2733.566247928504,2636.5165586529356,2668.866455078125,59903600,2021-08-13 00:00:00+07:00
TLKM.JK,Telkom Indonesia,2668.866653899233,2701.216552734375,2660.779179190447,2701.216552734375,38661800,2021-08-16 00:00:00+07:00
TLKM.JK,Telkom Indonesia,2717.39141310307,2782.0912086531434,2709.303938659311,2765.916259765625,162921300,2021-08-18 00:00:00+07:00
TLKM.JK,Telkom Indonesia,2757.828757317017,2774.0037060402838,2717.3913855088495,2741.65380859375,100851800,2021-08-19 00:00:00+07:00
TLKM.JK,Telkom Indonesia,2741.6537367876836,2774.0036333869484,2725.4787884880516,2749.7412109375,113411000,2021-08-20 00:00:00+07:00
TLKM.JK,Telkom Indonesia,2765.9163591251818,2782.09130859375,2749.7414096566135,2782.09130859375,64122400,2021-08-23 00:00:00+07:00
TLKM.JK,Telkom Indonesia,2757.828685087316,2765.9161592371324,2676.9539435891543,2749.7412109375,69338100,2021-08-24 00:00:00+07:00
TLKM.JK,Telkom Indonesia,2741.6537078947977,2741.6537078947977,2693.128863507279,2725.478759765625,66618200,2021-08-25 00:00:00+07:00
TLKM.JK,Telkom Indonesia,2693.1289345877512,2717.391357421875,2685.0414603097097,2717.391357421875,55756100,2021-08-26 00:00:00+07:00
TLKM.JK,Telkom Indonesia,2725.4788759530306,2725.4788759530306,2676.954029496894,2685.04150390625,62419000,2021-08-27 00:00:00+07:00
TLKM.JK,Telkom Indonesia,2693.1288918887867,2749.7412109375,2693.1288918887867,2749.7412109375,64177700,2021-08-30 00:00:00+07:00
TLKM.JK,Telkom Indonesia,2749.7412109375,2765.9161592371324,2717.391314338235,2749.7412109375,130019000,2021-08-31 00:00:00+07:00
TLKM.JK,Telkom Indonesia,2765.916350404659,2765.916350404659,2693.1290780255895,2701.216552734375,85135200,2021-09-01 00:00:00+07:00
TLKM.JK,Telkom Indonesia,2709.303811636452,2741.6537078947977,2709.303811636452,2725.478759765625,51633800,2021-09-02 00:00:00+07:00
TLKM.JK,Telkom Indonesia,2749.7412829553837,2765.9162316786505,2725.478859870483,2741.65380859375,65479800,2021-09-03 00:00:00+07:00
TLKM.JK,Telkom Indonesia,2757.828757317017,2757.828757317017,2733.566334232117,2741.65380859375,52640400,2021-09-06 00:00:00+07:00
TLKM.JK,Telkom Indonesia,2757.8288299741125,2757.8288299741125,2717.3914571005917,2733.56640625,42617400,2021-09-07 00:00:00+07:00
TLKM.JK,Telkom Indonesia,2749.7412256006005,2749.7412256006005,2676.9539578641143,2693.12890625,80636800,2021-09-08 00:00:00+07:00
TLKM.JK,Telkom Indonesia,2717.3913855088495,2741.65380859375,2693.1289624239494,2741.65380859375,82214400,2021-09-09 00:00:00+07:00
TLKM.JK,Telkom Indonesia,2733.566277214715,2741.6537514076576,2685.041432057057,2693.12890625,52115300,2021-09-10 00:00:00+07:00
TLKM.JK,Telkom Indonesia,2676.954057107043,2709.303955078125,2668.8665826142724,2709.303955078125,45547200,2021-09-13 00:00:00+07:00
TLKM.JK,Telkom Indonesia,2733.566460188045,2790.178783328034,2709.3040359851925,2782.09130859375,166002100,2021-09-14 00:00:00+07:00
TLKM.JK,Telkom Indonesia,2774.0037618885867,2790.1787109375,2757.828812839674,2790.1787109375,73158300,2021-09-15 00:00:00+07:00
TLKM.JK,Telkom Indonesia,2806.3537327966023,2806.3537327966023,2749.7414096566135,2782.09130859375,58318700,2021-09-16 00:00:00+07:00
TLKM.JK,Telkom Indonesia,2749.74125243449,2854.87841796875,2741.653778162624,2854.87841796875,117573100,2021-09-17 00:00:00+07:00
TLKM.JK,Telkom Indonesia,2830.6160666725855,2846.791015625,2798.266168767756,2846.791015625,83985100,2021-09-20 00:00:00+07:00
TLKM.JK,Telkom Indonesia,2830.6159951531517,2879.1408407843483,2814.441046609419,2854.87841796875,95848100,2021-09-21 00:00:00+07:00
TLKM.JK,Telkom Indonesia,2854.878473733461,2903.4033203125,2846.790999303621,2903.4033203125,66835200,2021-09-22 00:00:00+07:00
TLKM.JK,Telkom Indonesia,2911.4910134304773,2919.578488467784,2871.053638243943,2879.14111328125,104737500,2021-09-23 00:00:00+07:00
TLKM.JK,Telkom Indonesia,2879.14111328125,2895.3160633558637,2862.966163206636,2879.14111328125,72224500,2021-09-24 00:00:00+07:00
TLKM.JK,Telkom Indonesia,2854.8784901012077,2879.14091352983,2814.4411177201705,2846.791015625,87303000,2021-09-27 00:00:00+07:00
TLKM.JK,Telkom Indonesia,2838.703469425018,2862.965892240616,2822.5285208812857,2854.87841796875,54671700,2021-09-28 00:00:00+07:00
TLKM.JK,Telkom Indonesia,2822.5285208812857,2862.965892240616,2822.5285208812857,2854.87841796875,53170100,2021-09-29 00:00:00+07:00
TLKM.JK,Telkom Indonesia,2871.0534337154895,2984.278076171875,2862.965959254319,2984.278076171875,153853900,2021-09-30 00:00:00+07:00
TLKM.JK,Telkom Indonesia,2976.190573770492,2984.278048155738,2919.5782530737706,2960.015625,109898400,2021-10-01 00:00:00+07:00
TLKM.JK,Telkom Indonesia,2927.665415584554,2968.102783203125,2911.4904685371253,2968.102783203125,82205100,2021-10-04 00:00:00+07:00
TLKM.JK,Telkom Indonesia,2968.102783203125,2976.1902567268394,2927.665415584554,2968.102783203125,140488300,2021-10-05 00:00:00+07:00
TLKM.JK,Telkom Indonesia,2984.278299534574,3048.9781000664893,2951.928399268617,3040.890625,153535700,2021-10-06 00:00:00+07:00
TLKM.JK,Telkom Indonesia,3008.54052734375,3024.7154764154907,2984.278103736139,3008.54052734375,56837600,2021-10-07 00:00:00+07:00
TLKM.JK,Telkom Indonesia,3016.6279142680924,3073.240234375,3008.540439967105,3073.240234375,91361800,2021-10-08 00:00:00+07:00
TLKM.JK,Telkom Indonesia,3073.240162606627,3113.6775331672407,3048.9777402702593,3081.32763671875,78865000,2021-10-11 00:00:00+07:00
TLKM.JK,Telkom Indonesia,3057.0654296875,3105.590277777778,3048.977955005787,3057.0654296875,69866300,2021-10-12 00:00:00+07:00
TLKM.JK,Telkom Indonesia,3032.802834751119,3089.41515433314,3032.802834751119,3048.977783203125,87143900,2021-10-13 00:00:00+07:00
TLKM.JK,Telkom Indonesia,3048.977839298099,3097.502685546875,3048.977839298099,3097.502685546875,95817900,2021-10-14 00:00:00+07:00
TLKM.JK,Telkom Indonesia,3105.590059055118,3105.590059055118,3032.8027920460136,3081.32763671875,69707700,2021-10-15 00:00:00+07:00
TLKM.JK,Telkom Indonesia,3105.5904518469656,3105.5904518469656,3065.153076171875,3065.153076171875,78580700,2021-10-18 00:00:00+07:00
TLKM.JK,Telkom Indonesia,3032.802806181066,3073.240176930147,3008.5403837316176,3024.71533203125,61095700,2021-10-19 00:00:00+07:00
TLKM.JK,Telkom Indonesia,3057.065411931818,3137.9401582792207,3040.8904626623375,3113.677734375,169659500,2021-10-21 00:00:00+07:00
TLKM.JK,Telkom Indonesia,3121.765064801357,3137.9400133236436,3089.4151677567834,3129.8525390625,59640700,2021-10-22 00:00:00+07:00
TLKM.JK,Telkom Indonesia,3073.2403790509256,3105.590277777778,3057.0654296875,3057.0654296875,58246300,2021-10-25 00:00:00+07:00
TLKM.JK,Telkom Indonesia,3073.240234375,3097.5026572779607,3057.0652857730265,3073.240234375,58615100,2021-10-26 00:00:00+07:00
TLKM.JK,Telkom Indonesia,3089.4155015769293,3097.502976711947,3048.9781259018387,3065.153076171875,52210100,2021-10-27 00:00:00+07:00
TLKM.JK,Telkom Indonesia,3089.41530078125,3089.41530078125,3000.4530800781254,3032.802978515625,61151100,2021-10-28 00:00:00+07:00
TLKM.JK,Telkom Indonesia,3032.802862870066,3081.3277086759867,3016.6279142680924,3073.240234375,70430900,2021-10-29 00:00:00+07:00
TLKM.JK,Telkom Indonesia,3081.327444045608,3089.4149176520273,2992.365234375,2992.365234375,65447100,2021-11-01 00:00:00+07:00
TLKM.JK,Telkom Indonesia,2992.365522540984,3000.4529969262294,2943.8406762295085,2960.015625,170260000,2021-11-02 00:00:00+07:00
TLKM.JK,Telkom Indonesia,2927.665781985047,3024.7154764154907,2927.665781985047,3008.54052734375,48810500,2021-11-03 00:00:00+07:00
TLKM.JK,Telkom Indonesia,3032.802834751119,3057.065257429128,3008.54041207311,3048.977783203125,53494200,2021-11-04 00:00:00+07:00
TLKM.JK,Telkom Indonesia,3040.890308977122,3048.977783203125,3000.452937847107,3048.977783203125,43133000,2021-11-05 00:00:00+07:00
TLKM.JK,Telkom Indonesia,3057.06540234375,3057.06540234375,3000.4530800781254,3032.802978515625,58758600,2021-11-08 00:00:00+07:00
TLKM.JK,Telkom Indonesia,3016.6278290041696,3024.7153030765667,2976.1904586421833,3000.452880859375,92427800,2021-11-09 00:00:00+07:00
TLKM.JK,Telkom Indonesia,2968.102813555743,3008.5401815878377,2968.102813555743,2992.365234375,53511200,2021-11-10 00:00:00+07:00
TLKM.JK,Telkom Indonesia,2992.3653480843323,3016.6277698255567,2943.840504601884,2951.927978515625,95789600,2021-11-11 00:00:00+07:00
TLKM.JK,Telkom Indonesia,2960.015568033854,2960.015568033854,2911.49072265625,2911.49072265625,115142400,2021-11-12 00:00:00+07:00
TLKM.JK,Telkom Indonesia,2911.49072265625,2951.9280938042534,2911.49072265625,2911.49072265625,91001800,2021-11-15 00:00:00+07:00
TLKM.JK,Telkom Indonesia,2903.402995013411,2976.1902567268394,2903.402995013411,2968.102783203125,99590700,2021-11-16 00:00:00+07:00
TLKM.JK,Telkom Indonesia,2984.278019676524,2984.278019676524,2911.490750903926,2935.753173828125,82023300,2021-11-17 00:00:00+07:00
TLKM.JK,Telkom Indonesia,2935.753173828125,2943.8406481361917,2911.490750903926,2935.753173828125,53290400,2021-11-18 00:00:00+07:00
TLKM.JK,Telkom Indonesia,2960.0158353365387,3170.290184294872,2960.0158353365387,3154.115234375,310615000,2021-11-19 00:00:00+07:00
TLKM.JK,Telkom Indonesia,3170.2899259868423,3178.377400287829,3057.0652857730265,3073.240234375,206683100,2021-11-22 00:00:00+07:00
TLKM.JK,Telkom Indonesia,3073.240234375,3113.677605879934,3057.0652857730265,3073.240234375,67778800,2021-11-23 00:00:00+07:00
TLKM.JK,Telkom Indonesia,3105.5901315789474,3105.5901315789474,3065.1527600740133,3073.240234375,67303800,2021-11-24 00:00:00+07:00
TLKM.JK,Telkom Indonesia,3137.9400537109377,3307.777015380859,3113.677630615234,3234.98974609375,264897100,2021-11-25 00:00:00+07:00
TLKM.JK,Telkom Indonesia,3267.3395709943893,3275.427045180019,3210.7272516949815,3243.0771484375,231870300,2021-11-26 00:00:00+07:00
TLKM.JK,Telkom Indonesia,3243.077189717316,3372.4767783344655,3218.8147668516003,3348.21435546875,228774600,2021-11-29 00:00:00+07:00
TLKM.JK,Telkom Indonesia,3356.3016825511045,3372.4766304188206,3226.902099609375,3226.902099609375,435800600,2021-11-30 00:00:00+07:00
TLKM.JK,Telkom Indonesia,3267.3397982728247,3356.3020205030252,3251.1648487764246,3299.689697265625,200699200,2021-12-01 00:00:00+07:00
TLKM.JK,Telkom Indonesia,3348.2144552377554,3388.6518278855547,3315.8645571195166,3364.389404296875,116093100,2021-12-02 00:00:00+07:00
TLKM.JK,Telkom Indonesia,3340.126896738713,3380.5642683699325,3275.4271021287623,3291.60205078125,96760700,2021-12-03 00:00:00+07:00
TLKM.JK,Telkom Indonesia,3283.514588719649,3437.1766014922437,3275.427114363197,3372.476806640625,106756900,2021-12-06 00:00:00+07:00
TLKM.JK,Telkom Indonesia,3380.5641801581323,3396.739128388554,3332.039335466867,3356.3017578125,121543400,2021-12-07 00:00:00+07:00
TLKM.JK,Telkom Indonesia,3315.864574180547,3332.0395233228915,3243.0773030399987,3307.777099609375,113845600,2021-12-08 00:00:00+07:00
TLKM.JK,Telkom Indonesia,3307.776913121235,3356.3017578125,3299.689439006024,3356.3017578125,86985800,2021-12-09 00:00:00+07:00
TLKM.JK,Telkom Indonesia,3291.601964890813,3356.3017578125,3291.601964890813,3356.3017578125,90725000,2021-12-10 00:00:00+07:00
TLKM.JK,Telkom Indonesia,3356.3020205030252,3356.3020205030252,3299.689697265625,3299.689697265625,65533000,2021-12-13 00:00:00+07:00
TLKM.JK,Telkom Indonesia,3332.03945074314,3332.03945074314,3291.6020787681023,3315.864501953125,75736900,2021-12-14 00:00:00+07:00
TLKM.JK,Telkom Indonesia,3283.514747769225,3348.2145457548254,3283.514747769225,3299.689697265625,84424500,2021-12-15 00:00:00+07:00
TLKM.JK,Telkom Indonesia,3323.9519763481326,3356.3018739281633,3283.5146043730947,3315.864501953125,98164300,2021-12-16 00:00:00+07:00
TLKM.JK,Telkom Indonesia,3243.0772323980564,3315.864501953125,3243.0772323980564,3315.864501953125,149615800,2021-12-17 00:00:00+07:00
TLKM.JK,Telkom Indonesia,3291.6022225174247,3323.952121510225,3267.3397982728247,3299.689697265625,72794200,2021-12-20 00:00:00+07:00
TLKM.JK,Telkom Indonesia,3323.952031649076,3388.6518278855547,3315.8645571195166,3364.389404296875,98039300,2021-12-21 00:00:00+07:00
TLKM.JK,Telkom Indonesia,3364.389275395377,3372.4767496150776,3323.951904296875,3323.951904296875,50574500,2021-12-22 00:00:00+07:00
TLKM.JK,Telkom Indonesia,3323.952031649076,3364.389404296875,3315.8645571195166,3364.389404296875,54508200,2021-12-23 00:00:00+07:00
TLKM.JK,Telkom Indonesia,3364.389275395377,3372.4767496150776,3315.8644300771743,3323.951904296875,29075600,2021-12-24 00:00:00+07:00
TLKM.JK,Telkom Indonesia,3356.3020205030252,3356.3020205030252,3291.6022225174247,3299.689697265625,30748000,2021-12-27 00:00:00+07:00
TLKM.JK,Telkom Indonesia,3299.6896250382033,3340.1269978940636,3275.427201324687,3307.777099609375,39443300,2021-12-28 00:00:00+07:00
TLKM.JK,Telkom Indonesia,3315.864646762025,3340.127071006625,3299.689697265625,3299.689697265625,25596100,2021-12-29 00:00:00+07:00
TLKM.JK,Telkom Indonesia,3340.1268679175046,3340.1268679175046,3267.339599609375,3267.339599609375,50575100,2021-12-30 00:00:00+07:00
TLKM.JK,Telkom Indonesia,3283.5145187742974,3380.564208984375,3275.427044590124,3380.564208984375,65937900,2022-01-03 00:00:00+07:00
TLKM.JK,Telkom Indonesia,3380.5642809970773,3396.739229709982,3356.30185792772,3372.476806640625,42984700,2022-01-04 00:00:00+07:00
TLKM.JK,Telkom Indonesia,3356.301742742091,3388.6516390576776,3259.252053795332,3275.427001953125,119584700,2022-01-05 00:00:00+07:00
TLKM.JK,Telkom Indonesia,3307.776884504892,3332.039306640625,3259.2520402334267,3332.039306640625,89197500,2022-01-06 00:00:00+07:00
TLKM.JK,Telkom Indonesia,3332.039434858363,3388.6517553535296,3307.7770117890063,3372.476806640625,68415100,2022-01-07 00:00:00+07:00
TLKM.JK,Telkom Indonesia,3380.564297113186,3388.6517715081936,3315.864501953125,3315.864501953125,44921200,2022-01-10 00:00:00+07:00
TLKM.JK,Telkom Indonesia,3332.0395233228915,3364.3894216075796,3307.777099609375,3307.777099609375,61890200,2022-01-11 00:00:00+07:00
TLKM.JK,Telkom Indonesia,3323.951904296875,3348.214326955976,3291.6020074180733,3323.951904296875,45132700,2022-01-12 00:00:00+07:00
TLKM.JK,Telkom Indonesia,3372.476734800202,3380.564208984375,3323.9518896951627,3380.564208984375,84148400,2022-01-13 00:00:00+07:00
TLKM.JK,Telkom Indonesia,3348.214482491796,3388.65185546875,3340.127007896405,3388.65185546875,28193100,2022-01-14 00:00:00+07:00
TLKM.JK,Telkom Indonesia,3396.739157352721,3396.739157352721,3348.2143122476823,3380.564208984375,39816300,2022-01-17 00:00:00+07:00
TLKM.JK,Telkom Indonesia,3396.7393841911767,3437.1767578125,3364.3894852941175,3437.1767578125,112212200,2022-01-18 00:00:00+07:00
TLKM.JK,Telkom Indonesia,3445.2642325367647,3445.2642325367647,3421.0018083639707,3437.1767578125,88713900,2022-01-19 00:00:00+07:00
TLKM.JK,Telkom Indonesia,3477.614103922912,3477.614103922912,3388.6518826597676,3412.914306640625,100014500,2022-01-20 00:00:00+07:00
TLKM.JK,Telkom Indonesia,3429.0891942118938,3501.87646484375,3388.6518216386403,3501.87646484375,75534800,2022-01-21 00:00:00+07:00
TLKM.JK,Telkom Indonesia,3445.2641158702763,3485.701488122275,3437.176641419877,3477.614013671875,70404500,2022-01-24 00:00:00+07:00
TLKM.JK,Telkom Indonesia,3485.701560565086,3493.7890351835663,3437.1767128542033,3469.526611328125,116353600,2022-01-25 00:00:00+07:00
TLKM.JK,Telkom Indonesia,3542.313648962486,3550.401123046875,3469.5263822029824,3550.401123046875,127641400,2022-01-26 00:00:00+07:00
TLKM.JK,Telkom Indonesia,3558.4887295081967,3558.4887295081967,3445.264088114754,3453.3515625,98613900,2022-01-27 00:00:00+07:00
TLKM.JK,Telkom Indonesia,3445.26416015625,3477.6140583736797,3421.0017364931778,3445.26416015625,61686700,2022-01-28 00:00:00+07:00
TLKM.JK,Telkom Indonesia,3404.8268046595317,3437.1767030410947,3388.65185546875,3388.65185546875,88735900,2022-01-31 00:00:00+07:00
TLKM.JK,Telkom Indonesia,3372.476806640625,3396.739229709982,3356.30185792772,3372.476806640625,144006000,2022-02-02 00:00:00+07:00
TLKM.JK,Telkom Indonesia,3396.739501953125,3404.826976957775,3364.389601934524,3396.739501953125,58212400,2022-02-03 00:00:00+07:00
TLKM.JK,Telkom Indonesia,3445.264378324468,3445.264378324468,3380.564577792553,3421.001953125,98728700,2022-02-04 00:00:00+07:00
TLKM.JK,Telkom Indonesia,3421.001763617242,3469.526611328125,3404.826814380281,3469.526611328125,90285800,2022-02-07 00:00:00+07:00
TLKM.JK,Telkom Indonesia,3461.4393284574467,3461.4393284574467,3421.001953125,3421.001953125,71210400,2022-02-08 00:00:00+07:00
TLKM.JK,Telkom Indonesia,3461.439208984375,3461.439208984375,3404.826885472948,3461.439208984375,95375000,2022-02-09 00:00:00+07:00
TLKM.JK,Telkom Indonesia,3558.4888242713005,3615.1011464756166,3509.963976667601,3607.013671875,233984700,2022-02-10 00:00:00+07:00
TLKM.JK,Telkom Indonesia,3639.3631495786517,3679.8005179073034,3566.5758865870785,3598.92578125,130081900,2022-02-11 00:00:00+07:00
TLKM.JK,Telkom Indonesia,3542.3138205788355,3558.4887695312505,3485.7014992453837,3558.48876953125,104903700,2022-02-14 00:00:00+07:00
TLKM.JK,Telkom Indonesia,3558.4884539753402,3590.8383490114797,3526.1385589392007,3566.575927734375,75305900,2022-02-15 00:00:00+07:00
TLKM.JK,Telkom Indonesia,3574.663718483665,3607.0136163884945,3542.3138205788355,3558.48876953125,90121200,2022-02-16 00:00:00+07:00
TLKM.JK,Telkom Indonesia,3558.4884539753402,3590.8383490114797,3526.1385589392007,3566.575927734375,72970200,2022-02-17 00:00:00+07:00
TLKM.JK,Telkom Indonesia,3574.663718483665,3590.83866743608,3534.226346102628,3558.48876953125,71111300,2022-02-18 00:00:00+07:00
TLKM.JK,Telkom Indonesia,3534.2265624999995,3574.663937356979,3509.9641375858123,3534.2265625,58883000,2022-02-21 00:00:00+07:00
TLKM.JK,Telkom Indonesia,3493.788962572675,3526.1388603742735,3437.176641419877,3477.614013671875,106985800,2022-02-22 00:00:00+07:00
TLKM.JK,Telkom Indonesia,3461.438950251437,3534.226217896911,3453.351476068606,3518.05126953125,110562400,2022-02-23 00:00:00+07:00
TLKM.JK,Telkom Indonesia,3461.439008604805,3493.788905881486,3396.7392140514444,3429.089111328125,126158600,2022-02-24 00:00:00+07:00
TLKM.JK,Telkom Indonesia,3429.089123703917,3518.0513415358582,3429.089123703917,3509.9638671875,208757000,2022-02-25 00:00:00+07:00
TLKM.JK,Telkom Indonesia,3752.5880208333333,3760.675495016164,3518.05126953125,3518.05126953125,206416900,2022-03-01 00:00:00+07:00
TLKM.JK,Telkom Indonesia,3558.48883213141,3558.48883213141,3453.351662091164,3469.526611328125,152165300,2022-03-02 00:00:00+07:00
TLKM.JK,Telkom Indonesia,3590.83866743608,3590.83866743608,3477.6140247691765,3558.48876953125,155369100,2022-03-04 00:00:00+07:00
TLKM.JK,Telkom Indonesia,3558.48847179878,3663.625631192835,3534.2260504001524,3647.45068359375,177360400,2022-03-07 00:00:00+07:00
TLKM.JK,Telkom Indonesia,3720.238380597267,3801.1131280015557,3671.713532154694,3736.413330078125,234086000,2022-03-08 00:00:00+07:00
TLKM.JK,Telkom Indonesia,3679.8008411854235,3736.4131618190454,3574.6636742944115,3590.838623046875,145145900,2022-03-09 00:00:00+07:00
TLKM.JK,Telkom Indonesia,3639.363191565689,3639.363191565689,3542.3135064572707,3566.575927734375,130830800,2022-03-10 00:00:00+07:00
TLKM.JK,Telkom Indonesia,3566.5761000689336,3712.150634765625,3558.4886259191176,3712.150634765625,143446200,2022-03-11 00:00:00+07:00
TLKM.JK,Telkom Indonesia,3760.675552568061,3776.8505011812567,3671.713335195483,3704.063232421875,166572700,2022-03-14 00:00:00+07:00
TLKM.JK,Telkom Indonesia,3744.5008048185537,3744.5008048185537,3695.975956375981,3736.413330078125,231077800,2022-03-15 00:00:00+07:00
TLKM.JK,Telkom Indonesia,3768.763401896598,3768.763401896598,3679.801175671571,3744.5009765625,109961900,2022-03-16 00:00:00+07:00
TLKM.JK,Telkom Indonesia,3679.800548553467,3704.0629697527206,3598.9258112226216,3623.188232421875,246300800,2022-03-17 00:00:00+07:00
TLKM.JK,Telkom Indonesia,3631.276248343716,3671.713623046875,3615.1012984624517,3671.713623046875,210266100,2022-03-18 00:00:00+07:00
TLKM.JK,Telkom Indonesia,3679.80078125,3695.975729739011,3655.5383585164836,3679.80078125,79691600,2022-03-21 00:00:00+07:00
TLKM.JK,Telkom Indonesia,3679.80078125,3704.063203983517,3671.7133070054947,3679.80078125,98699900,2022-03-22 00:00:00+07:00
TLKM.JK,Telkom Indonesia,3679.80078125,3695.975729739011,3639.3634100274726,3679.80078125,78299500,2022-03-23 00:00:00+07:00
TLKM.JK,Telkom Indonesia,3639.3633390727796,3695.9756576805785,3639.3633390727796,3687.88818359375,89578400,2022-03-24 00:00:00+07:00
TLKM.JK,Telkom Indonesia,3647.451099497027,3671.7135236621957,3623.1886753318586,3655.53857421875,90053700,2022-03-25 00:00:00+07:00
TLKM.JK,Telkom Indonesia,3647.4514892578127,3720.23876953125,3639.364013671875,3720.23876953125,184131000,2022-03-28 00:00:00+07:00
TLKM.JK,Telkom Indonesia,3720.2380799410635,3736.4130281147204,3687.88818359375,3687.88818359375,77920800,2022-03-29 00:00:00+07:00
TLKM.JK,Telkom Indonesia,3736.413129648267,3736.413129648267,3687.8882838086793,3704.063232421875,118749100,2022-03-30 00:00:00+07:00
TLKM.JK,Telkom Indonesia,3736.413129648267,3752.588078261463,3687.8882838086793,3704.063232421875,108109700,2022-03-31 00:00:00+07:00
TLKM.JK,Telkom Indonesia,3679.800809502081,3704.063232421875,3663.625860888885,3704.063232421875,86590300,2022-04-01 00:00:00+07:00
TLKM.JK,Telkom Indonesia,3687.8885729281387,3695.976047868771,3631.276248343716,3671.713623046875,103480300,2022-04-04 00:00:00+07:00
TLKM.JK,Telkom Indonesia,3679.800998383919,3679.800998383919,3639.3636247753043,3655.53857421875,52172300,2022-04-05 00:00:00+07:00
TLKM.JK,Telkom Indonesia,3631.2760679361245,3639.3635424749577,3574.6637461642918,3582.751220703125,108368800,2022-04-06 00:00:00+07:00
TLKM.JK,Telkom Indonesia,3598.926348581188,3671.713623046875,3590.8388736405564,3671.713623046875,143921800,2022-04-07 00:00:00+07:00
TLKM.JK,Telkom Indonesia,3704.063232421875,3728.325655341669,3687.8882838086793,3704.063232421875,161974500,2022-04-08 00:00:00+07:00
TLKM.JK,Telkom Indonesia,3728.3255830652574,3728.3255830652574,3679.80073816636,3712.150634765625,90521500,2022-04-11 00:00:00+07:00
TLKM.JK,Telkom Indonesia,3736.413501451134,3744.5009765625,3704.063601005669,3744.5009765625,187948000,2022-04-12 00:00:00+07:00
TLKM.JK,Telkom Indonesia,3801.113109466618,3817.2880588686035,3760.6757359616536,3793.025634765625,196864200,2022-04-13 00:00:00+07:00
TLKM.JK,Telkom Indonesia,3801.1126917651577,3825.3751132019565,3768.7627965160923,3784.937744140625,112735200,2022-04-14 00:00:00+07:00
TLKM.JK,Telkom Indonesia,3817.287913846868,3825.3753882406113,3793.025490665638,3809.200439453125,120778200,2022-04-18 00:00:00+07:00
TLKM.JK,Telkom Indonesia,3833.4625870142227,3841.550060826489,3784.937744140625,3784.937744140625,92268300,2022-04-19 00:00:00+07:00
TLKM.JK,Telkom Indonesia,3784.9383521193304,3793.0258272306964,3736.413501451134,3744.5009765625,88360900,2022-04-20 00:00:00+07:00
TLKM.JK,Telkom Indonesia,3736.413330078125,3776.850703780269,3720.238380597267,3736.413330078125,97575800,2022-04-21 00:00:00+07:00
TLKM.JK,Telkom Indonesia,3736.413330078125,3784.938178520698,3704.0634311164094,3736.413330078125,101299100,2022-04-22 00:00:00+07:00
TLKM.JK,Telkom Indonesia,3728.325695515691,3817.287913846868,3704.063272334461,3809.200439453125,92045500,2022-04-25 00:00:00+07:00
TLKM.JK,Telkom Indonesia,3784.9379021139703,3849.6376953125,3776.8504279641543,3849.6376953125,85945800,2022-04-26 00:00:00+07:00
TLKM.JK,Telkom Indonesia,3817.287969241352,3873.900290819084,3817.287969241352,3857.725341796875,136485600,2022-04-27 00:00:00+07:00
TLKM.JK,Telkom Indonesia,3922.4252491079883,3922.4252491079883,3736.413330078125,3736.413330078125,198484800,2022-04-28 00:00:00+07:00
TLKM.JK,Telkom Indonesia,3687.888531395012,3687.888531395012,3477.6141853066997,3485.70166015625,343682000,2022-05-09 00:00:00+07:00
TLKM.JK,Telkom Indonesia,3332.039431523617,3542.313764580933,3332.039431523617,3509.9638671875,281386300,2022-05-10 00:00:00+07:00
TLKM.JK,Telkom Indonesia,3558.488786446305,3623.1885825635104,3501.87646484375,3501.87646484375,154455400,2022-05-11 00:00:00+07:00
TLKM.JK,Telkom Indonesia,3509.963911473474,3550.4012837254727,3437.176641419877,3477.614013671875,233518500,2022-05-12 00:00:00+07:00
TLKM.JK,Telkom Indonesia,3437.1766856018926,3518.0514311454667,3421.0017364931778,3445.26416015625,190889200,2022-05-13 00:00:00+07:00
TLKM.JK,Telkom Indonesia,3437.176528273587,3469.5264250102796,3380.564208984375,3380.564208984375,170880700,2022-05-17 00:00:00+07:00
TLKM.JK,Telkom Indonesia,3421.0018083639707,3469.5266567095587,3388.651909466912,3437.1767578125,185359500,2022-05-18 00:00:00+07:00
TLKM.JK,Telkom Indonesia,3380.5642373997925,3421.0016086605556,3356.3018146433346,3404.82666015625,112679300,2022-05-19 00:00:00+07:00
TLKM.JK,Telkom Indonesia,3412.9141784228864,3421.0016527793387,3372.476806640625,3372.476806640625,141701800,2022-05-20 00:00:00+07:00
TLKM.JK,Telkom Indonesia,3364.389275395377,3380.5642238347777,3291.6020074180733,3323.951904296875,196569900,2022-05-23 00:00:00+07:00
TLKM.JK,Telkom Indonesia,3332.039335466867,3396.739128388554,3332.039335466867,3356.3017578125,151693700,2022-05-24 00:00:00+07:00
TLKM.JK,Telkom Indonesia,3396.739501953125,3404.826976957775,3356.3021269298733,3396.739501953125,166595400,2022-05-25 00:00:00+07:00
TLKM.JK,Telkom Indonesia,3445.2641158702763,3477.614013671875,3404.8267436182778,3477.614013671875,186513500,2022-05-27 00:00:00+07:00
TLKM.JK,Telkom Indonesia,3509.9640303308825,3509.9640303308825,3396.7393841911767,3437.1767578125,107614100,2022-05-30 00:00:00+07:00
TLKM.JK,Telkom Indonesia,3453.3517607580484,3501.876609855351,3421.0018613598463,3485.70166015625,469620300,2022-05-31 00:00:00+07:00
TLKM.JK,Telkom Indonesia,3550.4013575129297,3550.4013575129297,3453.351662091164,3469.526611328125,164481100,2022-06-02 00:00:00+07:00
TLKM.JK,Telkom Indonesia,3485.70166015625,3550.4014589526537,3477.6141853066997,3485.70166015625,108852800,2022-06-03 00:00:00+07:00
TLKM.JK,Telkom Indonesia,3485.701444142425,3509.9638671875,3453.351546748992,3509.9638671875,79319400,2022-06-06 00:00:00+07:00
TLKM.JK,Telkom Indonesia,3509.9640303308825,3509.9640303308825,3437.1767578125,3437.1767578125,142504000,2022-06-07 00:00:00+07:00
TLKM.JK,Telkom Indonesia,3479.064140505907,3495.83071467702,3420.381130907012,3437.147705078125,202555900,2022-06-08 00:00:00+07:00
TLKM.JK,Telkom Indonesia,3420.3810619212964,3462.297496503665,3395.231201171875,3395.231201171875,148580200,2022-06-09 00:00:00+07:00
TLKM.JK,Telkom Indonesia,3386.8481178093903,3420.3812674906717,3353.3149681281093,3370.08154296875,189186700,2022-06-10 00:00:00+07:00
TLKM.JK,Telkom Indonesia,3311.398372276157,3437.1476775524666,3294.6317982393152,3420.381103515625,156054900,2022-06-13 00:00:00+07:00
TLKM.JK,Telkom Indonesia,3395.2312831460995,3453.9142929782543,3370.0814217894617,3445.531005859375,117325600,2022-06-14 00:00:00+07:00
TLKM.JK,Telkom Indonesia,3403.614501953125,3420.381075854372,3378.4646411012545,3403.614501953125,94848800,2022-06-15 00:00:00+07:00
TLKM.JK,Telkom Indonesia,3453.914195447865,3453.914195447865,3378.46461350847,3386.847900390625,96042200,2022-06-16 00:00:00+07:00
TLKM.JK,Telkom Indonesia,3361.6983855904887,3453.91455078125,3336.5485223566443,3453.91455078125,169375800,2022-06-17 00:00:00+07:00
TLKM.JK,Telkom Indonesia,3395.23118727278,3403.614474154935,3353.3147528620048,3386.847900390625,82101200,2022-06-20 00:00:00+07:00
TLKM.JK,Telkom Indonesia,3403.6145702649787,3453.9142929782543,3378.464708908341,3445.531005859375,77489000,2022-06-21 00:00:00+07:00
TLKM.JK,Telkom Indonesia,3428.7643488377703,3428.7643488377703,3386.847914255401,3395.231201171875,60907800,2022-06-22 00:00:00+07:00
TLKM.JK,Telkom Indonesia,3378.464775085449,3487.447509765625,3378.464775085449,3487.447509765625,101065400,2022-06-23 00:00:00+07:00
TLKM.JK,Telkom Indonesia,3546.130506988893,3546.130506988893,3437.1477727315514,3479.064208984375,81050700,2022-06-24 00:00:00+07:00
TLKM.JK,Telkom Indonesia,3445.5311972128375,3453.914484797297,3386.848184121621,3411.998046875,71574300,2022-06-27 00:00:00+07:00
TLKM.JK,Telkom Indonesia,3361.6980259140432,3395.2311733047068,3353.314739066377,3378.464599609375,128618800,2022-06-28 00:00:00+07:00
TLKM.JK,Telkom Indonesia,3353.3147528620048,3420.381047919245,3353.3147528620048,3386.847900390625,72888100,2022-06-29 00:00:00+07:00
TLKM.JK,Telkom Indonesia,3445.5311022949218,3445.5311022949218,3353.31494140625,3353.31494140625,116718900,2022-06-30 00:00:00+07:00
TLKM.JK,Telkom Indonesia,3361.6982555484296,3386.8481178093903,3353.3149681281093,3370.08154296875,39572500,2022-07-01 00:00:00+07:00
TLKM.JK,Telkom Indonesia,3370.0815025845864,3386.8480772243106,3219.1823308270673,3344.931640625,115885200,2022-07-04 00:00:00+07:00
TLKM.JK,Telkom Indonesia,3361.6982152647242,3411.997939183897,3311.398491345551,3344.931640625,72329600,2022-07-05 00:00:00+07:00
TLKM.JK,Telkom Indonesia,3395.2314052297106,3395.2314052297106,3328.1651058671487,3370.08154296875,62679000,2022-07-06 00:00:00+07:00
TLKM.JK,Telkom Indonesia,3386.847900390625,3395.23118727278,3361.69803974416,3386.847900390625,42393800,2022-07-07 00:00:00+07:00
TLKM.JK,Telkom Indonesia,3395.231145159562,3403.6144319377336,3353.3147112687034,3361.697998046875,64049000,2022-07-08 00:00:00+07:00
TLKM.JK,Telkom Indonesia,3437.147621683555,3437.147621683555,3353.3147528620048,3386.847900390625,42258000,2022-07-11 00:00:00+07:00
TLKM.JK,Telkom Indonesia,3403.6144319377336,3403.6144319377336,3361.697998046875,3361.697998046875,43399800,2022-07-12 00:00:00+07:00
TLKM.JK,Telkom Indonesia,3361.698146761976,3378.464721060041,3294.6318495697174,3303.01513671875,96218200,2022-07-13 00:00:00+07:00
TLKM.JK,Telkom Indonesia,3303.0152436061876,3370.08154296875,3269.4820939249066,3370.08154296875,68708500,2022-07-14 00:00:00+07:00
TLKM.JK,Telkom Indonesia,3386.848049228163,3529.3639324877636,3361.6981874764683,3479.064208984375,146093800,2022-07-15 00:00:00+07:00
TLKM.JK,Telkom Indonesia,3445.530873592258,3512.59716796875,3411.9977264040126,3512.59716796875,84009400,2022-07-18 00:00:00+07:00
TLKM.JK,Telkom Indonesia,3512.5973716148965,3512.5973716148965,3462.2976479163535,3487.447509765625,91367900,2022-07-19 00:00:00+07:00
TLKM.JK,Telkom Indonesia,3470.6807614867876,3537.7470563947445,3470.6807614867876,3529.36376953125,82344000,2022-07-20 00:00:00+07:00
TLKM.JK,Telkom Indonesia,3529.363838303257,3571.2802734375,3504.213977222711,3571.2802734375,107234600,2022-07-21 00:00:00+07:00
TLKM.JK,Telkom Indonesia,3554.51365802305,3554.51365802305,3512.5972233765515,3546.13037109375,59792300,2022-07-22 00:00:00+07:00
TLKM.JK,Telkom Indonesia,3554.513671875,3571.2802457989387,3537.7470979510613,3554.513671875,37218000,2022-07-25 00:00:00+07:00
TLKM.JK,Telkom Indonesia,3554.5136856617646,3562.89697265625,3512.597250689338,3562.89697265625,49786900,2022-07-26 00:00:00+07:00
TLKM.JK,Telkom Indonesia,3546.1304664789245,3604.8134765625,3529.3638921693314,3604.8134765625,60672300,2022-07-27 00:00:00+07:00
TLKM.JK,Telkom Indonesia,3613.1966806087853,3621.579967570755,3512.5972370651534,3554.513671875,110767300,2022-07-28 00:00:00+07:00
TLKM.JK,Telkom Indonesia,3588.0468057402486,3604.813379598848,3529.3637972351507,3546.13037109375,108823600,2022-07-29 00:00:00+07:00
TLKM.JK,Telkom Indonesia,3546.1304664789245,3604.8134765625,3546.1304664789245,3604.8134765625,104724300,2022-08-01 00:00:00+07:00
TLKM.JK,Telkom Indonesia,3646.7298734857795,3730.562744140625,3562.897002830934,3730.562744140625,112228800,2022-08-02 00:00:00+07:00
TLKM.JK,Telkom Indonesia,3730.563053385417,3847.92908203125,3697.02990234375,3772.4794921875,251825000,2022-08-03 00:00:00+07:00
TLKM.JK,Telkom Indonesia,3730.5626395089284,3814.3955078125,3730.5626395089284,3814.3955078125,186881500,2022-08-04 00:00:00+07:00
TLKM.JK,Telkom Indonesia,3847.9290338331657,3898.228759765625,3797.629307900706,3898.228759765625,268967200,2022-08-05 00:00:00+07:00
TLKM.JK,Telkom Indonesia,3940.14501953125,3940.14501953125,3898.228583153258,3940.14501953125,191023500,2022-08-08 00:00:00+07:00
TLKM.JK,Telkom Indonesia,3940.1446901518725,3940.1446901518725,3881.4616841283337,3889.844970703125,164453900,2022-08-09 00:00:00+07:00
TLKM.JK,Telkom Indonesia,3797.6291905453327,3847.928914923417,3764.0960409599434,3822.779052734375,162061400,2022-08-10 00:00:00+07:00
TLKM.JK,Telkom Indonesia,3814.3952925200015,3864.6950106631225,3789.245433448441,3831.161865234375,123629000,2022-08-11 00:00:00+07:00
TLKM.JK,Telkom Indonesia,3831.162081473214,3856.311941964286,3797.628934151786,3814.3955078125,124552500,2022-08-12 00:00:00+07:00
TLKM.JK,Telkom Indonesia,3806.012327729986,3831.1621889264397,3722.1794570751404,3730.562744140625,136882800,2022-08-15 00:00:00+07:00
TLKM.JK,Telkom Indonesia,3797.6289843085674,3839.54541901396,3697.029541015625,3697.029541015625,127710800,2022-08-16 00:00:00+07:00
TLKM.JK,Telkom Indonesia,3655.1130580357144,3814.3955078125,3646.7297712053573,3814.3955078125,182044300,2022-08-18 00:00:00+07:00
TLKM.JK,Telkom Indonesia,3822.779105808424,3864.6955433721128,3738.946230681046,3856.312255859375,177623900,2022-08-19 00:00:00+07:00
TLKM.JK,Telkom Indonesia,3814.395883211526,3906.612047421035,3797.629307900706,3898.228759765625,202320400,2022-08-22 00:00:00+07:00
TLKM.JK,Telkom Indonesia,3923.378635914029,3948.5284989647603,3864.69562212899,3906.612060546875,229431400,2022-08-23 00:00:00+07:00
TLKM.JK,Telkom Indonesia,3906.6119366776315,3998.828098273026,3856.3122121710526,3982.0615234375,189007900,2022-08-24 00:00:00+07:00
TLKM.JK,Telkom Indonesia,3923.37801516343,3940.1445878778036,3822.7785788771885,3831.161865234375,179495700,2022-08-25 00:00:00+07:00
TLKM.JK,Telkom Indonesia,3780.8627668690838,3806.012630063335,3755.712903674833,3764.09619140625,184317100,2022-08-26 00:00:00+07:00
TLKM.JK,Telkom Indonesia,3663.496304402309,3814.395465682038,3655.113017664546,3789.24560546875,101529800,2022-08-29 00:00:00+07:00
TLKM.JK,Telkom Indonesia,3839.545518057687,3873.0786666870117,3755.712646484375,3755.712646484375,118884300,2022-08-30 00:00:00+07:00
TLKM.JK,Telkom Indonesia,3705.413029185512,3856.312202319764,3705.413029185512,3822.779052734375,175300400,2022-08-31 00:00:00+07:00
TLKM.JK,Telkom Indonesia,3822.778836312773,3898.22841860842,3797.6289755475573,3839.54541015625,120871700,2022-09-01 00:00:00+07:00
TLKM.JK,Telkom Indonesia,3806.0125307829485,3873.0788308848505,3806.0125307829485,3856.312255859375,106985000,2022-09-02 00:00:00+07:00
TLKM.JK,Telkom Indonesia,3822.779132000812,3881.4621449920523,3814.3958444306345,3873.078857421875,77323800,2022-09-05 00:00:00+07:00
TLKM.JK,Telkom Indonesia,3864.6954213076847,3873.0787085556403,3780.862548828125,3780.862548828125,61970100,2022-09-06 00:00:00+07:00
TLKM.JK,Telkom Indonesia,3772.4794791376667,3822.779205526169,3755.712903674833,3764.09619140625,106145700,2022-09-07 00:00:00+07:00
TLKM.JK,Telkom Indonesia,3772.479328356291,3889.845351905153,3772.479328356291,3822.779052734375,123389200,2022-09-08 00:00:00+07:00
TLKM.JK,Telkom Indonesia,3814.3958182956862,3856.312255859375,3797.6292432702103,3856.312255859375,50307800,2022-09-09 00:00:00+07:00
TLKM.JK,Telkom Indonesia,3856.31192782902,3856.31192782902,3797.628920231622,3806.01220703125,74820600,2022-09-12 00:00:00+07:00
TLKM.JK,Telkom Indonesia,3806.012178944275,3822.7787524198006,3789.2456054687495,3789.24560546875,91510200,2022-09-13 00:00:00+07:00
TLKM.JK,Telkom Indonesia,3764.0959336417063,3797.6290822710307,3738.9460721697124,3755.712646484375,97919200,2022-09-14 00:00:00+07:00
TLKM.JK,Telkom Indonesia,3806.0126432291668,3856.3123697916667,3772.4794921875,3772.4794921875,125599900,2022-09-15 00:00:00+07:00
TLKM.JK,Telkom Indonesia,3772.479123485332,3772.479123485332,3697.029541015625,3697.029541015625,210277300,2022-09-16 00:00:00+07:00
TLKM.JK,Telkom Indonesia,3738.9463411458332,3822.77921875,3722.179765625,3772.4794921875,116164500,2022-09-19 00:00:00+07:00
TLKM.JK,Telkom Indonesia,3797.6290822710307,3806.012369428362,3755.712646484375,3755.712646484375,100743700,2022-09-20 00:00:00+07:00
TLKM.JK,Telkom Indonesia,3730.56296182809,3747.3295369374296,3697.0298116094104,3713.79638671875,91363200,2022-09-21 00:00:00+07:00
TLKM.JK,Telkom Indonesia,3688.6465240547404,3730.56296182809,3671.879948945401,3713.79638671875,89922900,2022-09-22 00:00:00+07:00
TLKM.JK,Telkom Indonesia,3688.6462123644405,3713.796072903289,3671.879638671875,3671.879638671875,95911400,2022-09-23 00:00:00+07:00
TLKM.JK,Telkom Indonesia,3680.263275557035,3780.8627272806893,3604.813686764294,3738.9462890625,132185400,2022-09-26 00:00:00+07:00
TLKM.JK,Telkom Indonesia,3730.562730393968,3747.329304463154,3671.879721151816,3722.179443359375,123113800,2022-09-27 00:00:00+07:00
TLKM.JK,Telkom Indonesia,3713.7961971957147,3797.629068464241,3688.646335815157,3747.329345703125,104385500,2022-09-28 00:00:00+07:00
TLKM.JK,Telkom Indonesia,3738.9460174285614,3772.4791655669337,3705.4128692901886,3722.179443359375,90290400,2022-09-29 00:00:00+07:00
TLKM.JK,Telkom Indonesia,3688.6465632006725,3772.4794396370517,3680.263275557035,3738.9462890625,111482000,2022-09-30 00:00:00+07:00
TLKM.JK,Telkom Indonesia,3738.9462890625,3747.3295767061377,3671.8799879133967,3738.9462890625,77569100,2022-10-03 00:00:00+07:00
TLKM.JK,Telkom Indonesia,3738.9460174285614,3780.862452601527,3713.796156324782,3722.179443359375,87832800,2022-10-04 00:00:00+07:00
TLKM.JK,Telkom Indonesia,3764.0961519934135,3806.012590211603,3738.9462890625,3738.9462890625,61888400,2022-10-05 00:00:00+07:00
TLKM.JK,Telkom Indonesia,3738.9462493827596,3755.7128244920996,3705.4130991640804,3713.79638671875,60464300,2022-10-06 00:00:00+07:00
TLKM.JK,Telkom Indonesia,3688.6461700790232,3713.796030329562,3646.7297363281255,3646.729736328125,102570000,2022-10-07 00:00:00+07:00
TLKM.JK,Telkom Indonesia,3638.346546017746,3705.412841796875,3629.963259045355,3705.412841796875,72389100,2022-10-10 00:00:00+07:00
TLKM.JK,Telkom Indonesia,3655.113213275812,3671.879787648637,3613.19677734375,3613.19677734375,108794500,2022-10-11 00:00:00+07:00
TLKM.JK,Telkom Indonesia,3604.813530565956,3646.729966967886,3588.0469560051843,3638.3466796875,107938600,2022-10-12 00:00:00+07:00
TLKM.JK,Telkom Indonesia,3629.9633380268897,3646.7299123364824,3596.4301894077034,3604.8134765625,70034500,2022-10-13 00:00:00+07:00
TLKM.JK,Telkom Indonesia,3655.1131856424827,3655.1131856424827,3596.4301757812505,3596.43017578125,68096300,2022-10-14 00:00:00+07:00
TLKM.JK,Telkom Indonesia,3520.9806446665707,3629.96337890625,3520.9806446665707,3629.96337890625,90321700,2022-10-17 00:00:00+07:00
TLKM.JK,Telkom Indonesia,3613.196694623162,3638.3465556066176,3562.89697265625,3562.89697265625,72516000,2022-10-18 00:00:00+07:00
TLKM.JK,Telkom Indonesia,3537.747042410714,3604.8133370535716,3520.98046875,3520.98046875,65848300,2022-10-19 00:00:00+07:00
TLKM.JK,Telkom Indonesia,3520.980435075431,3646.7297363281255,3520.980435075431,3646.729736328125,165391500,2022-10-20 00:00:00+07:00
TLKM.JK,Telkom Indonesia,3604.813316415209,3680.2628974564577,3604.813316415209,3655.113037109375,79825700,2022-10-21 00:00:00+07:00
TLKM.JK,Telkom Indonesia,3671.8796801923895,3730.562688779939,3671.8796801923895,3697.029541015625,76777200,2022-10-24 00:00:00+07:00
TLKM.JK,Telkom Indonesia,3713.7963333303674,3747.3294830669847,3680.26318359375,3680.26318359375,109154300,2022-10-25 00:00:00+07:00
TLKM.JK,Telkom Indonesia,3705.413018896596,3713.796306269665,3629.963432538973,3663.49658203125,97320500,2022-10-26 00:00:00+07:00
TLKM.JK,Telkom Indonesia,3680.2631567773883,3697.0297315235266,3638.3467199120423,3663.49658203125,80270300,2022-10-27 00:00:00+07:00
TLKM.JK,Telkom Indonesia,3705.412882944171,3730.562744140625,3671.879734682233,3730.562744140625,91101500,2022-10-28 00:00:00+07:00
TLKM.JK,Telkom Indonesia,3738.9461956328305,3738.9461956328305,3655.1133212912873,3680.26318359375,162753500,2022-10-31 00:00:00+07:00
TLKM.JK,Telkom Indonesia,3705.412841796875,3705.412841796875,3655.1131199625283,3705.412841796875,108592900,2022-11-01 00:00:00+07:00
TLKM.JK,Telkom Indonesia,3688.646489003258,3705.4130639532727,3537.747314453125,3537.747314453125,217855200,2022-11-02 00:00:00+07:00
TLKM.JK,Telkom Indonesia,3470.680894606916,3495.8307561620386,3395.2313099415483,3462.297607421875,231475000,2022-11-03 00:00:00+07:00
TLKM.JK,Telkom Indonesia,3411.9977534423247,3529.36376953125,3411.9977534423247,3529.36376953125,201183100,2022-11-04 00:00:00+07:00
TLKM.JK,Telkom Indonesia,3562.8970137266356,3588.046875,3487.447429906542,3588.046875,129868800,2022-11-07 00:00:00+07:00
TLKM.JK,Telkom Indonesia,3579.663751828162,3588.047039303169,3520.9807395031103,3537.747314453125,110546800,2022-11-08 00:00:00+07:00
TLKM.JK,Telkom Indonesia,3520.9804547658114,3546.1303151569955,3504.2138811716886,3512.59716796875,145833200,2022-11-09 00:00:00+07:00
TLKM.JK,Telkom Indonesia,3445.531086654114,3529.3639598087157,3445.531086654114,3495.830810546875,81249200,2022-11-10 00:00:00+07:00
TLKM.JK,Telkom Indonesia,3487.44749623494,3504.2140707360695,3470.6809217338105,3479.064208984375,227799300,2022-11-11 00:00:00+07:00
TLKM.JK,Telkom Indonesia,3428.7643488377703,3453.9142095871916,3378.4646273389276,3395.231201171875,188771200,2022-11-14 00:00:00+07:00
TLKM.JK,Telkom Indonesia,3395.231201171875,3420.3810619212964,3378.4646273389276,3395.231201171875,88570400,2022-11-15 00:00:00+07:00
TLKM.JK,Telkom Indonesia,3353.3147665895062,3411.9977750048224,3319.781618923611,3395.231201171875,149512300,2022-11-16 00:00:00+07:00
TLKM.JK,Telkom Indonesia,3370.081326626315,3411.9977610370897,3370.081326626315,3386.847900390625,68616700,2022-11-17 00:00:00+07:00
TLKM.JK,Telkom Indonesia,3411.9977187159056,3420.3810054940773,3361.697998046875,3361.697998046875,115907900,2022-11-18 00:00:00+07:00
TLKM.JK,Telkom Indonesia,3370.081312761709,3403.614460152373,3361.6980259140432,3378.464599609375,45277400,2022-11-21 00:00:00+07:00
TLKM.JK,Telkom Indonesia,3370.0815161132814,3386.8480908203123,3353.31494140625,3353.31494140625,83888300,2022-11-22 00:00:00+07:00
TLKM.JK,Telkom Indonesia,3344.931613566593,3378.46476257478,3328.1650390625,3328.1650390625,95750400,2022-11-23 00:00:00+07:00
TLKM.JK,Telkom Indonesia,3336.5481653710453,3386.8478864570407,3336.5481653710453,3378.464599609375,50741600,2022-11-24 00:00:00+07:00
TLKM.JK,Telkom Indonesia,3361.6980259140432,3386.8478864570407,3336.5481653710453,3378.464599609375,73305800,2022-11-25 00:00:00+07:00
TLKM.JK,Telkom Indonesia,3378.464776273948,3386.848063559987,3336.54833984375,3336.54833984375,94063100,2022-11-28 00:00:00+07:00
TLKM.JK,Telkom Indonesia,3336.54833984375,3370.081488987908,3336.54833984375,3336.54833984375,94389800,2022-11-29 00:00:00+07:00
TLKM.JK,Telkom Indonesia,3328.16489221554,3395.23118727278,3328.16489221554,3386.847900390625,585687400,2022-11-30 00:00:00+07:00
TLKM.JK,Telkom Indonesia,3370.0814615885415,3386.848036024305,3319.78173828125,3319.78173828125,230066600,2022-12-01 00:00:00+07:00
TLKM.JK,Telkom Indonesia,3311.398504638672,3370.0815161132814,3294.6319299316406,3353.31494140625,113336600,2022-12-02 00:00:00+07:00
TLKM.JK,Telkom Indonesia,3336.548144022624,3344.9314308166504,3202.4155553181968,3219.18212890625,148751200,2022-12-05 00:00:00+07:00
TLKM.JK,Telkom Indonesia,3051.516547309028,3118.582845052083,3001.216824001736,3017.9833984375,416468700,2022-12-06 00:00:00+07:00
TLKM.JK,Telkom Indonesia,3017.9832657523775,3101.816134245499,2992.833405204441,3085.049560546875,278572200,2022-12-07 00:00:00+07:00
TLKM.JK,Telkom Indonesia,3101.8162169430984,3168.8825135256516,3034.749920360545,3135.349365234375,245646400,2022-12-08 00:00:00+07:00
TLKM.JK,Telkom Indonesia,3085.0497645547944,3118.5829141695203,3043.133327536387,3059.89990234375,164606100,2022-12-09 00:00:00+07:00
TLKM.JK,Telkom Indonesia,3076.666301335515,3110.199449033995,3051.5164405616556,3101.816162109375,170545000,2022-12-12 00:00:00+07:00
TLKM.JK,Telkom Indonesia,3093.43318359375,3177.2660611979168,3085.0498958333333,3143.73291015625,231127000,2022-12-13 00:00:00+07:00
TLKM.JK,Telkom Indonesia,3202.4159244791667,3202.4159244791667,3135.349622395833,3143.73291015625,107175700,2022-12-14 00:00:00+07:00
TLKM.JK,Telkom Indonesia,3085.0495465769754,3118.582693822377,3076.666259765625,3076.666259765625,143233600,2022-12-15 00:00:00+07:00
TLKM.JK,Telkom Indonesia,3026.36655260169,3135.349281642748,3026.36655260169,3085.049560546875,310944500,2022-12-16 00:00:00+07:00
TLKM.JK,Telkom Indonesia,3135.349337670111,3177.2657726657008,3085.0496156754034,3118.582763671875,119137700,2022-12-19 00:00:00+07:00
TLKM.JK,Telkom Indonesia,3126.966050670993,3143.7326246692287,3101.816189673639,3118.582763671875,55351300,2022-12-20 00:00:00+07:00
TLKM.JK,Telkom Indonesia,3093.432996603933,3177.265869140625,3076.6664220965945,3177.265869140625,98741000,2022-12-21 00:00:00+07:00
TLKM.JK,Telkom Indonesia,3185.649348958333,3194.03263671875,3135.349622395833,3143.73291015625,68702100,2022-12-22 00:00:00+07:00
TLKM.JK,Telkom Indonesia,3110.199557834201,3168.882568359375,3101.8162706163193,3168.882568359375,45179400,2022-12-23 00:00:00+07:00
TLKM.JK,Telkom Indonesia,3168.8827734375,3185.649348958333,3126.966334635417,3143.73291015625,19216700,2022-12-26 00:00:00+07:00
TLKM.JK,Telkom Indonesia,3160.4993214044043,3219.182332677165,3143.732746755044,3194.032470703125,49816500,2022-12-27 00:00:00+07:00
TLKM.JK,Telkom Indonesia,3185.6490737055965,3194.032360741664,3110.1994903809905,3126.966064453125,65006300,2022-12-28 00:00:00+07:00
TLKM.JK,Telkom Indonesia,3118.582845052083,3177.265855577257,3110.199557834201,3168.882568359375,51703500,2022-12-29 00:00:00+07:00
TLKM.JK,Telkom Indonesia,3152.116197916667,3185.649348958333,3143.73291015625,3143.73291015625,79677300,2022-12-30 00:00:00+07:00
TLKM.JK,Telkom Indonesia,3143.732974403783,3185.6494140625,3143.732974403783,3185.6494140625,7959900,2023-01-02 00:00:00+07:00
TLKM.JK,Telkom Indonesia,3177.2657224032546,3261.098591068248,3160.4991486702556,3235.94873046875,64235000,2023-01-03 00:00:00+07:00
TLKM.JK,Telkom Indonesia,3219.1823462041884,3235.948920924002,3194.0324841244683,3202.415771484375,56785600,2023-01-04 00:00:00+07:00
TLKM.JK,Telkom Indonesia,3185.6491291238394,3202.415703487649,3118.5828316686006,3160.499267578125,135167000,2023-01-05 00:00:00+07:00
TLKM.JK,Telkom Indonesia,3143.7326107385024,3160.499184662441,3110.199462890625,3110.199462890625,65207400,2023-01-06 00:00:00+07:00
TLKM.JK,Telkom Indonesia,3126.9661456186095,3177.265869140625,3126.9661456186095,3177.265869140625,46616400,2023-01-09 00:00:00+07:00
TLKM.JK,Telkom Indonesia,3194.0324974757264,3227.5656470555236,3143.7327731060295,3210.799072265625,80009900,2023-01-10 00:00:00+07:00
TLKM.JK,Telkom Indonesia,3202.4155967377264,3269.4818919573645,3177.265736030362,3244.33203125,75139300,2023-01-11 00:00:00+07:00
TLKM.JK,Telkom Indonesia,3177.2657224032546,3269.4818779347474,3168.882435536755,3235.94873046875,105775500,2023-01-12 00:00:00+07:00
TLKM.JK,Telkom Indonesia,3202.4157172309024,3235.94886610243,3160.4992811414927,3168.882568359375,85780600,2023-01-13 00:00:00+07:00
TLKM.JK,Telkom Indonesia,3168.882661576705,3227.565673828125,3168.882661576705,3227.565673828125,58918700,2023-01-16 00:00:00+07:00
TLKM.JK,Telkom Indonesia,3244.3321400316454,3344.9315862341773,3235.948852848101,3311.3984375,132256600,2023-01-17 00:00:00+07:00
TLKM.JK,Telkom Indonesia,3361.6981328522584,3361.6981328522584,3269.4819745944656,3294.6318359375,94772000,2023-01-18 00:00:00+07:00
TLKM.JK,Telkom Indonesia,3269.481919786311,3336.5482155767995,3252.715345838689,3261.0986328125,109555200,2023-01-19 00:00:00+07:00
TLKM.JK,Telkom Indonesia,3277.8651788598195,3286.248465762274,3227.5654574450905,3244.33203125,88457800,2023-01-20 00:00:00+07:00
TLKM.JK,Telkom Indonesia,3261.09882368608,3277.865398615057,3227.565673828125,3227.565673828125,45504900,2023-01-24 00:00:00+07:00
TLKM.JK,Telkom Indonesia,3227.565415700277,3252.715276082357,3194.03226852417,3219.18212890625,80575100,2023-01-25 00:00:00+07:00
TLKM.JK,Telkom Indonesia,3227.565592037941,3353.3149008186397,3227.565592037941,3328.1650390625,117238000,2023-01-26 00:00:00+07:00
TLKM.JK,Telkom Indonesia,3328.165025499132,3344.9315999348955,3311.3984510633677,3319.78173828125,100769500,2023-01-27 00:00:00+07:00
TLKM.JK,Telkom Indonesia,3319.78173828125,3328.165025499132,3277.86530219184,3319.78173828125,59425300,2023-01-30 00:00:00+07:00
TLKM.JK,Telkom Indonesia,3303.015261008523,3311.3985484730115,3227.565673828125,3227.565673828125,179726700,2023-01-31 00:00:00+07:00
TLKM.JK,Telkom Indonesia,3227.5654574450905,3269.4818919573645,3219.182170542636,3244.33203125,70997300,2023-02-01 00:00:00+07:00
TLKM.JK,Telkom Indonesia,3227.5654849172556,3269.481919786311,3219.182197943445,3261.0986328125,78852300,2023-02-02 00:00:00+07:00
TLKM.JK,Telkom Indonesia,3277.8651928459244,3286.2484797841494,3244.332045093025,3252.71533203125,55154800,2023-02-03 00:00:00+07:00
TLKM.JK,Telkom Indonesia,3235.9487581548,3277.8651928459244,3227.565471216575,3252.71533203125,58861300,2023-02-06 00:00:00+07:00
TLKM.JK,Telkom Indonesia,3252.715717516447,3252.715717516447,3185.6494140625,3185.6494140625,76254900,2023-02-07 00:00:00+07:00
TLKM.JK,Telkom Indonesia,3185.6489817301435,3227.565415700277,3177.2656949361167,3219.18212890625,65856500,2023-02-08 00:00:00+07:00
TLKM.JK,Telkom Indonesia,3219.182277851459,3219.182277851459,3152.11598039622,3160.499267578125,91337300,2023-02-09 00:00:00+07:00
TLKM.JK,Telkom Indonesia,3143.732974403783,3185.6494140625,3093.433246813322,3185.6494140625,88759600,2023-02-10 00:00:00+07:00
TLKM.JK,Telkom Indonesia,3185.649156394294,3194.032443647963,3143.732720125948,3177.265869140625,69004400,2023-02-13 00:00:00+07:00
TLKM.JK,Telkom Indonesia,3210.79927785773,3210.79927785773,3152.1162623355262,3185.6494140625,80331100,2023-02-14 00:00:00+07:00
TLKM.JK,Telkom Indonesia,3194.032443647963,3202.4157309016323,3126.9661456186095,3177.265869140625,59028200,2023-02-15 00:00:00+07:00
TLKM.JK,Telkom Indonesia,3185.6491291238394,3185.6491291238394,3143.732693214315,3160.499267578125,49869900,2023-02-16 00:00:00+07:00
TLKM.JK,Telkom Indonesia,3160.4992539426116,3160.4992539426116,3118.58281821393,3152.115966796875,50369000,2023-02-17 00:00:00+07:00
TLKM.JK,Telkom Indonesia,3152.1160473249342,3202.415771484375,3152.1160473249342,3202.415771484375,57438900,2023-02-20 00:00:00+07:00
TLKM.JK,Telkom Indonesia,3227.565415700277,3244.33198928833,3210.7988421122236,3219.18212890625,63880300,2023-02-21 00:00:00+07:00
TLKM.JK,Telkom Indonesia,3227.5654436022505,3244.3320173352495,3185.6490092697536,3235.94873046875,48505600,2023-02-22 00:00:00+07:00
TLKM.JK,Telkom Indonesia,3311.398464558407,3328.1650390625,3261.098741046127,3328.1650390625,109147100,2023-02-23 00:00:00+07:00
TLKM.JK,Telkom Indonesia,3353.3147528620048,3386.847900390625,3311.39831845123,3386.847900390625,142165700,2023-02-24 00:00:00+07:00
TLKM.JK,Telkom Indonesia,3344.9315999348955,3353.3148871527774,3286.248589409722,3319.78173828125,66461600,2023-02-27 00:00:00+07:00
TLKM.JK,Telkom Indonesia,3294.6317667223743,3328.1649144752737,3252.71533203125,3252.71533203125,115766900,2023-02-28 00:00:00+07:00
TLKM.JK,Telkom Indonesia,3294.6318359375,3344.931558623569,3277.8652617088105,3294.6318359375,47395200,2023-03-01 00:00:00+07:00
TLKM.JK,Telkom Indonesia,3269.4819059076995,3294.6317667223743,3252.71533203125,3252.71533203125,43208800,2023-03-02 00:00:00+07:00
TLKM.JK,Telkom Indonesia,3252.7153595753207,3286.2485076121798,3244.332072566106,3269.48193359375,49796000,2023-03-03 00:00:00+07:00
TLKM.JK,Telkom Indonesia,3303.0150536605993,3311.3983405988242,3244.332045093025,3252.71533203125,50103800,2023-03-06 00:00:00+07:00
TLKM.JK,Telkom Indonesia,3261.098618969475,3277.8651928459244,3227.565471216575,3252.71533203125,59086800,2023-03-07 00:00:00+07:00
TLKM.JK,Telkom Indonesia,3227.5655523774585,3303.01513671875,3227.5655523774585,3303.01513671875,78551000,2023-03-08 00:00:00+07:00
TLKM.JK,Telkom Indonesia,3328.1650390625,3353.3149008186397,3319.7817518104534,3328.1650390625,68725500,2023-03-09 00:00:00+07:00
TLKM.JK,Telkom Indonesia,3319.781564156016,3370.0812848250466,3294.6317038215007,3361.697998046875,76136200,2023-03-10 00:00:00+07:00
TLKM.JK,Telkom Indonesia,3370.0816089527025,3428.7646220439187,3336.5484586148646,3411.998046875,104663300,2023-03-13 00:00:00+07:00
TLKM.JK,Telkom Indonesia,3378.4648303890704,3428.764554910992,3353.3149681281093,3370.08154296875,111430100,2023-03-14 00:00:00+07:00
TLKM.JK,Telkom Indonesia,3395.231145159562,3395.231145159562,3344.9314244905313,3361.697998046875,65025400,2023-03-15 00:00:00+07:00
TLKM.JK,Telkom Indonesia,3386.847914255401,3403.614488088349,3336.548192756559,3395.231201171875,96707900,2023-03-16 00:00:00+07:00
TLKM.JK,Telkom Indonesia,3428.7643488377703,3437.1476357542438,3378.4646273389276,3395.231201171875,232270900,2023-03-17 00:00:00+07:00
TLKM.JK,Telkom Indonesia,3395.2313645441727,3395.2313645441727,3303.015204025689,3344.931640625,105982700,2023-03-20 00:00:00+07:00
TLKM.JK,Telkom Indonesia,3353.315097845874,3453.91455078125,3353.315097845874,3453.91455078125,88808200,2023-03-21 00:00:00+07:00
TLKM.JK,Telkom Indonesia,3437.1479096283783,3453.914484797297,3403.6147592905404,3411.998046875,96214700,2023-03-24 00:00:00+07:00
TLKM.JK,Telkom Indonesia,3437.1476357542438,3453.9142095871916,3378.4646273389276,3395.231201171875,71556400,2023-03-27 00:00:00+07:00
TLKM.JK,Telkom Indonesia,3437.1476357542438,3437.1476357542438,3378.4646273389276,3395.231201171875,87955300,2023-03-28 00:00:00+07:00
TLKM.JK,Telkom Indonesia,3428.7644179925687,3453.9142792492376,3411.9978438214557,3437.147705078125,113504700,2023-03-29 00:00:00+07:00
TLKM.JK,Telkom Indonesia,3395.2312560885925,3462.2975525051575,3386.847969036522,3428.764404296875,87690800,2023-03-30 00:00:00+07:00
TLKM.JK,Telkom Indonesia,3445.5309367062423,3453.914223656866,3386.847928051878,3403.614501953125,93699000,2023-03-31 00:00:00+07:00
TLKM.JK,Telkom Indonesia,3437.1476775524666,3437.1476775524666,3411.9978164972044,3420.381103515625,56896200,2023-04-03 00:00:00+07:00
TLKM.JK,Telkom Indonesia,3420.381075854372,3437.147649755619,3386.847928051878,3403.614501953125,82969200,2023-04-04 00:00:00+07:00
TLKM.JK,Telkom Indonesia,3437.1477727315514,3495.8307834855045,3420.381198230422,3479.064208984375,70419100,2023-04-05 00:00:00+07:00
TLKM.JK,Telkom Indonesia,3520.9805376838235,3579.6635466452203,3495.8306767003673,3562.89697265625,125329700,2023-04-06 00:00:00+07:00
TLKM.JK,Telkom Indonesia,3562.897040788517,3604.8134765625,3512.5973178597383,3604.8134765625,85757900,2023-04-10 00:00:00+07:00
TLKM.JK,Telkom Indonesia,3596.4301894077034,3604.8134765625,3562.897040788517,3604.8134765625,84322900,2023-04-11 00:00:00+07:00
TLKM.JK,Telkom Indonesia,3621.5800645301624,3646.7299260893997,3571.280341411688,3613.19677734375,178923700,2023-04-12 00:00:00+07:00
TLKM.JK,Telkom Indonesia,3638.3466796875,3646.729966967886,3596.43024328557,3638.3466796875,119431600,2023-04-13 00:00:00+07:00
TLKM.JK,Telkom Indonesia,3638.3466796875,3655.113254248272,3621.580105126728,3638.3466796875,117305500,2023-04-14 00:00:00+07:00
TLKM.JK,Telkom Indonesia,3638.346831775102,3638.346831775102,3562.8972430977383,3579.663818359375,59688000,2023-04-17 00:00:00+07:00
TLKM.JK,Telkom Indonesia,3554.5139554669204,3588.047105990193,3546.130667836102,3579.663818359375,65644600,2023-04-18 00:00:00+07:00
TLKM.JK,Telkom Indonesia,3755.7125355113635,3772.4791093306108,3629.96323186701,3688.646240234375,198984100,2023-04-26 00:00:00+07:00
TLKM.JK,Telkom Indonesia,3730.5630634449144,3730.5630634449144,3604.8137466995804,3621.580322265625,58407000,2023-04-27 00:00:00+07:00
TLKM.JK,Telkom Indonesia,3579.6635466452203,3621.579981617647,3537.747111672794,3562.89697265625,112116900,2023-04-28 00:00:00+07:00
TLKM.JK,Telkom Indonesia,3529.3637415628727,3537.747028359934,3462.2974471863813,3512.59716796875,117097400,2023-05-02 00:00:00+07:00
TLKM.JK,Telkom Indonesia,3520.980645237199,3520.980645237199,3420.381198230422,3479.064208984375,158597800,2023-05-03 00:00:00+07:00
TLKM.JK,Telkom Indonesia,3495.8307834855045,3512.597357986634,3470.6809217338105,3479.064208984375,98421300,2023-05-04 00:00:00+07:00
TLKM.JK,Telkom Indonesia,3487.447523231415,3495.830810546875,3420.381224707734,3495.830810546875,113408100,2023-05-05 00:00:00+07:00
TLKM.JK,Telkom Indonesia,3495.8306584099832,3504.2139453606064,3386.847928051878,3403.614501953125,121002600,2023-05-08 00:00:00+07:00
TLKM.JK,Telkom Indonesia,3395.231471706081,3428.7646220439187,3378.464896537162,3411.998046875,105907900,2023-05-09 00:00:00+07:00
TLKM.JK,Telkom Indonesia,3395.2313099415483,3462.297607421875,3386.8480227565074,3462.297607421875,84306600,2023-05-10 00:00:00+07:00
TLKM.JK,Telkom Indonesia,3437.1476913489455,3453.914265453087,3403.6145431406635,3428.764404296875,74171300,2023-05-11 00:00:00+07:00
TLKM.JK,Telkom Indonesia,3395.231350846027,3395.231350846027,3311.398477985631,3336.54833984375,236777600,2023-05-12 00:00:00+07:00
TLKM.JK,Telkom Indonesia,3344.9316271297894,3344.9316271297894,3294.6319034135518,3336.54833984375,113329300,2023-05-15 00:00:00+07:00
TLKM.JK,Telkom Indonesia,3370.081488987908,3370.081488987908,3303.0151906995916,3336.54833984375,68777200,2023-05-16 00:00:00+07:00
TLKM.JK,Telkom Indonesia,3336.548353305138,3370.0815025845864,3319.781778665413,3344.931640625,83183300,2023-05-17 00:00:00+07:00
TLKM.JK,Telkom Indonesia,3344.931680707789,3403.614692650031,3328.1651058671487,3370.08154296875,95986000,2023-05-19 00:00:00+07:00
TLKM.JK,Telkom Indonesia,3353.3147528620048,3420.381047919245,3336.5481790976946,3386.847900390625,115578100,2023-05-22 00:00:00+07:00
TLKM.JK,Telkom Indonesia,3378.46461350847,3420.381047919245,3378.46461350847,3386.847900390625,132751000,2023-05-23 00:00:00+07:00
TLKM.JK,Telkom Indonesia,3370.081487802359,3520.980658897987,3370.081487802359,3487.447509765625,194127500,2023-05-24 00:00:00+07:00
TLKM.JK,Telkom Indonesia,3512.597564993553,3537.747428227397,3453.91455078125,3453.91455078125,122121000,2023-05-25 00:00:00+07:00
TLKM.JK,Telkom Indonesia,3470.680894606916,3487.4474689769977,3445.531033051793,3462.297607421875,62211800,2023-05-26 00:00:00+07:00
TLKM.JK,Telkom Indonesia,3453.914174107143,3520.98046875,3428.7643136160714,3520.98046875,77540300,2023-05-29 00:00:00+07:00
TLKM.JK,Telkom Indonesia,3470.6811262704796,3512.597564993553,3453.91455078125,3453.91455078125,78924700,2023-05-30 00:00:00+07:00
TLKM.JK,Telkom Indonesia,3453.914195447865,3487.447342976485,3386.847900390625,3386.847900390625,1155861400,2023-05-31 00:00:00+07:00
TLKM.JK,Telkom Indonesia,3403.614529478784,3462.2975386077283,3370.081381405101,3420.381103515625,189129300,2023-06-05 00:00:00+07:00
TLKM.JK,Telkom Indonesia,3428.764404296875,3462.2975525051575,3395.2312560885925,3428.764404296875,95792700,2023-06-06 00:00:00+07:00
TLKM.JK,Telkom Indonesia,3437.1477727315514,3479.064208984375,3420.381198230422,3479.064208984375,127707400,2023-06-07 00:00:00+07:00
TLKM.JK,Telkom Indonesia,3487.447523231415,3504.214097862335,3453.914373969574,3495.830810546875,78989700,2023-06-08 00:00:00+07:00
TLKM.JK,Telkom Indonesia,3495.8307834855045,3495.8307834855045,3470.6809217338105,3479.064208984375,83014700,2023-06-09 00:00:00+07:00
TLKM.JK,Telkom Indonesia,3529.3830439814815,3538.119140625,3503.174754050926,3538.119140625,94687300,2023-06-12 00:00:00+07:00
TLKM.JK,Telkom Indonesia,3529.383069362593,3546.855262775279,3520.64697265625,3520.64697265625,69609000,2023-06-13 00:00:00+07:00
TLKM.JK,Telkom Indonesia,3511.9109143066407,3529.383107910156,3485.702623901367,3494.438720703125,110730800,2023-06-14 00:00:00+07:00
TLKM.JK,Telkom Indonesia,3485.702598457906,3529.3830821478546,3476.9665017199163,3511.910888671875,85391800,2023-06-15 00:00:00+07:00
TLKM.JK,Telkom Indonesia,3511.9107060276287,3520.6468023112798,3459.494128325724,3468.230224609375,160978900,2023-06-16 00:00:00+07:00
TLKM.JK,Telkom Indonesia,3459.494140625,3485.702429569129,3450.7580443102906,3459.494140625,54934100,2023-06-19 00:00:00+07:00
TLKM.JK,Telkom Indonesia,3476.966296356125,3485.702392578125,3450.758007690124,3485.702392578125,55155600,2023-06-20 00:00:00+07:00
TLKM.JK,Telkom Indonesia,3468.230455868208,3476.966552734375,3450.7582621358747,3476.966552734375,60191300,2023-06-21 00:00:00+07:00
TLKM.JK,Telkom Indonesia,3476.9663581654504,3485.7024545427503,3442.02197265625,3442.02197265625,56150900,2023-06-22 00:00:00+07:00
TLKM.JK,Telkom Indonesia,3442.022203817247,3459.4943977452535,3442.022203817247,3450.75830078125,41812400,2023-06-23 00:00:00+07:00
TLKM.JK,Telkom Indonesia,3442.0219114681236,3485.702392578125,3442.0219114681236,3485.702392578125,36011500,2023-06-26 00:00:00+07:00
TLKM.JK,Telkom Indonesia,3520.647011108398,3520.647011108398,3485.702623901367,3494.438720703125,64879900,2023-06-27 00:00:00+07:00
TLKM.JK,Telkom Indonesia,3520.647011108398,3520.647011108398,3468.2304302978514,3494.438720703125,75193200,2023-07-03 00:00:00+07:00
TLKM.JK,Telkom Indonesia,3494.438513460327,3503.174609743978,3468.230224609375,3468.230224609375,33974300,2023-07-04 00:00:00+07:00
TLKM.JK,Telkom Indonesia,3468.230455868208,3476.966552734375,3450.7582621358747,3476.966552734375,43303000,2023-07-05 00:00:00+07:00
TLKM.JK,Telkom Indonesia,3468.23023693971,3485.702429569129,3459.494140625,3459.494140625,68088900,2023-07-06 00:00:00+07:00
TLKM.JK,Telkom Indonesia,3459.494140625,3476.966333254419,3450.7580443102906,3459.494140625,50474800,2023-07-07 00:00:00+07:00
TLKM.JK,Telkom Indonesia,3459.4943977452535,3476.9665916732597,3442.022203817247,3450.75830078125,65643300,2023-07-10 00:00:00+07:00
TLKM.JK,Telkom Indonesia,3450.7582621358747,3485.702649600542,3450.7582621358747,3476.966552734375,89768500,2023-07-11 00:00:00+07:00
TLKM.JK,Telkom Indonesia,3476.966552734375,3503.1748433328753,3468.230455868208,3476.966552734375,73770400,2023-07-12 00:00:00+07:00
TLKM.JK,Telkom Indonesia,3459.4941904496172,3468.2302868901465,3415.8137082469702,3424.5498046875,83009900,2023-07-13 00:00:00+07:00
TLKM.JK,Telkom Indonesia,3459.494177898378,3459.494177898378,3424.5497922630407,3433.285888671875,64886900,2023-07-14 00:00:00+07:00
TLKM.JK,Telkom Indonesia,3450.758106592671,3468.230299537444,3415.813720703125,3415.813720703125,81399700,2023-07-17 00:00:00+07:00
TLKM.JK,Telkom Indonesia,3433.285990132914,3433.285990132914,3337.1889267958604,3363.397216796875,135860500,2023-07-18 00:00:00+07:00
TLKM.JK,Telkom Indonesia,3337.1889267958604,3372.13331346388,3328.4528301288556,3363.397216796875,88907600,2023-07-20 00:00:00+07:00
TLKM.JK,Telkom Indonesia,3354.661107512953,3380.8693974153985,3354.661107512953,3372.13330078125,53955100,2023-07-21 00:00:00+07:00
TLKM.JK,Telkom Indonesia,3389.605443709936,3433.285926231971,3380.869347205529,3407.07763671875,80710100,2023-07-24 00:00:00+07:00
TLKM.JK,Telkom Indonesia,3424.549855025773,3424.549855025773,3389.60546875,3389.60546875,66434400,2023-07-25 00:00:00+07:00
TLKM.JK,Telkom Indonesia,3398.341565318943,3407.0776618878867,3345.9249859052834,3389.60546875,86732900,2023-07-26 00:00:00+07:00
TLKM.JK,Telkom Indonesia,3354.6610383064517,3372.1332312142977,3249.827880859375,3249.827880859375,235026400,2023-07-27 00:00:00+07:00
TLKM.JK,Telkom Indonesia,3241.091784405452,3276.0361702211444,3223.619591497606,3249.827880859375,181626700,2023-07-28 00:00:00+07:00
TLKM.JK,Telkom Indonesia,3232.355687951529,3276.0361702211444,3206.1473985897596,3249.827880859375,153583300,2023-07-31 00:00:00+07:00
TLKM.JK,Telkom Indonesia,3232.355891927083,3302.24466796875,3232.355891927083,3276.036376953125,97680500,2023-08-01 00:00:00+07:00
TLKM.JK,Telkom Indonesia,3267.3001116827572,3267.3001116827572,3214.8835323509484,3223.61962890625,121333500,2023-08-02 00:00:00+07:00
TLKM.JK,Telkom Indonesia,3206.1473985897596,3284.7722666750674,3206.1473985897596,3249.827880859375,82013300,2023-08-03 00:00:00+07:00
TLKM.JK,Telkom Indonesia,3249.8279185721544,3258.564015127456,3223.61962890625,3223.61962890625,67746800,2023-08-04 00:00:00+07:00
TLKM.JK,Telkom Indonesia,3232.355738100798,3249.8279312797217,3214.883544921875,3214.883544921875,94909700,2023-08-07 00:00:00+07:00
TLKM.JK,Telkom Indonesia,3214.8837236092495,3284.7725002094503,3214.8837236092495,3258.564208984375,116329400,2023-08-08 00:00:00+07:00
TLKM.JK,Telkom Indonesia,3276.036108204161,3319.716589646883,3267.300011915617,3293.50830078125,129416100,2023-08-09 00:00:00+07:00
TLKM.JK,Telkom Indonesia,3319.716796875,3345.925087376645,3319.716796875,3319.716796875,140158900,2023-08-10 00:00:00+07:00
TLKM.JK,Telkom Indonesia,3345.925074459687,3354.661171259843,3310.9806872590634,3328.452880859375,109714400,2023-08-11 00:00:00+07:00
TLKM.JK,Telkom Indonesia,3328.4528553616597,3345.925048828125,3284.772371695496,3345.925048828125,86871800,2023-08-14 00:00:00+07:00
TLKM.JK,Telkom Indonesia,3319.716528448135,3345.9248168306203,3319.716528448135,3337.188720703125,80015200,2023-08-15 00:00:00+07:00
TLKM.JK,Telkom Indonesia,3310.9806618951943,3345.925048828125,3276.036274962263,3345.925048828125,81507800,2023-08-16 00:00:00+07:00
TLKM.JK,Telkom Indonesia,3310.9805057606795,3319.716602081948,3284.772216796875,3284.772216796875,108780100,2023-08-18 00:00:00+07:00
TLKM.JK,Telkom Indonesia,3284.7722416026068,3302.244434377089,3249.827856053643,3267.300048828125,64449000,2023-08-21 00:00:00+07:00
TLKM.JK,Telkom Indonesia,3267.300279947917,3302.24466796875,3258.564182942708,3276.036376953125,98059600,2023-08-22 00:00:00+07:00
TLKM.JK,Telkom Indonesia,3276.036145215366,3293.508337989848,3258.563952440884,3267.300048828125,84842500,2023-08-23 00:00:00+07:00
TLKM.JK,Telkom Indonesia,3258.563977313298,3293.5083631289904,3249.827880859375,3249.827880859375,82789700,2023-08-24 00:00:00+07:00
TLKM.JK,Telkom Indonesia,3232.355687951529,3258.563977313298,3232.355687951529,3249.827880859375,42049200,2023-08-25 00:00:00+07:00
TLKM.JK,Telkom Indonesia,3258.564002454603,3267.300098975929,3232.355712890625,3232.355712890625,37727500,2023-08-28 00:00:00+07:00
TLKM.JK,Telkom Indonesia,3232.355687951529,3249.827880859375,3232.355687951529,3249.827880859375,53453600,2023-08-29 00:00:00+07:00
TLKM.JK,Telkom Indonesia,3258.5641064581287,3363.3972680599986,3249.8280096579724,3328.452880859375,130027200,2023-08-30 00:00:00+07:00
TLKM.JK,Telkom Indonesia,3328.4529855845763,3337.1890826596014,3232.3559177592997,3258.564208984375,227635800,2023-08-31 00:00:00+07:00
TLKM.JK,Telkom Indonesia,3241.091784405452,3267.300073767221,3241.091784405452,3249.827880859375,82253200,2023-09-01 00:00:00+07:00
TLKM.JK,Telkom Indonesia,3249.82811190935,3276.036403134425,3241.092014834325,3258.564208984375,55881900,2023-09-04 00:00:00+07:00
TLKM.JK,Telkom Indonesia,3258.563952440884,3276.036145215366,3241.091759666402,3267.300048828125,62933300,2023-09-05 00:00:00+07:00
TLKM.JK,Telkom Indonesia,3276.0360838555407,3328.4526611972296,3267.299987631926,3310.98046875,98673400,2023-09-06 00:00:00+07:00
TLKM.JK,Telkom Indonesia,3302.2444094394114,3310.9805057606795,3258.56392783307,3284.772216796875,63054500,2023-09-07 00:00:00+07:00
TLKM.JK,Telkom Indonesia,3293.5084013486617,3293.5084013486617,3206.1474357956467,3223.61962890625,143090100,2023-09-08 00:00:00+07:00
TLKM.JK,Telkom Indonesia,3241.091809411951,3241.091809411951,3214.883519847973,3232.355712890625,76577500,2023-09-11 00:00:00+07:00
TLKM.JK,Telkom Indonesia,3232.355700387466,3267.300086337601,3232.355700387466,3241.091796875,72170600,2023-09-12 00:00:00+07:00
TLKM.JK,Telkom Indonesia,3249.8278933625334,3249.8278933625334,3206.147410924865,3241.091796875,82635900,2023-09-13 00:00:00+07:00
TLKM.JK,Telkom Indonesia,3241.09183469026,3249.8279312797217,3214.883544921875,3214.883544921875,55532900,2023-09-14 00:00:00+07:00
TLKM.JK,Telkom Indonesia,3214.883495043683,3302.2444595829134,3206.1473985897596,3249.827880859375,147757300,2023-09-15 00:00:00+07:00
TLKM.JK,Telkom Indonesia,3232.355738100798,3249.8279312797217,3214.883544921875,3214.883544921875,40645900,2023-09-18 00:00:00+07:00
TLKM.JK,Telkom Indonesia,3223.6198206842746,3267.3003060594,3223.6198206842746,3258.564208984375,38375000,2023-09-19 00:00:00+07:00
TLKM.JK,Telkom Indonesia,3267.3002032582845,3363.3972680599986,3267.3002032582845,3328.452880859375,171751900,2023-09-20 00:00:00+07:00
TLKM.JK,Telkom Indonesia,3328.452880859375,3354.661171259843,3310.9806872590634,3328.452880859375,94880700,2023-09-21 00:00:00+07:00
TLKM.JK,Telkom Indonesia,3345.925010878805,3389.6054940495465,3328.452817610508,3372.13330078125,101185700,2023-09-22 00:00:00+07:00
TLKM.JK,Telkom Indonesia,3328.452685935428,3345.9248785125164,3293.50830078125,3293.50830078125,125817700,2023-09-25 00:00:00+07:00
TLKM.JK,Telkom Indonesia,3293.508313118143,3319.716602081948,3276.0361204756064,3284.772216796875,74734500,2023-09-26 00:00:00+07:00
TLKM.JK,Telkom Indonesia,3276.0361702211444,3302.2444595829134,3249.827880859375,3249.827880859375,83337700,2023-09-27 00:00:00+07:00
TLKM.JK,Telkom Indonesia,3258.564182942708,3319.7168619791664,3258.564182942708,3276.036376953125,66219300,2023-09-29 00:00:00+07:00
TLKM.JK,Telkom Indonesia,3276.036376953125,3302.24466796875,3258.564182942708,3276.036376953125,71945000,2023-10-02 00:00:00+07:00
TLKM.JK,Telkom Indonesia,3276.036108204161,3319.716589646883,3267.300011915617,3293.50830078125,61155100,2023-10-03 00:00:00+07:00
TLKM.JK,Telkom Indonesia,3319.716822709987,3319.716822709987,3267.3002412987767,3302.24462890625,77527700,2023-10-04 00:00:00+07:00
TLKM.JK,Telkom Indonesia,3310.9805560368363,3319.7166524907593,3249.827880859375,3249.827880859375,81258900,2023-10-05 00:00:00+07:00
TLKM.JK,Telkom Indonesia,3302.24462890625,3319.716822709987,3293.508532004382,3302.24462890625,60156100,2023-10-06 00:00:00+07:00
TLKM.JK,Telkom Indonesia,3293.508313118143,3302.2444094394114,3276.0361204756064,3284.772216796875,37711400,2023-10-09 00:00:00+07:00
TLKM.JK,Telkom Indonesia,3302.2445904589076,3337.188977659531,3293.508493658752,3328.452880859375,51167900,2023-10-10 00:00:00+07:00
TLKM.JK,Telkom Indonesia,3302.24462890625,3328.452919611855,3302.24462890625,3302.24462890625,83154300,2023-10-11 00:00:00+07:00
TLKM.JK,Telkom Indonesia,3337.188952094892,3380.8694357610557,3319.7167586284268,3345.925048828125,101645100,2023-10-12 00:00:00+07:00
TLKM.JK,Telkom Indonesia,3337.1889267958604,3363.397216796875,3328.4528301288556,3363.397216796875,48856500,2023-10-13 00:00:00+07:00
TLKM.JK,Telkom Indonesia,3363.3970836882895,3363.3970836882895,3267.300024154338,3284.772216796875,117472800,2023-10-16 00:00:00+07:00
TLKM.JK,Telkom Indonesia,3302.244372526385,3328.4526611972296,3293.5082763027704,3310.98046875,57046900,2023-10-17 00:00:00+07:00
TLKM.JK,Telkom Indonesia,3293.5085709635414,3302.24466796875,3258.564182942708,3276.036376953125,64910600,2023-10-18 00:00:00+07:00
TLKM.JK,Telkom Indonesia,3258.564208984375,3284.7725002094503,3249.82811190935,3258.564208984375,62296900,2023-10-19 00:00:00+07:00
TLKM.JK,Telkom Indonesia,3249.827905933277,3258.564002454603,3223.619616369299,3232.355712890625,38978200,2023-10-20 00:00:00+07:00
TLKM.JK,Telkom Indonesia,3241.091925370066,3249.8280222039475,3153.73095703125,3153.73095703125,69428400,2023-10-23 00:00:00+07:00
TLKM.JK,Telkom Indonesia,3179.9389528039383,3206.147240876498,3144.994568707192,3188.675048828125,67041700,2023-10-24 00:00:00+07:00
TLKM.JK,Telkom Indonesia,3188.6751098632812,3214.8833984374996,3127.522436523437,3144.99462890625,89567900,2023-10-25 00:00:00+07:00
TLKM.JK,Telkom Indonesia,3144.9947804418102,3153.7308770541486,3022.6894278690734,3040.16162109375,141139700,2023-10-26 00:00:00+07:00
TLKM.JK,Telkom Indonesia,3040.161595982143,3083.8420786830357,3005.2172098214287,3057.6337890625,99607000,2023-10-27 00:00:00+07:00
TLKM.JK,Telkom Indonesia,3057.633891858553,3057.633891858553,2961.5368266858554,2987.7451171875,82945500,2023-10-30 00:00:00+07:00
TLKM.JK,Telkom Indonesia,2970.2728358927293,3066.369898230435,2970.2728358927293,3048.897705078125,66801600,2023-10-31 00:00:00+07:00
TLKM.JK,Telkom Indonesia,3144.994604627072,3232.355565866713,3144.994604627072,3162.466796875,154441100,2023-11-01 00:00:00+07:00
TLKM.JK,Telkom Indonesia,3223.6194697427486,3223.6194697427486,3162.466796875,3162.466796875,69582500,2023-11-02 00:00:00+07:00
TLKM.JK,Telkom Indonesia,3136.2585695410976,3171.2029547170428,3092.578088071166,3118.786376953125,85146800,2023-11-03 00:00:00+07:00
TLKM.JK,Telkom Indonesia,3153.7306647313785,3188.675048828125,3144.994568707192,3188.675048828125,66902400,2023-11-06 00:00:00+07:00
TLKM.JK,Telkom Indonesia,3144.9946658350837,3153.73076212907,3101.314184365152,3118.786376953125,103642200,2023-11-07 00:00:00+07:00
TLKM.JK,Telkom Indonesia,3075.10595703125,3092.578149968928,3057.6337640935726,3075.10595703125,103415400,2023-11-08 00:00:00+07:00
TLKM.JK,Telkom Indonesia,3057.6339937809844,3118.786673656604,3057.6339937809844,3083.84228515625,96594900,2023-11-09 00:00:00+07:00
TLKM.JK,Telkom Indonesia,3075.1059198943663,3101.314208984375,3048.8976308043575,3101.314208984375,48619500,2023-11-10 00:00:00+07:00
TLKM.JK,Telkom Indonesia,3118.786439375444,3118.786439375444,3066.3698605624113,3075.10595703125,37975400,2023-11-13 00:00:00+07:00
TLKM.JK,Telkom Indonesia,3057.6337890625,3092.578175223214,3057.6337890625,3057.6337890625,45987000,2023-11-14 00:00:00+07:00
TLKM.JK,Telkom Indonesia,3075.1059198943663,3118.7864017110473,3075.1059198943663,3101.314208984375,114104500,2023-11-15 00:00:00+07:00
TLKM.JK,Telkom Indonesia,3101.314221398305,3101.314221398305,3066.3698358050847,3092.578125,41789400,2023-11-16 00:00:00+07:00
TLKM.JK,Telkom Indonesia,3083.8420162577027,3101.314208984375,3040.161534441021,3101.314208984375,55585600,2023-11-17 00:00:00+07:00
TLKM.JK,Telkom Indonesia,3110.0502562456477,3144.9946411472843,3092.578063794829,3136.258544921875,39932700,2023-11-20 00:00:00+07:00
TLKM.JK,Telkom Indonesia,3136.258508503108,3162.466796875,3127.5224123791436,3162.466796875,68255800,2023-11-21 00:00:00+07:00
TLKM.JK,Telkom Indonesia,3153.73095703125,3171.2031506990133,3136.258763363487,3153.73095703125,34555300,2023-11-22 00:00:00+07:00
TLKM.JK,Telkom Indonesia,3153.730725097656,3171.2029174804684,3136.2585327148436,3144.99462890625,57385100,2023-11-23 00:00:00+07:00
TLKM.JK,Telkom Indonesia,3144.994604627072,3162.466796875,3118.78631625518,3162.466796875,34583700,2023-11-24 00:00:00+07:00
TLKM.JK,Telkom Indonesia,3179.9391585640287,3258.564027869183,3179.9391585640287,3214.883544921875,73888700,2023-11-27 00:00:00+07:00
TLKM.JK,Telkom Indonesia,3214.88343418435,3319.716589646883,3214.88343418435,3293.50830078125,106829100,2023-11-28 00:00:00+07:00
TLKM.JK,Telkom Indonesia,3276.0361702211444,3293.5083631289904,3232.355687951529,3249.827880859375,56467400,2023-11-29 00:00:00+07:00
TLKM.JK,Telkom Indonesia,3276.0361204756064,3337.1887947244845,3267.300024154338,3284.772216796875,258522400,2023-11-30 00:00:00+07:00
TLKM.JK,Telkom Indonesia,3310.9806618951943,3354.6611455613574,3310.9806618951943,3345.925048828125,81037200,2023-12-01 00:00:00+07:00
TLKM.JK,Telkom Indonesia,3354.661171259843,3372.1333648601544,3302.2445904589076,3328.452880859375,118483900,2023-12-04 00:00:00+07:00
TLKM.JK,Telkom Indonesia,3345.9250234628653,3363.397216796875,3319.7167334618507,3363.397216796875,74608900,2023-12-05 00:00:00+07:00
TLKM.JK,Telkom Indonesia,3407.077611806441,3450.758094009088,3380.869322484853,3424.5498046875,149345100,2023-12-06 00:00:00+07:00
TLKM.JK,Telkom Indonesia,3450.758106592671,3450.758106592671,3389.6054312859656,3415.813720703125,91076200,2023-12-07 00:00:00+07:00
TLKM.JK,Telkom Indonesia,3442.02197265625,3442.02197265625,3407.077587147049,3442.02197265625,61476300,2023-12-08 00:00:00+07:00
TLKM.JK,Telkom Indonesia,3380.8694872065407,3476.966552734375,3363.397293474207,3476.966552734375,99365500,2023-12-11 00:00:00+07:00
TLKM.JK,Telkom Indonesia,3442.0220101202844,3450.758106592671,3398.3415277583517,3415.813720703125,58707700,2023-12-12 00:00:00+07:00
TLKM.JK,Telkom Indonesia,3380.869322484853,3424.5498046875,3380.869322484853,3424.5498046875,54386800,2023-12-13 00:00:00+07:00
TLKM.JK,Telkom Indonesia,3389.605394392449,3459.49416541085,3389.605394392449,3442.02197265625,70705300,2023-12-14 00:00:00+07:00
TLKM.JK,Telkom Indonesia,3442.022165269708,3476.966552734375,3407.077777805041,3476.966552734375,109064200,2023-12-15 00:00:00+07:00
TLKM.JK,Telkom Indonesia,3442.0219357584224,3468.230224609375,3433.2858394747714,3468.230224609375,60940400,2023-12-18 00:00:00+07:00
TLKM.JK,Telkom Indonesia,3450.7580320420734,3468.230224609375,3442.0219357584224,3468.230224609375,32984500,2023-12-19 00:00:00+07:00
TLKM.JK,Telkom Indonesia,3459.494140625,3485.702429569129,3459.494140625,3459.494140625,59574800,2023-12-20 00:00:00+07:00
TLKM.JK,Telkom Indonesia,3459.4943977452535,3468.2304947092566,3433.286106853244,3450.75830078125,48242100,2023-12-21 00:00:00+07:00
TLKM.JK,Telkom Indonesia,3476.966333254419,3476.966333254419,3450.7580443102906,3459.494140625,28222700,2023-12-22 00:00:00+07:00
TLKM.JK,Telkom Indonesia,3485.7024545427503,3494.4385509200506,3424.54977990165,3442.02197265625,73157200,2023-12-27 00:00:00+07:00
TLKM.JK,Telkom Indonesia,3459.494140625,3468.23023693971,3442.021947995581,3459.494140625,34024400,2023-12-28 00:00:00+07:00
TLKM.JK,Telkom Indonesia,3459.4943977452535,3476.9665916732597,3442.022203817247,3450.75830078125,27497600,2023-12-29 00:00:00+07:00
TLKM.JK,Telkom Indonesia,3450.758007690124,3485.702392578125,3442.0219114681236,3485.702392578125,23774100,2024-01-02 00:00:00+07:00
TLKM.JK,Telkom Indonesia,3485.702429569129,3485.702429569129,3450.7580443102906,3459.494140625,22018500,2024-01-03 00:00:00+07:00
TLKM.JK,Telkom Indonesia,3476.9663208930256,3485.7024171766766,3459.494128325724,3468.230224609375,33922400,2024-01-04 00:00:00+07:00
TLKM.JK,Telkom Indonesia,3450.7581319539286,3468.230325027113,3389.605456197783,3398.341552734375,69268000,2024-01-05 00:00:00+07:00
TLKM.JK,Telkom Indonesia,3398.341552734375,3424.549842344152,3372.133263124598,3398.341552734375,61064100,2024-01-08 00:00:00+07:00
TLKM.JK,Telkom Indonesia,3433.285851680871,3476.966333254419,3424.5497553661617,3459.494140625,64015400,2024-01-09 00:00:00+07:00
TLKM.JK,Telkom Indonesia,3494.438720703125,3520.647011108398,3476.9665270996093,3494.438720703125,99083600,2024-01-10 00:00:00+07:00
TLKM.JK,Telkom Indonesia,3529.382873688127,3529.382873688127,3485.702392578125,3485.702392578125,36333300,2024-01-11 00:00:00+07:00
TLKM.JK,Telkom Indonesia,3468.230417608323,3503.1748046875,3468.230417608323,3503.1748046875,53685600,2024-01-12 00:00:00+07:00
TLKM.JK,Telkom Indonesia,3529.383107910156,3529.383107910156,3476.9665270996093,3494.438720703125,38339500,2024-01-15 00:00:00+07:00
TLKM.JK,Telkom Indonesia,3511.9109014572946,3520.6469982270887,3476.9665143781176,3503.1748046875,44782300,2024-01-16 00:00:00+07:00
TLKM.JK,Telkom Indonesia,3494.4384888001255,3503.174585022126,3468.2302001341245,3485.702392578125,62728400,2024-01-17 00:00:00+07:00
TLKM.JK,Telkom Indonesia,3485.702688637263,3503.174882565269,3433.286106853244,3450.75830078125,73029300,2024-01-18 00:00:00+07:00
TLKM.JK,Telkom Indonesia,3450.75806903355,3459.49416541085,3398.3414907697493,3442.02197265625,67016100,2024-01-19 00:00:00+07:00
TLKM.JK,Telkom Indonesia,3476.966552734375,3503.1748433328753,3459.4943590020416,3476.966552734375,50643700,2024-01-22 00:00:00+07:00
TLKM.JK,Telkom Indonesia,3494.438785601266,3503.174882565269,3415.8139129252377,3450.75830078125,72595400,2024-01-23 00:00:00+07:00
TLKM.JK,Telkom Indonesia,3450.7580320420734,3476.9663208930256,3433.2858394747714,3468.230224609375,38732000,2024-01-24 00:00:00+07:00
TLKM.JK,Telkom Indonesia,3476.966552734375,3494.4387464667084,3459.4943590020416,3476.966552734375,58541300,2024-01-25 00:00:00+07:00
TLKM.JK,Telkom Indonesia,3442.022165269708,3485.702649600542,3433.2860684035413,3476.966552734375,65272600,2024-01-26 00:00:00+07:00
TLKM.JK,Telkom Indonesia,3494.438707917706,3503.1748046875,3468.230417608323,3503.1748046875,59150000,2024-01-29 00:00:00+07:00
TLKM.JK,Telkom Indonesia,3494.438720703125,3511.9109143066407,3476.9665270996093,3494.438720703125,66906900,2024-01-30 00:00:00+07:00
TLKM.JK,Telkom Indonesia,3494.4385258838383,3511.9107185132575,3459.494140625,3459.494140625,100403700,2024-01-31 00:00:00+07:00
TLKM.JK,Telkom Indonesia,3468.230379916654,3538.119153315478,3468.230379916654,3529.383056640625,105414400,2024-02-01 00:00:00+07:00
TLKM.JK,Telkom Indonesia,3520.6467774661264,3520.6467774661264,3433.285815246123,3485.702392578125,96180000,2024-02-02 00:00:00+07:00
TLKM.JK,Telkom Indonesia,3503.1748433328753,3503.1748433328753,3468.230455868208,3476.966552734375,57789500,2024-02-05 00:00:00+07:00
TLKM.JK,Telkom Indonesia,3468.230455868208,3494.4387464667084,3468.230455868208,3476.966552734375,65167500,2024-02-06 00:00:00+07:00
TLKM.JK,Telkom Indonesia,3503.1748433328753,3511.910940199042,3476.966552734375,3476.966552734375,53084600,2024-02-07 00:00:00+07:00
TLKM.JK,Telkom Indonesia,3494.438720703125,3511.9109143066407,3468.2304302978514,3494.438720703125,85763200,2024-02-12 00:00:00+07:00
TLKM.JK,Telkom Indonesia,3503.1748433328753,3503.1748433328753,3476.966552734375,3476.966552734375,52020300,2024-02-13 00:00:00+07:00
TLKM.JK,Telkom Indonesia,3529.383069362593,3564.3274561879653,3476.9664891245347,3520.64697265625,129347900,2024-02-15 00:00:00+07:00
TLKM.JK,Telkom Indonesia,3538.119005056528,3634.216064453125,3538.119005056528,3634.216064453125,244064200,2024-02-16 00:00:00+07:00
TLKM.JK,Telkom Indonesia,3608.0077755267803,3642.9521607619063,3608.0077755267803,3634.216064453125,82867500,2024-02-19 00:00:00+07:00
TLKM.JK,Telkom Indonesia,3669.160388212589,3677.896484375,3634.2160035629454,3677.896484375,267636700,2024-02-20 00:00:00+07:00
TLKM.JK,Telkom Indonesia,3660.4245733963817,3704.1050575657896,3555.591411389803,3651.6884765625,152787100,2024-02-21 00:00:00+07:00
TLKM.JK,Telkom Indonesia,3608.007862641351,3625.4800556807763,3555.5912835230747,3573.0634765625,93555100,2024-02-22 00:00:00+07:00
TLKM.JK,Telkom Indonesia,3555.5912710794587,3581.799560546875,3529.382981612043,3581.799560546875,87665800,2024-02-23 00:00:00+07:00
TLKM.JK,Telkom Indonesia,3546.8551870033616,3581.7995730822126,3538.119090483649,3573.0634765625,55761700,2024-02-26 00:00:00+07:00
TLKM.JK,Telkom Indonesia,3538.118969910127,3546.8550661321274,3485.702392578125,3485.702392578125,119637000,2024-02-27 00:00:00+07:00
TLKM.JK,Telkom Indonesia,3476.966296356125,3511.910681244126,3450.758007690124,3485.702392578125,77255300,2024-02-28 00:00:00+07:00
TLKM.JK,Telkom Indonesia,3511.9109143066407,3529.383107910156,3450.7582366943357,3494.438720703125,157431900,2024-02-29 00:00:00+07:00
TLKM.JK,Telkom Indonesia,3450.758094009088,3485.702479771205,3372.1332260443237,3424.5498046875,139582000,2024-03-01 00:00:00+07:00
TLKM.JK,Telkom Indonesia,3459.49416541085,3459.49416541085,3407.077587147049,3442.02197265625,81580800,2024-03-04 00:00:00+07:00
TLKM.JK,Telkom Indonesia,3389.6054813670867,3407.07767457001,3372.133288164164,3380.869384765625,100671500,2024-03-05 00:00:00+07:00
TLKM.JK,Telkom Indonesia,3380.869347205529,3424.5498297275644,3372.133250701122,3407.07763671875,83251500,2024-03-06 00:00:00+07:00
TLKM.JK,Telkom Indonesia,3407.07763671875,3433.285926231971,3407.07763671875,3407.07763671875,86888100,2024-03-07 00:00:00+07:00
TLKM.JK,Telkom Indonesia,3407.0776873178434,3415.8137839519914,3354.661107512953,3372.13330078125,101556500,2024-03-08 00:00:00+07:00
TLKM.JK,Telkom Indonesia,3415.813733223157,3415.813733223157,3398.3415402143432,3407.07763671875,106191400,2024-03-13 00:00:00+07:00
TLKM.JK,Telkom Indonesia,3433.285851680871,3476.966333254419,3424.5497553661617,3459.494140625,122570700,2024-03-14 00:00:00+07:00
TLKM.JK,Telkom Indonesia,3494.438513460327,3494.438513460327,3407.077550623819,3468.230224609375,184885900,2024-03-15 00:00:00+07:00
TLKM.JK,Telkom Indonesia,3459.4941904496172,3468.2302868901465,3424.5498046875,3424.5498046875,57508300,2024-03-18 00:00:00+07:00
TLKM.JK,Telkom Indonesia,3476.9663581654504,3476.9663581654504,3442.02197265625,3442.02197265625,51629700,2024-03-19 00:00:00+07:00
TLKM.JK,Telkom Indonesia,3415.8136958542063,3442.0219850807093,3415.8136958542063,3433.285888671875,84777400,2024-03-20 00:00:00+07:00
TLKM.JK,Telkom Indonesia,3433.285938880744,3459.4942284905205,3398.341552734375,3398.341552734375,81520900,2024-03-21 00:00:00+07:00
TLKM.JK,Telkom Indonesia,3407.07763671875,3424.5498297275644,3398.3415402143432,3407.07763671875,44501700,2024-03-22 00:00:00+07:00
TLKM.JK,Telkom Indonesia,3398.341762184777,3398.341762184777,3232.3559177592997,3258.564208984375,313394400,2024-03-25 00:00:00+07:00
TLKM.JK,Telkom Indonesia,3214.883373618785,3214.883373618785,3153.7307007510362,3162.466796875,354086400,2024-03-26 00:00:00+07:00
TLKM.JK,Telkom Indonesia,3153.730863991986,3171.203057144296,3048.897705078125,3048.897705078125,496202800,2024-03-27 00:00:00+07:00
TLKM.JK,Telkom Indonesia,3031.425537109375,3075.106020353026,2996.4811505144544,3031.425537109375,258985200,2024-03-28 00:00:00+07:00
TLKM.JK,Telkom Indonesia,3040.161583533654,3075.105969551282,2987.7450045072114,3066.369873046875,248116300,2024-04-01 00:00:00+07:00
TLKM.JK,Telkom Indonesia,3022.6894153496596,3057.63380165428,2979.0089324688843,3048.897705078125,233017700,2024-04-02 00:00:00+07:00
TLKM.JK,Telkom Indonesia,3013.953407689145,3048.8977950246713,2987.7451171875,2987.7451171875,150265700,2024-04-03 00:00:00+07:00
TLKM.JK,Telkom Indonesia,2979.008740942029,3022.689221014493,2979.008740942029,3013.953125,205184000,2024-04-04 00:00:00+07:00
TLKM.JK,Telkom Indonesia,3005.217297968294,3013.9533947647137,2987.7451043754554,2996.481201171875,116051700,2024-04-05 00:00:00+07:00
TLKM.JK,Telkom Indonesia,2847.9675808545226,2865.4397746020963,2751.870515242867,2813.023193359375,490658200,2024-04-16 00:00:00+07:00
TLKM.JK,Telkom Indonesia,2813.0229736328124,2830.495166015625,2795.55078125,2795.55078125,187876400,2024-04-17 00:00:00+07:00
TLKM.JK,Telkom Indonesia,2786.814864783654,2891.6480258413458,2716.926090745192,2839.2314453125,337490100,2024-04-18 00:00:00+07:00
TLKM.JK,Telkom Indonesia,2821.759132409474,2821.759132409474,2734.398168557788,2751.870361328125,149997000,2024-04-19 00:00:00+07:00
TLKM.JK,Telkom Indonesia,2751.8703366830146,2795.550818217666,2734.398144069154,2769.342529296875,140971800,2024-04-22 00:00:00+07:00
TLKM.JK,Telkom Indonesia,2778.078714087702,2786.814810672883,2690.717748235887,2708.18994140625,312052300,2024-04-23 00:00:00+07:00
TLKM.JK,Telkom Indonesia,2708.1900185032896,2716.9261153371713,2655.7734375,2655.7734375,327330800,2024-04-24 00:00:00+07:00
TLKM.JK,Telkom Indonesia,2629.5651469983554,2673.2456311677633,2612.092953330592,2655.7734375,369525200,2024-04-25 00:00:00+07:00
TLKM.JK,Telkom Indonesia,2603.356629022277,2673.2453975866338,2585.8844368811883,2647.037109375,442527900,2024-04-26 00:00:00+07:00
TLKM.JK,Telkom Indonesia,2647.0372901024757,2699.453870104505,2629.565096768466,2690.7177734375,172773600,2024-04-29 00:00:00+07:00
TLKM.JK,Telkom Indonesia,2725.662047762224,2795.550818217666,2716.925951455294,2769.342529296875,273121800,2024-04-30 00:00:00+07:00
TLKM.JK,Telkom Indonesia,2769.342591897035,2795.5508814102564,2725.662109375,2725.662109375,157637100,2024-05-02 00:00:00+07:00
TLKM.JK,Telkom Indonesia,2778.07888369017,2778.07888369017,2725.662300979035,2760.606689453125,127945300,2024-05-03 00:00:00+07:00
TLKM.JK,Telkom Indonesia,2778.078779777152,2795.550973360656,2655.773424692623,2664.509521484375,221330900,2024-05-06 00:00:00+07:00
TLKM.JK,Telkom Indonesia,2681.9816641699535,2716.9260506737965,2673.245567543993,2699.453857421875,124914600,2024-05-07 00:00:00+07:00
TLKM.JK,Telkom Indonesia,2734.3982567725243,2751.870450106534,2664.5094834364854,2690.7177734375,120622600,2024-05-08 00:00:00+07:00
TLKM.JK,Telkom Indonesia,2681.9816641699535,2708.1899540478357,2655.7733742920714,2699.453857421875,133048300,2024-05-13 00:00:00+07:00
TLKM.JK,Telkom Indonesia,2708.189916366186,2725.662109375,2690.717723357372,2725.662109375,104126800,2024-05-14 00:00:00+07:00
TLKM.JK,Telkom Indonesia,2725.662134576613,2734.3982311617947,2681.9816516507058,2708.18994140625,149143600,2024-05-15 00:00:00+07:00
TLKM.JK,Telkom Indonesia,2743.882806011213,2827.311675112905,2743.882806011213,2790.232177734375,196239200,2024-05-16 00:00:00+07:00
TLKM.JK,Telkom Indonesia,2827.3118769923185,2827.3118769923185,2762.422751946593,2771.692626953125,120345300,2024-05-17 00:00:00+07:00
TLKM.JK,Telkom Indonesia,2734.6131269269963,2780.9625019596574,2734.6131269269963,2771.692626953125,215877500,2024-05-20 00:00:00+07:00
TLKM.JK,Telkom Indonesia,2771.6925359176375,2771.6925359176375,2706.803413003178,2734.613037109375,138864400,2024-05-21 00:00:00+07:00
TLKM.JK,Telkom Indonesia,2762.422761878189,2762.422761878189,2697.533636599171,2725.34326171875,145109200,2024-05-22 00:00:00+07:00
TLKM.JK,Telkom Indonesia,2688.2635867298713,2706.8033356038704,2577.0250934858764,2604.834716796875,246979600,2024-05-27 00:00:00+07:00
TLKM.JK,Telkom Indonesia,2604.8347099677667,2669.7238308566434,2604.8347099677667,2651.18408203125,113093300,2024-05-28 00:00:00+07:00
TLKM.JK,Telkom Indonesia,2641.914214544873,2651.1840889818727,2604.834716796875,2604.834716796875,148952900,2024-05-29 00:00:00+07:00
TLKM.JK,Telkom Indonesia,2604.834716796875,2660.4539634188723,2521.405846863879,2604.834716796875,253471800,2024-05-30 00:00:00+07:00
TLKM.JK,Telkom Indonesia,2632.6444234913793,2706.8034213362066,2604.8347992995687,2688.263671875,411324600,2024-05-31 00:00:00+07:00
TLKM.JK,Telkom Indonesia,2716.0732421875,2753.15274037436,2688.263618547355,2716.0732421875,124570400,2024-06-03 00:00:00+07:00
TLKM.JK,Telkom Indonesia,2762.422652994792,2836.5816503906253,2725.343154296875,2780.96240234375,130203100,2024-06-04 00:00:00+07:00
TLKM.JK,Telkom Indonesia,2780.962297028186,2855.1212916156046,2780.962297028186,2836.58154296875,141157300,2024-06-05 00:00:00+07:00
TLKM.JK,Telkom Indonesia,2873.6611408171107,2873.6611408171107,2808.772018282531,2827.311767578125,107996900,2024-06-06 00:00:00+07:00
TLKM.JK,Telkom Indonesia,2827.311767578125,2864.391266169314,2827.311767578125,2827.311767578125,67191100,2024-06-07 00:00:00+07:00
TLKM.JK,Telkom Indonesia,2827.311675112905,2827.311675112905,2762.4225547004776,2790.232177734375,66983900,2024-06-10 00:00:00+07:00
TLKM.JK,Telkom Indonesia,2743.8828735351562,2762.422622680664,2669.723876953125,2669.723876953125,172688100,2024-06-11 00:00:00+07:00
TLKM.JK,Telkom Indonesia,2678.993842138003,2753.1528412283283,2678.993842138003,2706.803466796875,91584500,2024-06-12 00:00:00+07:00
TLKM.JK,Telkom Indonesia,2725.343282350352,2725.343282350352,2623.374656139965,2632.64453125,95740000,2024-06-13 00:00:00+07:00
TLKM.JK,Telkom Indonesia,2614.1047560747934,2623.374631096335,2502.8662558162914,2521.406005859375,202750500,2024-06-14 00:00:00+07:00
TLKM.JK,Telkom Indonesia,2577.0251387201856,2641.914260918176,2558.48538952076,2623.37451171875,128843500,2024-06-19 00:00:00+07:00
TLKM.JK,Telkom Indonesia,2641.914406360035,2641.914406360035,2595.5650308098593,2632.64453125,55434800,2024-06-20 00:00:00+07:00
TLKM.JK,Telkom Indonesia,2641.914290088718,2743.882911811441,2632.6444153866523,2734.613037109375,184918000,2024-06-21 00:00:00+07:00
TLKM.JK,Telkom Indonesia,2716.0732877052437,2762.422661215572,2697.5335383011125,2734.613037109375,111618800,2024-06-24 00:00:00+07:00
TLKM.JK,Telkom Indonesia,2734.6131269269963,2771.692626953125,2716.073376913932,2771.692626953125,89913400,2024-06-25 00:00:00+07:00
TLKM.JK,Telkom Indonesia,2771.692527669271,2799.5021516927086,2762.422652994792,2780.96240234375,73994000,2024-06-26 00:00:00+07:00
TLKM.JK,Telkom Indonesia,2808.77197265625,2808.77197265625,2771.6924746673885,2808.77197265625,70154600,2024-06-27 00:00:00+07:00
TLKM.JK,Telkom Indonesia,2808.7719586162143,2910.740577575879,2808.7719586162143,2901.470703125,213539300,2024-06-28 00:00:00+07:00
TLKM.JK,Telkom Indonesia,2901.470857194326,2901.470857194326,2855.121482478762,2864.391357421875,134082800,2024-07-01 00:00:00+07:00
TLKM.JK,Telkom Indonesia,2845.851617110403,2864.391367059005,2808.772117213199,2818.0419921875,79024200,2024-07-02 00:00:00+07:00
TLKM.JK,Telkom Indonesia,2818.0418471534654,2827.3117216506807,2799.5020981590346,2808.77197265625,51977100,2024-07-03 00:00:00+07:00
TLKM.JK,Telkom Indonesia,2780.9623099662163,2827.3116817989862,2743.8828125,2743.8828125,93100500,2024-07-04 00:00:00+07:00
TLKM.JK,Telkom Indonesia,2753.1528231387106,2799.502197265625,2743.8829483133277,2799.502197265625,69339200,2024-07-05 00:00:00+07:00
TLKM.JK,Telkom Indonesia,2818.0418399959417,2864.391212364296,2780.962342101258,2855.121337890625,125004600,2024-07-08 00:00:00+07:00
TLKM.JK,Telkom Indonesia,2827.3117144696125,2892.2008357853083,2818.0418399959417,2855.121337890625,118245600,2024-07-09 00:00:00+07:00
TLKM.JK,Telkom Indonesia,2864.391392188736,2947.820267689379,2864.391392188736,2929.280517578125,120007400,2024-07-10 00:00:00+07:00
TLKM.JK,Telkom Indonesia,2966.3598172169814,2966.3598172169814,2929.280319501769,2947.820068359375,126490000,2024-07-11 00:00:00+07:00
TLKM.JK,Telkom Indonesia,2994.1695329180416,3031.249031777708,2975.6297834882084,2984.899658203125,135830300,2024-07-12 00:00:00+07:00
TLKM.JK,Telkom Indonesia,2984.899767911887,2984.899767911887,2901.470892411244,2929.280517578125,100918500,2024-07-15 00:00:00+07:00
TLKM.JK,Telkom Indonesia,2947.8201297883065,2947.8201297883065,2864.3912581905242,2873.6611328125,78769700,2024-07-16 00:00:00+07:00
TLKM.JK,Telkom Indonesia,2957.089981219952,3031.2489776141824,2929.2803575721155,3012.709228515625,167149300,2024-07-17 00:00:00+07:00
TLKM.JK,Telkom Indonesia,3021.9792579341897,3040.519007982866,2957.090132763824,2975.6298828125,98903500,2024-07-18 00:00:00+07:00
TLKM.JK,Telkom Indonesia,2966.3599721337578,2975.629847046676,2892.200972830414,2910.74072265625,138117200,2024-07-19 00:00:00+07:00
TLKM.JK,Telkom Indonesia,2947.8201297883065,2975.629753654234,2864.3912581905242,2873.6611328125,139383000,2024-07-22 00:00:00+07:00
TLKM.JK,Telkom Indonesia,2910.740767466871,2929.280517578125,2873.6612672443634,2929.280517578125,74338000,2024-07-23 00:00:00+07:00
TLKM.JK,Telkom Indonesia,2910.7405375561684,2920.0104118795957,2818.0417943218954,2836.58154296875,98752100,2024-07-24 00:00:00+07:00
TLKM.JK,Telkom Indonesia,2855.121482478762,2864.391357421875,2808.7721077631977,2864.391357421875,67060000,2024-07-25 00:00:00+07:00
TLKM.JK,Telkom Indonesia,2882.9310074344758,2882.9310074344758,2836.581634324597,2873.6611328125,94900300,2024-07-26 00:00:00+07:00
TLKM.JK,Telkom Indonesia,2864.391266169314,2892.200890112705,2818.0418929303282,2827.311767578125,90885600,2024-07-29 00:00:00+07:00
TLKM.JK,Telkom Indonesia,2780.962371826172,2780.962371826172,2669.723876953125,2669.723876953125,321472800,2024-07-30 00:00:00+07:00
TLKM.JK,Telkom Indonesia,2669.723876953125,2706.8033752441406,2632.6443786621094,2669.723876953125,207440800,2024-07-31 00:00:00+07:00
TLKM.JK,Telkom Indonesia,2678.993751525879,2716.0732498168945,2669.723876953125,2669.723876953125,121021800,2024-08-01 00:00:00+07:00
TLKM.JK,Telkom Indonesia,2669.7239309210527,2669.7239309210527,2614.1046823601973,2641.914306640625,105816800,2024-08-02 00:00:00+07:00
TLKM.JK,Telkom Indonesia,2614.10454469086,2623.3744189628137,2558.48529905914,2586.294921875,105246400,2024-08-05 00:00:00+07:00
TLKM.JK,Telkom Indonesia,2595.5647961469535,2632.6442932347672,2586.294921875,2586.294921875,98524200,2024-08-06 00:00:00+07:00
TLKM.JK,Telkom Indonesia,2595.5649864250886,2632.6444862311614,2586.29511147357,2614.104736328125,77263000,2024-08-07 00:00:00+07:00
TLKM.JK,Telkom Indonesia,2595.564932839912,2669.7239309210527,2595.564932839912,2641.914306640625,99533000,2024-08-08 00:00:00+07:00
TLKM.JK,Telkom Indonesia,2651.1841355178885,2669.7238847173144,2623.37451171875,2623.37451171875,80800300,2024-08-09 00:00:00+07:00
TLKM.JK,Telkom Indonesia,2641.9143517258276,2697.5336012358453,2632.644476807491,2660.4541015625,62746600,2024-08-12 00:00:00+07:00
TLKM.JK,Telkom Indonesia,2688.263680441338,2688.263680441338,2632.6444318804824,2641.914306640625,82063600,2024-08-13 00:00:00+07:00
TLKM.JK,Telkom Indonesia,2641.914207618553,2678.99370526934,2641.914207618553,2651.18408203125,70188800,2024-08-14 00:00:00+07:00
TLKM.JK,Telkom Indonesia,2660.4541015625,2669.7239764808364,2614.104726970819,2660.4541015625,79724100,2024-08-15 00:00:00+07:00
TLKM.JK,Telkom Indonesia,2697.5334406672296,2771.692435599662,2688.263566300676,2743.8828125,207060000,2024-08-16 00:00:00+07:00
TLKM.JK,Telkom Indonesia,2743.8828658276448,2753.15274037436,2697.53349309407,2716.0732421875,68692700,2024-08-19 00:00:00+07:00
TLKM.JK,Telkom Indonesia,2771.692481943425,2780.9623564649746,2743.882858378775,2762.422607421875,100434600,2024-08-20 00:00:00+07:00
TLKM.JK,Telkom Indonesia,2762.422706886574,2790.232331452546,2743.882957175926,2753.15283203125,111842200,2024-08-21 00:00:00+07:00
TLKM.JK,Telkom Indonesia,2725.343216569456,2753.1528412283283,2706.803466796875,2706.803466796875,90336300,2024-08-22 00:00:00+07:00
TLKM.JK,Telkom Indonesia,2753.1527865135063,2790.2322853217693,2734.613037109375,2734.613037109375,86092500,2024-08-23 00:00:00+07:00
TLKM.JK,Telkom Indonesia,2725.3431093356753,2771.692481943425,2716.0732348141255,2762.422607421875,88941900,2024-08-26 00:00:00+07:00
TLKM.JK,Telkom Indonesia,2771.692626953125,2780.9625019596574,2734.6131269269963,2771.692626953125,71223800,2024-08-27 00:00:00+07:00
TLKM.JK,Telkom Indonesia,2780.9623564649746,2780.9623564649746,2743.882858378775,2762.422607421875,68736300,2024-08-28 00:00:00+07:00
TLKM.JK,Telkom Indonesia,2762.422600170173,2855.121345142327,2762.422600170173,2808.77197265625,160714800,2024-08-29 00:00:00+07:00
TLKM.JK,Telkom Indonesia,2808.771919998468,2845.8514172921773,2790.2321713516135,2836.58154296875,195809000,2024-08-30 00:00:00+07:00
TLKM.JK,Telkom Indonesia,2864.39134809166,2920.010597569168,2855.1214731787422,2910.74072265625,118928500,2024-09-02 00:00:00+07:00
TLKM.JK,Telkom Indonesia,2910.7405847326504,2920.0104592063212,2855.121337890625,2855.121337890625,82172000,2024-09-03 00:00:00+07:00
TLKM.JK,Telkom Indonesia,2836.5815889432834,2873.6610868379666,2818.0418399959417,2855.121337890625,81041700,2024-09-04 00:00:00+07:00
TLKM.JK,Telkom Indonesia,2855.1214462179223,2864.391321043305,2799.502197265625,2799.502197265625,78989400,2024-09-05 00:00:00+07:00
TLKM.JK,Telkom Indonesia,2790.232367264597,2827.311867161801,2790.232367264597,2818.0419921875,82391200,2024-09-06 00:00:00+07:00
TLKM.JK,Telkom Indonesia,2827.3117216506807,2855.121345142327,2780.962349164604,2808.77197265625,69264400,2024-09-09 00:00:00+07:00
TLKM.JK,Telkom Indonesia,2836.581596147896,2836.581596147896,2799.5020981590346,2808.77197265625,46436100,2024-09-10 00:00:00+07:00
TLKM.JK,Telkom Indonesia,2808.772117213199,2827.311867161801,2799.502242238898,2818.0419921875,62899600,2024-09-11 00:00:00+07:00
TLKM.JK,Telkom Indonesia,2836.581642225922,2845.8515168737194,2827.311767578125,2827.311767578125,85785000,2024-09-12 00:00:00+07:00
TLKM.JK,Telkom Indonesia,2855.121285294413,2892.200782506029,2845.851410991509,2882.930908203125,125032200,2024-09-13 00:00:00+07:00
TLKM.JK,Telkom Indonesia,2892.2009822512136,2901.470857194326,2855.121482478762,2864.391357421875,56181000,2024-09-17 00:00:00+07:00
TLKM.JK,Telkom Indonesia,2892.200927734375,2901.4708025027544,2873.661178197616,2892.200927734375,87120700,2024-09-18 00:00:00+07:00
TLKM.JK,Telkom Indonesia,2910.74072265625,2920.010597569168,2892.200972830414,2910.74072265625,130418300,2024-09-19 00:00:00+07:00
TLKM.JK,Telkom Indonesia,2920.010498046875,2938.5502472408234,2892.2008742559524,2920.010498046875,152477400,2024-09-20 00:00:00+07:00
TLKM.JK,Telkom Indonesia,2920.010543486297,2947.8201677099764,2901.4707940038447,2938.55029296875,82274400,2024-09-23 00:00:00+07:00
TLKM.JK,Telkom Indonesia,2947.820267689379,2947.820267689379,2920.010642522498,2929.280517578125,92256900,2024-09-24 00:00:00+07:00
TLKM.JK,Telkom Indonesia,2873.661213937598,2957.090087890625,2836.5817144029193,2957.090087890625,215241700,2024-09-25 00:00:00+07:00
TLKM.JK,Telkom Indonesia,2938.55029296875,2947.8201677099764,2892.2009192626183,2938.55029296875,120042500,2024-09-26 00:00:00+07:00
TLKM.JK,Telkom Indonesia,2901.4707647605023,2910.7406394082996,2790.2322689869366,2827.311767578125,291217300,2024-09-27 00:00:00+07:00
TLKM.JK,Telkom Indonesia,2808.7721269792537,2808.7721269792537,2771.692626953125,2771.692626953125,150844800,2024-09-30 00:00:00+07:00
TLKM.JK,Telkom Indonesia,2771.6925727894763,2818.0419469163908,2771.6925727894763,2799.502197265625,77208500,2024-10-01 00:00:00+07:00
TLKM.JK,Telkom Indonesia,2734.613091455747,2762.422716114619,2706.803466796875,2706.803466796875,124629400,2024-10-02 00:00:00+07:00
TLKM.JK,Telkom Indonesia,2734.6131469304173,2734.6131469304173,2678.993896484375,2678.993896484375,92510900,2024-10-03 00:00:00+07:00
TLKM.JK,Telkom Indonesia,2688.263626098633,2716.0732498168945,2651.184127807617,2669.723876953125,76757200,2024-10-04 00:00:00+07:00
TLKM.JK,Telkom Indonesia,2697.5335466056035,2697.5335466056035,2660.4540476831894,2688.263671875,84507100,2024-10-07 00:00:00+07:00
TLKM.JK,Telkom Indonesia,2678.9938768878033,2771.692626953125,2660.454126874739,2771.692626953125,135357200,2024-10-08 00:00:00+07:00
TLKM.JK,Telkom Indonesia,2762.422561233108,2790.2321843327704,2743.8828125,2743.8828125,69435900,2024-10-09 00:00:00+07:00
TLKM.JK,Telkom Indonesia,2743.882911811441,2762.422661215572,2725.343162407309,2734.613037109375,57867000,2024-10-10 00:00:00+07:00
TLKM.JK,Telkom Indonesia,2780.962511957908,2780.962511957908,2706.8035116390306,2725.34326171875,40454300,2024-10-11 00:00:00+07:00
TLKM.JK,Telkom Indonesia,2716.07329606681,2753.152794989224,2688.263671875,2688.263671875,66631500,2024-10-14 00:00:00+07:00
TLKM.JK,Telkom Indonesia,2706.8035116390306,2753.1528868383293,2697.533636599171,2725.34326171875,74529600,2024-10-15 00:00:00+07:00
TLKM.JK,Telkom Indonesia,2753.152778320313,2780.96240234375,2716.073279622396,2780.96240234375,163988000,2024-10-16 00:00:00+07:00
TLKM.JK,Telkom Indonesia,2780.962492290296,2836.581742136102,2762.422742341694,2818.0419921875,107040100,2024-10-17 00:00:00+07:00
TLKM.JK,Telkom Indonesia,2827.311759702621,2901.4707566784273,2818.041885080645,2873.6611328125,138783600,2024-10-18 00:00:00+07:00
TLKM.JK,Telkom Indonesia,2873.6611328125,2901.4707566784273,2836.581634324597,2873.6611328125,92240300,2024-10-21 00:00:00+07:00
TLKM.JK,Telkom Indonesia,2836.581549457537,2845.85142380217,2790.232177734375,2790.232177734375,93662500,2024-10-22 00:00:00+07:00
TLKM.JK,Telkom Indonesia,2725.34326171875,2762.422761878189,2716.0733866788905,2725.34326171875,99423700,2024-10-23 00:00:00+07:00
TLKM.JK,Telkom Indonesia,2725.3431707974137,2743.8829202586207,2688.263671875,2688.263671875,72559000,2024-10-24 00:00:00+07:00
TLKM.JK,Telkom Indonesia,2688.2635728763958,2734.6129448225406,2688.2635728763958,2697.533447265625,50694200,2024-10-25 00:00:00+07:00
TLKM.JK,Telkom Indonesia,2706.803466796875,2725.343216569456,2688.263717024294,2706.803466796875,38720700,2024-10-28 00:00:00+07:00
TLKM.JK,Telkom Indonesia,2697.5335466056035,2716.07329606681,2669.723922413793,2688.263671875,67727500,2024-10-29 00:00:00+07:00
TLKM.JK,Telkom Indonesia,2669.723922413793,2688.263671875,2641.914298221983,2688.263671875,123573100,2024-10-30 00:00:00+07:00
TLKM.JK,Telkom Indonesia,2651.1842361341974,2660.454111085716,2614.104736328125,2614.104736328125,139590300,2024-10-31 00:00:00+07:00
TLKM.JK,Telkom Indonesia,2614.1046449949417,2632.6443942502247,2558.4853972290916,2577.025146484375,99364500,2024-11-01 00:00:00+07:00
TLKM.JK,Telkom Indonesia,2577.025191824777,2604.8348161969866,2549.215567452567,2595.56494140625,63112300,2024-11-04 00:00:00+07:00
TLKM.JK,Telkom Indonesia,2595.5649960514443,2604.834871037342,2530.675871150158,2567.75537109375,96721100,2024-11-05 00:00:00+07:00
TLKM.JK,Telkom Indonesia,2577.0250538178607,2595.564802406478,2539.945556640625,2539.945556640625,66808900,2024-11-06 00:00:00+07:00
TLKM.JK,Telkom Indonesia,2558.4853515625,2586.294974949049,2539.945602638134,2558.4853515625,79485800,2024-11-07 00:00:00+07:00
TLKM.JK,Telkom Indonesia,2558.485450994318,2577.0252006392043,2549.215576171875,2549.215576171875,66113200,2024-11-08 00:00:00+07:00
TLKM.JK,Telkom Indonesia,2521.4058143587363,2530.6756886762314,2456.5166941362686,2493.59619140625,108153500,2024-11-11 00:00:00+07:00
TLKM.JK,Telkom Indonesia,2465.7867300180287,2475.0566049429085,2410.16748046875,2410.16748046875,215910600,2024-11-12 00:00:00+07:00
TLKM.JK,Telkom Indonesia,2419.43730979742,2437.9770592977834,2382.3578107966932,2391.627685546875,142812600,2024-11-13 00:00:00+07:00
TLKM.JK,Telkom Indonesia,2363.8180698801875,2400.897569015563,2345.2783203125,2345.2783203125,185269500,2024-11-14 00:00:00+07:00
TLKM.JK,Telkom Indonesia,2317.468598132997,2391.627593273253,2317.468598132997,2354.548095703125,103680400,2024-11-15 00:00:00+07:00
TLKM.JK,Telkom Indonesia,2354.5480891047296,2419.437209670608,2336.0083403716217,2400.8974609375,119481300,2024-11-18 00:00:00+07:00
TLKM.JK,Telkom Indonesia,2419.437277814467,2641.9142688778666,2400.8975285591837,2577.025146484375,275670300,2024-11-19 00:00:00+07:00
TLKM.JK,Telkom Indonesia,2539.9456641353777,2549.2155388220035,2447.246917269123,2484.326416015625,150242900,2024-11-20 00:00:00+07:00
TLKM.JK,Telkom Indonesia,2484.326496220668,2604.834871037342,2484.326496220668,2567.75537109375,128294600,2024-11-21 00:00:00+07:00
TLKM.JK,Telkom Indonesia,2549.215576171875,2586.2950754616477,2521.4059517045453,2549.215576171875,135265300,2024-11-22 00:00:00+07:00
TLKM.JK,Telkom Indonesia,2539.945556640625,2577.0250538178607,2521.4058080520076,2539.945556640625,358617100,2024-11-25 00:00:00+07:00
TLKM.JK,Telkom Indonesia,2567.755233257899,2595.564856722786,2484.326362863238,2512.135986328125,106721000,2024-11-26 00:00:00+07:00
TLKM.JK,Telkom Indonesia,2484.326505773208,2549.2156309240004,2484.326505773208,2521.406005859375,102808400,2024-11-28 00:00:00+07:00
TLKM.JK,Telkom Indonesia,2502.8661118398295,2558.4853587696034,2502.8661118398295,2512.135986328125,103162000,2024-11-29 00:00:00+07:00
TLKM.JK,Telkom Indonesia,2521.405914762127,2530.6757894487523,2484.326416015625,2484.326416015625,66025900,2024-12-02 00:00:00+07:00
TLKM.JK,Telkom Indonesia,2558.485486619016,2623.374611279643,2512.136111861425,2614.104736328125,167603900,2024-12-03 00:00:00+07:00
TLKM.JK,Telkom Indonesia,2614.1047810299297,2641.914406360035,2595.5650308098593,2632.64453125,83412800,2024-12-04 00:00:00+07:00
TLKM.JK,Telkom Indonesia,2632.6444959950363,2632.6444959950363,2530.675871150158,2567.75537109375,96025400,2024-12-05 00:00:00+07:00
TLKM.JK,Telkom Indonesia,2539.945602638134,2577.025100486866,2539.945602638134,2558.4853515625,48179800,2024-12-06 00:00:00+07:00
TLKM.JK,Telkom Indonesia,2558.485305229243,2567.7551795235518,2530.675682346316,2539.945556640625,63671900,2024-12-09 00:00:00+07:00
TLKM.JK,Telkom Indonesia,2567.75537109375,2623.374621009138,2549.215621121954,2567.75537109375,124138200,2024-12-10 00:00:00+07:00
TLKM.JK,Telkom Indonesia,2567.75521231698,2669.7238308566434,2567.75521231698,2651.18408203125,140611400,2024-12-11 00:00:00+07:00
TLKM.JK,Telkom Indonesia,2623.374611279643,2641.9143611826794,2577.025236522052,2614.104736328125,66977700,2024-12-12 00:00:00+07:00
TLKM.JK,Telkom Indonesia,2567.7551733310934,2586.294921875,2549.2154247871863,2586.294921875,77540100,2024-12-13 00:00:00+07:00
TLKM.JK,Telkom Indonesia,2558.4853662476503,2558.4853662476503,2456.5167465783597,2465.78662109375,147655600,2024-12-16 00:00:00+07:00
TLKM.JK,Telkom Indonesia,2437.9771504875357,2456.516900681357,2410.1675251968036,2428.707275390625,113785500,2024-12-17 00:00:00+07:00
TLKM.JK,Telkom Indonesia,2428.707285840224,2465.786786387403,2382.35791015625,2382.35791015625,79565300,2024-12-18 00:00:00+07:00
TLKM.JK,Telkom Indonesia,2326.738570744812,2373.0879446640315,2317.4686959609685,2345.2783203125,123504200,2024-12-19 00:00:00+07:00
TLKM.JK,Telkom Indonesia,2345.278365310968,2382.357865157782,2336.008490349265,2363.818115234375,110308800,2024-12-20 00:00:00+07:00
TLKM.JK,Telkom Indonesia,2391.627721477005,2475.0565954820167,2391.627721477005,2456.516845703125,72113700,2024-12-23 00:00:00+07:00
TLKM.JK,Telkom Indonesia,2484.326310874772,2549.215430934934,2428.707065108919,2539.945556640625,117582400,2024-12-24 00:00:00+07:00
TLKM.JK,Telkom Indonesia,2567.7553258167613,2595.5649502840906,2512.1360768821023,2549.215576171875,92727600,2024-12-27 00:00:00+07:00
TLKM.JK,Telkom Indonesia,2521.4058608164205,2558.4853587696034,2502.8661118398295,2512.135986328125,74279200,2024-12-30 00:00:00+07:00
TLKM.JK,Telkom Indonesia,2512.136085792824,2539.945710358796,2484.3264612268517,2502.8662109375,38776700,2025-01-02 00:00:00+07:00
TLKM.JK,Telkom Indonesia,2539.9457013494316,2567.7553258167613,2530.6758265269887,2549.215576171875,49907500,2025-01-03 00:00:00+07:00
TLKM.JK,Telkom Indonesia,2558.4853116287177,2567.755185946213,2465.786568453764,2493.59619140625,54087800,2025-01-06 00:00:00+07:00
TLKM.JK,Telkom Indonesia,2475.0566615241974,2484.326536660992,2382.35791015625,2382.35791015625,109758000,2025-01-07 00:00:00+07:00
TLKM.JK,Telkom Indonesia,2400.8975963664507,2502.866220150354,2400.8975963664507,2456.516845703125,100688500,2025-01-08 00:00:00+07:00
TLKM.JK,Telkom Indonesia,2493.5964010690004,2502.866276165911,2428.707275390625,2428.707275390625,55206700,2025-01-09 00:00:00+07:00
TLKM.JK,Telkom Indonesia,2447.246917269123,2493.5962907022504,2437.9770425824977,2484.326416015625,54496800,2025-01-10 00:00:00+07:00
TLKM.JK,Telkom Indonesia,2475.056640625,2539.9457660346443,2456.5168905079586,2475.056640625,90816500,2025-01-13 00:00:00+07:00
TLKM.JK,Telkom Indonesia,2475.056650875179,2493.5964010690004,2419.4374002937143,2428.707275390625,53116800,2025-01-14 00:00:00+07:00
TLKM.JK,Telkom Indonesia,2447.2469254990497,2475.0565496524478,2428.707176063451,2437.97705078125,52867900,2025-01-15 00:00:00+07:00
TLKM.JK,Telkom Indonesia,2465.7865815033783,2465.7865815033783,2400.8974609375,2400.8974609375,118890200,2025-01-16 00:00:00+07:00
TLKM.JK,Telkom Indonesia,2437.9769975475797,2484.32637012453,2419.4372485167996,2465.78662109375,107245400,2025-01-17 00:00:00+07:00
TLKM.JK,Telkom Indonesia,2475.05650312051,2493.596252207555,2419.437255859375,2419.437255859375,49752300,2025-01-20 00:00:00+07:00
TLKM.JK,Telkom Indonesia,2437.97705078125,2465.7866749346485,2410.167426627852,2437.97705078125,86549000,2025-01-21 00:00:00+07:00
TLKM.JK,Telkom Indonesia,2484.326407967033,2549.215530563187,2456.516783997253,2530.67578125,128617700,2025-01-22 00:00:00+07:00
TLKM.JK,Telkom Indonesia,2530.6757353047165,2549.2154842813075,2512.135986328125,2512.135986328125,63216100,2025-01-23 00:00:00+07:00
TLKM.JK,Telkom Indonesia,2539.945562993727,2549.215437311222,2493.59619140625,2493.59619140625,49844700,2025-01-24 00:00:00+07:00
TLKM.JK,Telkom Indonesia,2493.596197879676,2512.135946562796,2419.4372031471944,2447.246826171875,89736900,2025-01-30 00:00:00+07:00
TLKM.JK,Telkom Indonesia,2465.78662109375,2512.1359936707004,2465.78662109375,2465.78662109375,83736900,2025-01-31 00:00:00+07:00
TLKM.JK,Telkom Indonesia,2428.707176063451,2437.97705078125,2373.087927756654,2437.97705078125,91801900,2025-02-03 00:00:00+07:00
TLKM.JK,Telkom Indonesia,2447.246826171875,2465.7865748549953,2400.897454464074,2447.246826171875,95311100,2025-02-04 00:00:00+07:00
TLKM.JK,Telkom Indonesia,2410.1675251968036,2447.2470255844464,2400.8976500998924,2428.707275390625,110400300,2025-02-05 00:00:00+07:00
TLKM.JK,Telkom Indonesia,2437.9770126342773,2437.9770126342773,2336.0083923339844,2373.087890625,90471900,2025-02-06 00:00:00+07:00
TLKM.JK,Telkom Indonesia,2363.8179634712837,2400.8974609375,2326.7384660050675,2400.8974609375,105020200,2025-02-07 00:00:00+07:00
TLKM.JK,Telkom Indonesia,2336.00836081583,2363.817984158876,2261.849365234375,2261.849365234375,153328500,2025-02-10 00:00:00+07:00
TLKM.JK,Telkom Indonesia,2252.579457250135,2271.1192058694774,2132.0710912244076,2150.61083984375,254907800,2025-02-11 00:00:00+07:00
TLKM.JK,Telkom Indonesia,2187.690457251764,2298.928955078125,2178.4205824329006,2298.928955078125,173407600,2025-02-12 00:00:00+07:00
TLKM.JK,Telkom Indonesia,2196.9601990250517,2243.3095703125,2141.3409534801135,2243.3095703125,219425500,2025-02-13 00:00:00+07:00
TLKM.JK,Telkom Indonesia,2280.389196825593,2345.2783203125,2261.849447257905,2345.2783203125,156474300,2025-02-14 00:00:00+07:00
TLKM.JK,Telkom Indonesia,2382.357846587559,2456.516845703125,2345.278347029776,2456.516845703125,113998200,2025-02-17 00:00:00+07:00
TLKM.JK,Telkom Indonesia,2465.7866666423743,2512.1360400755016,2437.9770425824977,2484.326416015625,115881200,2025-02-18 00:00:00+07:00
TLKM.JK,Telkom Indonesia,2484.3265156835205,2493.596390742041,2410.1675152153557,2475.056640625,119388200,2025-02-19 00:00:00+07:00
TLKM.JK,Telkom Indonesia,2456.5168905079586,2484.3265156835205,2428.707265332397,2475.056640625,90411700,2025-02-20 00:00:00+07:00
TLKM.JK,Telkom Indonesia,2475.0565954820167,2484.326470371462,2437.9770959242337,2456.516845703125,75110600,2025-02-21 00:00:00+07:00
TLKM.JK,Telkom Indonesia,2437.9771052433894,2447.246980168269,2382.3578556941106,2410.16748046875,42327600,2025-02-24 00:00:00+07:00
TLKM.JK,Telkom Indonesia,2373.087906504065,2391.6276557736282,2280.38916015625,2280.38916015625,111687700,2025-02-25 00:00:00+07:00
TLKM.JK,Telkom Indonesia,2317.468552362351,2336.00830078125,2280.3890555245534,2336.00830078125,65752000,2025-02-26 00:00:00+07:00
TLKM.JK,Telkom Indonesia,2336.0083537274095,2373.087851405622,2252.5794839514306,2308.19873046875,88741400,2025-02-27 00:00:00+07:00
TLKM.JK,Telkom Indonesia,2289.659155792886,2289.659155792886,2178.420654296875,2178.420654296875,249795300,2025-02-28 00:00:00+07:00
TLKM.JK,Telkom Indonesia,2224.77001953125,2243.3097696940104,2196.9603942871095,2224.77001953125,178833400,2025-03-03 00:00:00+07:00
TLKM.JK,Telkom Indonesia,2224.7699743960084,2261.849473969275,2178.420599929425,2206.230224609375,131347800,2025-03-04 00:00:00+07:00
TLKM.JK,Telkom Indonesia,2243.309759646046,2289.6591348453444,2234.039884606186,2271.119384765625,167407400,2025-03-05 00:00:00+07:00
TLKM.JK,Telkom Indonesia,2308.198895263672,2326.7386454264324,2224.77001953125,2224.77001953125,131136100,2025-03-06 00:00:00+07:00
TLKM.JK,Telkom Indonesia,2252.5795442573262,2289.6590429282287,2178.4205469155213,2234.039794921875,182407000,2025-03-07 00:00:00+07:00
TLKM.JK,Telkom Indonesia,2252.5794979079496,2252.5794979079496,2196.960251046025,2215.5,88949400,2025-03-10 00:00:00+07:00
TLKM.JK,Telkom Indonesia,2206.230079361155,2215.499953644185,2178.420456512065,2196.960205078125,102235600,2025-03-11 00:00:00+07:00
TLKM.JK,Telkom Indonesia,2234.039884606186,2308.198884925064,2224.7700095663267,2271.119384765625,98938700,2025-03-12 00:00:00+07:00
TLKM.JK,Telkom Indonesia,2289.659089265046,2308.1988389756943,2243.309714988426,2252.57958984375,66706500,2025-03-13 00:00:00+07:00
TLKM.JK,Telkom Indonesia,2271.119193084969,2298.928815857438,2234.0396960550106,2243.3095703125,107627100,2025-03-14 00:00:00+07:00
TLKM.JK,Telkom Indonesia,2243.3095703125,2271.119193084969,2234.0396960550106,2243.3095703125,58129400,2025-03-17 00:00:00+07:00
TLKM.JK,Telkom Indonesia,2271.119193084969,2289.6589415999483,2132.071079222624,2243.3095703125,139758600,2025-03-18 00:00:00+07:00
TLKM.JK,Telkom Indonesia,2243.309714988426,2261.849464699074,2206.2302155671296,2252.57958984375,96825800,2025-03-19 00:00:00+07:00
TLKM.JK,Telkom Indonesia,2261.8493723849374,2261.8493723849374,2178.4205020920504,2215.5,94823100,2025-03-20 00:00:00+07:00
TLKM.JK,Telkom Indonesia,2196.960312880479,2206.2301876183715,2132.071189715233,2141.341064453125,204534000,2025-03-21 00:00:00+07:00
TLKM.JK,Telkom Indonesia,2150.6109844420603,2187.6904841738196,2076.4519849785406,2159.880859375,105865000,2025-03-24 00:00:00+07:00
TLKM.JK,Telkom Indonesia,2169.150634765625,2187.690383780716,2132.0711367354434,2169.150634765625,107964200,2025-03-25 00:00:00+07:00
TLKM.JK,Telkom Indonesia,2187.6903696529203,2280.389114129739,2178.4204952052382,2261.849365234375,215856700,2025-03-26 00:00:00+07:00
TLKM.JK,Telkom Indonesia,2252.5795442573262,2252.5795442573262,2215.5000455864238,2234.039794921875,120411200,2025-03-27 00:00:00+07:00
TLKM.JK,Telkom Indonesia,1900.3242805847433,2132.0711440706878,1900.3242805847433,2122.80126953125,409973200,2025-04-08 00:00:00+07:00
TLKM.JK,Telkom Indonesia,2261.849331559806,2261.849331559806,2132.0710912244076,2150.61083984375,120363300,2025-04-09 00:00:00+07:00
TLKM.JK,Telkom Indonesia,2271.119405543551,2289.659155792886,2150.6110289228723,2178.420654296875,139327100,2025-04-10 00:00:00+07:00
TLKM.JK,Telkom Indonesia,2150.6109844420603,2178.42060924088,2132.0712345761804,2159.880859375,60214100,2025-04-11 00:00:00+07:00
TLKM.JK,Telkom Indonesia,2150.610966435185,2252.57958984375,2141.341091579861,2252.57958984375,116968600,2025-04-14 00:00:00+07:00
TLKM.JK,Telkom Indonesia,2280.389259805485,2289.6591348453444,2243.309759646046,2271.119384765625,99064500,2025-04-15 00:00:00+07:00
TLKM.JK,Telkom Indonesia,2308.1988298969886,2326.7385795347154,2271.1193306215346,2298.928955078125,121853000,2025-04-16 00:00:00+07:00
TLKM.JK,Telkom Indonesia,2317.468740425858,2465.786739813113,2308.1988654641546,2363.818115234375,195577900,2025-04-17 00:00:00+07:00
TLKM.JK,Telkom Indonesia,2410.1675355666343,2419.437410703429,2326.7386593354818,2382.35791015625,84209300,2025-04-21 00:00:00+07:00
TLKM.JK,Telkom Indonesia,2382.357865157782,2382.357865157782,2336.008490349265,2363.818115234375,44958000,2025-04-22 00:00:00+07:00
TLKM.JK,Telkom Indonesia,2391.627677192253,2447.2469254990497,2382.3578024744534,2437.97705078125,128704200,2025-04-23 00:00:00+07:00
TLKM.JK,Telkom Indonesia,2437.97705078125,2456.516800216849,2410.167426627852,2437.97705078125,75733400,2025-04-24 00:00:00+07:00
TLKM.JK,Telkom Indonesia,2437.9771052433894,2456.516855093149,2382.3578556941106,2410.16748046875,93439600,2025-04-25 00:00:00+07:00
TLKM.JK,Telkom Indonesia,2410.1673889160156,2419.4372634887695,2373.087890625,2373.087890625,51086400,2025-04-28 00:00:00+07:00
TLKM.JK,Telkom Indonesia,2382.3577122043916,2410.167335304054,2373.087837837838,2400.8974609375,56546100,2025-04-29 00:00:00+07:00
TLKM.JK,Telkom Indonesia,2410.1673288056345,2447.246826171875,2410.1673288056345,2447.246826171875,96333300,2025-04-30 00:00:00+07:00
TLKM.JK,Telkom Indonesia,2447.246917269123,2521.405914762127,2428.7071678958723,2484.326416015625,132357600,2025-05-02 00:00:00+07:00
TLKM.JK,Telkom Indonesia,2512.136085792824,2512.136085792824,2475.056586371528,2502.8662109375,85592500,2025-05-05 00:00:00+07:00
TLKM.JK,Telkom Indonesia,2521.405914762127,2530.6757894487523,2484.326416015625,2484.326416015625,76948300,2025-05-06 00:00:00+07:00
TLKM.JK,Telkom Indonesia,2484.3265259720897,2493.5964010690004,2428.707275390625,2428.707275390625,100293700,2025-05-07 00:00:00+07:00
TLKM.JK,Telkom Indonesia,2437.9771609770187,2447.2470361138135,2382.35791015625,2382.35791015625,122965300,2025-05-08 00:00:00+07:00
TLKM.JK,Telkom Indonesia,2382.3578556941106,2437.9771052433894,2382.3578556941106,2410.16748046875,59433500,2025-05-09 00:00:00+07:00
TLKM.JK,Telkom Indonesia,2345.278214738176,2428.707084037162,2345.278214738176,2400.8974609375,132760900,2025-05-14 00:00:00+07:00
TLKM.JK,Telkom Indonesia,2391.6276249706298,2493.59624463992,2391.6276249706298,2465.78662109375,120039700,2025-05-15 00:00:00+07:00
TLKM.JK,Telkom Indonesia,2512.1359337576987,2549.215430934934,2484.326310874772,2539.945556640625,101569600,2025-05-16 00:00:00+07:00
TLKM.JK,Telkom Indonesia,2558.485486619016,2651.1842361341974,2539.9457367159794,2614.104736328125,164194700,2025-05-19 00:00:00+07:00
TLKM.JK,Telkom Indonesia,2623.374425289405,2632.6442995837137,2539.945556640625,2539.945556640625,129805200,2025-05-20 00:00:00+07:00
TLKM.JK,Telkom Indonesia,2512.1360768821023,2577.0252006392043,2493.596327237216,2549.215576171875,120242100,2025-05-21 00:00:00+07:00
TLKM.JK,Telkom Indonesia,2549.215567452567,2641.914315359933,2549.215567452567,2595.56494140625,131277300,2025-05-22 00:00:00+07:00
TLKM.JK,Telkom Indonesia,2512.1359400412407,2521.4058143587363,2493.59619140625,2493.59619140625,141199500,2025-05-23 00:00:00+07:00
TLKM.JK,Telkom Indonesia,2521.4059430803572,2614.104690987723,2502.866193498884,2595.56494140625,186806300,2025-05-26 00:00:00+07:00
TLKM.JK,Telkom Indonesia,2632.6443863184627,2669.7238847173144,2586.2950133198983,2623.37451171875,279180500,2025-05-27 00:00:00+07:00
TLKM.JK,Telkom Indonesia,2651.1842361341974,2660.454111085716,2595.5649864250886,2614.104736328125,531309500,2025-05-28 00:00:00+07:00
TLKM.JK,Telkom Indonesia,2577.025146484375,2614.1046449949417,2549.21552260145,2577.025146484375,211393400,2025-06-02 00:00:00+07:00
TLKM.JK,Telkom Indonesia,2577.025191824777,2623.37456577846,2530.675817871094,2595.56494140625,142896600,2025-06-03 00:00:00+07:00
TLKM.JK,Telkom Indonesia,2604.8348613766066,2651.1842361341974,2604.8348613766066,2614.104736328125,125006700,2025-06-04 00:00:00+07:00
TLKM.JK,Telkom Indonesia,2641.914406360035,2641.914406360035,2614.1047810299297,2632.64453125,95008500,2025-06-05 00:00:00+07:00
TLKM.JK,Telkom Indonesia,2706.803321654854,2706.803321654854,2669.723824097938,2697.533447265625,213564000,2025-06-10 00:00:00+07:00
TLKM.JK,Telkom Indonesia,2750.0,2810.0,2730.0,2800.0,200609800,2025-06-11 00:00:00+07:00
TLKM.JK,Telkom Indonesia,2830.0,2830.0,2750.0,2780.0,97099100,2025-06-12 00:00:00+07:00
TLKM.JK,Telkom Indonesia,2770.0,2770.0,2720.0,2740.0,81111300,2025-06-13 00:00:00+07:00
TLKM.JK,Telkom Indonesia,2740.0,2770.0,2730.0,2740.0,46641000,2025-06-16 00:00:00+07:00
TLKM.JK,Telkom Indonesia,2800.0,2800.0,2760.0,2760.0,59643500,2025-06-17 00:00:00+07:00
TLKM.JK,Telkom Indonesia,2770.0,2800.0,2760.0,2770.0,70757600,2025-06-18 00:00:00+07:00
TLKM.JK,Telkom Indonesia,2740.0,2780.0,2630.0,2690.0,98911200,2025-06-19 00:00:00+07:00
TLKM.JK,Telkom Indonesia,2700.0,2710.0,2640.0,2640.0,243027500,2025-06-20 00:00:00+07:00
TLKM.JK,Telkom Indonesia,2610.0,2610.0,2560.0,2580.0,73554200,2025-06-23 00:00:00+07:00
TLKM.JK,Telkom Indonesia,2600.0,2670.0,2580.0,2590.0,107300200,2025-06-24 00:00:00+07:00
TLKM.JK,Telkom Indonesia,2650.0,2650.0,2560.0,2620.0,79958900,2025-06-25 00:00:00+07:00
TLKM.JK,Telkom Indonesia,2620.0,2710.0,2590.0,2710.0,132868200,2025-06-26 00:00:00+07:00
TLKM.JK,Telkom Indonesia,2780.0,2790.0,2730.0,2780.0,124299500,2025-06-30 00:00:00+07:00
TLKM.JK,Telkom Indonesia,2800.0,2810.0,2760.0,2810.0,73006700,2025-07-01 00:00:00+07:00
TLKM.JK,Telkom Indonesia,2820.0,2820.0,2730.0,2780.0,92321600,2025-07-02 00:00:00+07:00
TLKM.JK,Telkom Indonesia,2780.0,2810.0,2690.0,2710.0,69094400,2025-07-03 00:00:00+07:00
TLKM.JK,Telkom Indonesia,2710.0,2720.0,2620.0,2630.0,53587300,2025-07-04 00:00:00+07:00
TLKM.JK,Telkom Indonesia,2630.0,2700.0,2610.0,2700.0,33446600,2025-07-07 00:00:00+07:00
TLKM.JK,Telkom Indonesia,2680.0,2700.0,2640.0,2650.0,45926000,2025-07-08 00:00:00+07:00
TLKM.JK,Telkom Indonesia,2650.0,2680.0,2640.0,2670.0,44897100,2025-07-09 00:00:00+07:00
TLKM.JK,Telkom Indonesia,2690.0,2710.0,2650.0,2690.0,41108700,2025-07-10 00:00:00+07:00
TLKM.JK,Telkom Indonesia,2710.0,2730.0,2690.0,2730.0,47851300,2025-07-11 00:00:00+07:00
TLKM.JK,Telkom Indonesia,2700.0,2710.0,2640.0,2690.0,60458400,2025-07-14 00:00:00+07:00
TLKM.JK,Telkom Indonesia,2690.0,2690.0,2640.0,2640.0,35309100,2025-07-15 00:00:00+07:00
TLKM.JK,Telkom Indonesia,2660.0,2680.0,2650.0,2650.0,43385900,2025-07-16 00:00:00+07:00
TLKM.JK,Telkom Indonesia,2700.0,2770.0,2660.0,2770.0,102642100,2025-07-17 00:00:00+07:00
TLKM.JK,Telkom Indonesia,2800.0,2800.0,2750.0,2770.0,83762800,2025-07-18 00:00:00+07:00
TLKM.JK,Telkom Indonesia,2800.0,2800.0,2750.0,2800.0,52553200,2025-07-21 00:00:00+07:00
TLKM.JK,Telkom Indonesia,2800.0,2850.0,2800.0,2850.0,108243300,2025-07-22 00:00:00+07:00
TLKM.JK,Telkom Indonesia,2870.0,2870.0,2840.0,2850.0,86077600,2025-07-23 00:00:00+07:00
TLKM.JK,Telkom Indonesia,2860.0,2870.0,2800.0,2840.0,74224200,2025-07-24 00:00:00+07:00
TLKM.JK,Telkom Indonesia,2810.0,2830.0,2780.0,2820.0,41296200,2025-07-25 00:00:00+07:00
TLKM.JK,Telkom Indonesia,2870.0,2870.0,2830.0,2860.0,40193800,2025-07-28 00:00:00+07:00
TLKM.JK,Telkom Indonesia,2870.0,2880.0,2840.0,2880.0,46357400,2025-07-29 00:00:00+07:00
TLKM.JK,Telkom Indonesia,2890.0,2890.0,2850.0,2880.0,99062400,2025-07-30 00:00:00+07:00
TLKM.JK,Telkom Indonesia,2890.0,2930.0,2860.0,2880.0,201065700,2025-07-31 00:00:00+07:00
TLKM.JK,Telkom Indonesia,2960.0,2990.0,2910.0,2980.0,130977000,2025-08-01 00:00:00+07:00
TLKM.JK,Telkom Indonesia,3000.0,3030.0,2990.0,3030.0,96385300,2025-08-04 00:00:00+07:00
TLKM.JK,Telkom Indonesia,3050.0,3050.0,2990.0,3030.0,99396900,2025-08-05 00:00:00+07:00
TLKM.JK,Telkom Indonesia,3000.0,3010.0,2960.0,2990.0,86215200,2025-08-06 00:00:00+07:00
TLKM.JK,Telkom Indonesia,2990.0,2990.0,2930.0,2950.0,46506200,2025-08-07 00:00:00+07:00
TLKM.JK,Telkom Indonesia,2950.0,2960.0,2930.0,2940.0,46945800,2025-08-08 00:00:00+07:00
TLKM.JK,Telkom Indonesia,2990.0,3010.0,2970.0,2990.0,74978300,2025-08-11 00:00:00+07:00
TLKM.JK,Telkom Indonesia,3050.0,3200.0,3010.0,3180.0,217607800,2025-08-12 00:00:00+07:00
TLKM.JK,Telkom Indonesia,3220.0,3420.0,3210.0,3360.0,465722400,2025-08-13 00:00:00+07:00
TLKM.JK,Telkom Indonesia,3370.0,3490.0,3370.0,3420.0,232557200,2025-08-14 00:00:00+07:00
TLKM.JK,Telkom Indonesia,3360.0,3410.0,3310.0,3310.0,182893900,2025-08-15 00:00:00+07:00
TLKM.JK,Telkom Indonesia,3260.0,3330.0,3240.0,3250.0,164921000,2025-08-19 00:00:00+07:00
TLKM.JK,Telkom Indonesia,3220.0,3290.0,3220.0,3220.0,80084600,2025-08-20 00:00:00+07:00
TLKM.JK,Telkom Indonesia,3210.0,3270.0,3210.0,3250.0,63861900,2025-08-21 00:00:00+07:00
TLKM.JK,Telkom Indonesia,3270.0,3290.0,3220.0,3240.0,61351700,2025-08-22 00:00:00+07:00
TLKM.JK,Telkom Indonesia,3280.0,3350.0,3250.0,3310.0,93221500,2025-08-25 00:00:00+07:00
TLKM.JK,Telkom Indonesia,3310.0,3320.0,3230.0,3260.0,227364800,2025-08-26 00:00:00+07:00
TLKM.JK,Telkom Indonesia,3200.0,3250.0,3100.0,3170.0,118158900,2025-08-27 00:00:00+07:00
TLKM.JK,Telkom Indonesia,3160.0,3220.0,3150.0,3180.0,55940600,2025-08-28 00:00:00+07:00
TLKM.JK,Telkom Indonesia,3180.0,3210.0,3100.0,3130.0,72585500,2025-08-29 00:00:00+07:00
TLKM.JK,Telkom Indonesia,3080.0,3110.0,2960.0,3110.0,130027900,2025-09-01 00:00:00+07:00
TLKM.JK,Telkom Indonesia,3120.0,3140.0,3050.0,3070.0,64402900,2025-09-02 00:00:00+07:00
TLKM.JK,Telkom Indonesia,3080.0,3170.0,3070.0,3110.0,113875700,2025-09-03 00:00:00+07:00
TLKM.JK,Telkom Indonesia,3090.0,3170.0,3090.0,3150.0,37223800,2025-09-04 00:00:00+07:00
TLKM.JK,Telkom Indonesia,3300.0,3300.0,3090.0,3090.0,93725000,2025-09-08 00:00:00+07:00
TLKM.JK,Telkom Indonesia,3100.0,3130.0,3000.0,3050.0,104463400,2025-09-09 00:00:00+07:00
TLKM.JK,Telkom Indonesia,3070.0,3180.0,3050.0,3150.0,49840200,2025-09-10 00:00:00+07:00
TLKM.JK,Telkom Indonesia,3180.0,3190.0,3070.0,3080.0,71919900,2025-09-11 00:00:00+07:00
TLKM.JK,Telkom Indonesia,3090.0,3110.0,3050.0,3100.0,61521400,2025-09-12 00:00:00+07:00
TLKM.JK,Telkom Indonesia,3150.0,3260.0,3130.0,3260.0,115361300,2025-09-15 00:00:00+07:00
TLKM.JK,Telkom Indonesia,3300.0,3300.0,3260.0,3300.0,80642900,2025-09-16 00:00:00+07:00
TLKM.JK,Telkom Indonesia,3300.0,3340.0,3210.0,3340.0,73539700,2025-09-17 00:00:00+07:00
TLKM.JK,Telkom Indonesia,3400.0,3400.0,3230.0,3250.0,99501600,2025-09-18 00:00:00+07:00
TLKM.JK,Telkom Indonesia,3210.0,3300.0,3160.0,3230.0,113834400,2025-09-19 00:00:00+07:00
TLKM.JK,Telkom Indonesia,3300.0,3300.0,3190.0,3220.0,53704700,2025-09-22 00:00:00+07:00
TLKM.JK,Telkom Indonesia,3240.0,3260.0,3130.0,3190.0,40100300,2025-09-23 00:00:00+07:00
TLKM.JK,Telkom Indonesia,3190.0,3190.0,3150.0,3160.0,37086500,2025-09-24 00:00:00+07:00
TLKM.JK,Telkom Indonesia,3160.0,3200.0,3110.0,3120.0,37627500,2025-09-25 00:00:00+07:00
TLKM.JK,Telkom Indonesia,3100.0,3160.0,3090.0,3110.0,66789300,2025-09-26 00:00:00+07:00
TLKM.JK,Telkom Indonesia,3110.0,3130.0,3050.0,3080.0,85911300,2025-09-29 00:00:00+07:00
TLKM.JK,Telkom Indonesia,3090.0,3140.0,3060.0,3060.0,117025800,2025-09-30 00:00:00+07:00
TLKM.JK,Telkom Indonesia,3060.0,3100.0,3060.0,3060.0,59779700,2025-10-01 00:00:00+07:00
TLKM.JK,Telkom Indonesia,3070.0,3200.0,3060.0,3130.0,113431700,2025-10-02 00:00:00+07:00
TLKM.JK,Telkom Indonesia,3110.0,3130.0,3050.0,3070.0,59116700,2025-10-03 00:00:00+07:00
TLKM.JK,Telkom Indonesia,3080.0,3090.0,2960.0,3010.0,59707600,2025-10-06 00:00:00+07:00
TLKM.JK,Telkom Indonesia,3030.0,3050.0,3000.0,3010.0,30353000,2025-10-07 00:00:00+07:00
TLKM.JK,Telkom Indonesia,3030.0,3040.0,2940.0,2990.0,66090700,2025-10-08 00:00:00+07:00
TLKM.JK,Telkom Indonesia,2950.0,3020.0,2950.0,3010.0,54769300,2025-10-09 00:00:00+07:00
TLKM.JK,Telkom Indonesia,3030.0,3080.0,3000.0,3040.0,62254500,2025-10-10 00:00:00+07:00
TLKM.JK,Telkom Indonesia,3020.0,3070.0,2980.0,3020.0,46978500,2025-10-13 00:00:00+07:00
TLKM.JK,Telkom Indonesia,3050.0,3070.0,2960.0,2960.0,38518800,2025-10-14 00:00:00+07:00
TLKM.JK,Telkom Indonesia,3000.0,3090.0,2950.0,3080.0,67503700,2025-10-15 00:00:00+07:00
TLKM.JK,Telkom Indonesia,2970.0,3020.0,2900.0,2950.0,103687000,2025-10-16 00:00:00+07:00
TLKM.JK,Telkom Indonesia,2950.0,2960.0,2850.0,2880.0,82482200,2025-10-17 00:00:00+07:00
TLKM.JK,Telkom Indonesia,2930.0,2970.0,2900.0,2940.0,96029300,2025-10-20 00:00:00+07:00
TLKM.JK,Telkom Indonesia,2970.0,3290.0,2970.0,3280.0,223104600,2025-10-21 00:00:00+07:00
TLKM.JK,Telkom Indonesia,3220.0,3220.0,3120.0,3150.0,128796800,2025-10-22 00:00:00+07:00
TLKM.JK,Telkom Indonesia,3180.0,3400.0,3170.0,3360.0,218967200,2025-10-23 00:00:00+07:00
TLKM.JK,Telkom Indonesia,3370.0,3440.0,3290.0,3290.0,115104000,2025-10-24 00:00:00+07:00
TLKM.JK,Telkom Indonesia,3320.0,3360.0,3280.0,3330.0,105683900,2025-10-27 00:00:00+07:00
TLKM.JK,Telkom Indonesia,3330.0,3480.0,3270.0,3400.0,143082100,2025-10-28 00:00:00+07:00
TLKM.JK,Telkom Indonesia,3390.0,3390.0,3270.0,3290.0,93073800,2025-10-29 00:00:00+07:00
TLKM.JK,Telkom Indonesia,3290.0,3310.0,3200.0,3250.0,83523100,2025-10-30 00:00:00+07:00
TLKM.JK,Telkom Indonesia,3200.0,3250.0,3150.0,3210.0,126790400,2025-10-31 00:00:00+07:00
TLKM.JK,Telkom Indonesia,3210.0,3380.0,3210.0,3350.0,107151300,2025-11-03 00:00:00+07:00
TLKM.JK,Telkom Indonesia,3360.0,3590.0,3360.0,3500.0,227450800,2025-11-04 00:00:00+07:00
TLKM.JK,Telkom Indonesia,3600.0,3630.0,3510.0,3540.0,182624300,2025-11-05 00:00:00+07:00
TLKM.JK,Telkom Indonesia,3540.0,3550.0,3470.0,3480.0,71766000,2025-11-06 00:00:00+07:00
TLKM.JK,Telkom Indonesia,3460.0,3490.0,3420.0,3470.0,58917900,2025-11-07 00:00:00+07:00
TLKM.JK,Telkom Indonesia,3490.0,3550.0,3440.0,3440.0,88941900,2025-11-10 00:00:00+07:00
TLKM.JK,Telkom Indonesia,3500.0,3530.0,3470.0,3520.0,63130300,2025-11-11 00:00:00+07:00
TLKM.JK,Telkom Indonesia,3540.0,3590.0,3510.0,3560.0,61339600,2025-11-12 00:00:00+07:00
TLKM.JK,Telkom Indonesia,3570.0,3570.0,3480.0,3500.0,57467900,2025-11-13 00:00:00+07:00
TLKM.JK,Telkom Indonesia,3530.0,3560.0,3510.0,3550.0,55079600,2025-11-14 00:00:00+07:00
TLKM.JK,Telkom Indonesia,3570.0,3630.0,3560.0,3610.0,76833800,2025-11-17 00:00:00+07:00
TLKM.JK,Telkom Indonesia,3610.0,3630.0,3540.0,3620.0,97747000,2025-11-18 00:00:00+07:00
TLKM.JK,Telkom Indonesia,3620.0,3690.0,3620.0,3650.0,109911100,2025-11-19 00:00:00+07:00
TLKM.JK,Telkom Indonesia,3650.0,3660.0,3620.0,3640.0,52200700,2025-11-20 00:00:00+07:00
TLKM.JK,Telkom Indonesia,3590.0,3610.0,3460.0,3500.0,93181600,2025-11-21 00:00:00+07:00
TLKM.JK,Telkom Indonesia,3560.0,3700.0,3540.0,3700.0,241304000,2025-11-24 00:00:00+07:00
TLKM.JK,Telkom Indonesia,3690.0,3690.0,3560.0,3650.0,84816600,2025-11-25 00:00:00+07:00
TLKM.JK,Telkom Indonesia,3600.0,3720.0,3600.0,3720.0,111114600,2025-11-26 00:00:00+07:00
TLKM.JK,Telkom Indonesia,3700.0,3700.0,3560.0,3570.0,48436500,2025-11-27 00:00:00+07:00
TLKM.JK,Telkom Indonesia,3600.0,3630.0,3500.0,3510.0,70943000,2025-11-28 00:00:00+07:00
TLKM.JK,Telkom Indonesia,3530.0,3650.0,3520.0,3650.0,89045500,2025-12-01 00:00:00+07:00
TLKM.JK,Telkom Indonesia,3660.0,3670.0,3560.0,3560.0,62155900,2025-12-02 00:00:00+07:00
TLKM.JK,Telkom Indonesia,3590.0,3650.0,3580.0,3580.0,60429900,2025-12-03 00:00:00+07:00
TLKM.JK,Telkom Indonesia,3660.0,3660.0,3580.0,3630.0,38947500,2025-12-04 00:00:00+07:00
TLKM.JK,Telkom Indonesia,3630.0,3700.0,3610.0,3700.0,50641400,2025-12-05 00:00:00+07:00
TLKM.JK,Telkom Indonesia,3700.0,3700.0,3600.0,3630.0,64911000,2025-12-08 00:00:00+07:00
TLKM.JK,Telkom Indonesia,3650.0,3650.0,3520.0,3570.0,94381800,2025-12-09 00:00:00+07:00
TLKM.JK,Telkom Indonesia,3620.0,3700.0,3590.0,3640.0,68644900,2025-12-10 00:00:00+07:00
TLKM.JK,Telkom Indonesia,3670.0,3690.0,3500.0,3570.0,84823100,2025-12-11 00:00:00+07:00
TLKM.JK,Telkom Indonesia,3630.0,3630.0,3500.0,3550.0,67076200,2025-12-12 00:00:00+07:00
TLKM.JK,Telkom Indonesia,3550.0,3560.0,3460.0,3470.0,121707400,2025-12-15 00:00:00+07:00
TLKM.JK,Telkom Indonesia,3490.0,3550.0,3470.0,3520.0,120576700,2025-12-16 00:00:00+07:00
TLKM.JK,Telkom Indonesia,3540.0,3590.0,3490.0,3500.0,118452300,2025-12-17 00:00:00+07:00
TLKM.JK,Telkom Indonesia,3540.0,3580.0,3460.0,3460.0,111042200,2025-12-18 00:00:00+07:00
TLKM.JK,Telkom Indonesia,3520.0,3520.0,3390.0,3410.0,236770700,2025-12-19 00:00:00+07:00
TLKM.JK,Telkom Indonesia,3440.0,3490.0,3420.0,3470.0,113720300,2025-12-22 00:00:00+07:00
TLKM.JK,Telkom Indonesia,3470.0,3470.0,3420.0,3470.0,39083700,2025-12-23 00:00:00+07:00
TLKM.JK,Telkom Indonesia,3480.0,3500.0,3440.0,3460.0,30919800,2025-12-24 00:00:00+07:00
TLKM.JK,Telkom Indonesia,3480.0,3530.0,3460.0,3490.0,53079900,2025-12-29 00:00:00+07:00
TLKM.JK,Telkom Indonesia,3490.0,3510.0,3480.0,3480.0,48019100,2025-12-30 00:00:00+07:00
ASII.JK,Astra International,4447.918647017045,4447.918647017045,4351.573838778409,4415.8037109375,15008600,2020-01-02 00:00:00+07:00
ASII.JK,Astra International,4447.918606325877,4463.97607421875,4383.688734754383,4463.97607421875,19068800,2020-01-03 00:00:00+07:00
ASII.JK,Astra International,4431.861414930555,4431.861414930555,4335.5166015625,4335.5166015625,22261900,2020-01-06 00:00:00+07:00
ASII.JK,Astra International,4367.631198108856,4383.688665748962,4287.343859908326,4351.57373046875,27963000,2020-01-07 00:00:00+07:00
ASII.JK,Astra International,4303.401327548431,4383.688665748962,4303.401327548431,4351.57373046875,15150400,2020-01-08 00:00:00+07:00
ASII.JK,Astra International,4367.631306818182,4415.8037109375,4335.516370738636,4415.8037109375,19691200,2020-01-09 00:00:00+07:00
ASII.JK,Astra International,4431.861864697803,4447.91933522207,4383.689453125,4383.689453125,17687600,2020-01-10 00:00:00+07:00
ASII.JK,Astra International,4399.745571976534,4447.91796875,4383.688106385379,4447.91796875,29585200,2020-01-13 00:00:00+07:00
ASII.JK,Astra International,4480.033424297691,4608.4931640625,4447.91848935649,4608.4931640625,41214400,2020-01-14 00:00:00+07:00
ASII.JK,Astra International,4592.436330159506,4656.666208902995,4512.1489817301435,4624.55126953125,38535100,2020-01-15 00:00:00+07:00
ASII.JK,Astra International,4576.3779296875,4624.550328947368,4544.262996847588,4576.3779296875,38504400,2020-01-16 00:00:00+07:00
ASII.JK,Astra International,4544.26318359375,4592.43558483326,4496.09078235424,4544.26318359375,26714800,2020-01-17 00:00:00+07:00
ASII.JK,Astra International,4560.320689174107,4576.378156389509,4480.033353097098,4496.0908203125,22389100,2020-01-20 00:00:00+07:00
ASII.JK,Astra International,4512.14794921875,4512.14794921875,4447.918085172932,4512.14794921875,12520300,2020-01-21 00:00:00+07:00
ASII.JK,Astra International,4512.148287527902,4544.263221958705,4480.033353097098,4496.0908203125,20100300,2020-01-22 00:00:00+07:00
ASII.JK,Astra International,4528.205078125,4560.320007757092,4496.090148492908,4528.205078125,18020200,2020-01-23 00:00:00+07:00
ASII.JK,Astra International,4496.0906698028675,4528.205603158602,4480.033203125,4480.033203125,13710000,2020-01-24 00:00:00+07:00
ASII.JK,Astra International,4480.033161376045,4480.033161376045,4303.40102956552,4319.45849609375,17470800,2020-01-27 00:00:00+07:00
ASII.JK,Astra International,4287.344629979396,4383.689453125,4271.287159455129,4383.689453125,23466100,2020-01-28 00:00:00+07:00
ASII.JK,Astra International,4399.746923649268,4399.746923649268,4335.517041552198,4383.689453125,12646100,2020-01-29 00:00:00+07:00
ASII.JK,Astra International,4351.573312205189,4367.630778301887,4255.228515625,4255.228515625,25324800,2020-01-30 00:00:00+07:00
ASII.JK,Astra International,4271.285775252214,4287.343240572712,4078.59619140625,4078.59619140625,66460400,2020-01-31 00:00:00+07:00
ASII.JK,Astra International,4030.4248046875,4126.769620735807,4014.3673353461154,4030.4248046875,34538400,2020-02-03 00:00:00+07:00
ASII.JK,Astra International,4078.5969772338867,4142.826850891113,4046.4820404052734,4110.7119140625,46272800,2020-02-04 00:00:00+07:00
ASII.JK,Astra International,4142.826850891113,4174.941787719727,4046.4820404052734,4110.7119140625,32227100,2020-02-05 00:00:00+07:00
ASII.JK,Astra International,4174.94140625,4190.998873197115,4126.769005408653,4174.94140625,26015800,2020-02-06 00:00:00+07:00
ASII.JK,Astra International,4207.05672454834,4207.05672454834,4110.7119140625,4110.7119140625,13918700,2020-02-07 00:00:00+07:00
ASII.JK,Astra International,4110.711945564516,4110.711945564516,3966.1947287282637,3982.252197265625,45366900,2020-02-10 00:00:00+07:00
ASII.JK,Astra International,4046.4814573194158,4046.4814573194158,3885.9067963146767,3918.021728515625,54325000,2020-02-11 00:00:00+07:00
ASII.JK,Astra International,3901.9644872433973,3918.02195426909,3805.6196850892393,3837.734619140625,51100700,2020-02-12 00:00:00+07:00
ASII.JK,Astra International,3837.734958680738,3869.849895573464,3805.6200217880123,3821.677490234375,33021700,2020-02-13 00:00:00+07:00
ASII.JK,Astra International,3837.7343980132555,3918.0217285156245,3805.6194658123077,3918.021728515625,60901000,2020-02-14 00:00:00+07:00
ASII.JK,Astra International,3950.1366607165724,3966.1941268170463,3885.9067963146767,3918.021728515625,16567600,2020-02-17 00:00:00+07:00
ASII.JK,Astra International,3885.9067963146767,3982.25159291752,3885.9067963146767,3918.021728515625,27960300,2020-02-18 00:00:00+07:00
ASII.JK,Astra International,3966.1940576171874,4014.366455078125,3950.136591796875,4014.366455078125,35186100,2020-02-19 00:00:00+07:00
ASII.JK,Astra International,4030.4248046875,4030.4248046875,3934.0799886391933,4030.4248046875,37995400,2020-02-20 00:00:00+07:00
ASII.JK,Astra International,4030.4246028777093,4046.4820714150705,3950.1372601909025,3982.252197265625,33804700,2020-02-21 00:00:00+07:00
ASII.JK,Astra International,3885.9067963146767,3950.1366607165724,3869.8493302142033,3918.021728515625,34190600,2020-02-24 00:00:00+07:00
ASII.JK,Astra International,3853.792356927711,4030.424506620231,3837.7348887738453,3998.3095703125,40723200,2020-02-25 00:00:00+07:00
ASII.JK,Astra International,3918.0216700025826,3950.1366017239156,3885.90673828125,3885.90673828125,34453700,2020-02-26 00:00:00+07:00
ASII.JK,Astra International,3918.022300912553,3918.022300912553,3821.6774902343755,3821.677490234375,44801100,2020-02-27 00:00:00+07:00
ASII.JK,Astra International,3757.447265625,3757.447265625,3548.7001953125,3548.7001953125,100693900,2020-02-28 00:00:00+07:00
ASII.JK,Astra International,3661.1025390625,3757.4473427220396,3612.9301372327304,3661.1025390625,63765800,2020-03-02 00:00:00+07:00
ASII.JK,Astra International,3757.4473214876853,3837.7346574169096,3709.274919930151,3789.562255859375,53817300,2020-03-03 00:00:00+07:00
ASII.JK,Astra International,3789.5622180635464,3869.849553192011,3773.504751037853,3837.734619140625,43566600,2020-03-04 00:00:00+07:00
ASII.JK,Astra International,3869.849272420584,3885.90673828125,3773.5044772565857,3885.90673828125,40537300,2020-03-05 00:00:00+07:00
ASII.JK,Astra International,3821.6775665955397,3821.6775665955397,3645.04541015625,3645.04541015625,31282500,2020-03-06 00:00:00+07:00
ASII.JK,Astra International,3532.642378925684,3532.642378925684,3227.550537109375,3227.550537109375,87904100,2020-03-09 00:00:00+07:00
ASII.JK,Astra International,3275.7234431887136,3420.2406539176272,3275.7234431887136,3307.83837890625,86444600,2020-03-10 00:00:00+07:00
ASII.JK,Astra International,3307.8384741806403,3323.8959425019057,3243.6086008955795,3291.781005859375,45134700,2020-03-11 00:00:00+07:00
ASII.JK,Astra International,3211.4931561067974,3227.550621887331,3095.8794024869526,3153.686279296875,64824200,2020-03-12 00:00:00+07:00
ASII.JK,Astra International,3153.686279296875,3153.686279296875,3153.686279296875,3153.686279296875,0,2020-03-13 00:00:00+07:00
ASII.JK,Astra International,3063.7646388633575,3063.7646388633575,2909.612958920547,2948.15087890625,55655900,2020-03-16 00:00:00+07:00
ASII.JK,Astra International,2948.151064727569,2954.574051796692,2742.615478515625,2742.615478515625,67166600,2020-03-17 00:00:00+07:00
ASII.JK,Astra International,2755.4613669521837,2793.9992881682983,2556.348774002259,2665.53955078125,61972000,2020-03-18 00:00:00+07:00
ASII.JK,Astra International,2582.040485599498,2582.040485599498,2479.272705078125,2479.272705078125,27066700,2020-03-19 00:00:00+07:00
ASII.JK,Astra International,2498.541516823743,2504.9645027281745,2305.851939690807,2427.888671875,141147800,2020-03-20 00:00:00+07:00
ASII.JK,Astra International,2427.8890145041723,2427.8890145041723,2260.891357421875,2260.891357421875,40318500,2020-03-23 00:00:00+07:00
ASII.JK,Astra International,2293.0061042599564,2318.698049405726,2106.739501953125,2106.739501953125,89502100,2020-03-24 00:00:00+07:00
ASII.JK,Astra International,2068.2020702045925,2363.6595088052486,2068.2020702045925,2325.12158203125,180290700,2020-03-26 00:00:00+07:00
ASII.JK,Astra International,2344.3899625890394,2800.421982709099,2344.3899625890394,2620.578369140625,150312000,2020-03-27 00:00:00+07:00
ASII.JK,Astra International,2620.578484786184,2620.578484786184,2440.73486328125,2440.73486328125,45490800,2020-03-30 00:00:00+07:00
ASII.JK,Astra International,2492.1188701923074,2556.3487379807693,2402.1970552884613,2504.96484375,62534800,2020-03-31 00:00:00+07:00
ASII.JK,Astra International,2492.118920445126,2627.001645520764,2344.3902215527605,2421.466064453125,78042900,2020-04-01 00:00:00+07:00
ASII.JK,Astra International,2357.236452990816,2524.234130859375,2299.429564497853,2524.234130859375,39717300,2020-04-02 00:00:00+07:00
ASII.JK,Astra International,2562.771724759615,2601.3096454326924,2479.2728966346153,2504.96484375,42577100,2020-04-03 00:00:00+07:00
ASII.JK,Astra International,2517.810532335608,2594.8863649581267,2492.118588128102,2588.46337890625,71205800,2020-04-06 00:00:00+07:00
ASII.JK,Astra International,2607.732666015625,2729.769416395666,2543.5027973945503,2607.732666015625,79018000,2020-04-07 00:00:00+07:00
ASII.JK,Astra International,2569.194906655844,2588.463868455763,2447.1581485896913,2472.85009765625,55980400,2020-04-08 00:00:00+07:00
ASII.JK,Astra International,2485.695762578316,2646.270424243582,2485.695762578316,2627.00146484375,53526100,2020-04-09 00:00:00+07:00
ASII.JK,Astra International,2627.0015110825047,2665.5394305604873,2517.8107392282195,2543.502685546875,27520900,2020-04-13 00:00:00+07:00
ASII.JK,Astra International,2543.502685546875,2588.4635916045218,2517.8107392282195,2543.502685546875,64571400,2020-04-14 00:00:00+07:00
ASII.JK,Astra International,2569.1945660176702,2569.1945660176702,2440.7348377167864,2453.580810546875,86149800,2020-04-15 00:00:00+07:00
ASII.JK,Astra International,2427.8893867619126,2427.8893867619126,2325.12158203125,2325.12158203125,61494300,2020-04-16 00:00:00+07:00
ASII.JK,Astra International,2363.659025493421,2466.4268092105262,2363.659025493421,2440.73486328125,78593000,2020-04-17 00:00:00+07:00
ASII.JK,Astra International,2440.7349682879703,2460.003928563928,2382.9280874600972,2389.35107421875,50406600,2020-04-20 00:00:00+07:00
ASII.JK,Astra International,2382.9279456505406,2402.19690477979,2318.6980818863753,2337.967041015625,36590700,2020-04-21 00:00:00+07:00
ASII.JK,Astra International,2312.2750955099586,2350.813013768458,2215.9302998637104,2337.967041015625,76750500,2020-04-22 00:00:00+07:00
ASII.JK,Astra International,2376.5050490359044,2434.3119286070482,2344.3901159408247,2415.04296875,85068700,2020-04-23 00:00:00+07:00
ASII.JK,Astra International,2415.042764290634,2415.042764290634,2318.697973162018,2331.5439453125,49597000,2020-04-24 00:00:00+07:00
ASII.JK,Astra International,2357.2365156723804,2415.043405702493,2293.006637861144,2382.928466796875,45682200,2020-04-27 00:00:00+07:00
ASII.JK,Astra International,2408.6200081728357,2434.3119549266794,2331.544167911305,2402.197021484375,53532700,2020-04-28 00:00:00+07:00
ASII.JK,Astra International,2421.465674092776,2427.888659965701,2344.3898436176746,2370.081787109375,40557200,2020-04-29 00:00:00+07:00
ASII.JK,Astra International,2408.620224989854,2479.2730849228897,2389.3512631899353,2472.85009765625,92257000,2020-04-30 00:00:00+07:00
ASII.JK,Astra International,2408.6203112826784,2408.6203112826784,2318.698486328125,2318.698486328125,71301800,2020-05-04 00:00:00+07:00
ASII.JK,Astra International,2331.5444613216328,2350.813423811894,2299.4295238378636,2318.698486328125,54983300,2020-05-05 00:00:00+07:00
ASII.JK,Astra International,2318.6980818863753,2363.658986521291,2299.4291227571257,2337.967041015625,70425000,2020-05-06 00:00:00+07:00
ASII.JK,Astra International,2370.0820880420706,2402.197021484375,2312.2752078459225,2402.197021484375,63346500,2020-05-08 00:00:00+07:00
ASII.JK,Astra International,2415.0427694515306,2517.810546875,2408.619783362564,2517.810546875,79511800,2020-05-11 00:00:00+07:00
ASII.JK,Astra International,2517.8106746973167,2517.8106746973167,2427.8888648866982,2453.580810546875,58347900,2020-05-12 00:00:00+07:00
ASII.JK,Astra International,2453.5813034098524,2453.5813034098524,2382.928438651977,2395.7744140625,44974600,2020-05-13 00:00:00+07:00
ASII.JK,Astra International,2376.504925212272,2382.92791149663,2267.314158378195,2293.006103515625,80570900,2020-05-14 00:00:00+07:00
ASII.JK,Astra International,2305.852613423391,2389.3514545779985,2286.58365008002,2382.928466796875,65284900,2020-05-15 00:00:00+07:00
ASII.JK,Astra International,2389.3509530850383,2537.0796410445973,2382.927966652014,2511.3876953125,88368200,2020-05-18 00:00:00+07:00
ASII.JK,Astra International,2569.1945213607596,2594.886466574367,2530.656603540348,2537.07958984375,77238800,2020-05-19 00:00:00+07:00
ASII.JK,Astra International,2537.0800504516296,2556.349012860123,2485.6961506956472,2549.926025390625,38965700,2020-05-20 00:00:00+07:00
ASII.JK,Astra International,2549.9257925267034,2800.4222809613166,2549.9257925267034,2781.1533203125,116041900,2020-05-26 00:00:00+07:00
ASII.JK,Astra International,2793.99951171875,2819.691461251796,2710.500675736351,2793.99951171875,68841200,2020-05-27 00:00:00+07:00
ASII.JK,Astra International,2806.8448825113574,2941.727588535931,2793.998910509017,2916.03564453125,86825700,2020-05-28 00:00:00+07:00
ASII.JK,Astra International,2903.1899813286163,3063.7646484375,2871.0750479068397,3063.7646484375,164786500,2020-05-29 00:00:00+07:00
ASII.JK,Astra International,3057.341714290433,3179.3784633902615,2973.8428859589717,3038.07275390625,72425900,2020-06-02 00:00:00+07:00
ASII.JK,Astra International,3050.9189972360687,3179.3787444881136,3005.9580856978528,3140.8408203125,76654100,2020-06-03 00:00:00+07:00
ASII.JK,Astra International,3179.3777876140693,3185.8007730435925,3044.4950935940783,3057.341064453125,82711000,2020-06-04 00:00:00+07:00
ASII.JK,Astra International,3070.187931640625,3227.5511206054684,2999.535071289062,3211.49365234375,63578800,2020-06-05 00:00:00+07:00
ASII.JK,Astra International,3372.0677253381527,3372.0677253381527,3205.0700856071207,3227.550537109375,53808200,2020-06-08 00:00:00+07:00
ASII.JK,Astra International,3275.7235253906247,3291.7809936523436,3198.647677734375,3211.49365234375,43049500,2020-06-09 00:00:00+07:00
ASII.JK,Astra International,3227.550700708763,3227.550700708763,2986.688708118557,3115.1484375,39812900,2020-06-10 00:00:00+07:00
ASII.JK,Astra International,3108.7252721908244,3108.7252721908244,2993.1115223986035,3018.803466796875,53920100,2020-06-11 00:00:00+07:00
ASII.JK,Astra International,2948.1506291590554,3095.8793099230165,2826.1138928757828,3076.6103515625,45837700,2020-06-12 00:00:00+07:00
ASII.JK,Astra International,3083.0335245253164,3115.148457072455,3018.8036594310393,3044.49560546875,42880500,2020-06-15 00:00:00+07:00
ASII.JK,Astra International,3083.0335921780684,3211.4933251854877,3083.0335921780684,3192.224365234375,38736700,2020-06-16 00:00:00+07:00
ASII.JK,Astra International,3205.0703385351167,3211.4933251854877,3153.686445332149,3192.224365234375,24744500,2020-06-17 00:00:00+07:00
ASII.JK,Astra International,3192.2247207641603,3192.2247207641603,3083.033935546875,3083.033935546875,40331900,2020-06-18 00:00:00+07:00
ASII.JK,Astra International,3102.3028961368864,3153.6867950377045,3083.0339340490796,3140.8408203125,62874800,2020-06-19 00:00:00+07:00
ASII.JK,Astra International,3166.532769762909,3172.9557571255114,3115.148870862091,3140.8408203125,25097200,2020-06-22 00:00:00+07:00
ASII.JK,Astra International,3140.8409284319196,3172.9558663504467,3115.1489780970983,3147.263916015625,29490500,2020-06-23 00:00:00+07:00
ASII.JK,Astra International,3160.10975390625,3243.6085888671873,3147.263779296875,3211.49365234375,55421700,2020-06-24 00:00:00+07:00
ASII.JK,Astra International,3209.5042610012756,3262.5539182079083,3182.979432397959,3249.29150390625,34952700,2020-06-25 00:00:00+07:00
ASII.JK,Astra International,3282.4475396603953,3282.4475396603953,3249.29150390625,3249.29150390625,24019200,2020-06-26 00:00:00+07:00
ASII.JK,Astra International,3249.2915649414062,3249.2915649414062,3149.823455810547,3182.9794921875,29368700,2020-06-29 00:00:00+07:00
ASII.JK,Astra International,3209.5043212890623,3236.029150390625,3182.9794921875,3182.9794921875,25197000,2020-06-30 00:00:00+07:00
ASII.JK,Astra International,3182.9796322765073,3222.7668776799637,3163.0860095747794,3189.61083984375,22586000,2020-07-01 00:00:00+07:00
ASII.JK,Astra International,3202.8728779316925,3242.660118651341,3189.6104643584763,3229.397705078125,26575000,2020-07-02 00:00:00+07:00
ASII.JK,Astra International,3236.028874033505,3255.9224941607604,3209.5040471971647,3216.13525390625,20400200,2020-07-03 00:00:00+07:00
ASII.JK,Astra International,3222.766809384685,3249.291639091555,3209.5043945312505,3209.50439453125,17783800,2020-07-06 00:00:00+07:00
ASII.JK,Astra International,3249.2917445086055,3255.9229521504594,3182.979668090062,3202.873291015625,46178600,2020-07-07 00:00:00+07:00
ASII.JK,Astra International,3209.5039181835537,3269.1847761663057,3163.0854730858578,3255.92236328125,45246000,2020-07-08 00:00:00+07:00
ASII.JK,Astra International,3269.185125358737,3315.603575414541,3236.0290896045917,3249.29150390625,33377800,2020-07-09 00:00:00+07:00
ASII.JK,Astra International,3236.0293292248966,3262.554159792314,3202.873291015625,3202.873291015625,23181700,2020-07-10 00:00:00+07:00
ASII.JK,Astra International,3216.1354681521047,3255.922711057079,3216.1354681521047,3249.29150390625,22481400,2020-07-13 00:00:00+07:00
ASII.JK,Astra International,3249.291474313447,3282.447509765625,3236.0290601325755,3282.447509765625,22418400,2020-07-14 00:00:00+07:00
ASII.JK,Astra International,3308.971986878034,3448.2273209951454,3295.7095741049757,3415.0712890625,64249400,2020-07-15 00:00:00+07:00
ASII.JK,Astra International,3415.0717168898814,3547.695861235119,3415.0717168898814,3481.3837890625,72113500,2020-07-16 00:00:00+07:00
ASII.JK,Astra International,3514.5401047926684,3514.5401047926684,3448.22802734375,3448.22802734375,46235300,2020-07-17 00:00:00+07:00
ASII.JK,Astra International,3448.227347579657,3464.80536367379,3332.181234920726,3381.915283203125,24829000,2020-07-20 00:00:00+07:00
ASII.JK,Astra International,3381.915493277616,3614.0077330123545,3381.915493277616,3564.273681640625,51878900,2020-07-21 00:00:00+07:00
ASII.JK,Astra International,3564.2736010281546,3580.8516177771226,3448.2274837853774,3514.53955078125,29493500,2020-07-22 00:00:00+07:00
ASII.JK,Astra International,3514.539996603261,3531.118015455163,3398.4938646399455,3431.64990234375,27787400,2020-07-23 00:00:00+07:00
ASII.JK,Astra International,3431.6498588335394,3431.6498588335394,3315.603728341584,3348.759765625,32338100,2020-07-24 00:00:00+07:00
ASII.JK,Astra International,3365.337616711128,3415.071670160061,3332.181581078506,3398.49365234375,17645200,2020-07-27 00:00:00+07:00
ASII.JK,Astra International,3431.64990234375,3464.8059400475545,3381.9158457880435,3431.64990234375,30210400,2020-07-28 00:00:00+07:00
ASII.JK,Astra International,3431.6504651901173,3464.8065083320507,3348.7603573352835,3365.33837890625,32010100,2020-07-29 00:00:00+07:00
ASII.JK,Astra International,3332.181209230886,3464.805336961468,3315.603193264563,3415.0712890625,32720500,2020-07-30 00:00:00+07:00
ASII.JK,Astra International,3381.9153532434684,3415.0713861184045,3222.7663954437758,3236.02880859375,66053200,2020-08-03 00:00:00+07:00
ASII.JK,Astra International,3249.2913719915573,3289.07861328125,3249.2913719915573,3289.07861328125,32307000,2020-08-04 00:00:00+07:00
ASII.JK,Astra International,3295.7101059715346,3381.9158029084156,3282.447691058168,3348.759765625,22883900,2020-08-05 00:00:00+07:00
ASII.JK,Astra International,3365.337558874103,3464.8056640625,3348.7595413427034,3464.8056640625,45906700,2020-08-06 00:00:00+07:00
ASII.JK,Astra International,3464.805151482894,3514.5391967194905,3381.9150760885664,3497.961181640625,35036700,2020-08-07 00:00:00+07:00
ASII.JK,Astra International,3497.9617592416157,3497.9617592416157,3398.49365234375,3398.49365234375,30588200,2020-08-10 00:00:00+07:00
ASII.JK,Astra International,3431.6496289997012,3481.3836815939,3415.0716114683014,3464.8056640625,19877700,2020-08-11 00:00:00+07:00
ASII.JK,Astra International,3464.8056832772713,3580.851806640625,3431.649648030599,3580.851806640625,31304300,2020-08-12 00:00:00+07:00
ASII.JK,Astra International,3614.0078418872977,3680.3199123806426,3564.273789017289,3580.851806640625,36344700,2020-08-13 00:00:00+07:00
ASII.JK,Astra International,3580.851698764535,3614.0077330123545,3547.6956645167147,3564.273681640625,15337700,2020-08-14 00:00:00+07:00
ASII.JK,Astra International,3531.117647392805,3614.0077330123545,3514.539630268895,3564.273681640625,34974800,2020-08-18 00:00:00+07:00
ASII.JK,Astra International,3597.429634526091,3597.429634526091,3481.3835172833137,3514.53955078125,24870200,2020-08-19 00:00:00+07:00
ASII.JK,Astra International,3514.53955078125,3547.6955842791863,3481.3835172833137,3514.53955078125,20000900,2020-08-24 00:00:00+07:00
ASII.JK,Astra International,3531.1175675302184,3564.2736010281546,3514.53955078125,3514.53955078125,27807900,2020-08-25 00:00:00+07:00
ASII.JK,Astra International,3580.851589880257,3580.851589880257,3497.961506781177,3547.695556640625,29957700,2020-08-26 00:00:00+07:00
ASII.JK,Astra International,3564.2736010281546,3580.8516177771226,3481.3835172833137,3514.53955078125,27491500,2020-08-27 00:00:00+07:00
ASII.JK,Astra International,3514.539658524061,3531.11767578125,3497.961641266872,3531.11767578125,20347900,2020-08-28 00:00:00+07:00
ASII.JK,Astra International,3531.117428050322,3547.695444144455,3381.915283203125,3381.915283203125,42240600,2020-08-31 00:00:00+07:00
ASII.JK,Astra International,3431.649734933036,3481.3837890625005,3381.915680803572,3481.3837890625,20881000,2020-09-01 00:00:00+07:00
ASII.JK,Astra International,3514.53955078125,3547.6955842791863,3448.2274837853774,3514.53955078125,19074500,2020-09-02 00:00:00+07:00
ASII.JK,Astra International,3547.696034307065,3547.696034307065,3398.4938646399455,3431.64990234375,38323300,2020-09-03 00:00:00+07:00
ASII.JK,Astra International,3381.9158029084156,3415.0718401918316,3332.1817469832918,3348.759765625,47966200,2020-09-04 00:00:00+07:00
ASII.JK,Astra International,3348.7596587375624,3365.3376768501244,3282.4475862873137,3332.181640625,37120700,2020-09-07 00:00:00+07:00
ASII.JK,Astra International,3332.181581078506,3398.49365234375,3332.181581078506,3398.49365234375,22790200,2020-09-08 00:00:00+07:00
ASII.JK,Astra International,3332.1815932916134,3332.1815932916134,3249.29150390625,3249.29150390625,62626200,2020-09-09 00:00:00+07:00
ASII.JK,Astra International,3023.83056640625,3056.9866033185995,3023.83056640625,3023.83056640625,142910700,2020-09-10 00:00:00+07:00
ASII.JK,Astra International,2884.574987028381,3116.6672273639983,2858.0501595614537,3070.248779296875,76725700,2020-09-11 00:00:00+07:00
ASII.JK,Astra International,3169.7166939179933,3202.872726281152,3116.667042136939,3176.347900390625,57904800,2020-09-14 00:00:00+07:00
ASII.JK,Astra International,3216.1353197533067,3229.397733443011,3163.0856649944894,3196.24169921875,35809700,2020-09-15 00:00:00+07:00
ASII.JK,Astra International,3216.135243691161,3222.766450379184,3169.716796875,3169.716796875,21529200,2020-09-16 00:00:00+07:00
ASII.JK,Astra International,3163.0859781901045,3236.0292607060187,3163.0859781901045,3222.766845703125,26234600,2020-09-17 00:00:00+07:00
ASII.JK,Astra International,3209.504037003138,3229.397657067207,3156.454383498954,3169.716796875,46011300,2020-09-18 00:00:00+07:00
ASII.JK,Astra International,3176.347915551392,3182.9791220556745,3063.617404978587,3096.7734375,23388100,2020-09-21 00:00:00+07:00
ASII.JK,Astra International,3050.3549919700213,3143.1918830299787,3043.7237854657387,3096.7734375,22893300,2020-09-22 00:00:00+07:00
ASII.JK,Astra International,3103.4048136305346,3136.560847964194,3043.723951829947,3070.248779296875,15696100,2020-09-23 00:00:00+07:00
ASII.JK,Astra International,3063.6173934273097,3083.511012865149,3023.83015455163,3050.35498046875,24393300,2020-09-24 00:00:00+07:00
ASII.JK,Astra International,3056.986658166956,3262.5540907118057,3056.986658166956,3222.766845703125,40064600,2020-09-25 00:00:00+07:00
ASII.JK,Astra International,3229.3968268929652,3255.921646826378,3143.191162109375,3143.191162109375,28967600,2020-09-28 00:00:00+07:00
ASII.JK,Astra International,3156.4543515795954,3182.9791780634573,3023.8302191602847,3030.46142578125,31707100,2020-09-29 00:00:00+07:00
ASII.JK,Astra International,3023.830380290078,3030.4615872643985,2950.8871035725547,2957.518310546875,40490200,2020-09-30 00:00:00+07:00
ASII.JK,Astra International,2977.4123222698618,3076.880439940347,2977.4123222698618,3056.98681640625,32822900,2020-10-01 00:00:00+07:00
ASII.JK,Astra International,3070.2487037675314,3076.879910471133,2997.305430027914,3043.723876953125,33355000,2020-10-02 00:00:00+07:00
ASII.JK,Astra International,3050.3553959361298,3070.2490180835393,3010.5681516413106,3023.83056640625,20624400,2020-10-05 00:00:00+07:00
ASII.JK,Astra International,3083.5115427785104,3090.142750397389,3050.355504684118,3063.617919921875,23682500,2020-10-06 00:00:00+07:00
ASII.JK,Astra International,3061.616850554299,3088.297607421875,3041.6062829036177,3088.297607421875,21814000,2020-10-07 00:00:00+07:00
ASII.JK,Astra International,3094.967524671053,3181.6799768708884,3088.297336040296,3168.339599609375,32946600,2020-10-08 00:00:00+07:00
ASII.JK,Astra International,3148.328570015823,3175.0093206091774,3134.9881947191457,3161.6689453125,19525000,2020-10-09 00:00:00+07:00
ASII.JK,Astra International,3195.0202205576793,3208.3605972614696,3134.988525390625,3134.988525390625,23749400,2020-10-12 00:00:00+07:00
ASII.JK,Astra International,3134.9881947191457,3168.339132960839,3101.637256477453,3161.6689453125,25032100,2020-10-13 00:00:00+07:00
ASII.JK,Astra International,3141.6589289621693,3241.7117610947225,3141.6589289621693,3215.031005859375,50174100,2020-10-14 00:00:00+07:00
ASII.JK,Astra International,3215.030446499209,3215.030446499209,3161.6689453125,3161.6689453125,29382300,2020-10-15 00:00:00+07:00
ASII.JK,Astra International,3161.6694890577455,3288.4030761718745,3134.988733875824,3288.403076171875,37775400,2020-10-16 00:00:00+07:00
ASII.JK,Astra International,3288.402918945312,3385.1206518554686,3255.0519765625,3335.09423828125,38057900,2020-10-19 00:00:00+07:00
ASII.JK,Astra International,3328.424730147947,3451.8232421875,3308.414160628019,3451.8232421875,68915600,2020-10-20 00:00:00+07:00
ASII.JK,Astra International,3468.497693452381,3501.8486328125,3451.822223772321,3501.8486328125,52567200,2020-10-21 00:00:00+07:00
ASII.JK,Astra International,3468.497693452381,3518.5241024925595,3468.497693452381,3501.8486328125,75883000,2020-10-22 00:00:00+07:00
ASII.JK,Astra International,3535.2002088758677,3601.902099609375,3501.8492635091143,3601.902099609375,46040700,2020-10-23 00:00:00+07:00
ASII.JK,Astra International,3601.902099609375,3635.2530449761284,3535.2002088758677,3601.902099609375,33055000,2020-10-26 00:00:00+07:00
ASII.JK,Astra International,3535.1997947868667,3668.6035606278806,3535.1997947868667,3618.5771484375,45393900,2020-10-27 00:00:00+07:00
ASII.JK,Astra International,3551.8756815592446,3618.5775722927515,3518.524736192491,3601.902099609375,48772200,2020-11-02 00:00:00+07:00
ASII.JK,Astra International,3635.252816495028,3668.603759765625,3618.57734485973,3668.603759765625,44789800,2020-11-03 00:00:00+07:00
ASII.JK,Astra International,3651.928517659505,3668.603990342882,3568.551154242621,3601.902099609375,22433700,2020-11-04 00:00:00+07:00
ASII.JK,Astra International,3668.603759765625,3701.9547030362214,3618.57734485973,3668.603759765625,25384200,2020-11-05 00:00:00+07:00
ASII.JK,Astra International,3685.279112459764,3918.735707819206,3685.279112459764,3885.384765625,62036900,2020-11-06 00:00:00+07:00
ASII.JK,Astra International,3868.7099434988836,3902.0608912876673,3735.30615234375,3735.30615234375,53921900,2020-11-09 00:00:00+07:00
ASII.JK,Astra International,3852.0346053413723,3902.061028787364,3802.0081818953804,3835.359130859375,60062700,2020-11-10 00:00:00+07:00
ASII.JK,Astra International,3902.06044921875,4018.788753255208,3902.06044921875,4002.11328125,56581600,2020-11-11 00:00:00+07:00
ASII.JK,Astra International,3918.7359212239585,4018.788753255208,3852.034033203125,4002.11328125,67819100,2020-11-12 00:00:00+07:00
ASII.JK,Astra International,3935.4108886718755,3952.086358539129,3902.059948937368,3935.410888671875,24090900,2020-11-13 00:00:00+07:00
ASII.JK,Astra International,3952.0869140625,4002.1133306962024,3935.411441851266,3952.0869140625,62526400,2020-11-16 00:00:00+07:00
ASII.JK,Astra International,3968.7618029364226,3985.4372726966594,3868.708984375,3868.708984375,28012800,2020-11-17 00:00:00+07:00
ASII.JK,Astra International,3885.384632457386,3918.7355735085225,3835.3582208806815,3852.03369140625,25384700,2020-11-18 00:00:00+07:00
ASII.JK,Astra International,3835.358822751774,3852.034295894173,3818.683349609375,3818.683349609375,35427800,2020-11-19 00:00:00+07:00
ASII.JK,Astra International,3818.683349609375,3885.3852421789707,3802.0078764669756,3818.683349609375,33703300,2020-11-20 00:00:00+07:00
ASII.JK,Astra International,3818.682575094289,3902.059923895474,3818.682575094289,3868.708984375,40933800,2020-11-23 00:00:00+07:00
ASII.JK,Astra International,3918.735393655711,3918.735393655711,3868.708984375,3868.708984375,33117500,2020-11-24 00:00:00+07:00
ASII.JK,Astra International,3885.385028461078,3918.7359729113878,3701.954833984375,3701.954833984375,117614100,2020-11-25 00:00:00+07:00
ASII.JK,Astra International,3685.2791380755666,3785.3319653536364,3668.603666862555,3768.656494140625,89572000,2020-11-26 00:00:00+07:00
ASII.JK,Astra International,3768.656722884994,3802.0076673353037,3685.27936175922,3701.954833984375,98376500,2020-11-27 00:00:00+07:00
ASII.JK,Astra International,3701.954665849794,3718.6301373175856,3468.498065300708,3535.199951171875,311402400,2020-11-30 00:00:00+07:00
ASII.JK,Astra International,3618.5774728586007,3701.954833984375,3601.902000633446,3701.954833984375,119445500,2020-12-01 00:00:00+07:00
ASII.JK,Astra International,3735.3059838973795,3835.358822751774,3718.6305107549806,3818.683349609375,94220300,2020-12-02 00:00:00+07:00
ASII.JK,Astra International,3818.6833376736113,3835.3588107638893,3735.3059722222224,3751.9814453125,54407800,2020-12-03 00:00:00+07:00
ASII.JK,Astra International,3751.980912057977,3818.682794939008,3701.954499897204,3802.00732421875,52405500,2020-12-04 00:00:00+07:00
ASII.JK,Astra International,3868.710086137821,3935.4119841746797,3818.6836626101763,3902.06103515625,92859500,2020-12-07 00:00:00+07:00
ASII.JK,Astra International,3902.0601485402963,3918.735619260554,3785.3318534984924,3802.00732421875,77339200,2020-12-08 00:00:00+07:00
ASII.JK,Astra International,3868.709294527897,3918.735707819206,3835.3583523336906,3885.384765625,92988900,2020-12-10 00:00:00+07:00
ASII.JK,Astra International,3885.384860269824,3918.735803276432,3768.656559746696,3785.33203125,53669200,2020-12-11 00:00:00+07:00
ASII.JK,Astra International,3818.682974256608,3835.358445759912,3768.656559746696,3785.33203125,43821600,2020-12-14 00:00:00+07:00
ASII.JK,Astra International,3785.331788135176,3985.4374333229384,3768.656317702862,3968.761962890625,128853200,2020-12-15 00:00:00+07:00
ASII.JK,Astra International,4002.113360969388,4135.517139668367,4002.113360969388,4085.49072265625,98362500,2020-12-16 00:00:00+07:00
ASII.JK,Astra International,4085.489708685106,4135.51611328125,4035.463304088962,4135.51611328125,76361900,2020-12-17 00:00:00+07:00
ASII.JK,Astra International,4168.86704967868,4185.542517877394,4118.840645082535,4135.51611328125,81878000,2020-12-18 00:00:00+07:00
ASII.JK,Astra International,4135.516958841463,4152.192430449695,4068.8150724085363,4102.166015625,54800500,2020-12-21 00:00:00+07:00
ASII.JK,Astra International,4068.81512024177,4168.867951067387,3968.7622894161523,4052.1396484375,94394100,2020-12-22 00:00:00+07:00
ASII.JK,Astra International,4018.788753255208,4068.8151692708334,3885.384977213542,4002.11328125,73880100,2020-12-23 00:00:00+07:00
ASII.JK,Astra International,4118.841535654578,4118.841535654578,3968.7622894161523,4052.1396484375,32572200,2020-12-28 00:00:00+07:00
ASII.JK,Astra International,4068.814808238636,4118.841219815341,4002.1129261363635,4035.4638671875,40341500,2020-12-29 00:00:00+07:00
ASII.JK,Astra International,4068.8142464665452,4085.489714689769,4018.787841796875,4018.787841796875,39615400,2020-12-30 00:00:00+07:00
ASII.JK,Astra International,4068.815504204317,4168.868344471636,4018.7890840706577,4152.19287109375,34840200,2021-01-04 00:00:00+07:00
ASII.JK,Astra International,4152.193234833629,4168.868709672318,4102.166810317561,4118.84228515625,27318400,2021-01-05 00:00:00+07:00
ASII.JK,Astra International,4118.841487233231,4152.192430449695,3968.7622427591464,4102.166015625,42778200,2021-01-06 00:00:00+07:00
ASII.JK,Astra International,4118.841535654578,4135.517007458848,4052.1396484375,4052.1396484375,33536400,2021-01-07 00:00:00+07:00
ASII.JK,Astra International,4102.165536843386,4318.94664244893,4068.814597519455,4285.595703125,88590400,2021-01-08 00:00:00+07:00
ASII.JK,Astra International,4335.62335368774,4402.325251436782,4318.947879250479,4352.298828125,57622400,2021-01-11 00:00:00+07:00
ASII.JK,Astra International,4285.596930375958,4435.676200311303,4268.921455938697,4352.298828125,38226200,2021-01-12 00:00:00+07:00
ASII.JK,Astra International,4402.324910631919,4535.7286958025825,4335.623018046586,4519.05322265625,56171600,2021-01-13 00:00:00+07:00
ASII.JK,Astra International,4569.079642095249,4619.106061534248,4519.05322265625,4519.05322265625,48209800,2021-01-14 00:00:00+07:00
ASII.JK,Astra International,4535.728671577947,4569.0796176924905,4352.298467947957,4385.6494140625,45722300,2021-01-15 00:00:00+07:00
ASII.JK,Astra International,4385.649185466409,4469.026546406835,4352.298241090239,4452.35107421875,48444700,2021-01-18 00:00:00+07:00
ASII.JK,Astra International,4519.052962971091,4519.052962971091,4385.649185466409,4452.35107421875,37236400,2021-01-19 00:00:00+07:00
ASII.JK,Astra International,4419.00012984258,4519.052962971091,4419.00012984258,4452.35107421875,27403000,2021-01-20 00:00:00+07:00
ASII.JK,Astra International,4535.728515625,4535.728515625,4485.702098173254,4535.728515625,32219700,2021-01-21 00:00:00+07:00
ASII.JK,Astra International,4552.404222175256,4569.079695516558,4402.324962103545,4469.02685546875,34960500,2021-01-22 00:00:00+07:00
ASII.JK,Astra International,4435.675068623311,4435.675068623311,4218.893956246984,4318.94677734375,73391700,2021-01-25 00:00:00+07:00
ASII.JK,Astra International,4318.947182963214,4385.649069958785,4202.218880720965,4235.56982421875,39158300,2021-01-26 00:00:00+07:00
ASII.JK,Astra International,4235.56937873506,4235.56937873506,4102.1656187749,4185.54296875,56444100,2021-01-27 00:00:00+07:00
ASII.JK,Astra International,4102.1656187749,4302.271258715139,4102.1656187749,4185.54296875,54596400,2021-01-28 00:00:00+07:00
ASII.JK,Astra International,4202.219466412654,4252.245888631852,3968.7628293897283,4068.815673828125,71886200,2021-01-29 00:00:00+07:00
ASII.JK,Astra International,3902.05956423431,4052.1387782433217,3835.357691341416,4018.787841796875,57416200,2021-02-01 00:00:00+07:00
ASII.JK,Astra International,4102.166046270267,4102.166046270267,3918.7358572094013,3985.437744140625,42421400,2021-02-02 00:00:00+07:00
ASII.JK,Astra International,4052.139600800305,4185.543373666158,3968.7622427591464,4102.166015625,76420800,2021-02-03 00:00:00+07:00
ASII.JK,Astra International,4152.191581479965,4152.191581479965,4085.489708685106,4135.51611328125,29508100,2021-02-04 00:00:00+07:00
ASII.JK,Astra International,4168.868518266521,4168.868518266521,4035.4647256819926,4068.815673828125,34366600,2021-02-05 00:00:00+07:00
ASII.JK,Astra International,4135.517570120389,4135.517570120389,4052.140199755059,4068.815673828125,28817400,2021-02-08 00:00:00+07:00
ASII.JK,Astra International,4068.814947693133,4135.516832081545,3885.384765625,3885.384765625,113795000,2021-02-09 00:00:00+07:00
ASII.JK,Astra International,3902.059948937368,3985.4372982736363,3885.384479070114,3935.410888671875,43492200,2021-02-10 00:00:00+07:00
ASII.JK,Astra International,3918.736509665465,3968.762933193109,3885.385560647035,3902.06103515625,37890700,2021-02-11 00:00:00+07:00
ASII.JK,Astra International,4068.814785484506,4168.867608078387,3968.7619628906245,3968.761962890625,178642200,2021-02-15 00:00:00+07:00
ASII.JK,Astra International,3985.4378584849683,4002.1133306962024,3935.411441851266,3952.0869140625,35796600,2021-02-16 00:00:00+07:00
ASII.JK,Astra International,3935.4108634159484,3952.0863331761852,3835.358044854526,3868.708984375,56517500,2021-02-17 00:00:00+07:00
ASII.JK,Astra International,3835.358822751774,3918.736188463769,3818.683349609375,3818.683349609375,56765900,2021-02-18 00:00:00+07:00
ASII.JK,Astra International,3818.6827503551135,3902.0601029829545,3818.6827503551135,3852.03369140625,42627800,2021-02-19 00:00:00+07:00
ASII.JK,Astra International,3885.3846778200386,3902.0601485402963,3802.00732421875,3802.00732421875,55230300,2021-02-22 00:00:00+07:00
ASII.JK,Astra International,3802.0078764669756,3885.3852421789707,3802.0078764669756,3818.683349609375,60745000,2021-02-23 00:00:00+07:00
ASII.JK,Astra International,3852.034283854167,3902.060703125,3735.3059722222224,3751.9814453125,73050200,2021-02-24 00:00:00+07:00
ASII.JK,Astra International,3802.007484059697,3802.007484059697,3651.928241267867,3718.630126953125,123672200,2021-02-25 00:00:00+07:00
ASII.JK,Astra International,3635.2530449761284,3685.2794630262583,3568.551154242621,3601.902099609375,146271500,2021-02-26 00:00:00+07:00
ASII.JK,Astra International,3668.604256766183,3735.30615234375,3635.2533089773992,3735.30615234375,118418900,2021-03-01 00:00:00+07:00
ASII.JK,Astra International,3768.656541217068,3785.332012638383,3701.95465553181,3718.630126953125,87061500,2021-03-02 00:00:00+07:00
ASII.JK,Astra International,3751.981088243392,3802.007502753304,3685.2792022301765,3785.33203125,49030200,2021-03-03 00:00:00+07:00
ASII.JK,Astra International,3785.332012638383,3802.007484059697,3685.279184110496,3718.630126953125,70766800,2021-03-04 00:00:00+07:00
ASII.JK,Astra International,3685.279231400923,3718.63017467152,3651.9282881303266,3668.603759765625,48034400,2021-03-05 00:00:00+07:00
ASII.JK,Astra International,3701.954833984375,3751.981250659839,3651.9284173089104,3701.954833984375,55652900,2021-03-08 00:00:00+07:00
ASII.JK,Astra International,3701.955014051895,3768.656906196974,3601.902175834276,3685.279541015625,66908800,2021-03-09 00:00:00+07:00
ASII.JK,Astra International,3668.6035606278806,3685.279031358007,3601.9016777073734,3618.5771484375,66154200,2021-03-10 00:00:00+07:00
ASII.JK,Astra International,3701.9548841502565,3718.630356601384,3635.2529943457475,3651.928466796875,87065000,2021-03-12 00:00:00+07:00
ASII.JK,Astra International,3685.279541015625,3751.9814331607045,3668.6040679793555,3685.279541015625,48489500,2021-03-15 00:00:00+07:00
ASII.JK,Astra International,3735.3057784346847,3818.6831395604586,3701.954833984375,3701.954833984375,64804400,2021-03-16 00:00:00+07:00
ASII.JK,Astra International,3751.9810697957537,3768.656541217068,3701.95465553181,3718.630126953125,61881600,2021-03-17 00:00:00+07:00
ASII.JK,Astra International,3785.3324033245767,3868.7097690365717,3751.981457039779,3818.683349609375,90338700,2021-03-18 00:00:00+07:00
ASII.JK,Astra International,3818.6827503551135,3852.03369140625,3751.980868252841,3852.03369140625,80429800,2021-03-19 00:00:00+07:00
ASII.JK,Astra International,3835.358426902326,3852.0338983236406,3701.95465553181,3718.630126953125,57320300,2021-03-22 00:00:00+07:00
ASII.JK,Astra International,3701.95465553181,3785.332012638383,3701.95465553181,3718.630126953125,46973100,2021-03-23 00:00:00+07:00
ASII.JK,Astra International,3718.63054020033,3735.3060134747707,3635.253173828125,3635.253173828125,40065300,2021-03-24 00:00:00+07:00
ASII.JK,Astra International,3635.253173828125,3685.279593651448,3601.902227279243,3635.253173828125,49497900,2021-03-25 00:00:00+07:00
ASII.JK,Astra International,3685.2797306605744,3735.30615234375,3651.928782871791,3735.30615234375,24880300,2021-03-26 00:00:00+07:00
ASII.JK,Astra International,3735.3059601244345,3768.656906196974,3685.279541015625,3685.279541015625,25164100,2021-03-29 00:00:00+07:00
ASII.JK,Astra International,3651.928517659505,3701.9549357096353,3601.902099609375,3601.902099609375,55842300,2021-03-30 00:00:00+07:00
ASII.JK,Astra International,3635.2519554391292,3635.2519554391292,3485.1727462696235,3518.523681640625,89835200,2021-03-31 00:00:00+07:00
ASII.JK,Astra International,3568.551025390625,3601.9019695531542,3551.8755533093604,3568.551025390625,33323600,2021-04-01 00:00:00+07:00
ASII.JK,Astra International,3618.577441634419,3635.2529137156835,3568.551025390625,3568.551025390625,29142200,2021-04-05 00:00:00+07:00
ASII.JK,Astra International,3585.2264974718896,3601.9019695531542,3535.2000812280958,3568.551025390625,26040800,2021-04-06 00:00:00+07:00
ASII.JK,Astra International,3535.199773510857,3568.5507147703934,3518.5243028810887,3551.875244140625,33361900,2021-04-07 00:00:00+07:00
ASII.JK,Astra International,3585.226365575251,3585.226365575251,3535.199951171875,3535.199951171875,43680100,2021-04-08 00:00:00+07:00
ASII.JK,Astra International,3535.1991493261253,3601.9010200681278,3518.523681640625,3518.523681640625,59348800,2021-04-09 00:00:00+07:00
ASII.JK,Astra International,3501.849407327586,3518.524880695813,3368.4456203817736,3385.12109375,68211200,2021-04-12 00:00:00+07:00
ASII.JK,Astra International,3351.7701470135466,3451.8229872229062,3351.7701470135466,3385.12109375,53505400,2021-04-13 00:00:00+07:00
ASII.JK,Astra International,3435.1467540922617,3518.5241024925595,3401.795814732143,3501.8486328125,39277800,2021-04-14 00:00:00+07:00
ASII.JK,Astra International,3501.8486328125,3518.5241024925595,3451.822223772321,3501.8486328125,34533700,2021-04-15 00:00:00+07:00
ASII.JK,Astra International,3535.199572172619,3551.8750418526784,3468.497693452381,3501.8486328125,38151200,2021-04-16 00:00:00+07:00
ASII.JK,Astra International,3485.173763568585,3501.8492361215444,3468.498291015625,3468.498291015625,30832600,2021-04-19 00:00:00+07:00
ASII.JK,Astra International,3435.147122365124,3535.199951171875,3435.147122365124,3535.199951171875,46601200,2021-04-20 00:00:00+07:00
ASII.JK,Astra International,3485.17333984375,3518.524280894886,3468.4978693181815,3485.17333984375,47261000,2021-04-21 00:00:00+07:00
ASII.JK,Astra International,3485.1739143581567,3668.604120377007,3485.1739143581567,3635.253173828125,86785100,2021-04-22 00:00:00+07:00
ASII.JK,Astra International,3668.604079861111,3768.656918402778,3651.9286067708335,3751.9814453125,95175600,2021-04-23 00:00:00+07:00
ASII.JK,Astra International,3751.9814453125,3785.3323914930556,3735.3059722222224,3751.9814453125,65428000,2021-04-26 00:00:00+07:00
ASII.JK,Astra International,3751.9814331607045,3768.656906196974,3651.9285949430855,3685.279541015625,41552600,2021-04-27 00:00:00+07:00
ASII.JK,Astra International,3601.9019695531542,3718.6302741220065,3551.8755533093604,3568.551025390625,72011700,2021-04-28 00:00:00+07:00
ASII.JK,Astra International,3568.55073624712,3651.9280898977536,3568.55073624712,3618.5771484375,43203100,2021-04-29 00:00:00+07:00
ASII.JK,Astra International,3635.252816495028,3701.9547030362214,3585.2264015891333,3668.603759765625,56668600,2021-04-30 00:00:00+07:00
ASII.JK,Astra International,3693.680304039459,3727.5672793058757,3659.7933287730416,3676.73681640625,29451000,2021-05-03 00:00:00+07:00
ASII.JK,Astra International,3727.5668945312495,3778.3973521839484,3676.7364368785506,3727.56689453125,39860400,2021-05-04 00:00:00+07:00
ASII.JK,Astra International,3744.5107421875,3795.341204751131,3710.623767145079,3744.5107421875,27270000,2021-05-05 00:00:00+07:00
ASII.JK,Astra International,3795.3412298387098,3795.3412298387098,3659.7933287730416,3676.73681640625,34361400,2021-05-06 00:00:00+07:00
ASII.JK,Astra International,3693.68007950044,3710.6235661036535,3575.075673277949,3608.962646484375,30771700,2021-05-07 00:00:00+07:00
ASII.JK,Astra International,3625.9061228197675,3676.7365824854655,3625.9061228197675,3642.849609375,25429700,2021-05-10 00:00:00+07:00
ASII.JK,Astra International,3659.792875299043,3676.736360832835,3507.3015054949165,3541.1884765625,49162600,2021-05-11 00:00:00+07:00
ASII.JK,Astra International,3592.0199416893115,3608.9634319802985,3473.4155096524,3507.302490234375,47623100,2021-05-17 00:00:00+07:00
ASII.JK,Astra International,3490.3583984375005,3524.2453731796118,3456.4714236953887,3490.3583984375,45784300,2021-05-18 00:00:00+07:00
ASII.JK,Astra International,3456.4714476330446,3473.414935121442,3405.6409851678527,3422.58447265625,47008800,2021-05-19 00:00:00+07:00
ASII.JK,Astra International,3422.585038779438,3524.245980525362,3405.641548488451,3507.302490234375,49746900,2021-05-20 00:00:00+07:00
ASII.JK,Astra International,3507.3019100982365,3541.188885075031,3422.58447265625,3422.58447265625,43416900,2021-05-21 00:00:00+07:00
ASII.JK,Astra International,3456.47119140625,3490.358163871017,3405.640732709099,3456.47119140625,33540000,2021-05-24 00:00:00+07:00
ASII.JK,Astra International,3456.4715642318347,3490.3585403517545,3422.584588111915,3439.528076171875,45393500,2021-05-25 00:00:00+07:00
ASII.JK,Astra International,3456.4714236953887,3541.188860550668,3439.5279363243326,3490.3583984375,99709500,2021-05-27 00:00:00+07:00
ASII.JK,Astra International,3507.301885808556,3541.188860550668,3473.4149110664443,3490.3583984375,24346700,2021-05-28 00:00:00+07:00
ASII.JK,Astra International,3507.3013811383926,3592.018805803571,3490.357896205357,3558.1318359375,41498000,2021-05-31 00:00:00+07:00
ASII.JK,Astra International,3625.9061330875884,3625.9061330875884,3575.075673277949,3608.962646484375,43217400,2021-06-02 00:00:00+07:00
ASII.JK,Astra International,3625.906005859375,3625.906005859375,3575.075547833309,3625.906005859375,49012700,2021-06-03 00:00:00+07:00
ASII.JK,Astra International,3608.9624186976675,3625.9059042314593,3524.2449910287082,3541.1884765625,35211100,2021-06-04 00:00:00+07:00
ASII.JK,Astra International,3541.188351004464,3592.018805803571,3524.244866071428,3558.1318359375,31693200,2021-06-07 00:00:00+07:00
ASII.JK,Astra International,3592.018189055095,3608.961671078939,3524.2442609597156,3575.07470703125,35402300,2021-06-08 00:00:00+07:00
ASII.JK,Astra International,3575.075673277949,3625.9061330875884,3541.188700071523,3608.962646484375,24331300,2021-06-09 00:00:00+07:00
ASII.JK,Astra International,3659.79345703125,3676.7369452582466,3608.9629923502603,3659.79345703125,42924200,2021-06-10 00:00:00+07:00
ASII.JK,Astra International,3659.7921171504736,3676.7355991743184,3558.131225007405,3575.07470703125,44421700,2021-06-11 00:00:00+07:00
ASII.JK,Astra International,3625.906922271286,3625.906922271286,3490.3589999433875,3507.302490234375,40699500,2021-06-14 00:00:00+07:00
ASII.JK,Astra International,3507.301885808556,3524.2453731796118,3473.4149110664443,3490.3583984375,35915800,2021-06-15 00:00:00+07:00
ASII.JK,Astra International,3524.2453731796118,3524.2453731796118,3473.4149110664443,3490.3583984375,29144900,2021-06-16 00:00:00+07:00
ASII.JK,Astra International,3473.4146776386337,3490.358163871017,3439.5277051738663,3456.47119140625,38074600,2021-06-17 00:00:00+07:00
ASII.JK,Astra International,3439.5277246093747,3473.414697265625,3320.9233203124995,3388.697265625,112157600,2021-06-18 00:00:00+07:00
ASII.JK,Astra International,3334.478271484375,3368.365245788078,3226.0399537125254,3334.478271484375,48183300,2021-06-21 00:00:00+07:00
ASII.JK,Astra International,3334.478271484375,3405.6409175221515,3320.923481762894,3334.478271484375,47156200,2021-06-22 00:00:00+07:00
ASII.JK,Astra International,3375.1425890197133,3405.640865426518,3334.478220477307,3341.255615234375,46351900,2021-06-23 00:00:00+07:00
ASII.JK,Astra International,3341.2553206841476,3375.142291482161,3327.700532364942,3348.03271484375,24665200,2021-06-24 00:00:00+07:00
ASII.JK,Astra International,3348.0330612058565,3375.1426406488185,3327.7008766236345,3334.478271484375,33125300,2021-06-25 00:00:00+07:00
ASII.JK,Astra International,3334.478117535828,3341.255512083665,3192.15283203125,3192.15283203125,53083400,2021-06-28 00:00:00+07:00
ASII.JK,Astra International,3205.707930131392,3334.4784389527376,3192.153139729145,3280.25927734375,70425700,2021-06-29 00:00:00+07:00
ASII.JK,Astra International,3273.4813790881203,3388.6970798013667,3266.7039849285175,3348.03271484375,34641700,2021-06-30 00:00:00+07:00
ASII.JK,Astra International,3381.9197450248757,3456.471082089552,3354.810167910448,3405.640625,42856900,2021-07-01 00:00:00+07:00
ASII.JK,Astra International,3405.640751953125,3439.5277246093747,3375.1424765624997,3388.697265625,22436900,2021-07-02 00:00:00+07:00
ASII.JK,Astra International,3422.58405059938,3439.527535998387,3334.4779265245447,3348.03271484375,27554100,2021-07-05 00:00:00+07:00
ASII.JK,Astra International,3368.365349469866,3368.365349469866,3314.146188915019,3320.923583984375,31280100,2021-07-06 00:00:00+07:00
ASII.JK,Astra International,3320.923583984375,3381.9201396085778,3293.8140037069516,3320.923583984375,35907800,2021-07-07 00:00:00+07:00
ASII.JK,Astra International,3341.255379598649,3361.5875624359633,3287.036225365811,3307.368408203125,40566600,2021-07-08 00:00:00+07:00
ASII.JK,Astra International,3307.3687428398675,3334.478322699211,3300.5913478750317,3327.700927734375,21088500,2021-07-09 00:00:00+07:00
ASII.JK,Astra International,3327.7008766236345,3354.810456066597,3307.368692041413,3334.478271484375,26816600,2021-07-12 00:00:00+07:00
ASII.JK,Astra International,3354.8105593311543,3361.58795440051,3287.0366086375957,3320.923583984375,28998600,2021-07-13 00:00:00+07:00
ASII.JK,Astra International,3334.4782658066856,3334.4782658066856,3205.7077636718745,3205.707763671875,43408700,2021-07-14 00:00:00+07:00
ASII.JK,Astra International,3205.708081917555,3280.2594326598232,3144.7115222193347,3259.92724609375,50750700,2021-07-15 00:00:00+07:00
ASII.JK,Astra International,3280.2588310867063,3327.7005910404396,3266.7040425284968,3307.368408203125,32544000,2021-07-16 00:00:00+07:00
ASII.JK,Astra International,3287.0364903406116,3300.591279991501,3239.5947265625,3239.5947265625,25106100,2021-07-19 00:00:00+07:00
ASII.JK,Astra International,3239.5947546361654,3341.2556778988064,3239.5947546361654,3300.59130859375,41716000,2021-07-21 00:00:00+07:00
ASII.JK,Astra International,3341.2553627596326,3405.6406080866436,3320.9231800247867,3375.142333984375,36287300,2021-07-22 00:00:00+07:00
ASII.JK,Astra International,3388.6972754892677,3388.6972754892677,3327.700724530461,3354.810302734375,26847700,2021-07-23 00:00:00+07:00
ASII.JK,Astra International,3354.8104915978774,3368.3652814629195,3232.8173828125,3232.8173828125,43373400,2021-07-26 00:00:00+07:00
ASII.JK,Astra International,3232.8174341025474,3273.4818043428313,3205.7078539423583,3226.0400390625,42635500,2021-07-27 00:00:00+07:00
ASII.JK,Astra International,3239.5945938661093,3246.3719884139464,3192.15283203125,3192.15283203125,24083000,2021-07-28 00:00:00+07:00
ASII.JK,Astra International,3198.930535954301,3212.485326360887,3151.48876953125,3151.48876953125,50238500,2021-07-29 00:00:00+07:00
ASII.JK,Astra International,3192.1530249644134,3280.259159411414,3165.0434451345673,3198.930419921875,65379500,2021-07-30 00:00:00+07:00
ASII.JK,Astra International,3205.7080311122277,3266.70458984375,3205.7080311122277,3266.70458984375,39192600,2021-08-02 00:00:00+07:00
ASII.JK,Astra International,3280.2587732477227,3368.3648973225586,3273.4813790881203,3348.03271484375,46414100,2021-08-03 00:00:00+07:00
ASII.JK,Astra International,3368.365349469866,3368.365349469866,3300.5913987763074,3320.923583984375,25646900,2021-08-04 00:00:00+07:00
ASII.JK,Astra International,3320.9233907687885,3341.2555747939036,3293.8138120686353,3314.14599609375,31304900,2021-08-05 00:00:00+07:00
ASII.JK,Astra International,3348.03271484375,3375.142291482161,3307.3683498861337,3348.03271484375,45454600,2021-08-06 00:00:00+07:00
ASII.JK,Astra International,3348.0331247588733,3354.8105197482637,3273.4817798755785,3293.81396484375,31858700,2021-08-09 00:00:00+07:00
ASII.JK,Astra International,3320.923532769539,3341.2557176640466,3280.2591629805247,3327.700927734375,41920300,2021-08-10 00:00:00+07:00
ASII.JK,Astra International,3348.03271484375,3361.5875031629557,3307.3683498861337,3348.03271484375,22191700,2021-08-12 00:00:00+07:00
ASII.JK,Astra International,3361.5875621890546,3439.527596393035,3361.5875621890546,3405.640625,62673300,2021-08-13 00:00:00+07:00
ASII.JK,Astra International,3422.584588111915,3439.5280761718745,3381.920216768011,3439.528076171875,46949700,2021-08-16 00:00:00+07:00
ASII.JK,Astra International,3456.4710488935407,3592.0189331638758,3439.527563359749,3541.1884765625,102560600,2021-08-18 00:00:00+07:00
ASII.JK,Astra International,3541.188860550668,3575.075835292779,3439.5279363243326,3490.3583984375,53594900,2021-08-19 00:00:00+07:00
ASII.JK,Astra International,3490.358163871017,3490.358163871017,3388.6972464767155,3456.47119140625,32878200,2021-08-20 00:00:00+07:00
ASII.JK,Astra International,3456.47119140625,3490.358163871017,3422.584218941483,3456.47119140625,30921500,2021-08-23 00:00:00+07:00
ASII.JK,Astra International,3507.3020284117147,3507.3020284117147,3422.584588111915,3439.528076171875,32783500,2021-08-24 00:00:00+07:00
ASII.JK,Astra International,3490.3583984375005,3524.2453731796118,3439.5279363243326,3490.3583984375,26870400,2021-08-25 00:00:00+07:00
ASII.JK,Astra International,3524.245136335784,3524.245136335784,3422.584218941483,3456.47119140625,28757400,2021-08-26 00:00:00+07:00
ASII.JK,Astra International,3456.4714476330446,3456.4714476330446,3422.58447265625,3422.58447265625,26966100,2021-08-27 00:00:00+07:00
ASII.JK,Astra International,3456.4703328643363,3575.07470703125,3456.4703328643363,3575.07470703125,51914600,2021-08-30 00:00:00+07:00
ASII.JK,Astra International,3575.0754476300835,3592.0189331638758,3524.2449910287082,3541.1884765625,45649200,2021-08-31 00:00:00+07:00
ASII.JK,Astra International,3541.1894708163495,3575.076451398324,3456.4720193614125,3507.302490234375,26732500,2021-09-01 00:00:00+07:00
ASII.JK,Astra International,3524.244866071428,3558.1318359374995,3507.3013811383926,3558.1318359375,17335000,2021-09-02 00:00:00+07:00
ASII.JK,Astra International,3558.1320618246205,3625.906005859375,3524.245089807243,3625.906005859375,28004500,2021-09-03 00:00:00+07:00
ASII.JK,Astra International,3642.849841139833,3693.680304039459,3608.962865873416,3676.73681640625,28315200,2021-09-06 00:00:00+07:00
ASII.JK,Astra International,3676.736463885441,3693.6799498941295,3592.0190338419975,3625.906005859375,23685800,2021-09-07 00:00:00+07:00
ASII.JK,Astra International,3642.8492606026784,3642.8492606026784,3558.1318359374995,3558.1318359375,44076000,2021-09-08 00:00:00+07:00
ASII.JK,Astra International,3558.132749784977,3693.6806640625,3558.132749784977,3693.6806640625,49118000,2021-09-09 00:00:00+07:00
ASII.JK,Astra International,3693.680304039459,3710.6237916726673,3642.849841139833,3676.73681640625,31997100,2021-09-10 00:00:00+07:00
ASII.JK,Astra International,3676.7371747778093,3727.5676426318805,3625.9067069237385,3693.6806640625,29796400,2021-09-13 00:00:00+07:00
ASII.JK,Astra International,3727.5672546662895,3761.4542297087105,3693.6802796238685,3744.5107421875,34356900,2021-09-14 00:00:00+07:00
ASII.JK,Astra International,3744.510898166233,3761.4543863932295,3642.8499688042534,3659.79345703125,61522300,2021-09-15 00:00:00+07:00
ASII.JK,Astra International,3676.7365824854655,3710.6235555959306,3625.9061228197675,3642.849609375,27187700,2021-09-16 00:00:00+07:00
ASII.JK,Astra International,3642.849841139833,3676.73681640625,3575.075890606999,3676.73681640625,44004000,2021-09-17 00:00:00+07:00
ASII.JK,Astra International,3676.736473227447,3676.736473227447,3541.188584813532,3592.01904296875,46896100,2021-09-20 00:00:00+07:00
ASII.JK,Astra International,3575.0754476300835,3575.0754476300835,3490.3580199611242,3541.1884765625,23656300,2021-09-21 00:00:00+07:00
ASII.JK,Astra International,3541.1877429835604,3625.905153102784,3524.2442609597156,3575.07470703125,21750800,2021-09-22 00:00:00+07:00
ASII.JK,Astra International,3575.075835292779,3608.962810034891,3490.3583984375005,3490.3583984375,27178400,2021-09-23 00:00:00+07:00
ASII.JK,Astra International,3490.3583984375005,3541.188860550668,3473.4149110664443,3490.3583984375,29394300,2021-09-24 00:00:00+07:00
ASII.JK,Astra International,3490.3589999433875,3541.1894708163495,3473.4155096524,3507.302490234375,25252300,2021-09-27 00:00:00+07:00
ASII.JK,Astra International,3507.3020284117147,3524.245516471675,3439.5280761718745,3439.528076171875,35640900,2021-09-28 00:00:00+07:00
ASII.JK,Astra International,3439.5277804522448,3625.9061330875884,3422.584293849032,3608.962646484375,42995900,2021-09-29 00:00:00+07:00
ASII.JK,Astra International,3642.849465110085,3727.5668945312495,3592.019007457386,3727.56689453125,44723000,2021-09-30 00:00:00+07:00
ASII.JK,Astra International,3693.6806640625,3727.5676426318805,3659.793685493119,3693.6806640625,27484100,2021-10-01 00:00:00+07:00
ASII.JK,Astra International,3727.5674835341924,3812.284926341788,3710.6239949726737,3778.39794921875,52074900,2021-10-04 00:00:00+07:00
ASII.JK,Astra International,3778.397588506475,3829.228049338401,3727.5671276745493,3761.4541015625,27128000,2021-10-05 00:00:00+07:00
ASII.JK,Astra International,3795.341102248954,4134.210843521182,3778.3976151853426,4049.493408203125,168237500,2021-10-06 00:00:00+07:00
ASII.JK,Astra International,4049.4933450263843,4066.436831825658,3863.114990234375,3863.114990234375,97516000,2021-10-07 00:00:00+07:00
ASII.JK,Astra International,3893.8563708289194,4081.717862403999,3842.6214185811705,4030.48291015625,91094200,2021-10-08 00:00:00+07:00
ASII.JK,Astra International,4047.5607117491886,4064.6390269886365,3945.0908203125,3945.0908203125,38994500,2021-10-11 00:00:00+07:00
ASII.JK,Astra International,3962.168625332447,4064.6385035738035,3945.090312292221,4013.403564453125,68823100,2021-10-12 00:00:00+07:00
ASII.JK,Astra International,4064.639123194721,4303.7355422061755,4047.560807551046,4286.6572265625,143652900,2021-10-13 00:00:00+07:00
ASII.JK,Astra International,4303.734939759036,4406.204819277108,4184.186746987952,4252.5,104502800,2021-10-14 00:00:00+07:00
ASII.JK,Astra International,4286.6574179687495,4303.735734375,4184.18751953125,4269.5791015625,82896700,2021-10-15 00:00:00+07:00
ASII.JK,Astra International,4286.656626506024,4337.89156626506,4235.421686746988,4252.5,61419000,2021-10-18 00:00:00+07:00
ASII.JK,Astra International,4286.6576264148625,4354.970895361713,4235.422674704724,4337.892578125,52117000,2021-10-19 00:00:00+07:00
ASII.JK,Astra International,4337.8921493902435,4337.8921493902435,4184.187309451219,4201.265625,132905200,2021-10-21 00:00:00+07:00
ASII.JK,Astra International,4201.266407831478,4252.501364024545,4184.188089100456,4218.3447265625,26886400,2021-10-22 00:00:00+07:00
ASII.JK,Astra International,4235.422036415289,4252.5003510782535,4115.873833774534,4132.9521484375,51872000,2021-10-25 00:00:00+07:00
ASII.JK,Astra International,4132.952362804878,4218.343940548781,4132.952362804878,4201.265625,25950500,2021-10-26 00:00:00+07:00
ASII.JK,Astra International,4167.109163411458,4184.187479654948,4098.7958984375,4098.7958984375,40588700,2021-10-27 00:00:00+07:00
ASII.JK,Astra International,4098.7958984375,4218.344112141927,4064.639265950521,4098.7958984375,50046900,2021-10-28 00:00:00+07:00
ASII.JK,Astra International,4252.500547037085,4269.578862487034,4115.8740234375,4115.8740234375,82397400,2021-10-29 00:00:00+07:00
ASII.JK,Astra International,4132.952338887449,4201.265600687241,4115.8740234375,4115.8740234375,37254100,2021-11-01 00:00:00+07:00
ASII.JK,Astra International,4115.874497235832,4167.109449483581,4030.48291015625,4030.48291015625,25293400,2021-11-02 00:00:00+07:00
ASII.JK,Astra International,4030.4823401542885,4115.873915157557,3979.2473951523275,4081.71728515625,90495000,2021-11-03 00:00:00+07:00
ASII.JK,Astra International,4150.030545158865,4150.030545158865,4064.6389701555963,4081.71728515625,41774200,2021-11-04 00:00:00+07:00
ASII.JK,Astra International,4030.4824754417195,4081.7174221634364,3996.3258442939086,4047.560791015625,80775400,2021-11-05 00:00:00+07:00
ASII.JK,Astra International,4047.5607910156255,4098.795737737342,4030.4824754417195,4047.560791015625,23177300,2021-11-08 00:00:00+07:00
ASII.JK,Astra International,4030.4830520499463,4064.639688084268,3996.326416015625,3996.326416015625,41112200,2021-11-09 00:00:00+07:00
ASII.JK,Astra International,4047.5615392522777,4269.579682755567,4013.404901790233,4218.3447265625,104312600,2021-11-10 00:00:00+07:00
ASII.JK,Astra International,4235.423045293523,4269.579682755567,4201.266407831478,4218.3447265625,51111700,2021-11-11 00:00:00+07:00
ASII.JK,Astra International,4235.42225609756,4252.500571646341,4150.030678353658,4201.265625,26920800,2021-11-12 00:00:00+07:00
ASII.JK,Astra International,4201.2658163265305,4218.344132653061,4132.9525510204085,4184.1875,22148900,2021-11-15 00:00:00+07:00
ASII.JK,Astra International,4184.188089100456,4269.579682755567,4167.109770369433,4218.3447265625,42681000,2021-11-16 00:00:00+07:00
ASII.JK,Astra International,4252.50078515625,4269.5791015625,4218.34415234375,4269.5791015625,49120900,2021-11-17 00:00:00+07:00
ASII.JK,Astra International,4269.578503024193,4269.578503024193,4218.343560987903,4235.421875,29629900,2021-11-18 00:00:00+07:00
ASII.JK,Astra International,4252.5,4269.578313253012,4235.421686746988,4252.5,37505200,2021-11-19 00:00:00+07:00
ASII.JK,Astra International,4269.578503024193,4354.970073084677,4184.186932963709,4235.421875,62612600,2021-11-22 00:00:00+07:00
ASII.JK,Astra International,4269.5791015625,4303.735734375,4218.34415234375,4269.5791015625,31557400,2021-11-23 00:00:00+07:00
ASII.JK,Astra International,4286.656626506024,4286.656626506024,4235.421686746988,4252.5,25645300,2021-11-24 00:00:00+07:00
ASII.JK,Astra International,4269.578313253012,4303.734939759036,4218.343373493976,4252.5,32763500,2021-11-25 00:00:00+07:00
ASII.JK,Astra International,4235.4227191472455,4252.501036563162,4013.4045927403336,4030.48291015625,93634100,2021-11-26 00:00:00+07:00
ASII.JK,Astra International,4030.4823401542885,4098.795600156904,3928.012450150366,4081.71728515625,87367400,2021-11-29 00:00:00+07:00
ASII.JK,Astra International,4064.6390269886365,4081.7173422280844,3928.012505073052,3945.0908203125,97592700,2021-11-30 00:00:00+07:00
ASII.JK,Astra International,3979.247928045492,3996.326245333241,3842.621389743501,3859.69970703125,102412800,2021-12-01 00:00:00+07:00
ASII.JK,Astra International,3859.6998718783384,4013.4047340327857,3825.543235844017,3996.326416015625,48422300,2021-12-02 00:00:00+07:00
ASII.JK,Astra International,4030.4828422214678,4047.5611593495246,3910.934622325068,3928.012939453125,31882900,2021-12-03 00:00:00+07:00
ASII.JK,Astra International,3928.0129761822454,3962.169610757743,3859.6997070312495,3859.69970703125,53112400,2021-12-06 00:00:00+07:00
ASII.JK,Astra International,3893.855950850475,4047.5607910156255,3893.855950850475,4047.560791015625,39679500,2021-12-07 00:00:00+07:00
ASII.JK,Astra International,4047.560517409752,4064.6388318292024,3945.0906308930494,3962.1689453125,44189500,2021-12-08 00:00:00+07:00
ASII.JK,Astra International,4030.482633463542,4098.7958984375,3962.169368489583,4098.7958984375,35386900,2021-12-09 00:00:00+07:00
ASII.JK,Astra International,4064.639106589531,4064.639106589531,3962.1692131460973,4047.560791015625,55629400,2021-12-10 00:00:00+07:00
ASII.JK,Astra International,4047.5612275721664,4081.717862403999,4013.4045927403336,4030.48291015625,30655800,2021-12-13 00:00:00+07:00
ASII.JK,Astra International,4047.5601905335775,4047.5601905335775,3996.325251412899,4013.403564453125,17233700,2021-12-14 00:00:00+07:00
ASII.JK,Astra International,4030.482633463542,4132.952530924479,4013.404317220052,4098.7958984375,51113700,2021-12-15 00:00:00+07:00
ASII.JK,Astra International,4115.873775087553,4132.952089507004,3962.1689453124995,3962.1689453125,56929600,2021-12-16 00:00:00+07:00
ASII.JK,Astra International,3962.1689453124995,3979.24725973195,3910.9340020541486,3962.1689453125,55854900,2021-12-17 00:00:00+07:00
ASII.JK,Astra International,3928.0125339860956,3945.0908493512525,3876.777587890625,3876.777587890625,26290000,2021-12-20 00:00:00+07:00
ASII.JK,Astra International,3876.7780243189986,3928.0129761822454,3859.6997070312495,3859.69970703125,29127800,2021-12-21 00:00:00+07:00
ASII.JK,Astra International,3893.8560416666664,3945.0909895833333,3842.62109375,3842.62109375,33727100,2021-12-22 00:00:00+07:00
ASII.JK,Astra International,3859.6988967828875,3928.012151593204,3842.6205830803083,3910.933837890625,21744100,2021-12-23 00:00:00+07:00
ASII.JK,Astra International,3910.9342186209387,3928.0125339860956,3859.6992725254677,3876.777587890625,16203800,2021-12-24 00:00:00+07:00
ASII.JK,Astra International,3910.9342186209387,3928.0125339860956,3859.6992725254677,3876.777587890625,20426700,2021-12-27 00:00:00+07:00
ASII.JK,Astra International,3876.7772104854666,3928.012151593204,3859.6988967828875,3910.933837890625,21833300,2021-12-28 00:00:00+07:00
ASII.JK,Astra International,3928.012939453125,3945.0912565811823,3876.777988068954,3928.012939453125,14260000,2021-12-29 00:00:00+07:00
ASII.JK,Astra International,3945.090656481291,3945.090656481291,3893.855712890625,3893.855712890625,17144000,2021-12-30 00:00:00+07:00
ASII.JK,Astra International,3876.7772104854666,3928.012151593204,3842.6205830803083,3910.933837890625,27052300,2022-01-03 00:00:00+07:00
ASII.JK,Astra International,3928.012505073052,4013.4040812702924,3910.9341898336043,3945.0908203125,29770700,2022-01-04 00:00:00+07:00
ASII.JK,Astra International,3910.9347498598654,3945.091385229821,3791.3865260650223,3808.46484375,50423900,2022-01-05 00:00:00+07:00
ASII.JK,Astra International,3825.542641795154,3876.777587890625,3808.464326429997,3876.777587890625,32155800,2022-01-06 00:00:00+07:00
ASII.JK,Astra International,3910.9340274208466,3928.0123419510687,3859.699083830181,3893.855712890625,25014800,2022-01-07 00:00:00+07:00
ASII.JK,Astra International,3876.7780243189986,3910.9346588944964,3859.6997070312495,3859.69970703125,15379400,2022-01-10 00:00:00+07:00
ASII.JK,Astra International,3893.855712890625,3893.855712890625,3859.699083830181,3893.855712890625,21800300,2022-01-11 00:00:00+07:00
ASII.JK,Astra International,3910.933837890625,3910.933837890625,3859.6988967828875,3910.933837890625,21283700,2022-01-12 00:00:00+07:00
ASII.JK,Astra International,3910.9341898336043,3945.0908203125,3876.777559354708,3945.0908203125,18618100,2022-01-13 00:00:00+07:00
ASII.JK,Astra International,3945.0904652957834,3962.1687789983625,3893.855524188046,3910.933837890625,17719100,2022-01-14 00:00:00+07:00
ASII.JK,Astra International,3945.0908493512525,3945.0908493512525,3859.6992725254677,3876.777587890625,15859100,2022-01-17 00:00:00+07:00
ASII.JK,Astra International,3876.7780243189986,3910.9346588944964,3808.464755168003,3859.69970703125,28165300,2022-01-18 00:00:00+07:00
ASII.JK,Astra International,3859.6991097586497,3876.7774244035995,3808.4641658238,3825.54248046875,38051800,2022-01-19 00:00:00+07:00
ASII.JK,Astra International,3825.5425622171947,3842.620877227093,3757.2293021776018,3774.3076171875,46564600,2022-01-20 00:00:00+07:00
ASII.JK,Astra International,3774.3075365339005,3842.6207951137,3757.229221888951,3825.54248046875,40709600,2022-01-21 00:00:00+07:00
ASII.JK,Astra International,3825.5425622171947,3842.620877227093,3774.3076171875,3774.3076171875,27127800,2022-01-24 00:00:00+07:00
ASII.JK,Astra International,3757.229384676032,3757.229384676032,3671.8378077515767,3723.07275390625,56709200,2022-01-25 00:00:00+07:00
ASII.JK,Astra International,3757.229384676032,3757.229384676032,3705.994438521359,3723.07275390625,27985700,2022-01-26 00:00:00+07:00
ASII.JK,Astra International,3705.9947336972036,3774.3080006777973,3688.916416952055,3740.1513671875,34574800,2022-01-27 00:00:00+07:00
ASII.JK,Astra International,3740.1513671875005,3774.3080006777973,3723.073050442352,3740.1513671875,27378500,2022-01-28 00:00:00+07:00
ASII.JK,Astra International,3740.1513671875005,3791.3863174229455,3723.073050442352,3740.1513671875,32006300,2022-01-31 00:00:00+07:00
ASII.JK,Astra International,3757.2294921874995,3774.3078080610794,3705.9945445667613,3757.2294921875,33450400,2022-02-02 00:00:00+07:00
ASII.JK,Astra International,3757.2294921874995,3791.386123934659,3723.0728604403407,3757.2294921875,38565600,2022-02-03 00:00:00+07:00
ASII.JK,Astra International,3774.3078080610794,3774.3078080610794,3740.15117631392,3757.2294921875,16052500,2022-02-04 00:00:00+07:00
ASII.JK,Astra International,3757.2296839326486,3774.3080006777973,3723.073050442352,3740.1513671875,46685400,2022-02-07 00:00:00+07:00
ASII.JK,Astra International,3774.3076710743944,3893.8558778505067,3757.2293558206643,3791.385986328125,95691000,2022-02-08 00:00:00+07:00
ASII.JK,Astra International,3791.385986328125,3859.699247343046,3740.1510405669337,3791.385986328125,80244900,2022-02-09 00:00:00+07:00
ASII.JK,Astra International,3808.464330830705,3842.620961600487,3723.07275390625,3723.07275390625,93265400,2022-02-10 00:00:00+07:00
ASII.JK,Astra International,3723.07275390625,3740.151069291141,3688.916123136468,3723.07275390625,36376700,2022-02-11 00:00:00+07:00
ASII.JK,Astra International,3688.9160432635613,3705.9943582786705,3586.4461531729066,3620.602783203125,74307400,2022-02-14 00:00:00+07:00
ASII.JK,Astra International,3620.6029651988633,3774.3078080610794,3620.6029651988633,3757.2294921875,77964800,2022-02-15 00:00:00+07:00
ASII.JK,Astra International,3791.3863174229455,3825.5429509132423,3740.1513671875005,3740.1513671875,46730000,2022-02-16 00:00:00+07:00
ASII.JK,Astra International,3757.2296839326486,3774.3080006777973,3705.9947336972036,3740.1513671875,47572000,2022-02-17 00:00:00+07:00
ASII.JK,Astra International,3723.0725925990514,3842.6207951137,3705.9942779541016,3825.54248046875,53981400,2022-02-18 00:00:00+07:00
ASII.JK,Astra International,3842.621479119955,3859.6997968049327,3791.3865260650223,3808.46484375,27509200,2022-02-21 00:00:00+07:00
ASII.JK,Astra International,3774.308208380045,3808.46484375,3723.0732553251123,3808.46484375,49233600,2022-02-22 00:00:00+07:00
ASII.JK,Astra International,3808.464755168003,3859.6997070312495,3774.3081205925055,3859.69970703125,44299100,2022-02-23 00:00:00+07:00
ASII.JK,Astra International,3842.6207692999587,3945.090656481291,3774.3075111790704,3893.855712890625,76492000,2022-02-24 00:00:00+07:00
ASII.JK,Astra International,3893.855687634698,3962.1689453124995,3859.699058795797,3962.1689453125,97598000,2022-02-25 00:00:00+07:00
ASII.JK,Astra International,3962.168971011513,4064.638858192845,3893.855712890625,3893.855712890625,101227600,2022-03-01 00:00:00+07:00
ASII.JK,Astra International,3859.699192236991,3893.855822256787,3757.2293021776018,3774.3076171875,80565600,2022-03-02 00:00:00+07:00
ASII.JK,Astra International,3808.4644618055554,3876.777725694444,3774.307829861111,3842.62109375,50348400,2022-03-04 00:00:00+07:00
ASII.JK,Astra International,3825.5424299568963,3979.24725973195,3791.3858011179955,3962.1689453125,59978000,2022-03-07 00:00:00+07:00
ASII.JK,Astra International,4098.7959375,4474.5188984375,4081.71762109375,4269.5791015625,256655000,2022-03-08 00:00:00+07:00
ASII.JK,Astra International,4440.362374441964,4440.362374441964,4252.500889369419,4303.73583984375,107853200,2022-03-09 00:00:00+07:00
ASII.JK,Astra International,4303.735734375,4303.735734375,4201.2658359375,4269.5791015625,56584100,2022-03-10 00:00:00+07:00
ASII.JK,Astra International,4218.343963987799,4303.7355422061755,4184.187332700448,4286.6572265625,32940500,2022-03-11 00:00:00+07:00
ASII.JK,Astra International,4337.891900275735,4389.12684397978,4303.735271139705,4354.97021484375,61811900,2022-03-14 00:00:00+07:00
ASII.JK,Astra International,4389.127423967634,4406.20574079241,4286.657523018973,4303.73583984375,57193600,2022-03-15 00:00:00+07:00
ASII.JK,Astra International,4320.81388092041,4372.048828125,4303.735565185547,4372.048828125,55776300,2022-03-16 00:00:00+07:00
ASII.JK,Astra International,4372.049124513619,4423.284075191513,4337.892490728356,4389.12744140625,53844700,2022-03-17 00:00:00+07:00
ASII.JK,Astra International,4406.205459594727,4406.205459594727,4320.81388092041,4372.048828125,69493500,2022-03-18 00:00:00+07:00
ASII.JK,Astra International,4406.205877130682,4508.67578125,4406.205877130682,4508.67578125,72452300,2022-03-21 00:00:00+07:00
ASII.JK,Astra International,4508.675484196769,4508.675484196769,4440.362219284696,4491.59716796875,39260600,2022-03-22 00:00:00+07:00
ASII.JK,Astra International,4491.597448871863,4491.597448871863,4406.205862391409,4423.2841796875,27348900,2022-03-23 00:00:00+07:00
ASII.JK,Astra International,4389.127270600642,4491.59716796875,4389.127270600642,4491.59716796875,37635100,2022-03-24 00:00:00+07:00
ASII.JK,Astra International,4474.51872253418,4491.597038269043,4354.970512390137,4372.048828125,42984300,2022-03-25 00:00:00+07:00
ASII.JK,Astra International,4372.048973880597,4628.223718443914,4372.048973880597,4576.98876953125,68545500,2022-03-28 00:00:00+07:00
ASII.JK,Astra International,4508.675184875955,4576.988445252863,4474.5185546875,4474.5185546875,24901500,2022-03-29 00:00:00+07:00
ASII.JK,Astra International,4474.519248560855,4542.83251953125,4440.3626130756575,4542.83251953125,34320500,2022-03-30 00:00:00+07:00
ASII.JK,Astra International,4559.910432880823,4559.910432880823,4491.59716796875,4491.59716796875,41346500,2022-03-31 00:00:00+07:00
ASII.JK,Astra International,4628.223718443914,4628.223718443914,4525.753820618587,4576.98876953125,35365600,2022-04-01 00:00:00+07:00
ASII.JK,Astra International,4628.224223042583,4662.380859375,4559.910950377747,4662.380859375,29374100,2022-04-04 00:00:00+07:00
ASII.JK,Astra International,4662.380286175272,4713.615234375,4594.067021908968,4713.615234375,28581200,2022-04-05 00:00:00+07:00
ASII.JK,Astra International,4662.3804931640625,4781.9287109375,4645.302176339285,4781.9287109375,48854700,2022-04-06 00:00:00+07:00
ASII.JK,Astra International,4747.771866508153,4781.928498641305,4679.458602241848,4713.615234375,41492600,2022-04-07 00:00:00+07:00
ASII.JK,Astra International,4781.9287109375,4833.16366141183,4713.615443638392,4781.9287109375,55006300,2022-04-08 00:00:00+07:00
ASII.JK,Astra International,4764.850074489621,4781.928390168795,4611.145233377053,4679.45849609375,51481700,2022-04-11 00:00:00+07:00
ASII.JK,Astra International,4696.537023311039,4747.77197265625,4662.380390414231,4747.77197265625,41879800,2022-04-12 00:00:00+07:00
ASII.JK,Astra International,4747.771781894041,4781.928413418459,4696.536834607415,4764.85009765625,52818100,2022-04-13 00:00:00+07:00
ASII.JK,Astra International,4764.850376420455,4816.085326704546,4696.537109375,4696.537109375,23891600,2022-04-14 00:00:00+07:00
ASII.JK,Astra International,4713.615443638392,4816.085344587053,4713.615443638392,4781.9287109375,32962100,2022-04-18 00:00:00+07:00
ASII.JK,Astra International,4816.085130774457,4816.085130774457,4645.301970108696,4713.615234375,29237600,2022-04-19 00:00:00+07:00
ASII.JK,Astra International,4713.615234375,4764.850182574729,4662.380286175272,4713.615234375,39881900,2022-04-20 00:00:00+07:00
ASII.JK,Astra International,4730.693760463169,4850.241978236607,4713.615443638392,4781.9287109375,51438900,2022-04-21 00:00:00+07:00
ASII.JK,Astra International,4764.850014544548,4850.2415918661345,4696.536752687279,4816.0849609375,39795300,2022-04-22 00:00:00+07:00
ASII.JK,Astra International,4816.084771146202,4884.398030311396,4696.5365676071115,4833.1630859375,52305700,2022-04-25 00:00:00+07:00
ASII.JK,Astra International,4850.240946451822,4918.55419921875,4781.9276936848955,4918.55419921875,39223700,2022-04-26 00:00:00+07:00
ASII.JK,Astra International,4901.47694627193,4918.555263157895,4816.085361842105,4867.3203125,34988500,2022-04-27 00:00:00+07:00
ASII.JK,Astra International,4952.7109278310645,5260.120571627475,4935.632614286819,5174.72900390625,118152200,2022-04-28 00:00:00+07:00
ASII.JK,Astra International,5205.577382189162,5205.577382189162,4942.66943359375,4942.66943359375,81089600,2022-05-09 00:00:00+07:00
ASII.JK,Astra International,4662.234936523438,4907.61572265625,4644.707737513951,4907.61572265625,118477400,2022-05-10 00:00:00+07:00
ASII.JK,Astra International,4925.14233221524,5065.3599075096245,4837.50634765625,4837.50634765625,71287600,2022-05-11 00:00:00+07:00
ASII.JK,Astra International,4837.506543681569,4925.142531791743,4714.8161603273265,4802.4521484375,45587500,2022-05-12 00:00:00+07:00
ASII.JK,Astra International,4837.506681743421,5065.360257332785,4802.452285498904,4995.25146484375,73260300,2022-05-13 00:00:00+07:00
ASII.JK,Astra International,5082.887712751116,5117.942110770089,4907.61572265625,4907.61572265625,40279200,2022-05-17 00:00:00+07:00
ASII.JK,Astra International,4890.088133046324,5047.83291153169,4855.033737827354,4977.72412109375,44859900,2022-05-18 00:00:00+07:00
ASII.JK,Astra International,4855.034125627791,4995.251717703683,4802.45252859933,4907.61572265625,27558300,2022-05-19 00:00:00+07:00
ASII.JK,Astra International,4942.669870476973,5047.833059210527,4942.669870476973,4995.25146484375,37674800,2022-05-20 00:00:00+07:00
ASII.JK,Astra International,4995.251420933566,5030.305816869942,4784.92504531531,4872.56103515625,46368600,2022-05-23 00:00:00+07:00
ASII.JK,Astra International,4925.142335691652,5047.832714160839,4925.142335691652,5012.7783203125,52177200,2022-05-24 00:00:00+07:00
ASII.JK,Astra International,4977.72412109375,5030.305713922205,4942.66972587478,4977.72412109375,51200500,2022-05-25 00:00:00+07:00
ASII.JK,Astra International,5047.833153114188,5117.94194690744,5012.778756217561,5065.3603515625,34766600,2022-05-27 00:00:00+07:00
ASII.JK,Astra International,5100.414404296875,5100.414404296875,4995.251220703125,5082.88720703125,37147800,2022-05-30 00:00:00+07:00
ASII.JK,Astra International,5082.887303358843,5240.632081738945,5082.887303358843,5152.99609375,90800300,2022-05-31 00:00:00+07:00
ASII.JK,Astra International,5117.941552901024,5258.159129692833,5082.887158703072,5135.46875,72733400,2022-06-02 00:00:00+07:00
ASII.JK,Astra International,5152.996782694778,5240.632782400471,5117.9423828125,5117.9423828125,43947400,2022-06-03 00:00:00+07:00
ASII.JK,Astra International,5047.833153114188,5082.887550010813,4960.197160872622,5065.3603515625,53388400,2022-06-06 00:00:00+07:00
ASII.JK,Astra International,5117.940809461806,5188.049587673611,5047.83203125,5047.83203125,54814500,2022-06-07 00:00:00+07:00
ASII.JK,Astra International,5012.778953206664,5152.996546303353,5012.778953206664,5030.30615234375,33478600,2022-06-08 00:00:00+07:00
ASII.JK,Astra International,5012.777642144098,5152.995198567708,5012.777642144098,5047.83203125,37787500,2022-06-09 00:00:00+07:00
ASII.JK,Astra International,4977.723572879061,5030.3051599165165,4855.033203125,4855.033203125,57621000,2022-06-10 00:00:00+07:00
ASII.JK,Astra International,4837.506589190391,4977.7241714857655,4714.81620468194,4925.142578125,59781700,2022-06-13 00:00:00+07:00
ASII.JK,Astra International,4819.979103662634,4907.6150873655915,4819.979103662634,4890.087890625,38001800,2022-06-14 00:00:00+07:00
ASII.JK,Astra International,4890.088240438433,4890.088240438433,4697.2890625,4697.2890625,50804600,2022-06-15 00:00:00+07:00
ASII.JK,Astra International,4802.4521484375,4872.560938925639,4732.343357949361,4802.4521484375,74982600,2022-06-16 00:00:00+07:00
ASII.JK,Astra International,4679.761857506182,4872.56103515625,4679.761857506182,4872.56103515625,63931400,2022-06-17 00:00:00+07:00
ASII.JK,Astra International,4872.560398804152,4890.087594483303,4732.342833370939,4855.033203125,44263700,2022-06-20 00:00:00+07:00
ASII.JK,Astra International,4837.506543681569,4890.0881365476735,4802.4521484375,4802.4521484375,31247000,2022-06-21 00:00:00+07:00
ASII.JK,Astra International,4802.451854032629,4855.033443675322,4749.870264389936,4767.3974609375,35536800,2022-06-22 00:00:00+07:00
ASII.JK,Astra International,4802.452294034091,4819.9794921875,4732.343501420454,4819.9794921875,30137200,2022-06-23 00:00:00+07:00
ASII.JK,Astra International,4837.505991046349,4837.505991046349,4662.234034849017,4679.76123046875,42386000,2022-06-24 00:00:00+07:00
ASII.JK,Astra International,4697.28926074953,4732.34365821781,4592.12606834469,4662.23486328125,48277300,2022-06-27 00:00:00+07:00
ASII.JK,Astra International,4662.234666511194,4697.2890625,4627.180270522388,4697.2890625,36838200,2022-06-28 00:00:00+07:00
ASII.JK,Astra International,4644.707275390625,4697.2888671875,4557.0712890625,4557.0712890625,46682700,2022-06-29 00:00:00+07:00
ASII.JK,Astra International,4574.598726783609,4662.234717718161,4557.071528596698,4644.70751953125,52839200,2022-06-30 00:00:00+07:00
ASII.JK,Astra International,4679.7618197737065,4679.7618197737065,4557.071434985633,4574.5986328125,52387100,2022-07-01 00:00:00+07:00
ASII.JK,Astra International,4557.0712890625,4609.652880859375,4416.8537109375,4557.0712890625,43087400,2022-07-04 00:00:00+07:00
ASII.JK,Astra International,4557.072242465415,4574.599443397975,4434.3818359375,4434.3818359375,39700000,2022-07-05 00:00:00+07:00
ASII.JK,Astra International,4416.853660300926,4486.9624485596705,4241.581689654064,4259.10888671875,67773900,2022-07-06 00:00:00+07:00
ASII.JK,Astra International,4224.054244353992,4294.163028492648,4136.418264180673,4171.47265625,62871600,2022-07-07 00:00:00+07:00
ASII.JK,Astra International,4224.05439330544,4259.108786610878,4171.47280334728,4189.0,78131700,2022-07-08 00:00:00+07:00
ASII.JK,Astra International,4188.999953593104,4259.108739427298,4153.945560676007,4241.58154296875,49946600,2022-07-11 00:00:00+07:00
ASII.JK,Astra International,4241.581835137039,4311.690625800461,4241.581835137039,4276.63623046875,22900800,2022-07-12 00:00:00+07:00
ASII.JK,Astra International,4276.636593012339,4276.636593012339,4083.83740234375,4083.83740234375,56747900,2022-07-13 00:00:00+07:00
ASII.JK,Astra International,4083.837056144339,4276.63623046875,4083.837056144339,4276.63623046875,59847700,2022-07-14 00:00:00+07:00
ASII.JK,Astra International,4206.527048319328,4259.10863642332,4153.945460215336,4171.47265625,32403800,2022-07-15 00:00:00+07:00
ASII.JK,Astra International,4188.999807523988,4224.05419921875,4171.472611676608,4224.05419921875,27618400,2022-07-18 00:00:00+07:00
ASII.JK,Astra International,4224.054492589377,4311.690477912809,4224.054492589377,4259.10888671875,50725600,2022-07-19 00:00:00+07:00
ASII.JK,Astra International,4329.217868759338,4399.32666015625,4276.636275211654,4399.32666015625,70493600,2022-07-20 00:00:00+07:00
ASII.JK,Astra International,4346.745461158906,4381.79986003922,4241.582264517965,4329.21826171875,55415500,2022-07-21 00:00:00+07:00
ASII.JK,Astra International,4329.217674977495,4329.217674977495,4241.581689654064,4259.10888671875,37583800,2022-07-22 00:00:00+07:00
ASII.JK,Astra International,4241.581689654064,4311.690477912809,4241.581689654064,4259.10888671875,24674200,2022-07-25 00:00:00+07:00
ASII.JK,Astra International,4276.63623046875,4294.163428134605,4259.109032802894,4276.63623046875,21937400,2022-07-26 00:00:00+07:00
ASII.JK,Astra International,4294.163428134605,4294.163428134605,4206.527439805328,4276.63623046875,35066000,2022-07-27 00:00:00+07:00
ASII.JK,Astra International,4294.163132344395,4311.690328802943,4224.054346510201,4241.58154296875,51909300,2022-07-28 00:00:00+07:00
ASII.JK,Astra International,4311.691429409585,4504.490639667737,4294.164228477026,4434.3818359375,150285200,2022-07-29 00:00:00+07:00
ASII.JK,Astra International,4504.490036423142,4592.1260293496625,4451.90844066723,4539.54443359375,55511700,2022-08-01 00:00:00+07:00
ASII.JK,Astra International,4539.54443359375,4539.54443359375,4399.3268449113175,4539.54443359375,53235100,2022-08-02 00:00:00+07:00
ASII.JK,Astra International,4522.017467151988,4627.1806640625,4469.4358686967325,4627.1806640625,40666300,2022-08-03 00:00:00+07:00
ASII.JK,Astra International,4697.289462002841,4697.289462002841,4522.017467151988,4627.1806640625,66966300,2022-08-04 00:00:00+07:00
ASII.JK,Astra International,4627.18032134434,4662.234717718161,4539.544330409788,4644.70751953125,46702100,2022-08-05 00:00:00+07:00
ASII.JK,Astra International,4644.707468516791,4697.2890625,4574.598676539179,4697.2890625,32971000,2022-08-08 00:00:00+07:00
ASII.JK,Astra International,4714.816064453125,4784.924853515625,4697.2888671875,4732.34326171875,61001700,2022-08-09 00:00:00+07:00
ASII.JK,Astra International,4749.870555571396,4802.4521484375,4627.180172217153,4802.4521484375,37086500,2022-08-10 00:00:00+07:00
ASII.JK,Astra International,4890.0882331244375,4907.615431092626,4837.506639219874,4872.56103515625,42007400,2022-08-11 00:00:00+07:00
ASII.JK,Astra International,4872.56103515625,4907.615431092626,4802.452243283498,4872.56103515625,58469000,2022-08-12 00:00:00+07:00
ASII.JK,Astra International,4855.033888494318,4872.561086647727,4767.397897727273,4819.9794921875,35283300,2022-08-15 00:00:00+07:00
ASII.JK,Astra International,4819.979103662634,4942.669480846774,4819.979103662634,4890.087890625,61907800,2022-08-16 00:00:00+07:00
ASII.JK,Astra International,4890.087890625,4907.6150873655915,4802.451906922042,4890.087890625,25190000,2022-08-18 00:00:00+07:00
ASII.JK,Astra International,4890.087890625,4907.6150873655915,4837.506300403225,4890.087890625,32914500,2022-08-19 00:00:00+07:00
ASII.JK,Astra International,4819.978811766697,4855.033203125,4767.397224729242,4855.033203125,48266600,2022-08-22 00:00:00+07:00
ASII.JK,Astra International,4837.506300403225,4925.142284106182,4802.451906922042,4890.087890625,56381000,2022-08-23 00:00:00+07:00
ASII.JK,Astra International,4855.0334507286125,4942.66943359375,4837.506254155585,4942.66943359375,30605000,2022-08-24 00:00:00+07:00
ASII.JK,Astra International,4942.669480846774,4942.669480846774,4872.5606938844085,4890.087890625,22793800,2022-08-25 00:00:00+07:00
ASII.JK,Astra International,4890.088284801136,4925.142681107955,4802.452294034091,4819.9794921875,31120500,2022-08-26 00:00:00+07:00
ASII.JK,Astra International,4767.398094093406,4837.50688959478,4732.343696342719,4784.92529296875,29722100,2022-08-29 00:00:00+07:00
ASII.JK,Astra International,4802.451953832654,4925.14233221524,4802.451953832654,4837.50634765625,45566100,2022-08-30 00:00:00+07:00
ASII.JK,Astra International,4819.979103662634,4890.087890625,4749.870316700269,4890.087890625,55714900,2022-08-31 00:00:00+07:00
ASII.JK,Astra International,4890.087594483303,4925.141985841607,4837.506007445849,4855.033203125,36691900,2022-09-01 00:00:00+07:00
ASII.JK,Astra International,4872.560398804152,4907.614790162455,4819.978811766697,4855.033203125,26077700,2022-09-02 00:00:00+07:00
ASII.JK,Astra International,4837.506690340909,4855.033888494318,4802.452294034091,4819.9794921875,24953800,2022-09-05 00:00:00+07:00
ASII.JK,Astra International,4819.9791507444515,4872.560741479846,4802.451953832654,4837.50634765625,18626800,2022-09-06 00:00:00+07:00
ASII.JK,Astra International,4767.39805568609,4819.9796518885105,4644.70766454711,4662.23486328125,77218400,2022-09-07 00:00:00+07:00
ASII.JK,Astra International,4662.23486328125,4732.34365821781,4644.70766454711,4662.23486328125,39405200,2022-09-08 00:00:00+07:00
ASII.JK,Astra International,4679.761814244119,4749.87060546875,4644.707418631803,4749.87060546875,31904200,2022-09-09 00:00:00+07:00
ASII.JK,Astra International,4749.870316700269,4890.087890625,4714.815923219086,4890.087890625,51563200,2022-09-12 00:00:00+07:00
ASII.JK,Astra International,4925.14166937934,5065.359225802951,4872.560085720486,5047.83203125,70555900,2022-09-13 00:00:00+07:00
ASII.JK,Astra International,4977.723926464161,5117.941501857517,4942.6695326158215,5012.7783203125,56832100,2022-09-14 00:00:00+07:00
ASII.JK,Astra International,4995.251023312832,5065.359809604942,4942.66943359375,4942.66943359375,63346200,2022-09-15 00:00:00+07:00
ASII.JK,Astra International,4907.615135303442,4942.669529127038,4837.50634765625,4837.50634765625,65885100,2022-09-16 00:00:00+07:00
ASII.JK,Astra International,4872.561077987939,5065.360257332785,4855.033879865679,4995.25146484375,52232700,2022-09-19 00:00:00+07:00
ASII.JK,Astra International,5012.778953206664,5082.887749755008,4977.724554932491,5030.30615234375,47337700,2022-09-20 00:00:00+07:00
ASII.JK,Astra International,4995.251123388331,5047.832714160839,4977.723926464161,5012.7783203125,26007500,2022-09-21 00:00:00+07:00
ASII.JK,Astra International,4925.142957521232,5065.360550617922,4907.615758384146,5030.30615234375,26295200,2022-09-22 00:00:00+07:00
ASII.JK,Astra International,4977.723926464161,5030.305517236669,4942.6695326158215,5012.7783203125,22258800,2022-09-23 00:00:00+07:00
ASII.JK,Astra International,4907.6150873655915,4925.142284106182,4802.451906922042,4890.087890625,61422800,2022-09-26 00:00:00+07:00
ASII.JK,Astra International,4907.615431092626,4942.669827029002,4872.56103515625,4872.56103515625,42809400,2022-09-27 00:00:00+07:00
ASII.JK,Astra International,4872.560640222886,4907.615033318015,4767.3974609375,4767.3974609375,50825400,2022-09-28 00:00:00+07:00
ASII.JK,Astra International,4802.452198887223,4837.506594499539,4697.289012050277,4749.87060546875,36653400,2022-09-29 00:00:00+07:00
ASII.JK,Astra International,4697.289114091981,4732.343510465802,4627.18032134434,4644.70751953125,71017400,2022-09-30 00:00:00+07:00
ASII.JK,Astra International,4662.234717718161,4697.289114091981,4627.18032134434,4644.70751953125,27280600,2022-10-03 00:00:00+07:00
ASII.JK,Astra International,4714.81591796875,4767.39750813197,4697.288721247677,4714.81591796875,33322400,2022-10-04 00:00:00+07:00
ASII.JK,Astra International,4767.397208567416,4784.924404187149,4679.76123046875,4679.76123046875,31019300,2022-10-05 00:00:00+07:00
ASII.JK,Astra International,4679.7622625177555,4732.343860973011,4627.1806640625,4627.1806640625,37002600,2022-10-06 00:00:00+07:00
ASII.JK,Astra International,4592.1260293496625,4609.653227934967,4522.017235008446,4539.54443359375,54850200,2022-10-07 00:00:00+07:00
ASII.JK,Astra International,4504.489697265625,4574.598486328125,4469.435302734375,4557.0712890625,34319700,2022-10-10 00:00:00+07:00
ASII.JK,Astra International,4486.962643678161,4609.653028466236,4486.962643678161,4574.5986328125,35320000,2022-10-11 00:00:00+07:00
ASII.JK,Astra International,4583.837759904036,4601.60457292692,4512.7705078125,4512.7705078125,72794100,2022-10-12 00:00:00+07:00
ASII.JK,Astra International,4530.537320835384,4548.304133858268,4459.470068743849,4512.7705078125,44281200,2022-10-13 00:00:00+07:00
ASII.JK,Astra International,4619.371385949804,4619.371385949804,4512.7705078125,4512.7705078125,45496900,2022-10-14 00:00:00+07:00
ASII.JK,Astra International,4495.00258960056,4637.137058836941,4406.168546327822,4566.06982421875,50710300,2022-10-17 00:00:00+07:00
ASII.JK,Astra International,4583.837759904036,4619.371385949804,4512.7705078125,4512.7705078125,42600400,2022-10-18 00:00:00+07:00
ASII.JK,Astra International,4566.070450939895,4637.1376953125,4548.303639846743,4637.1376953125,25542800,2022-10-19 00:00:00+07:00
ASII.JK,Astra International,4619.370250182394,4637.137058836941,4548.303015564203,4566.06982421875,32226200,2022-10-20 00:00:00+07:00
ASII.JK,Astra International,4601.60414129337,4743.738632144131,4583.837329937025,4672.67138671875,52148500,2022-10-21 00:00:00+07:00
ASII.JK,Astra International,4672.671247209822,4761.505301339285,4672.671247209822,4725.9716796875,37202900,2022-10-24 00:00:00+07:00
ASII.JK,Astra International,4761.5048828125,4761.5048828125,4690.437645755597,4761.5048828125,37836000,2022-10-25 00:00:00+07:00
ASII.JK,Astra International,4761.505443500476,4761.505443500476,4672.67138671875,4672.67138671875,36289700,2022-10-26 00:00:00+07:00
ASII.JK,Astra International,4672.671247209822,4743.738490513393,4637.137625558035,4725.9716796875,30429800,2022-10-27 00:00:00+07:00
ASII.JK,Astra International,4725.971042312739,4725.971042312739,4619.370191734256,4654.90380859375,28492900,2022-10-28 00:00:00+07:00
ASII.JK,Astra International,4654.904436383928,4725.9716796875,4654.904436383928,4725.9716796875,45774000,2022-10-31 00:00:00+07:00
ASII.JK,Astra International,4725.971820787786,4743.738632144131,4601.60414129337,4672.67138671875,59240700,2022-11-01 00:00:00+07:00
ASII.JK,Astra International,4637.137058836941,4654.903867491489,4530.536206909655,4566.06982421875,59695600,2022-11-02 00:00:00+07:00
ASII.JK,Astra International,4530.5361328125,4566.069749540441,4512.769324448529,4530.5361328125,29905800,2022-11-03 00:00:00+07:00
ASII.JK,Astra International,4512.769398255107,4566.06982421875,4512.769398255107,4566.06982421875,60465200,2022-11-04 00:00:00+07:00
ASII.JK,Astra International,4566.070175405649,4619.37060546875,4566.070175405649,4619.37060546875,41824000,2022-11-07 00:00:00+07:00
ASII.JK,Astra International,4619.370884219349,4637.1376953125,4583.837262033046,4637.1376953125,35241500,2022-11-08 00:00:00+07:00
ASII.JK,Astra International,4637.137000164003,4654.90380859375,4601.6033833045085,4654.90380859375,45144800,2022-11-09 00:00:00+07:00
ASII.JK,Astra International,4654.904506405652,4654.904506405652,4583.837262033046,4637.1376953125,33770400,2022-11-10 00:00:00+07:00
ASII.JK,Astra International,4690.438771802325,4708.20558533188,4583.837890625,4583.837890625,50938200,2022-11-11 00:00:00+07:00
ASII.JK,Astra International,4583.837692987351,4601.604505750868,4477.23681640625,4477.23681640625,46011200,2022-11-14 00:00:00+07:00
ASII.JK,Astra International,4477.235975150602,4512.7695940010035,4406.168737449799,4423.935546875,65536000,2022-11-15 00:00:00+07:00
ASII.JK,Astra International,4388.40234375,4406.169154858299,4335.101910425102,4388.40234375,60298900,2022-11-16 00:00:00+07:00
ASII.JK,Astra International,4406.169565352183,4477.23681640625,4299.568688771082,4477.23681640625,35165100,2022-11-17 00:00:00+07:00
ASII.JK,Astra International,4459.469165725402,4477.235975150602,4406.168737449799,4423.935546875,29302300,2022-11-18 00:00:00+07:00
ASII.JK,Astra International,4459.46930968997,4512.769739686264,4441.702499691205,4495.0029296875,19074900,2022-11-21 00:00:00+07:00
ASII.JK,Astra International,4495.002784575803,4512.7695940010035,4423.935546875,4423.935546875,33102700,2022-11-22 00:00:00+07:00
ASII.JK,Astra International,4459.468881914692,4477.235690209173,4406.16845703125,4406.16845703125,30863200,2022-11-23 00:00:00+07:00
ASII.JK,Astra International,4406.16845703125,4459.468881914692,4406.16845703125,4406.16845703125,21534300,2022-11-24 00:00:00+07:00
ASII.JK,Astra International,4388.40234375,4406.169154858299,4352.868721533401,4388.40234375,40948100,2022-11-25 00:00:00+07:00
ASII.JK,Astra International,4388.401928024598,4459.469165725402,4370.635118599397,4423.935546875,37901700,2022-11-28 00:00:00+07:00
ASII.JK,Astra International,4352.868299247804,4370.635108632489,4281.801061709065,4299.56787109375,121505900,2022-11-29 00:00:00+07:00
ASII.JK,Astra International,4299.56787109375,4406.1687274018595,4281.801061709065,4299.56787109375,191276100,2022-11-30 00:00:00+07:00
ASII.JK,Astra International,4335.101910425102,4406.169154858299,4335.101910425102,4388.40234375,88307900,2022-12-01 00:00:00+07:00
ASII.JK,Astra International,4388.402273995535,4388.402273995535,4299.568219866072,4352.86865234375,51843800,2022-12-02 00:00:00+07:00
ASII.JK,Astra International,4317.335382358661,4335.102194631742,4264.034945539419,4281.8017578125,64357800,2022-12-05 00:00:00+07:00
ASII.JK,Astra International,4264.03474069149,4281.801552111037,4121.900249335106,4175.20068359375,69873000,2022-12-06 00:00:00+07:00
ASII.JK,Astra International,4121.900288277839,4192.967534627456,4050.8330419282206,4068.599853515625,116677600,2022-12-07 00:00:00+07:00
ASII.JK,Astra International,4015.2998369527804,4121.900717579845,3944.232583201404,4033.066650390625,161238600,2022-12-08 00:00:00+07:00
ASII.JK,Astra International,4050.8334638284687,4086.3670907041574,4015.2998369527804,4033.066650390625,55355700,2022-12-09 00:00:00+07:00
ASII.JK,Astra International,4033.0666503906245,4068.6002772663132,3997.5330235149363,4033.066650390625,92687900,2022-12-12 00:00:00+07:00
ASII.JK,Astra International,4050.832458758047,4192.966930995171,4033.0656497284062,4139.66650390625,113893000,2022-12-13 00:00:00+07:00
ASII.JK,Astra International,4210.733740024812,4228.500549054453,4104.132885846969,4139.66650390625,78775300,2022-12-14 00:00:00+07:00
ASII.JK,Astra International,4139.667202653556,4157.434014682112,4086.3667665678877,4121.900390625,61581800,2022-12-15 00:00:00+07:00
ASII.JK,Astra International,4104.1328125,4121.899621212121,4050.8323863636365,4104.1328125,95271600,2022-12-16 00:00:00+07:00
ASII.JK,Astra International,4157.433876439144,4157.433876439144,4015.2993849369514,4050.8330078125,57531200,2022-12-19 00:00:00+07:00
ASII.JK,Astra International,4033.0661963747257,4086.3666306880477,4033.0661963747257,4050.8330078125,25876100,2022-12-20 00:00:00+07:00
ASII.JK,Astra International,4050.8330078124995,4068.599819250274,4015.2993849369514,4050.8330078125,34940600,2022-12-21 00:00:00+07:00
ASII.JK,Astra International,4050.8323863636365,4104.1328125,4033.0655776515155,4104.1328125,32103400,2022-12-22 00:00:00+07:00
ASII.JK,Astra International,4086.3670907041574,4104.1339041420015,4015.2998369527804,4033.066650390625,31969000,2022-12-23 00:00:00+07:00
ASII.JK,Astra International,4033.066127540791,4068.599749809873,3997.5325052717094,4015.29931640625,13540500,2022-12-26 00:00:00+07:00
ASII.JK,Astra International,4050.8334638284687,4086.3670907041574,4015.2998369527804,4033.066650390625,13680300,2022-12-27 00:00:00+07:00
ASII.JK,Astra International,4068.5997146267364,4068.5997146267364,3961.9988487413193,3997.532470703125,29919100,2022-12-28 00:00:00+07:00
ASII.JK,Astra International,3979.7656941371683,4033.066127540791,3944.2320718680867,4015.29931640625,32241500,2022-12-29 00:00:00+07:00
ASII.JK,Astra International,4033.0661963747257,4086.3666306880477,4015.2993849369514,4050.8330078125,36384500,2022-12-30 00:00:00+07:00
ASII.JK,Astra International,4068.599819250274,4068.599819250274,3997.5325734991775,4050.8330078125,12068800,2023-01-02 00:00:00+07:00
ASII.JK,Astra International,4033.066127540791,4050.832938675332,3997.5325052717094,4015.29931640625,22854400,2023-01-03 00:00:00+07:00
ASII.JK,Astra International,4015.2998369527804,4050.8334638284687,3997.5330235149363,4033.066650390625,32578900,2023-01-04 00:00:00+07:00
ASII.JK,Astra International,4015.2991733284885,4050.8327943313957,3819.8642578125,3819.8642578125,106047000,2023-01-05 00:00:00+07:00
ASII.JK,Astra International,3837.6314148509177,3926.465475379874,3802.097790639335,3873.1650390625,59754600,2023-01-06 00:00:00+07:00
ASII.JK,Astra International,3908.698274131133,3908.698274131133,3748.796981098496,3802.097412109375,63437700,2023-01-09 00:00:00+07:00
ASII.JK,Astra International,3819.864433181118,3819.864433181118,3748.7971879126317,3784.330810546875,62964600,2023-01-10 00:00:00+07:00
ASII.JK,Astra International,3784.330172744094,3802.096981066836,3695.4961311303828,3713.262939453125,45514800,2023-01-11 00:00:00+07:00
ASII.JK,Astra International,3695.496550087617,3819.8642224463347,3695.496550087617,3802.097412109375,61374300,2023-01-12 00:00:00+07:00
ASII.JK,Astra International,3819.8646027451264,3908.6986632740827,3766.5641664277523,3873.1650390625,52039800,2023-01-13 00:00:00+07:00
ASII.JK,Astra International,3926.464951651437,3979.765380859375,3890.9313321794784,3979.765380859375,48458700,2023-01-16 00:00:00+07:00
ASII.JK,Astra International,3979.765061936937,4015.298678561374,3908.697828688063,3944.2314453125,66999600,2023-01-17 00:00:00+07:00
ASII.JK,Astra International,3944.2320718680867,4015.29931640625,3944.2320718680867,4015.29931640625,28120700,2023-01-18 00:00:00+07:00
ASII.JK,Astra International,4015.299111912393,4175.200403979701,4015.299111912393,4157.43359375,95543300,2023-01-19 00:00:00+07:00
ASII.JK,Astra International,4175.199988413665,4192.966796875,4104.132754568326,4192.966796875,54173000,2023-01-20 00:00:00+07:00
ASII.JK,Astra International,4192.967563291139,4228.5011867088615,4157.433939873418,4210.734375,26217800,2023-01-24 00:00:00+07:00
ASII.JK,Astra International,4192.966870732668,4228.50048828125,4157.4332531840855,4228.50048828125,18115800,2023-01-25 00:00:00+07:00
ASII.JK,Astra International,4210.733605336335,4228.500413797669,4157.433179952331,4192.966796875,40168400,2023-01-26 00:00:00+07:00
ASII.JK,Astra International,4210.734306432846,4228.501117852394,4175.20068359375,4175.20068359375,31869800,2023-01-27 00:00:00+07:00
ASII.JK,Astra International,4175.20068359375,4192.9674950132985,4104.133437915559,4175.20068359375,34817500,2023-01-30 00:00:00+07:00
ASII.JK,Astra International,4210.734234619141,4281.801479085286,4192.967423502604,4264.03466796875,89064100,2023-01-31 00:00:00+07:00
ASII.JK,Astra International,4264.03466796875,4264.03466796875,4210.734234619141,4264.03466796875,35355300,2023-02-01 00:00:00+07:00
ASII.JK,Astra International,4228.5011867088615,4246.267998417722,4175.200751582279,4210.734375,30039900,2023-02-02 00:00:00+07:00
ASII.JK,Astra International,4246.267929271941,4246.267929271941,4175.20068359375,4175.20068359375,24629700,2023-02-03 00:00:00+07:00
ASII.JK,Astra International,4175.200403979701,4192.967214209401,4139.666783520299,4157.43359375,31033700,2023-02-06 00:00:00+07:00
ASII.JK,Astra International,4139.667060754655,4210.734306432846,4139.667060754655,4175.20068359375,29536700,2023-02-07 00:00:00+07:00
ASII.JK,Astra International,4175.200826710668,4192.967638739224,4104.133578596444,4121.900390625,27235100,2023-02-08 00:00:00+07:00
ASII.JK,Astra International,4139.66753101769,4157.434344455533,4033.0666503906245,4033.066650390625,48263600,2023-02-09 00:00:00+07:00
ASII.JK,Astra International,3979.765762061403,4050.8330078124995,3944.232139185855,4050.8330078125,71158200,2023-02-10 00:00:00+07:00
ASII.JK,Astra International,4050.8330419282206,4086.36666510303,4033.066230340816,4068.599853515625,22154800,2023-02-13 00:00:00+07:00
ASII.JK,Astra International,4086.36666510303,4121.900288277839,4050.8330419282206,4068.599853515625,31292000,2023-02-14 00:00:00+07:00
ASII.JK,Astra International,4068.6002772663132,4068.6002772663132,3961.999396639248,4033.066650390625,38862100,2023-02-15 00:00:00+07:00
ASII.JK,Astra International,4050.8330078124995,4050.8330078124995,3997.5325734991775,4050.8330078125,19014100,2023-02-16 00:00:00+07:00
ASII.JK,Astra International,4050.8334638284687,4068.6002772663132,3997.5330235149363,4033.066650390625,31273200,2023-02-17 00:00:00+07:00
ASII.JK,Astra International,4033.065810067313,4050.8326198032923,3961.998571123396,3979.765380859375,29576500,2023-02-20 00:00:00+07:00
ASII.JK,Astra International,3979.765344730942,4015.2989638803256,3944.2317255815587,3961.99853515625,26985200,2023-02-21 00:00:00+07:00
ASII.JK,Astra International,3944.232037760417,4015.299281684028,3944.232037760417,3997.532470703125,24822300,2023-02-22 00:00:00+07:00
ASII.JK,Astra International,4015.29931640625,4050.832938675332,3961.9988830026273,4015.29931640625,33406700,2023-02-23 00:00:00+07:00
ASII.JK,Astra International,4033.066264011549,4121.900322690217,4015.299452275815,4086.36669921875,30869400,2023-02-24 00:00:00+07:00
ASII.JK,Astra International,4068.5999545393315,4121.900390625,4050.833142510776,4121.900390625,28650400,2023-02-27 00:00:00+07:00
ASII.JK,Astra International,4406.168801229508,4459.46923027664,4335.1015625,4335.1015625,154669700,2023-02-28 00:00:00+07:00
ASII.JK,Astra International,4335.101633955793,4388.402063881479,4299.5680140053355,4370.63525390625,49851200,2023-03-01 00:00:00+07:00
ASII.JK,Astra International,4370.63525390625,4388.402063881479,4317.334823980565,4370.63525390625,26943600,2023-03-02 00:00:00+07:00
ASII.JK,Astra International,4370.635108632489,4370.635108632489,4281.801061709065,4299.56787109375,32818500,2023-03-03 00:00:00+07:00
ASII.JK,Astra International,4335.1017714763375,4352.868582015175,4299.5681503986625,4317.3349609375,22141000,2023-03-06 00:00:00+07:00
ASII.JK,Astra International,4299.567723378414,4317.334532152705,4192.966870732668,4228.50048828125,41630000,2023-03-07 00:00:00+07:00
ASII.JK,Astra International,4192.967563291139,4246.267998417722,4175.200751582279,4210.734375,40374900,2023-03-08 00:00:00+07:00
ASII.JK,Astra International,4246.268133266338,4299.568570085581,4228.501320993257,4281.8017578125,23104400,2023-03-09 00:00:00+07:00
ASII.JK,Astra International,4246.26806640625,4264.034878399581,4192.967630426256,4246.26806640625,33330500,2023-03-10 00:00:00+07:00
ASII.JK,Astra International,4192.967563291139,4246.267998417722,4157.433939873418,4210.734375,28402600,2023-03-13 00:00:00+07:00
ASII.JK,Astra International,4192.966856060606,4210.733664772727,4086.366003787879,4104.1328125,56988600,2023-03-14 00:00:00+07:00
ASII.JK,Astra International,4157.433238636364,4175.200047348485,4104.1328125,4104.1328125,40170800,2023-03-15 00:00:00+07:00
ASII.JK,Astra International,4104.1331630608975,4175.200403979701,4033.065922142094,4157.43359375,33947700,2023-03-16 00:00:00+07:00
ASII.JK,Astra International,4175.200403979701,4210.7340244391025,4157.43359375,4157.43359375,74811900,2023-03-17 00:00:00+07:00
ASII.JK,Astra International,4157.433872174202,4192.9674950132985,4121.900249335106,4175.20068359375,22146000,2023-03-20 00:00:00+07:00
ASII.JK,Astra International,4157.433872174202,4246.267929271941,4157.433872174202,4175.20068359375,40671600,2023-03-21 00:00:00+07:00
ASII.JK,Astra International,4210.733679506959,4264.034105829832,4192.966870732668,4228.50048828125,60721800,2023-03-24 00:00:00+07:00
ASII.JK,Astra International,4228.501117852394,4246.267929271941,4175.20068359375,4175.20068359375,32493100,2023-03-27 00:00:00+07:00
ASII.JK,Astra International,4192.967214209401,4210.7340244391025,4157.43359375,4157.43359375,42944400,2023-03-28 00:00:00+07:00
ASII.JK,Astra International,4157.4332531840855,4299.567723378414,4157.4332531840855,4228.50048828125,81945000,2023-03-29 00:00:00+07:00
ASII.JK,Astra International,4246.2672222590045,4246.2672222590045,4192.966796875,4192.966796875,40174400,2023-03-30 00:00:00+07:00
ASII.JK,Astra International,4228.501045735677,4281.801479085286,4210.734234619141,4264.03466796875,40364100,2023-03-31 00:00:00+07:00
ASII.JK,Astra International,4299.5682902018225,4335.101912434896,4246.267856852213,4264.03466796875,44636200,2023-04-03 00:00:00+07:00
ASII.JK,Astra International,4281.8017578125,4299.568570085581,4228.501320993257,4281.8017578125,35612700,2023-04-04 00:00:00+07:00
ASII.JK,Astra International,4281.801479085286,4299.5682902018225,4246.267856852213,4264.03466796875,27556300,2023-04-05 00:00:00+07:00
ASII.JK,Astra International,4264.034810126583,4264.034810126583,4210.734375,4210.734375,32964500,2023-04-06 00:00:00+07:00
ASII.JK,Astra International,4228.501254412919,4246.26806640625,4175.200818432924,4246.26806640625,40039500,2023-04-10 00:00:00+07:00
ASII.JK,Astra International,4228.500908243313,4335.1017714763375,4210.734097704475,4317.3349609375,37545800,2023-04-11 00:00:00+07:00
ASII.JK,Astra International,4370.6349140625,4477.235765625,4352.8681054687495,4441.7021484375,126817700,2023-04-12 00:00:00+07:00
ASII.JK,Astra International,4423.93533984375,4459.46895703125,4388.40172265625,4441.7021484375,35138600,2023-04-13 00:00:00+07:00
ASII.JK,Astra International,4459.468881914692,4477.235690209173,4406.16845703125,4406.16845703125,45556300,2023-04-14 00:00:00+07:00
ASII.JK,Astra International,4406.168737449799,4459.469165725402,4406.168737449799,4423.935546875,33965200,2023-04-17 00:00:00+07:00
ASII.JK,Astra International,4459.4689722914645,4601.6034415278455,4459.4689722914645,4566.06982421875,101792500,2023-04-18 00:00:00+07:00
ASII.JK,Astra International,4708.2044550198225,4761.5048828125,4619.3704086986945,4761.5048828125,182919200,2023-04-26 00:00:00+07:00
ASII.JK,Astra International,4743.738073548275,4779.271692076726,4708.2044550198225,4761.5048828125,45762900,2023-04-27 00:00:00+07:00
ASII.JK,Astra International,4761.505439814815,4797.0390625,4743.738628472222,4797.0390625,64976400,2023-04-28 00:00:00+07:00
ASII.JK,Astra International,4814.805025822215,4814.805025822215,4690.437368328652,4743.73779296875,62972600,2023-05-02 00:00:00+07:00
ASII.JK,Astra International,4761.505019162735,4779.271828935731,4654.904160524764,4708.20458984375,106341300,2023-05-03 00:00:00+07:00
ASII.JK,Astra International,4690.43798828125,4708.204798842921,4654.904367157907,4690.43798828125,132167800,2023-05-04 00:00:00+07:00
ASII.JK,Astra International,4769.54248046875,4769.54248046875,4769.54248046875,4769.54248046875,82270600,2023-05-05 00:00:00+07:00
ASII.JK,Astra International,4769.542681760205,4788.9310666454085,4691.989142219388,4750.154296875,95087500,2023-05-08 00:00:00+07:00
ASII.JK,Astra International,4750.154155987525,4905.26123046875,4711.377387367218,4905.26123046875,96938100,2023-05-09 00:00:00+07:00
ASII.JK,Astra International,4924.649614778903,4982.814767709363,4885.872846158597,4905.26123046875,52404700,2023-05-10 00:00:00+07:00
ASII.JK,Astra International,4924.64973046875,4924.64973046875,4788.931037109375,4847.09619140625,39596900,2023-05-11 00:00:00+07:00
ASII.JK,Astra International,4827.70751953125,4866.484286756401,4788.9307523061,4827.70751953125,67576500,2023-05-12 00:00:00+07:00
ASII.JK,Astra International,4866.484263502706,4924.6494140625,4788.930729422982,4924.6494140625,42039400,2023-05-15 00:00:00+07:00
ASII.JK,Astra International,4924.650021009711,4963.426792828685,4847.096477371763,4866.48486328125,19445400,2023-05-16 00:00:00+07:00
ASII.JK,Astra International,4924.649614778903,4924.649614778903,4866.484461848444,4905.26123046875,29480000,2023-05-17 00:00:00+07:00
ASII.JK,Astra International,4963.426640926641,5079.756952823359,4924.649870294402,5021.591796875,75548600,2023-05-19 00:00:00+07:00
ASII.JK,Astra International,5060.368053089488,5157.309969815341,4982.814519708807,5118.533203125,63793800,2023-05-22 00:00:00+07:00
ASII.JK,Astra International,5118.533203125,5157.309969815341,5079.756436434659,5118.533203125,49261900,2023-05-23 00:00:00+07:00
ASII.JK,Astra International,5099.144710469335,5176.6982421875,5040.979561680711,5176.6982421875,54136600,2023-05-24 00:00:00+07:00
ASII.JK,Astra International,5196.086736505682,5196.086736505682,5060.368053089488,5118.533203125,43564900,2023-05-25 00:00:00+07:00
ASII.JK,Astra International,5118.533203125,5118.533203125,5060.368053089488,5118.533203125,25356200,2023-05-26 00:00:00+07:00
ASII.JK,Astra International,5137.92158647017,5137.92158647017,5021.591286399148,5118.533203125,27939400,2023-05-29 00:00:00+07:00
ASII.JK,Astra International,5099.145134089543,5118.533518629807,5040.97998046875,5040.97998046875,23340800,2023-05-30 00:00:00+07:00
ASII.JK,Astra International,5040.979893410853,5118.533430232558,5002.203125,5002.203125,154796300,2023-05-31 00:00:00+07:00
ASII.JK,Astra International,5060.368201622597,5428.74749599359,5040.979817708334,5293.02880859375,200252000,2023-06-05 00:00:00+07:00
ASII.JK,Astra International,5273.64013671875,5370.582050996668,5234.863371007583,5273.64013671875,65282100,2023-06-06 00:00:00+07:00
ASII.JK,Astra International,5273.64013671875,5312.416902429917,5176.698222440831,5273.64013671875,81991400,2023-06-07 00:00:00+07:00
ASII.JK,Astra International,5215.475185943265,5254.251953125,5196.086802352398,5254.251953125,32704900,2023-06-08 00:00:00+07:00
ASII.JK,Astra International,5234.863371007583,5273.64013671875,5196.086605296415,5273.64013671875,24893400,2023-06-09 00:00:00+07:00
ASII.JK,Astra International,5273.640336715867,5273.640336715867,5176.698418761532,5254.251953125,37558000,2023-06-12 00:00:00+07:00
ASII.JK,Astra International,5254.251173683449,5293.027935112847,5234.86279296875,5234.86279296875,23911800,2023-06-13 00:00:00+07:00
ASII.JK,Astra International,5234.864024286685,5351.1943359375,5234.864024286685,5351.1943359375,34146100,2023-06-14 00:00:00+07:00
ASII.JK,Astra International,5351.1945383522725,5351.1945383522725,5293.029380326704,5331.80615234375,16414000,2023-06-15 00:00:00+07:00
ASII.JK,Astra International,5312.41796875,5331.806355497262,5254.252808508211,5312.41796875,63892800,2023-06-16 00:00:00+07:00
ASII.JK,Astra International,5273.640994318182,5331.80615234375,5254.252608309659,5331.80615234375,12514200,2023-06-19 00:00:00+07:00
ASII.JK,Astra International,5293.028519574334,5312.416902429917,5254.251753863166,5273.64013671875,24394300,2023-06-20 00:00:00+07:00
ASII.JK,Astra International,5254.2522122489845,5409.359288625338,5234.863827701941,5370.58251953125,37629300,2023-06-21 00:00:00+07:00
ASII.JK,Astra International,5331.805487488468,5351.193871079336,5254.251953125,5254.251953125,51199300,2023-06-22 00:00:00+07:00
ASII.JK,Astra International,5254.251953125,5293.028720306735,5196.086802352398,5254.251953125,32156800,2023-06-23 00:00:00+07:00
ASII.JK,Astra International,5273.64013671875,5351.193668141084,5254.251753863166,5273.64013671875,31726400,2023-06-26 00:00:00+07:00
ASII.JK,Astra International,5273.640336715867,5312.417103897602,5254.251953125,5254.251953125,36422700,2023-06-27 00:00:00+07:00
ASII.JK,Astra International,5254.252040765225,5293.02880859375,5234.863656850962,5293.02880859375,37348600,2023-07-03 00:00:00+07:00
ASII.JK,Astra International,5293.028720306735,5293.028720306735,5196.086802352398,5254.251953125,20047800,2023-07-04 00:00:00+07:00
ASII.JK,Astra International,5254.251953125,5254.251953125,5196.086802352398,5254.251953125,34751800,2023-07-05 00:00:00+07:00
ASII.JK,Astra International,5254.251753863166,5273.64013671875,5234.863371007583,5273.64013671875,35473800,2023-07-06 00:00:00+07:00
ASII.JK,Astra International,5254.252040765225,5293.02880859375,5234.863656850962,5293.02880859375,28755500,2023-07-07 00:00:00+07:00
ASII.JK,Astra International,5293.028720306735,5293.028720306735,5254.251953125,5254.251953125,15301300,2023-07-10 00:00:00+07:00
ASII.JK,Astra International,5254.251753863166,5273.64013671875,5234.863371007583,5273.64013671875,32949200,2023-07-11 00:00:00+07:00
ASII.JK,Astra International,5254.251953125,5293.028720306735,5234.863569534133,5254.251953125,29210200,2023-07-12 00:00:00+07:00
ASII.JK,Astra International,5254.251753863166,5293.028519574334,5234.863371007583,5273.64013671875,31298400,2023-07-13 00:00:00+07:00
ASII.JK,Astra International,5254.251173683449,5293.027935112847,5196.086031539352,5234.86279296875,56060600,2023-07-14 00:00:00+07:00
ASII.JK,Astra International,5234.863390976124,5254.251773905665,5176.6982421875,5176.6982421875,41698600,2023-07-17 00:00:00+07:00
ASII.JK,Astra International,5176.698555949976,5196.086940054657,5021.591483112524,5099.14501953125,68904700,2023-07-18 00:00:00+07:00
ASII.JK,Astra International,5099.1449316032085,5099.1449316032085,5002.203012751436,5060.3681640625,64069100,2023-07-20 00:00:00+07:00
ASII.JK,Astra International,5040.979893410853,5060.368277616279,4944.037972383721,5002.203125,64037700,2023-07-21 00:00:00+07:00
ASII.JK,Astra International,4963.426526717557,5118.53360567748,4963.426526717557,5079.7568359375,40830500,2023-07-24 00:00:00+07:00
ASII.JK,Astra International,5118.533518629807,5137.921903170072,5040.97998046875,5040.97998046875,23958900,2023-07-25 00:00:00+07:00
ASII.JK,Astra International,5099.144819779829,5137.92158647017,5040.979669744318,5118.533203125,38599800,2023-07-26 00:00:00+07:00
ASII.JK,Astra International,5118.533315373563,5118.533315373563,5040.979780292146,5060.3681640625,27816700,2023-07-27 00:00:00+07:00
ASII.JK,Astra International,5040.979952830188,5137.921875,5021.591568396227,5137.921875,28288300,2023-07-28 00:00:00+07:00
ASII.JK,Astra International,5234.864421760949,5389.971515739051,5215.476035013686,5312.41796875,87828900,2023-07-31 00:00:00+07:00
ASII.JK,Astra International,5331.80615234375,5351.1945383522725,5273.640994318182,5331.80615234375,29425300,2023-08-01 00:00:00+07:00
ASII.JK,Astra International,5293.029582002737,5312.41796875,5254.252808508211,5312.41796875,29463700,2023-08-02 00:00:00+07:00
ASII.JK,Astra International,5273.640424679487,5351.193960336539,5254.252040765225,5293.02880859375,29272000,2023-08-03 00:00:00+07:00
ASII.JK,Astra International,5293.028519574334,5312.416902429917,5234.863371007583,5273.64013671875,16646300,2023-08-04 00:00:00+07:00
ASII.JK,Astra International,5293.029380326704,5351.1945383522725,5234.864222301136,5331.80615234375,32608000,2023-08-07 00:00:00+07:00
ASII.JK,Astra International,5312.41796875,5351.1947422445255,5293.029582002737,5312.41796875,16515100,2023-08-08 00:00:00+07:00
ASII.JK,Astra International,5312.417766335227,5331.80615234375,5293.029380326704,5331.80615234375,13781700,2023-08-09 00:00:00+07:00
ASII.JK,Astra International,5312.416315827546,5331.804696542245,5234.86279296875,5234.86279296875,32076700,2023-08-10 00:00:00+07:00
ASII.JK,Astra International,5234.86279296875,5254.251173683449,5157.309270109954,5234.86279296875,42320900,2023-08-11 00:00:00+07:00
ASII.JK,Astra International,5196.086605296415,5273.64013671875,5196.086605296415,5273.64013671875,27616200,2023-08-14 00:00:00+07:00
ASII.JK,Astra International,5215.474609375,5254.251372269981,5176.697846480019,5215.474609375,32385400,2023-08-15 00:00:00+07:00
ASII.JK,Astra International,5176.697650824653,5234.86279296875,5157.309270109954,5234.86279296875,24913200,2023-08-16 00:00:00+07:00
ASII.JK,Astra International,5176.6984666846265,5196.086850454981,5040.979780292146,5060.3681640625,69001300,2023-08-18 00:00:00+07:00
ASII.JK,Astra International,5060.368567507239,5079.756952823359,4982.815026242761,5021.591796875,34702500,2023-08-21 00:00:00+07:00
ASII.JK,Astra International,5002.203296457538,5118.53360567748,5002.203296457538,5079.7568359375,37704700,2023-08-22 00:00:00+07:00
ASII.JK,Astra International,5079.7568359375,5118.53360567748,5060.368451067509,5079.7568359375,27624900,2023-08-23 00:00:00+07:00
ASII.JK,Astra International,5079.756952823359,5118.533723455598,5021.591796875,5021.591796875,33278500,2023-08-24 00:00:00+07:00
ASII.JK,Astra International,5021.5915092054265,5040.979893410853,4963.426356589147,5002.203125,35673300,2023-08-25 00:00:00+07:00
ASII.JK,Astra International,5040.979602383269,5040.979602383269,4963.42607003891,4982.814453125,14871100,2023-08-28 00:00:00+07:00
ASII.JK,Astra International,5002.20352935791,5002.20352935791,4944.038372039795,4963.4267578125,29937800,2023-08-29 00:00:00+07:00
ASII.JK,Astra International,5002.203125,5060.368277616279,4963.426356589147,5002.203125,41993300,2023-08-30 00:00:00+07:00
ASII.JK,Astra International,5002.203125,5021.5915092054265,4963.426356589147,5002.203125,44502000,2023-08-31 00:00:00+07:00
ASII.JK,Astra International,5021.591681327529,5099.145220807491,5021.591681327529,5079.7568359375,26069500,2023-09-01 00:00:00+07:00
ASII.JK,Astra International,5099.144819779829,5118.533203125,5060.368053089488,5118.533203125,17384000,2023-09-04 00:00:00+07:00
ASII.JK,Astra International,5118.533203125,5157.309969815341,5079.756436434659,5118.533203125,23070700,2023-09-05 00:00:00+07:00
ASII.JK,Astra International,5099.1449316032085,5137.921699143918,5060.3681640625,5060.3681640625,18421300,2023-09-06 00:00:00+07:00
ASII.JK,Astra International,5021.591915130615,5040.98030090332,4924.64998626709,4963.4267578125,49921600,2023-09-07 00:00:00+07:00
ASII.JK,Astra International,5002.20352935791,5002.20352935791,4924.64998626709,4963.4267578125,32416900,2023-09-08 00:00:00+07:00
ASII.JK,Astra International,4963.426470588235,4982.81485523897,4885.872931985294,4944.0380859375,33422100,2023-09-11 00:00:00+07:00
ASII.JK,Astra International,4944.037708100819,4944.037708100819,4885.87255859375,4885.87255859375,30225600,2023-09-12 00:00:00+07:00
ASII.JK,Astra International,4905.260941762773,4905.260941762773,4827.707409086682,4885.87255859375,40040900,2023-09-13 00:00:00+07:00
ASII.JK,Astra International,4905.26123046875,4944.037999089056,4847.09607753829,4905.26123046875,40259300,2023-09-14 00:00:00+07:00
ASII.JK,Astra International,4847.0957922557045,4905.260941762773,4808.319025917659,4885.87255859375,132198700,2023-09-15 00:00:00+07:00
ASII.JK,Astra International,4866.484175424727,4905.260941762773,4847.0957922557045,4885.87255859375,35517300,2023-09-18 00:00:00+07:00
ASII.JK,Astra International,4885.8726470226375,4944.037797582431,4866.484263502706,4924.6494140625,31439200,2023-09-19 00:00:00+07:00
ASII.JK,Astra International,4924.6493249317955,4963.426091269842,4885.87255859375,4885.87255859375,39764900,2023-09-20 00:00:00+07:00
ASII.JK,Astra International,4885.872873613911,4905.261258033014,4808.3193359375,4808.3193359375,46231100,2023-09-21 00:00:00+07:00
ASII.JK,Astra International,4808.3193359375,4866.484489194809,4788.930951518397,4808.3193359375,30610900,2023-09-22 00:00:00+07:00
ASII.JK,Astra International,4827.707806640625,4866.484576171875,4808.3194218749995,4847.09619140625,32700500,2023-09-25 00:00:00+07:00
ASII.JK,Astra International,4827.707720356602,4885.872873613911,4808.3193359375,4808.3193359375,43217400,2023-09-26 00:00:00+07:00
ASII.JK,Astra International,4808.319248602642,4847.096016736535,4750.154096401804,4769.54248046875,31688400,2023-09-27 00:00:00+07:00
ASII.JK,Astra International,4847.095903143825,4866.484286756401,4808.319135918675,4827.70751953125,20902300,2023-09-29 00:00:00+07:00
ASII.JK,Astra International,4866.48486328125,4924.650021009711,4847.096477371763,4866.48486328125,23884400,2023-10-02 00:00:00+07:00
ASII.JK,Astra International,4866.484489194809,4866.484489194809,4808.3193359375,4808.3193359375,25350100,2023-10-03 00:00:00+07:00
ASII.JK,Astra International,4788.930483217593,4808.318865740741,4691.988570601852,4711.376953125,55496200,2023-10-04 00:00:00+07:00
ASII.JK,Astra International,4750.154122633558,4788.930890981587,4672.6005859375,4672.6005859375,55924900,2023-10-05 00:00:00+07:00
ASII.JK,Astra International,4691.988570601852,4769.542100694444,4691.988570601852,4711.376953125,18104300,2023-10-06 00:00:00+07:00
ASII.JK,Astra International,4769.542681760205,4827.707836415817,4730.765911989796,4750.154296875,43718300,2023-10-09 00:00:00+07:00
ASII.JK,Astra International,4788.930686257102,4788.930686257102,4691.98876953125,4691.98876953125,36797700,2023-10-10 00:00:00+07:00
ASII.JK,Astra International,4711.37715287642,4750.153919566761,4691.98876953125,4691.98876953125,45959600,2023-10-11 00:00:00+07:00
ASII.JK,Astra International,4729.827337184874,4749.53495108981,4690.412109375,4690.412109375,71954600,2023-10-12 00:00:00+07:00
ASII.JK,Astra International,4729.827242416318,4749.534855926386,4690.412015396182,4710.11962890625,32794800,2023-10-13 00:00:00+07:00
ASII.JK,Astra International,4670.704877804487,4710.1201088408125,4591.874415731838,4611.58203125,52414600,2023-10-16 00:00:00+07:00
ASII.JK,Astra International,4631.289646768163,4670.704877804487,4611.58203125,4611.58203125,40295600,2023-10-17 00:00:00+07:00
ASII.JK,Astra International,4611.582127648873,4729.827823229613,4591.87451171875,4591.87451171875,53751300,2023-10-18 00:00:00+07:00
ASII.JK,Astra International,4591.8744072393565,4611.58202272107,4493.336329830786,4513.0439453125,60258300,2023-10-19 00:00:00+07:00
ASII.JK,Astra International,4473.628323739035,4532.751165021929,4453.920709978071,4493.3359375,56606100,2023-10-20 00:00:00+07:00
ASII.JK,Astra International,4513.043437412806,4532.751050676618,4414.50537109375,4414.50537109375,57516800,2023-10-23 00:00:00+07:00
ASII.JK,Astra International,4414.505589978448,4611.5817323882,4414.505589978448,4572.16650390625,57283100,2023-10-24 00:00:00+07:00
ASII.JK,Astra International,4591.874213676948,4670.7046722808445,4552.458984375,4552.458984375,51542400,2023-10-25 00:00:00+07:00
ASII.JK,Astra International,4552.459176275928,4572.166791757642,4473.628714349073,4513.0439453125,18969800,2023-10-26 00:00:00+07:00
ASII.JK,Astra International,4532.751560794214,4552.459176275928,4513.0439453125,4513.0439453125,35328800,2023-10-27 00:00:00+07:00
ASII.JK,Astra International,4532.7512754243,4591.874118147225,4473.628432701374,4572.16650390625,17820800,2023-10-30 00:00:00+07:00
ASII.JK,Astra International,4611.581828327922,4650.99705762987,4552.458984375,4552.458984375,46118000,2023-10-31 00:00:00+07:00
ASII.JK,Astra International,4650.996960870151,4729.827417834052,4572.16650390625,4572.16650390625,91836500,2023-11-01 00:00:00+07:00
ASII.JK,Astra International,4611.5817323882,4650.996960870151,4572.16650390625,4572.16650390625,46166200,2023-11-02 00:00:00+07:00
ASII.JK,Astra International,4611.581840903072,4670.704685017214,4591.874226198358,4650.9970703125,43395900,2023-11-03 00:00:00+07:00
ASII.JK,Astra International,4670.705078125,4690.4126944883965,4650.9974617616035,4670.705078125,29757300,2023-11-06 00:00:00+07:00
ASII.JK,Astra International,4670.704975439244,4690.412591369367,4552.459279858503,4591.87451171875,30298200,2023-11-07 00:00:00+07:00
ASII.JK,Astra International,4572.166791757642,4591.8744072393565,4473.628714349073,4513.0439453125,38367700,2023-11-08 00:00:00+07:00
ASII.JK,Astra International,4552.459079908288,4591.874310037364,4513.043849779212,4532.75146484375,20420100,2023-11-09 00:00:00+07:00
ASII.JK,Astra International,4513.043755073052,4552.458984375,4513.043755073052,4552.458984375,15229800,2023-11-10 00:00:00+07:00
ASII.JK,Astra International,4591.874704006499,4591.874704006499,4453.92138671875,4453.92138671875,24673700,2023-11-13 00:00:00+07:00
ASII.JK,Astra International,4473.62890625,4513.044138904185,4453.921289922908,4473.62890625,12066000,2023-11-14 00:00:00+07:00
ASII.JK,Astra International,4532.75146484375,4611.581925101902,4493.336234714674,4532.75146484375,34814300,2023-11-15 00:00:00+07:00
ASII.JK,Astra International,4532.7516639283795,4591.87451171875,4513.044047998256,4591.87451171875,17422800,2023-11-16 00:00:00+07:00
ASII.JK,Astra International,4572.16639254386,4591.874006304824,4493.3359375,4493.3359375,27116700,2023-11-17 00:00:00+07:00
ASII.JK,Astra International,4513.043661183325,4611.5817323882,4493.33604694235,4572.16650390625,22940000,2023-11-20 00:00:00+07:00
ASII.JK,Astra International,4572.166599025974,4611.581828327922,4532.751369724026,4552.458984375,17153300,2023-11-21 00:00:00+07:00
ASII.JK,Astra International,4552.459371558371,4552.459371558371,4453.921289922908,4473.62890625,36329500,2023-11-22 00:00:00+07:00
ASII.JK,Astra International,4473.628323739035,4513.043551260965,4473.628323739035,4493.3359375,43425400,2023-11-23 00:00:00+07:00
ASII.JK,Astra International,4493.336329830786,4532.751560794214,4493.336329830786,4513.0439453125,9347300,2023-11-24 00:00:00+07:00
ASII.JK,Astra International,4513.043838975695,4532.751453993055,4414.505763888888,4434.21337890625,63360900,2023-11-27 00:00:00+07:00
ASII.JK,Astra International,4473.628402572494,4473.628402572494,4375.09033203125,4375.09033203125,86907600,2023-11-28 00:00:00+07:00
ASII.JK,Astra International,4414.505161199095,4453.920385852658,4355.38232421875,4355.38232421875,75070800,2023-11-29 00:00:00+07:00
ASII.JK,Astra International,4394.798027886284,4394.798027886284,4256.8447265625,4256.8447265625,161684600,2023-11-30 00:00:00+07:00
ASII.JK,Astra International,4296.260084069293,4532.75146484375,4296.260084069293,4532.75146484375,145374400,2023-12-01 00:00:00+07:00
ASII.JK,Astra International,4532.75146484375,4591.874310037364,4513.043849779212,4532.75146484375,57590700,2023-12-04 00:00:00+07:00
ASII.JK,Astra International,4552.459176275928,4572.166791757642,4473.628714349073,4513.0439453125,25787200,2023-12-05 00:00:00+07:00
ASII.JK,Astra International,4493.336329830786,4591.8744072393565,4493.336329830786,4513.0439453125,41363700,2023-12-06 00:00:00+07:00
ASII.JK,Astra International,4532.7517552312775,4532.7517552312775,4414.5060572687225,4473.62890625,40599000,2023-12-07 00:00:00+07:00
ASII.JK,Astra International,4473.62890625,4493.336522577092,4434.213673595815,4473.62890625,26972000,2023-12-08 00:00:00+07:00
ASII.JK,Astra International,4453.9205976213725,4473.628210885184,4355.382531302315,4414.50537109375,39510200,2023-12-11 00:00:00+07:00
ASII.JK,Astra International,4473.628306299047,4473.628306299047,4375.090237878363,4394.7978515625,19272900,2023-12-12 00:00:00+07:00
ASII.JK,Astra International,4375.089936545532,4414.505161199095,4355.38232421875,4355.38232421875,31196600,2023-12-13 00:00:00+07:00
ASII.JK,Astra International,4414.505763888888,4453.920993923611,4394.798148871528,4434.21337890625,65510200,2023-12-14 00:00:00+07:00
ASII.JK,Astra International,4434.213769963357,4493.336620229536,4414.506153207964,4453.92138671875,93580400,2023-12-15 00:00:00+07:00
ASII.JK,Astra International,4453.9205976213725,4453.9205976213725,4375.090144566127,4414.50537109375,39134200,2023-12-18 00:00:00+07:00
ASII.JK,Astra International,4434.21337890625,4453.920993923611,4414.505763888888,4434.21337890625,33668300,2023-12-19 00:00:00+07:00
ASII.JK,Astra International,4453.920993923611,4493.336223958333,4434.21337890625,4434.21337890625,27178500,2023-12-20 00:00:00+07:00
ASII.JK,Astra International,4414.505560247748,4414.505560247748,4315.967489706503,4375.09033203125,114749900,2023-12-21 00:00:00+07:00
ASII.JK,Astra International,4375.09033203125,4414.505560247748,4335.675103814752,4375.09033203125,38055800,2023-12-22 00:00:00+07:00
ASII.JK,Astra International,4375.09033203125,4394.797946139499,4335.675103814752,4375.09033203125,34332400,2023-12-27 00:00:00+07:00
ASII.JK,Astra International,4394.797757829939,4414.50537109375,4375.090144566127,4414.50537109375,31643200,2023-12-28 00:00:00+07:00
ASII.JK,Astra International,4414.506153207964,4473.629003474142,4394.798536452572,4453.92138671875,36245000,2023-12-29 00:00:00+07:00
ASII.JK,Astra International,4434.213096217105,4493.3359375,4394.797868695176,4493.3359375,36479600,2024-01-02 00:00:00+07:00
ASII.JK,Astra International,4493.335824148995,4493.335824148995,4414.50537109375,4414.50537109375,37187300,2024-01-03 00:00:00+07:00
ASII.JK,Astra International,4414.50548245614,4532.751165021929,4414.50548245614,4493.3359375,52008000,2024-01-04 00:00:00+07:00
ASII.JK,Astra International,4513.043838975695,4532.751453993055,4434.21337890625,4434.21337890625,39167600,2024-01-05 00:00:00+07:00
ASII.JK,Astra International,4434.213078930774,4473.628306299047,4375.090237878363,4394.7978515625,39614600,2024-01-08 00:00:00+07:00
ASII.JK,Astra International,4414.505465246637,4414.505465246637,4355.382624194226,4394.7978515625,36777600,2024-01-09 00:00:00+07:00
ASII.JK,Astra International,4335.674711891968,4394.797548872313,4296.259487238405,4355.38232421875,75423900,2024-01-10 00:00:00+07:00
ASII.JK,Astra International,4375.09033203125,4434.213174355997,4355.382717923001,4375.09033203125,39941000,2024-01-11 00:00:00+07:00
ASII.JK,Astra International,4375.090144566127,4434.212984357561,4375.090144566127,4414.50537109375,28821000,2024-01-12 00:00:00+07:00
ASII.JK,Astra International,4414.505161199095,4414.505161199095,4335.674711891968,4355.38232421875,79502600,2024-01-15 00:00:00+07:00
ASII.JK,Astra International,4355.38241743608,4355.38241743608,4315.96719193892,4335.6748046875,44840900,2024-01-16 00:00:00+07:00
ASII.JK,Astra International,4335.675184461806,4355.382798936632,4217.429497612847,4256.8447265625,114587100,2024-01-17 00:00:00+07:00
ASII.JK,Astra International,4256.844821947674,4256.844821947674,4197.721977198401,4237.13720703125,71517600,2024-01-18 00:00:00+07:00
ASII.JK,Astra International,4237.137302862149,4256.844918224299,4178.014456775701,4217.4296875,52865000,2024-01-19 00:00:00+07:00
ASII.JK,Astra International,4217.429178192285,4276.552017138905,4118.89111328125,4118.89111328125,169967200,2024-01-22 00:00:00+07:00
ASII.JK,Astra International,4059.7686499618903,4099.183879573171,4000.64580554497,4040.06103515625,176612600,2024-01-23 00:00:00+07:00
ASII.JK,Astra International,4059.768347829434,4079.4759611684117,3925.7565771243844,4000.6455078125,246293300,2024-01-24 00:00:00+07:00
ASII.JK,Astra International,4000.6460927831063,4059.768941444926,3961.2308603418937,3980.9384765625,81025300,2024-01-25 00:00:00+07:00
ASII.JK,Astra International,3980.937894473522,4000.6455078125,3933.6396224599757,4000.6455078125,71861600,2024-01-26 00:00:00+07:00
ASII.JK,Astra International,4000.645716050092,4000.645716050092,3870.575461242552,3886.341552734375,132819200,2024-01-29 00:00:00+07:00
ASII.JK,Astra International,3878.458685661765,4079.476361443015,3862.6925934436276,4020.353515625,165689300,2024-01-30 00:00:00+07:00
ASII.JK,Astra International,4040.06103515625,4059.7686499618903,3980.9381907393295,4040.06103515625,79343600,2024-01-31 00:00:00+07:00
ASII.JK,Astra International,4020.3534203506097,4079.4762647675307,4000.64580554497,4040.06103515625,55358600,2024-02-01 00:00:00+07:00
ASII.JK,Astra International,4059.768385049883,4197.7216796875,4040.060771530223,4197.7216796875,104840200,2024-02-02 00:00:00+07:00
ASII.JK,Astra International,4197.722008746603,4217.429623811141,4059.7687032948365,4079.476318359375,88826000,2024-02-05 00:00:00+07:00
ASII.JK,Astra International,4079.4762765066966,4158.306735956101,4059.7686616443452,4138.59912109375,46257400,2024-02-06 00:00:00+07:00
ASII.JK,Astra International,4138.598839128521,4197.7216796875,4138.598839128521,4197.7216796875,68376900,2024-02-07 00:00:00+07:00
ASII.JK,Astra International,4178.01416015625,4217.429388082252,4118.891318267247,4178.01416015625,80552600,2024-02-12 00:00:00+07:00
ASII.JK,Astra International,4178.014545147235,4178.014545147235,4059.768850473257,4099.18408203125,63689100,2024-02-13 00:00:00+07:00
ASII.JK,Astra International,4197.721953601372,4197.721953601372,4000.64580554497,4040.06103515625,124120800,2024-02-15 00:00:00+07:00
ASII.JK,Astra International,4040.0612346942607,4099.18408203125,4020.353618915264,4099.18408203125,75502700,2024-02-16 00:00:00+07:00
ASII.JK,Astra International,4099.183879573171,4138.599109184452,4000.64580554497,4040.06103515625,89709800,2024-02-19 00:00:00+07:00
ASII.JK,Astra International,4040.0612346942607,4138.599313589242,4040.0612346942607,4099.18408203125,41623800,2024-02-20 00:00:00+07:00
ASII.JK,Astra International,4099.183891369048,4178.014350818453,4079.4762765066966,4138.59912109375,68374800,2024-02-21 00:00:00+07:00
ASII.JK,Astra International,4158.306640625,4178.014255035545,4158.306640625,4158.306640625,41938600,2024-02-22 00:00:00+07:00
ASII.JK,Astra International,4138.599109184452,4158.306723990092,4020.3534203506097,4040.06103515625,81214600,2024-02-23 00:00:00+07:00
ASII.JK,Astra International,4059.7686499618903,4099.183879573171,4000.64580554497,4040.06103515625,50291500,2024-02-26 00:00:00+07:00
ASII.JK,Astra International,4040.0610882302985,4079.4763183593745,3980.9382430366845,4079.476318359375,46555200,2024-02-27 00:00:00+07:00
ASII.JK,Astra International,4197.721565210078,4276.552017138905,4099.183500299043,4118.89111328125,216020000,2024-02-28 00:00:00+07:00
ASII.JK,Astra International,4138.598726263457,4178.0139522278705,4099.183500299043,4118.89111328125,85412900,2024-02-29 00:00:00+07:00
ASII.JK,Astra International,4118.89111328125,4158.306339245663,4059.768274334629,4118.89111328125,64835200,2024-03-01 00:00:00+07:00
ASII.JK,Astra International,4138.599313589242,4158.306929368239,4079.4764662522534,4099.18408203125,57118400,2024-03-04 00:00:00+07:00
ASII.JK,Astra International,4118.891591988358,4118.891591988358,4020.353515625,4020.353515625,53172900,2024-03-05 00:00:00+07:00
ASII.JK,Astra International,4040.0610882302985,4099.183933423913,4020.3534731657605,4079.476318359375,29210000,2024-03-06 00:00:00+07:00
ASII.JK,Astra International,4079.4762647675307,4099.183879573171,4020.3534203506097,4040.06103515625,55244400,2024-03-07 00:00:00+07:00
ASII.JK,Astra International,4059.768798828125,4079.476414356417,4040.0611832998334,4059.768798828125,39983000,2024-03-08 00:00:00+07:00
ASII.JK,Astra International,4059.768798828125,4099.184029884709,4040.0611832998334,4059.768798828125,63672300,2024-03-13 00:00:00+07:00
ASII.JK,Astra International,4079.47618298282,4178.014255035545,4059.768568572275,4158.306640625,79465800,2024-03-14 00:00:00+07:00
ASII.JK,Astra International,4178.014393682065,4178.014393682065,4079.4763183593745,4079.476318359375,164222200,2024-03-15 00:00:00+07:00
ASII.JK,Astra International,4099.184029884709,4138.599260941292,4059.768798828125,4059.768798828125,50943600,2024-03-18 00:00:00+07:00
ASII.JK,Astra International,4059.768274334629,4138.598726263457,4059.768274334629,4118.89111328125,48398600,2024-03-19 00:00:00+07:00
ASII.JK,Astra International,4118.89141180391,4158.306640625,4118.89141180391,4158.306640625,56191300,2024-03-20 00:00:00+07:00
ASII.JK,Astra International,4178.014456775701,4256.844918224299,4158.306841413551,4217.4296875,67351800,2024-03-21 00:00:00+07:00
ASII.JK,Astra International,4237.13720703125,4237.13720703125,4197.721977198401,4237.13720703125,46341000,2024-03-22 00:00:00+07:00
ASII.JK,Astra International,4276.552533586449,4276.552533586449,4197.722072137851,4217.4296875,39759600,2024-03-25 00:00:00+07:00
ASII.JK,Astra International,4237.137002045254,4237.137002045254,4138.598932230248,4178.01416015625,57175300,2024-03-26 00:00:00+07:00
ASII.JK,Astra International,4178.014255035545,4197.72186944609,4138.599026214455,4158.306640625,47174800,2024-03-27 00:00:00+07:00
ASII.JK,Astra International,4158.3068764695845,4158.3068764695845,4020.3535677715413,4059.768798828125,107123600,2024-03-28 00:00:00+07:00
ASII.JK,Astra International,4079.4764662522534,4118.891697810246,4059.768850473257,4099.18408203125,42828200,2024-04-01 00:00:00+07:00
ASII.JK,Astra International,4118.89141180391,4158.306640625,4079.47618298282,4158.306640625,41029100,2024-04-02 00:00:00+07:00
ASII.JK,Astra International,4158.306735956101,4158.306735956101,4099.183891369048,4138.59912109375,39260600,2024-04-03 00:00:00+07:00
ASII.JK,Astra International,4138.599163552989,4138.599163552989,4059.7687032948365,4079.476318359375,48395600,2024-04-04 00:00:00+07:00
ASII.JK,Astra International,4059.768568572275,4197.72186944609,4059.768568572275,4158.306640625,59190300,2024-04-05 00:00:00+07:00
ASII.JK,Astra International,4079.476361443015,4118.891591988358,4020.353515625,4020.353515625,137258300,2024-04-16 00:00:00+07:00
ASII.JK,Astra International,4059.7686499618903,4079.4762647675307,4020.3534203506097,4040.06103515625,47211000,2024-04-17 00:00:00+07:00
ASII.JK,Astra International,4059.768746170343,4059.768746170343,3980.938285079657,4020.353515625,81583700,2024-04-18 00:00:00+07:00
ASII.JK,Astra International,3980.9383196149556,4000.6459350585938,3839.043488420759,3862.692626953125,185008500,2024-04-19 00:00:00+07:00
ASII.JK,Astra International,3894.224863873106,3933.6400952888257,3894.224863873106,3902.10791015625,57689200,2024-04-22 00:00:00+07:00
ASII.JK,Astra International,3933.6400512088,4000.645943864661,3933.6400512088,3961.230712890625,49438000,2024-04-23 00:00:00+07:00
ASII.JK,Astra International,3941.5226021512217,3980.937828172734,3870.5751953124995,3870.5751953125,65796800,2024-04-24 00:00:00+07:00
ASII.JK,Astra International,3870.5757250236743,3925.757049005682,3870.5757250236743,3902.10791015625,52139300,2024-04-25 00:00:00+07:00
ASII.JK,Astra International,3925.7567258741033,3925.7567258741033,3846.92626953125,3846.92626953125,70877700,2024-04-26 00:00:00+07:00
ASII.JK,Astra International,3878.458727845149,3980.938328377643,3862.692635455535,3961.230712890625,68303100,2024-04-29 00:00:00+07:00
ASII.JK,Astra International,3980.9383367149576,4118.891645413,3925.7570132357405,4059.768798828125,142632100,2024-04-30 00:00:00+07:00
ASII.JK,Astra International,4118.891548488451,4158.306778617527,4079.4763183593745,4079.476318359375,100889100,2024-05-02 00:00:00+07:00
ASII.JK,Astra International,4118.89111328125,4138.598726263457,4099.183500299043,4118.89111328125,44094400,2024-05-03 00:00:00+07:00
ASII.JK,Astra International,4138.59920726103,4138.59920726103,4000.6459003523287,4020.353515625,70400000,2024-05-06 00:00:00+07:00
ASII.JK,Astra International,4020.353709003713,4040.0613252243193,3961.2308603418937,3980.9384765625,58780600,2024-05-07 00:00:00+07:00
ASII.JK,Astra International,4000.64580554497,4059.7686499618903,3941.522961128049,4040.06103515625,86738900,2024-05-08 00:00:00+07:00
ASII.JK,Astra International,4059.768347829434,4079.4759611684117,4000.6455078125,4000.6455078125,143316000,2024-05-13 00:00:00+07:00
ASII.JK,Astra International,4022.995874130049,4031.5920191602413,3937.034423828125,3937.034423828125,264535600,2024-05-14 00:00:00+07:00
ASII.JK,Astra International,3928.4380448701368,3971.4187674617137,3894.053466796875,3894.053466796875,109962400,2024-05-15 00:00:00+07:00
ASII.JK,Astra International,3945.63068054588,4057.3805691016455,3902.6499541782778,4048.784423828125,149039700,2024-05-16 00:00:00+07:00
ASII.JK,Astra International,4048.7841125488285,4134.74555867513,4031.591823323568,4126.1494140625,101492400,2024-05-17 00:00:00+07:00
ASII.JK,Astra International,4126.149376977848,4151.93781058396,4065.9763652302545,4074.572509765625,58021800,2024-05-20 00:00:00+07:00
ASII.JK,Astra International,4083.168711560838,4100.361000872673,4040.18798828125,4040.18798828125,57558000,2024-05-21 00:00:00+07:00
ASII.JK,Astra International,4057.3805691016455,4065.976714375166,4040.188278554605,4048.784423828125,25932300,2024-05-22 00:00:00+07:00
ASII.JK,Astra International,4040.188272664835,4057.380563186813,3911.24609375,3911.24609375,86050000,2024-05-27 00:00:00+07:00
ASII.JK,Astra International,3919.842052383592,3954.2266317904655,3876.861328125,3876.861328125,42542400,2024-05-28 00:00:00+07:00
ASII.JK,Astra International,4126.149278307174,4126.149278307174,3756.5150721254904,3833.88037109375,148814900,2024-05-29 00:00:00+07:00
ASII.JK,Astra International,3825.2843023229525,3825.2843023229525,3704.9382793285226,3713.534423828125,112636300,2024-05-30 00:00:00+07:00
ASII.JK,Astra International,3730.7268174533797,3756.515251675408,3687.74609375,3687.74609375,144592700,2024-05-31 00:00:00+07:00
ASII.JK,Astra International,3722.130675998264,3894.0535709635415,3722.130675998264,3868.26513671875,77444200,2024-06-03 00:00:00+07:00
ASII.JK,Astra International,3876.861408616778,3980.015148979087,3851.0729735262007,3937.034423828125,92676800,2024-06-04 00:00:00+07:00
ASII.JK,Astra International,3919.841983695652,3988.6111413043477,3911.245838994565,3954.2265625,65856400,2024-06-05 00:00:00+07:00
ASII.JK,Astra International,3971.4189099763566,3971.4189099763566,3894.053606535259,3919.842041015625,43632400,2024-06-06 00:00:00+07:00
ASII.JK,Astra International,3911.245896188836,3928.4381858424135,3894.053606535259,3919.842041015625,34027900,2024-06-07 00:00:00+07:00
ASII.JK,Astra International,3919.842052383592,3919.842052383592,3868.2651832732818,3876.861328125,19932200,2024-06-10 00:00:00+07:00
ASII.JK,Astra International,3868.265170393319,3868.265170393319,3739.322998046875,3739.322998046875,71234400,2024-06-11 00:00:00+07:00
ASII.JK,Astra International,3739.3230445231866,3790.8999141028166,3687.746174943556,3747.919189453125,65665400,2024-06-12 00:00:00+07:00
ASII.JK,Astra International,3790.899649444717,3851.072659753363,3782.3035051149104,3833.88037109375,55824400,2024-06-13 00:00:00+07:00
ASII.JK,Astra International,3851.073211255656,3894.0539390598487,3790.9001923297865,3799.496337890625,57967500,2024-06-14 00:00:00+07:00
ASII.JK,Astra International,3825.284423828125,3876.8612924640097,3799.4959895101824,3825.284423828125,48727600,2024-06-19 00:00:00+07:00
ASII.JK,Astra International,3816.6882790554773,3842.47671337342,3747.9191208742977,3825.284423828125,35160300,2024-06-20 00:00:00+07:00
ASII.JK,Astra International,3825.284366735106,3894.053523889894,3790.8997881577116,3859.6689453125,98313200,2024-06-21 00:00:00+07:00
ASII.JK,Astra International,3851.0730107223476,3868.2653009487863,3790.899994929811,3808.09228515625,36677200,2024-06-24 00:00:00+07:00
ASII.JK,Astra International,3816.688290127841,3816.688290127841,3747.9191317471586,3782.3037109375,50385000,2024-06-25 00:00:00+07:00
ASII.JK,Astra International,3782.304046768948,3825.2847745731406,3756.5156100864324,3799.496337890625,38397100,2024-06-26 00:00:00+07:00
ASII.JK,Astra International,3808.09228515625,3816.6884302694693,3782.303849816591,3808.09228515625,21784700,2024-06-27 00:00:00+07:00
ASII.JK,Astra International,3808.09193810433,3919.841814391816,3808.09193810433,3833.88037109375,127293900,2024-06-28 00:00:00+07:00
ASII.JK,Astra International,3859.6692988408076,3971.419189453125,3859.6692988408076,3971.419189453125,141627300,2024-07-01 00:00:00+07:00
ASII.JK,Astra International,3962.822622943398,3971.4187674617137,3876.861177760244,3894.053466796875,72229800,2024-07-02 00:00:00+07:00
ASII.JK,Astra International,3911.245942564449,3937.034377350588,3885.4575077783097,3928.438232421875,30743200,2024-07-03 00:00:00+07:00
ASII.JK,Astra International,3937.034529532967,3962.822965315934,3911.24609375,3911.24609375,44755400,2024-07-04 00:00:00+07:00
ASII.JK,Astra International,3928.4382787979325,3962.822858918702,3902.649843707355,3937.034423828125,53196500,2024-07-05 00:00:00+07:00
ASII.JK,Astra International,3954.2267477101295,3988.611328125,3919.8421672952586,3988.611328125,69535000,2024-07-08 00:00:00+07:00
ASII.JK,Astra International,3971.4189099763566,3971.4189099763566,3902.6497513620475,3919.842041015625,84784500,2024-07-09 00:00:00+07:00
ASII.JK,Astra International,3928.438092067903,3937.034236689496,3885.4573689599392,3902.649658203125,44563900,2024-07-10 00:00:00+07:00
ASII.JK,Astra International,3911.245907531874,3954.2266317904655,3868.2651832732818,3876.861328125,71140800,2024-07-11 00:00:00+07:00
ASII.JK,Astra International,3876.8612243383463,3928.438092067903,3868.265079716754,3902.649658203125,54299700,2024-07-12 00:00:00+07:00
ASII.JK,Astra International,3902.649573545861,3911.245717980984,3833.8804180648767,3842.4765625,53234000,2024-07-15 00:00:00+07:00
ASII.JK,Astra International,3851.0730236872146,3859.6691688293736,3765.111572265625,3765.111572265625,83814800,2024-07-16 00:00:00+07:00
ASII.JK,Astra International,3799.4957937745235,3842.4765154235565,3782.3035051149104,3833.88037109375,49379700,2024-07-17 00:00:00+07:00
ASII.JK,Astra International,3842.4766458519753,3902.649658203125,3833.880501230383,3902.649658203125,54184300,2024-07-18 00:00:00+07:00
ASII.JK,Astra International,3885.45732227856,3902.64961131519,3851.072744205298,3894.053466796875,40785800,2024-07-19 00:00:00+07:00
ASII.JK,Astra International,3894.053664485965,3902.64980944068,3851.072939712389,3885.45751953125,33128600,2024-07-22 00:00:00+07:00
ASII.JK,Astra International,3876.8612924640097,3894.0535820093046,3825.284423828125,3825.284423828125,46427300,2024-07-23 00:00:00+07:00
ASII.JK,Astra International,3842.476599686983,3919.841900351821,3833.880455168667,3894.053466796875,50741700,2024-07-24 00:00:00+07:00
ASII.JK,Astra International,3894.053523889894,3894.053523889894,3825.284366735106,3859.6689453125,40364400,2024-07-25 00:00:00+07:00
ASII.JK,Astra International,3868.2651610798534,3971.4188987086495,3868.2651610798534,3962.82275390625,92236800,2024-07-26 00:00:00+07:00
ASII.JK,Astra International,3971.4188987086495,3980.0150435110495,3937.034319499051,3962.82275390625,42232800,2024-07-29 00:00:00+07:00
ASII.JK,Astra International,3962.8226705542743,3962.8226705542743,3885.4573689599392,3902.649658203125,40995800,2024-07-30 00:00:00+07:00
ASII.JK,Astra International,3971.4194004899364,4065.9770052635063,3945.630962824417,4057.380859375,170406600,2024-07-31 00:00:00+07:00
ASII.JK,Astra International,4040.187931624143,4074.572509765625,4005.803353482661,4074.572509765625,50775700,2024-08-01 00:00:00+07:00
ASII.JK,Astra International,4048.78433116921,4074.5727663995867,4014.3997508620405,4031.592041015625,47509800,2024-08-02 00:00:00+07:00
ASII.JK,Astra International,3988.611199629934,3997.2073444567227,3885.4574617084704,3919.842041015625,93952300,2024-08-05 00:00:00+07:00
ASII.JK,Astra International,3954.2266091038505,3971.4188987086495,3902.6497402894524,3962.82275390625,56748800,2024-08-06 00:00:00+07:00
ASII.JK,Astra International,3954.2267017076138,3980.01513671875,3919.8421216927645,3980.01513671875,72464900,2024-08-07 00:00:00+07:00
ASII.JK,Astra International,3971.418775341179,4083.1686543009955,3954.226486270438,4074.572509765625,116387300,2024-08-08 00:00:00+07:00
ASII.JK,Astra International,4091.7646484375,4117.55308109572,4065.9762157792807,4091.7646484375,44489500,2024-08-09 00:00:00+07:00
ASII.JK,Astra International,4091.7646484375,4108.956936876313,4057.380071559874,4091.7646484375,34027600,2024-08-12 00:00:00+07:00
ASII.JK,Astra International,4126.149225315126,4126.149225315126,4074.5723599986873,4091.7646484375,43904800,2024-08-13 00:00:00+07:00
ASII.JK,Astra International,4126.14934815951,4237.899226338829,4100.360914733513,4203.5146484375,91874600,2024-08-14 00:00:00+07:00
ASII.JK,Astra International,4203.5146484375,4229.303081863497,4160.533926060839,4203.5146484375,46694800,2024-08-15 00:00:00+07:00
ASII.JK,Astra International,4212.110681668134,4289.475979902855,4212.110681668134,4272.28369140625,65502100,2024-08-16 00:00:00+07:00
ASII.JK,Astra International,4272.28418940454,4341.053351407028,4246.495753653607,4319.56298828125,54296700,2024-08-19 00:00:00+07:00
ASII.JK,Astra International,4341.052843940549,4427.014286394817,4319.562483326981,4405.52392578125,94493800,2024-08-20 00:00:00+07:00
ASII.JK,Astra International,4427.01454260314,4491.485628175031,4362.54345703125,4362.54345703125,94502800,2024-08-21 00:00:00+07:00
ASII.JK,Astra International,4319.5631176757815,4341.053481445313,4289.476608398438,4298.07275390625,63177200,2024-08-22 00:00:00+07:00
ASII.JK,Astra International,4341.0529689414825,4448.504775103401,4341.0529689414825,4384.03369140625,52275100,2024-08-23 00:00:00+07:00
ASII.JK,Astra International,4405.524286066444,4469.995373179611,4405.524286066444,4427.0146484375,30540900,2024-08-26 00:00:00+07:00
ASII.JK,Astra International,4427.0146484375,4448.505010808555,4362.543561324333,4427.0146484375,30475700,2024-08-27 00:00:00+07:00
ASII.JK,Astra International,4427.014803910137,4427.014803910137,4298.072625155472,4319.56298828125,64090900,2024-08-28 00:00:00+07:00
ASII.JK,Astra International,4341.053095173953,4362.54345703125,4298.07237145936,4362.54345703125,42502100,2024-08-29 00:00:00+07:00
ASII.JK,Astra International,4362.543330173867,4405.524052638633,4319.562607709099,4384.03369140625,74429400,2024-08-30 00:00:00+07:00
ASII.JK,Astra International,4384.034151517428,4491.485968956581,4384.034151517428,4469.99560546875,84858600,2024-09-02 00:00:00+07:00
ASII.JK,Astra International,4491.485368235518,4491.485368235518,4405.52392578125,4405.52392578125,34864300,2024-09-03 00:00:00+07:00
ASII.JK,Astra International,4341.05322265625,4384.033947633045,4319.562860167853,4341.05322265625,45331200,2024-09-04 00:00:00+07:00
ASII.JK,Astra International,4362.54345703125,4405.524180745843,4341.053095173953,4362.54345703125,34711100,2024-09-05 00:00:00+07:00
ASII.JK,Astra International,4341.05322265625,4405.524310121442,4341.05322265625,4341.05322265625,32014300,2024-09-06 00:00:00+07:00
ASII.JK,Astra International,4341.053351407028,4384.034077658582,4298.072625155472,4319.56298828125,55466500,2024-09-09 00:00:00+07:00
ASII.JK,Astra International,4362.543714532804,4384.034077658582,4298.072625155472,4319.56298828125,58871700,2024-09-10 00:00:00+07:00
ASII.JK,Astra International,4319.56298828125,4341.053351407028,4298.072625155472,4319.56298828125,27381100,2024-09-11 00:00:00+07:00
ASII.JK,Astra International,4319.56298828125,4362.543714532804,4319.56298828125,4319.56298828125,24718300,2024-09-12 00:00:00+07:00
ASII.JK,Astra International,4319.562733316656,4362.54345703125,4319.562733316656,4362.54345703125,24921900,2024-09-13 00:00:00+07:00
ASII.JK,Astra International,4362.54345703125,4384.033818888546,4319.562733316656,4362.54345703125,35574000,2024-09-17 00:00:00+07:00
ASII.JK,Astra International,4384.033426339285,4534.4659458705355,4362.54306640625,4512.9755859375,123540100,2024-09-18 00:00:00+07:00
ASII.JK,Astra International,4534.46630859375,4534.46630859375,4469.99522363744,4534.46630859375,57254000,2024-09-19 00:00:00+07:00
ASII.JK,Astra International,4534.4660726300835,4534.4660726300835,4469.994991028708,4491.4853515625,47509500,2024-09-20 00:00:00+07:00
ASII.JK,Astra International,4512.975712096292,4534.4660726300835,4491.4853515625,4491.4853515625,23362800,2024-09-23 00:00:00+07:00
ASII.JK,Astra International,4512.975946941647,4534.46630859375,4491.485585289543,4534.46630859375,43482600,2024-09-24 00:00:00+07:00
ASII.JK,Astra International,4555.956433163876,4555.956433163876,4427.014269961124,4491.4853515625,63437200,2024-09-25 00:00:00+07:00
ASII.JK,Astra International,4512.9755859375,4534.4659458705355,4448.504506138393,4512.9755859375,56030300,2024-09-26 00:00:00+07:00
ASII.JK,Astra International,4534.466220032935,4534.466220032935,4341.0529689414825,4384.03369140625,57476200,2024-09-27 00:00:00+07:00
ASII.JK,Astra International,4384.033947633045,4384.033947633045,4298.072497679455,4341.05322265625,66737800,2024-09-30 00:00:00+07:00
ASII.JK,Astra International,4384.033797554348,4448.5048828125,4362.54343580163,4448.5048828125,39024000,2024-10-01 00:00:00+07:00
ASII.JK,Astra International,4427.0146484375,4427.0146484375,4341.0531989532765,4427.0146484375,39888600,2024-10-02 00:00:00+07:00
ASII.JK,Astra International,4448.504506138393,4512.9755859375,4384.033426339285,4512.9755859375,56763900,2024-10-03 00:00:00+07:00
ASII.JK,Astra International,4512.976097921723,4512.976097921723,4384.033923695388,4427.0146484375,35939300,2024-10-04 00:00:00+07:00
ASII.JK,Astra International,4427.0144138710175,4448.504775103401,4362.543330173867,4384.03369140625,27889100,2024-10-07 00:00:00+07:00
ASII.JK,Astra International,4384.033548893541,4491.4853515625,4362.5431883597485,4491.4853515625,42347600,2024-10-08 00:00:00+07:00
ASII.JK,Astra International,4491.485628175031,4491.485628175031,4362.54345703125,4362.54345703125,33544900,2024-10-09 00:00:00+07:00
ASII.JK,Astra International,4384.033565167682,4405.52392578125,4362.543204554116,4405.52392578125,27734400,2024-10-10 00:00:00+07:00
ASII.JK,Astra International,4405.524180745843,4427.01454260314,4362.54345703125,4362.54345703125,39320000,2024-10-11 00:00:00+07:00
ASII.JK,Astra International,4404.617568319758,4404.617568319758,4312.580783310092,4321.34619140625,71369100,2024-10-14 00:00:00+07:00
ASII.JK,Astra International,4321.34619140625,4356.407823790885,4295.049967117774,4321.34619140625,61263600,2024-10-15 00:00:00+07:00
ASII.JK,Astra International,4338.877169701361,4347.642578125,4295.050127583166,4347.642578125,80530100,2024-10-16 00:00:00+07:00
ASII.JK,Astra International,4338.876953125,4356.407769097223,4321.346137152777,4338.876953125,54164800,2024-10-17 00:00:00+07:00
ASII.JK,Astra International,4347.642197027439,4347.642197027439,4312.58056640625,4312.58056640625,39805400,2024-10-18 00:00:00+07:00
ASII.JK,Astra International,4338.876795151655,4470.35791015625,4321.345979817708,4470.35791015625,88954300,2024-10-21 00:00:00+07:00
ASII.JK,Astra International,4492.271329328347,4623.75244140625,4470.357810648697,4623.75244140625,132222000,2024-10-22 00:00:00+07:00
ASII.JK,Astra International,4623.752496683373,4645.666015625,4536.098420916863,4645.666015625,64519100,2024-10-23 00:00:00+07:00
ASII.JK,Astra International,4645.6659600859,4645.6659600859,4558.011885367298,4623.75244140625,50777100,2024-10-24 00:00:00+07:00
ASII.JK,Astra International,4623.752329265101,4623.752329265101,4558.011774820574,4579.92529296875,27247500,2024-10-25 00:00:00+07:00
ASII.JK,Astra International,4601.8388671875,4601.8388671875,4492.271275111607,4601.8388671875,40165900,2024-10-28 00:00:00+07:00
ASII.JK,Astra International,4601.839081554878,4601.839081554878,4492.271484375,4492.271484375,45247600,2024-10-29 00:00:00+07:00
ASII.JK,Astra International,4492.271646352915,4558.01220703125,4426.531085674579,4558.01220703125,33200300,2024-10-30 00:00:00+07:00
ASII.JK,Astra International,4645.666063495711,4645.666063495711,4470.35791015625,4470.35791015625,77263000,2024-10-31 00:00:00+07:00
ASII.JK,Astra International,4492.271373729987,4536.0984115224755,4426.530817041256,4448.4443359375,54219100,2024-11-01 00:00:00+07:00
ASII.JK,Astra International,4448.444445503049,4492.271484375,4365.173071646342,4492.271484375,52362100,2024-11-04 00:00:00+07:00
ASII.JK,Astra International,4492.271592881944,4558.012152777777,4448.444552951389,4536.0986328125,31165800,2024-11-05 00:00:00+07:00
ASII.JK,Astra International,4536.09885519802,4536.09885519802,4404.617728960397,4426.53125,32975900,2024-11-06 00:00:00+07:00
ASII.JK,Astra International,4426.531142578125,4448.4446630859375,4382.7041015625,4382.7041015625,46053500,2024-11-07 00:00:00+07:00
ASII.JK,Astra International,4426.531253937752,4448.444774996849,4338.877169701361,4347.642578125,32828900,2024-11-08 00:00:00+07:00
ASII.JK,Astra International,4347.642306966801,4373.938530597648,4251.2228203203595,4356.40771484375,49885000,2024-11-11 00:00:00+07:00
ASII.JK,Astra International,4382.703938474598,4382.703938474598,4321.346083335953,4356.40771484375,43239600,2024-11-12 00:00:00+07:00
ASII.JK,Astra International,4382.704155006219,4404.61767578125,4338.877113456157,4404.61767578125,24479600,2024-11-13 00:00:00+07:00
ASII.JK,Astra International,4404.617513020833,4404.617513020833,4321.346137152777,4338.876953125,38255700,2024-11-14 00:00:00+07:00
ASII.JK,Astra International,4330.111328125,4347.6421432186235,4312.5805130313765,4330.111328125,14867600,2024-11-15 00:00:00+07:00
ASII.JK,Astra International,4338.877007598568,4356.407823790885,4303.815375213932,4321.34619140625,17408700,2024-11-18 00:00:00+07:00
ASII.JK,Astra International,4321.346083335953,4356.40771484375,4295.0498597051055,4356.40771484375,36816800,2024-11-19 00:00:00+07:00
ASII.JK,Astra International,4356.407876953125,4404.617622070313,4338.877060546875,4382.7041015625,18634300,2024-11-20 00:00:00+07:00
ASII.JK,Astra International,4373.938252891743,4373.938252891743,4286.2841796875,4286.2841796875,27662900,2024-11-21 00:00:00+07:00
ASII.JK,Astra International,4295.04953419361,4347.6419774694505,4259.98790534305,4303.81494140625,21241800,2024-11-22 00:00:00+07:00
ASII.JK,Astra International,4338.876953125,4536.0986328125,4330.111545138889,4536.0986328125,84518400,2024-11-25 00:00:00+07:00
ASII.JK,Astra International,4514.18505859375,4558.012097997573,4470.358019189927,4514.18505859375,45059300,2024-11-26 00:00:00+07:00
ASII.JK,Astra International,4558.012042682927,4579.925562118902,4492.271484375,4492.271484375,30554200,2024-11-28 00:00:00+07:00
ASII.JK,Astra International,4492.271429323683,4492.271429323683,4404.617352653952,4470.35791015625,48756800,2024-11-29 00:00:00+07:00
ASII.JK,Astra International,4470.357848873988,4514.184886608046,4295.049697937753,4330.111328125,47373200,2024-12-02 00:00:00+07:00
ASII.JK,Astra International,4365.173071646342,4492.271484375,4356.407663871951,4492.271484375,46752800,2024-12-03 00:00:00+07:00
ASII.JK,Astra International,4470.3577022278705,4579.92529296875,4448.444184079694,4579.92529296875,51733400,2024-12-04 00:00:00+07:00
ASII.JK,Astra International,4579.925727257362,4579.925727257362,4492.271646352915,4558.01220703125,21948400,2024-12-05 00:00:00+07:00
ASII.JK,Astra International,4514.18505859375,4536.098578295661,4426.530979786105,4514.18505859375,36599600,2024-12-06 00:00:00+07:00
ASII.JK,Astra International,4514.184738524223,4579.92529296875,4470.3577022278705,4579.92529296875,37208600,2024-12-09 00:00:00+07:00
ASII.JK,Astra International,4558.011774820574,4579.92529296875,4514.184738524223,4579.92529296875,41536400,2024-12-10 00:00:00+07:00
ASII.JK,Astra International,4536.098311941964,4601.8388671875,4536.098311941964,4601.8388671875,41090000,2024-12-11 00:00:00+07:00
ASII.JK,Astra International,4514.184948491115,4579.925505993413,4426.530871821385,4470.35791015625,37254100,2024-12-12 00:00:00+07:00
ASII.JK,Astra International,4470.357964939024,4514.185003810975,4426.530926067073,4492.271484375,27732300,2024-12-13 00:00:00+07:00
ASII.JK,Astra International,4448.444445503049,4514.185003810975,4382.703887195122,4492.271484375,35937800,2024-12-16 00:00:00+07:00
ASII.JK,Astra International,4470.358239599021,4514.185281163717,4338.877114904933,4365.17333984375,48682400,2024-12-17 00:00:00+07:00
ASII.JK,Astra International,4365.17328515625,4426.531142578125,4347.64246875,4382.7041015625,27412000,2024-12-18 00:00:00+07:00
ASII.JK,Astra International,4338.876898093302,4338.876898093302,4259.988227218878,4277.51904296875,39151900,2024-12-19 00:00:00+07:00
ASII.JK,Astra International,4277.518825397844,4295.049640256032,4251.222603110562,4268.75341796875,44851200,2024-12-20 00:00:00+07:00
ASII.JK,Astra International,4295.049913194444,4338.876953125,4268.753689236111,4338.876953125,29678900,2024-12-23 00:00:00+07:00
ASII.JK,Astra International,4330.111490218365,4365.1731217181095,4277.51904296875,4277.51904296875,22600500,2024-12-24 00:00:00+07:00
ASII.JK,Astra International,4286.284559021615,4330.111599502408,4277.519150925456,4321.34619140625,14456700,2024-12-27 00:00:00+07:00
ASII.JK,Astra International,4321.346027981505,4330.111435746173,4277.518989158163,4295.0498046875,23926400,2024-12-30 00:00:00+07:00
ASII.JK,Astra International,4303.815321180556,4356.407769097223,4295.049913194444,4338.876953125,17924000,2025-01-02 00:00:00+07:00
ASII.JK,Astra International,4338.876953125,4356.407769097223,4312.580729166667,4338.876953125,12711800,2025-01-03 00:00:00+07:00
ASII.JK,Astra International,4338.876953125,4382.703993055556,4259.98828125,4259.98828125,18412500,2025-01-06 00:00:00+07:00
ASII.JK,Astra International,4259.988120474466,4312.58056640625,4251.222712819169,4312.58056640625,20452200,2025-01-07 00:00:00+07:00
ASII.JK,Astra International,4277.5189871361745,4303.81521041775,4216.1611328125,4216.1611328125,23739400,2025-01-08 00:00:00+07:00
ASII.JK,Astra International,4233.692110444663,4338.877007598568,4233.692110444663,4321.34619140625,23802600,2025-01-09 00:00:00+07:00
ASII.JK,Astra International,4330.111435746173,4347.64225127551,4259.988173628826,4295.0498046875,31951800,2025-01-10 00:00:00+07:00
ASII.JK,Astra International,4303.814872532895,4312.580279605263,4137.272138157895,4163.568359375,46247300,2025-01-13 00:00:00+07:00
ASII.JK,Astra International,4181.099173519737,4251.222430098684,4163.568359375,4163.568359375,28096700,2025-01-14 00:00:00+07:00
ASII.JK,Astra International,4198.630214922824,4330.111328125,4189.864807376012,4330.111328125,27497200,2025-01-15 00:00:00+07:00
ASII.JK,Astra International,4404.617457155321,4404.617457155321,4277.51904296875,4277.51904296875,30520200,2025-01-16 00:00:00+07:00
ASII.JK,Astra International,4259.988067750506,4356.407550765435,4242.457252656883,4330.111328125,23691900,2025-01-17 00:00:00+07:00
ASII.JK,Astra International,4330.11116304417,4347.6419774694505,4295.04953419361,4303.81494140625,11873200,2025-01-20 00:00:00+07:00
ASII.JK,Astra International,4321.34575583153,4356.40738468209,4295.04953419361,4303.81494140625,21762200,2025-01-21 00:00:00+07:00
ASII.JK,Astra International,4312.580944430443,4365.173394972278,4277.519310735887,4347.642578125,33116700,2025-01-22 00:00:00+07:00
ASII.JK,Astra International,4347.64225127551,4365.173066804847,4295.0498046875,4295.0498046875,17049700,2025-01-23 00:00:00+07:00
ASII.JK,Astra International,4295.049640256032,4347.642084830595,4268.75341796875,4268.75341796875,19663900,2025-01-24 00:00:00+07:00
ASII.JK,Astra International,4268.753412861205,4268.753412861205,4189.86474609375,4189.86474609375,28147100,2025-01-30 00:00:00+07:00
ASII.JK,Astra International,4198.630100504557,4242.457137044271,4198.630100504557,4207.3955078125,27064100,2025-01-31 00:00:00+07:00
ASII.JK,Astra International,4207.395614495798,4207.395614495798,4154.8031693146,4172.333984375,33116100,2025-02-03 00:00:00+07:00
ASII.JK,Astra International,4181.099285888672,4242.457137044271,4172.333878580729,4207.3955078125,20631500,2025-02-04 00:00:00+07:00
ASII.JK,Astra International,4251.222706726332,4251.222706726332,4146.037815013516,4154.80322265625,20436200,2025-02-05 00:00:00+07:00
ASII.JK,Astra International,4154.80349845467,4154.80349845467,3961.964517513736,3988.2607421875,61645400,2025-02-06 00:00:00+07:00
ASII.JK,Astra International,4040.8531622773858,4093.44561124412,3970.7298969884073,4075.914794921875,33223300,2025-02-07 00:00:00+07:00
ASII.JK,Astra International,4040.853136325561,4075.9147687448717,3961.9644633821117,4005.79150390625,40230000,2025-02-10 00:00:00+07:00
ASII.JK,Astra International,4023.322211606901,4075.9146588174485,4005.7913958700515,4040.85302734375,32956400,2025-02-11 00:00:00+07:00
ASII.JK,Astra International,4102.211046942349,4102.211046942349,4049.618597622575,4067.1494140625,30762900,2025-02-12 00:00:00+07:00
ASII.JK,Astra International,4067.1493595761804,4093.4455838837853,4014.5569109609714,4084.68017578125,21320200,2025-02-13 00:00:00+07:00
ASII.JK,Astra International,4084.680121527778,4146.037977430556,4067.1493055555557,4102.2109375,31409000,2025-02-14 00:00:00+07:00
ASII.JK,Astra International,4102.210776799842,4189.864853227189,4093.445369157107,4154.80322265625,30270200,2025-02-17 00:00:00+07:00
ASII.JK,Astra International,4154.803063964844,4242.457137044271,4154.803063964844,4207.3955078125,31828200,2025-02-18 00:00:00+07:00
ASII.JK,Astra International,4224.926593666888,4242.4574094082445,4040.8530283826462,4119.74169921875,47951400,2025-02-19 00:00:00+07:00
ASII.JK,Astra International,4119.742131637315,4154.803766800185,4075.915087683726,4137.27294921875,23653800,2025-02-20 00:00:00+07:00
ASII.JK,Astra International,4154.802952302632,4207.395394736842,4032.0872532894737,4163.568359375,31937400,2025-02-21 00:00:00+07:00
ASII.JK,Astra International,4163.568738572141,4181.099554313497,4084.680067736037,4119.74169921875,22303600,2025-02-24 00:00:00+07:00
ASII.JK,Astra International,4128.507245515522,4163.568878173828,3988.2607148822985,3997.026123046875,42728600,2025-02-25 00:00:00+07:00
ASII.JK,Astra International,3997.0260686749457,4032.0877008563048,3961.9644364935866,4014.556884765625,19351300,2025-02-26 00:00:00+07:00
ASII.JK,Astra International,3988.2606336805557,4023.322265625,3926.902777777778,4023.322265625,37731000,2025-02-27 00:00:00+07:00
ASII.JK,Astra International,4075.914630005691,4075.914630005691,3830.4832114247033,3970.729736328125,70620000,2025-02-28 00:00:00+07:00
ASII.JK,Astra International,3970.7298177083335,4137.272569444444,3944.43359375,4102.2109375,65345600,2025-03-03 00:00:00+07:00
ASII.JK,Astra International,4102.211154051172,4119.741970948828,4023.322478011727,4110.9765625,40873900,2025-03-04 00:00:00+07:00
ASII.JK,Astra International,4119.741649394133,4295.0498046875,4110.976241629464,4295.0498046875,86703900,2025-03-05 00:00:00+07:00
ASII.JK,Astra International,4295.0498046875,4347.64225127551,4259.988173628826,4295.0498046875,51276300,2025-03-06 00:00:00+07:00
ASII.JK,Astra International,4295.049967117774,4356.407823790885,4198.630478060028,4321.34619140625,59830500,2025-03-07 00:00:00+07:00
ASII.JK,Astra International,4295.049411605739,4295.049411605739,4163.568307168829,4181.09912109375,53139600,2025-03-10 00:00:00+07:00
ASII.JK,Astra International,4137.272249348958,4207.3955078125,4119.741434733073,4207.3955078125,35571600,2025-03-11 00:00:00+07:00
ASII.JK,Astra International,4172.334094009875,4233.69194833355,4154.8032784888255,4216.1611328125,29264500,2025-03-12 00:00:00+07:00
ASII.JK,Astra International,4198.630040755484,4216.160855121895,4102.210561740222,4146.03759765625,41066600,2025-03-13 00:00:00+07:00
ASII.JK,Astra International,4146.03814406622,4146.03814406622,4040.8532440053436,4049.61865234375,35967600,2025-03-14 00:00:00+07:00
ASII.JK,Astra International,4084.6802856973754,4093.445694035782,4040.8532440053436,4049.61865234375,23856300,2025-03-17 00:00:00+07:00
ASII.JK,Astra International,4058.3839785996306,4075.914794921875,3909.3720398605515,4075.914794921875,66583100,2025-03-18 00:00:00+07:00
ASII.JK,Astra International,4075.9149287046907,4119.741970948828,4040.8532949093815,4110.9765625,37556400,2025-03-19 00:00:00+07:00
ASII.JK,Astra International,4110.9765075554005,4163.568957545449,4067.1494658970278,4128.50732421875,23310500,2025-03-20 00:00:00+07:00
ASII.JK,Astra International,4137.2721461776855,4242.45703125,4058.38348237345,4242.45703125,57730500,2025-03-21 00:00:00+07:00
ASII.JK,Astra International,4189.865238539445,4189.865238539445,3979.4954357675906,4110.9765625,29695400,2025-03-24 00:00:00+07:00
ASII.JK,Astra International,4119.741835727486,4119.741835727486,4040.8531622773858,4075.914794921875,26320300,2025-03-25 00:00:00+07:00
ASII.JK,Astra International,4084.6798055013023,4242.457137044271,4084.6798055013023,4207.3955078125,30508200,2025-03-26 00:00:00+07:00
ASII.JK,Astra International,4207.395674542683,4312.58056640625,4198.630266887386,4312.58056640625,44551200,2025-03-27 00:00:00+07:00
ASII.JK,Astra International,4207.3956298828125,4207.3956298828125,3900.6063652038574,3926.902587890625,94752400,2025-04-08 00:00:00+07:00
ASII.JK,Astra International,3926.9029356060605,4084.6802856973754,3918.137527267654,4049.61865234375,46086300,2025-04-09 00:00:00+07:00
ASII.JK,Astra International,4163.568957545449,4242.457632530521,4110.9765075554005,4128.50732421875,43115600,2025-04-10 00:00:00+07:00
ASII.JK,Astra International,4084.6802825603772,4154.803549213774,4049.6186492336788,4128.50732421875,31446100,2025-04-11 00:00:00+07:00
ASII.JK,Astra International,4154.803437579234,4321.34619140625,4128.507213290758,4321.34619140625,39843200,2025-04-14 00:00:00+07:00
ASII.JK,Astra International,4321.345862543313,4338.876677401501,4207.395565965092,4268.75341796875,56488100,2025-04-15 00:00:00+07:00
ASII.JK,Astra International,4251.222598023993,4259.988005442599,4110.976079326294,4189.86474609375,44479500,2025-04-16 00:00:00+07:00
ASII.JK,Astra International,4181.099173519737,4181.099173519737,4128.506731085527,4163.568359375,28099700,2025-04-17 00:00:00+07:00
ASII.JK,Astra International,4163.568739602361,4216.161186839444,4154.803331729515,4198.63037109375,14313200,2025-04-21 00:00:00+07:00
ASII.JK,Astra International,4163.568630298985,4189.864853227189,4137.2724073707805,4154.80322265625,29906300,2025-04-22 00:00:00+07:00
ASII.JK,Astra International,4181.0992335402625,4242.457083927646,4181.0992335402625,4224.92626953125,38609800,2025-04-23 00:00:00+07:00
ASII.JK,Astra International,4233.691562868515,4242.456969830975,4181.09912109375,4181.09912109375,42307000,2025-04-24 00:00:00+07:00
ASII.JK,Astra International,4198.630425347223,4303.815321180556,4198.630425347223,4259.98828125,45465200,2025-04-25 00:00:00+07:00
ASII.JK,Astra International,4277.518772367076,4321.345808969198,4268.753365046651,4286.2841796875,22380800,2025-04-28 00:00:00+07:00
ASII.JK,Astra International,4303.81498819987,4303.81498819987,4207.3955078125,4207.3955078125,46881000,2025-04-29 00:00:00+07:00
ASII.JK,Astra International,4207.3955078125,4242.457137044271,4189.864693196615,4207.3955078125,46038900,2025-04-30 00:00:00+07:00
ASII.JK,Astra International,4216.161186839444,4259.98822620368,4172.334147475209,4198.63037109375,61301400,2025-05-02 00:00:00+07:00
ASII.JK,Astra International,4207.395560930962,4216.160968349568,4181.099338675143,4189.86474609375,30747900,2025-05-05 00:00:00+07:00
ASII.JK,Astra International,4189.864580592105,4207.395394736842,4163.568359375,4163.568359375,53222000,2025-05-06 00:00:00+07:00
ASII.JK,Astra International,4189.864856285585,4242.457302180383,4181.099448636452,4233.69189453125,47790800,2025-05-07 00:00:00+07:00
ASII.JK,Astra International,4259.988005442599,4321.345857372842,4189.86474609375,4189.86474609375,92459500,2025-05-08 00:00:00+07:00
ASII.JK,Astra International,4198.630153512356,4233.69178318678,4189.86474609375,4189.86474609375,38964000,2025-05-09 00:00:00+07:00
ASII.JK,Astra International,4259.988171615125,4277.5189871361745,4207.395725051975,4216.1611328125,92389200,2025-05-14 00:00:00+07:00
ASII.JK,Astra International,4224.92626953125,4251.222491125843,4216.160862333052,4224.92626953125,69701600,2025-05-15 00:00:00+07:00
ASII.JK,Astra International,4242.457411469006,4277.51904296875,4216.161187844198,4277.51904296875,64271600,2025-05-16 00:00:00+07:00
ASII.JK,Astra International,4286.284290390941,4347.6421432186235,4277.51888284413,4330.111328125,97782400,2025-05-19 00:00:00+07:00
ASII.JK,Astra International,4347.642361111111,4347.642361111111,4259.98828125,4259.98828125,127610600,2025-05-20 00:00:00+07:00
ASII.JK,Astra International,4304.908972664614,4389.135452564575,4276.833479364628,4370.41845703125,115335300,2025-05-21 00:00:00+07:00
ASII.JK,Astra International,4379.776862850972,4407.852355561555,4332.984375,4332.984375,52032700,2025-05-22 00:00:00+07:00
ASII.JK,Astra International,4464.003226364715,4473.36172369462,4426.569237045095,4435.927734375,42300400,2025-05-23 00:00:00+07:00
ASII.JK,Astra International,4464.00332609342,4473.361823632399,4389.13534578158,4426.5693359375,40971400,2025-05-26 00:00:00+07:00
ASII.JK,Astra International,4407.852638796542,4426.569635139627,4361.06014793883,4398.494140625,38680100,2025-05-27 00:00:00+07:00
ASII.JK,Astra International,4407.852608529317,4538.87158203125,4361.060117992913,4538.87158203125,188036300,2025-05-28 00:00:00+07:00
ASII.JK,Astra International,4473.36181640625,4492.078811453975,4426.569328786938,4473.36181640625,115876200,2025-06-02 00:00:00+07:00
ASII.JK,Astra International,4445.286631482712,4454.6451296542555,4351.701649767288,4398.494140625,51574100,2025-06-03 00:00:00+07:00
ASII.JK,Astra International,4454.645048129067,4454.645048129067,4314.267578125,4314.267578125,55901000,2025-06-04 00:00:00+07:00
ASII.JK,Astra International,4342.343072125814,4370.4185661266265,4314.267578125,4314.267578125,38381400,2025-06-05 00:00:00+07:00
ASII.JK,Astra International,4370.418171492866,4370.418171492866,4304.90869140625,4304.90869140625,60469600,2025-06-10 00:00:00+07:00
ASII.JK,Astra International,4314.267578125,4332.984574125542,4286.192084124186,4314.267578125,50550100,2025-06-11 00:00:00+07:00
ASII.JK,Astra International,4314.267094126919,4323.6255910773025,4267.474609375,4267.474609375,54629900,2025-06-12 00:00:00+07:00
ASII.JK,Astra International,4286.191993897019,4304.908989503556,4267.474998290481,4276.83349609375,38510500,2025-06-13 00:00:00+07:00
ASII.JK,Astra International,4276.833586123916,4332.984574125542,4267.475088123644,4314.267578125,29939400,2025-06-16 00:00:00+07:00
ASII.JK,Astra International,4342.342680027174,4342.342680027174,4295.550194251019,4304.90869140625,29978400,2025-06-17 00:00:00+07:00
ASII.JK,Astra International,4314.267287709355,4323.625785079657,4295.55029296875,4295.55029296875,19386900,2025-06-18 00:00:00+07:00
ASII.JK,Astra International,4295.550399679222,4304.908897282009,4211.323921254139,4239.3994140625,30832700,2025-06-19 00:00:00+07:00
ASII.JK,Astra International,4239.399321626183,4239.399321626183,4192.606834632516,4201.96533203125,50116600,2025-06-20 00:00:00+07:00
ASII.JK,Astra International,4183.2484436724035,4183.2484436724035,4117.738960214447,4145.814453125,28820000,2025-06-23 00:00:00+07:00
ASII.JK,Astra International,4183.24853515625,4211.324028680789,4145.8145437901985,4183.24853515625,37523200,2025-06-24 00:00:00+07:00
ASII.JK,Astra International,4239.399522205327,4239.399522205327,4136.456045948686,4183.24853515625,33217200,2025-06-25 00:00:00+07:00
ASII.JK,Astra International,4155.173239992978,4164.53173828125,4127.097745128161,4164.53173828125,26909800,2025-06-26 00:00:00+07:00
ASII.JK,Astra International,4183.248238932292,4230.040724826389,4164.531244574653,4211.32373046875,41865200,2025-06-30 00:00:00+07:00
ASII.JK,Astra International,4201.96573143434,4220.682728010885,4155.173239992978,4164.53173828125,27410600,2025-07-01 00:00:00+07:00
ASII.JK,Astra International,4164.531336040749,4258.116309884362,4155.172838656388,4248.7578125,34231600,2025-07-02 00:00:00+07:00
ASII.JK,Astra International,4248.758002683944,4295.550491700287,4239.3995048806755,4276.83349609375,24120100,2025-07-03 00:00:00+07:00
ASII.JK,Astra International,4304.908980992966,4351.701469916802,4276.833487638663,4323.6259765625,25298100,2025-07-04 00:00:00+07:00
ASII.JK,Astra International,4323.6258701422275,4379.77685546875,4295.550377478967,4379.77685546875,20181800,2025-07-07 00:00:00+07:00
ASII.JK,Astra International,4370.418556573564,4370.418556573564,4323.62606667449,4361.06005859375,21173700,2025-07-08 00:00:00+07:00
ASII.JK,Astra International,4379.7769465042375,4417.2109375,4370.418448755297,4417.2109375,32577400,2025-07-09 00:00:00+07:00
ASII.JK,Astra International,4417.210845686432,4426.5693432408525,4379.77685546875,4379.77685546875,21464100,2025-07-10 00:00:00+07:00
ASII.JK,Astra International,4417.211037022294,4417.211037022294,4379.777045183121,4407.8525390625,19382400,2025-07-11 00:00:00+07:00
ASII.JK,Astra International,4407.852638796542,4445.286631482712,4351.701649767288,4398.494140625,32985800,2025-07-14 00:00:00+07:00
ASII.JK,Astra International,4398.494140625,4398.494140625,4332.984653424202,4398.494140625,25045900,2025-07-15 00:00:00+07:00
ASII.JK,Astra International,4398.493647203947,4501.437115542763,4389.135150082237,4445.2861328125,53394000,2025-07-16 00:00:00+07:00
ASII.JK,Astra International,4445.286225575744,4510.795706794755,4426.569230941741,4482.72021484375,37859000,2025-07-17 00:00:00+07:00
ASII.JK,Astra International,4501.437115542763,4529.512606907894,4445.2861328125,4445.2861328125,23680400,2025-07-18 00:00:00+07:00
ASII.JK,Astra International,4501.4370158219535,4501.4370158219535,4417.210543592437,4454.64453125,17018900,2025-07-21 00:00:00+07:00
ASII.JK,Astra International,4454.645230876866,4454.645230876866,4379.777243803305,4389.1357421875,47232600,2025-07-22 00:00:00+07:00
ASII.JK,Astra International,4435.928083570076,4632.45654296875,4417.211087436869,4632.45654296875,94669900,2025-07-23 00:00:00+07:00
ASII.JK,Astra International,4669.890033261138,4749.437258276609,4660.531536200495,4726.041015625,72459700,2025-07-24 00:00:00+07:00
ASII.JK,Astra International,4679.24853515625,4726.041020507812,4632.456049804688,4679.24853515625,28079000,2025-07-25 00:00:00+07:00
ASII.JK,Astra International,4702.645249310662,4772.833984375,4669.890506280637,4772.833984375,59414600,2025-07-28 00:00:00+07:00
ASII.JK,Astra International,4772.833984375,4796.230229396446,4702.645249310662,4772.833984375,36861000,2025-07-29 00:00:00+07:00
ASII.JK,Astra International,4772.833974893811,4819.62646484375,4749.437729918841,4819.62646484375,53075600,2025-07-30 00:00:00+07:00
ASII.JK,Astra International,4819.626474417892,4843.022719439338,4772.833984375,4772.833984375,44048400,2025-07-31 00:00:00+07:00
ASII.JK,Astra International,4796.229748535156,4819.625991210938,4641.814546875,4679.24853515625,33392000,2025-08-01 00:00:00+07:00
ASII.JK,Astra International,4679.2487756529845,4726.041263409515,4623.097790345149,4702.64501953125,21561700,2025-08-04 00:00:00+07:00
ASII.JK,Astra International,4726.041263409515,4726.041263409515,4669.890278101679,4702.64501953125,20210600,2025-08-05 00:00:00+07:00
ASII.JK,Astra International,4702.645288584184,4702.645288584184,4585.6640625,4585.6640625,24786300,2025-08-06 00:00:00+07:00
ASII.JK,Astra International,4604.380949943296,4702.64517753355,4604.380949943296,4641.81494140625,25930000,2025-08-07 00:00:00+07:00
ASII.JK,Astra International,4632.456352419969,4669.890343146595,4604.380859375,4604.380859375,20639400,2025-08-08 00:00:00+07:00
ASII.JK,Astra International,4604.381058673469,4613.739556760203,4557.588568239796,4585.6640625,21955000,2025-08-11 00:00:00+07:00
ASII.JK,Astra International,4585.663661306989,4702.6448771566575,4576.305164039016,4669.89013671875,22725500,2025-08-12 00:00:00+07:00
ASII.JK,Astra International,4772.833729619565,4913.211192255435,4702.644998301631,4843.0224609375,103458500,2025-08-13 00:00:00+07:00
ASII.JK,Astra International,4796.230229396446,4819.626474417892,4749.437739353553,4772.833984375,31796500,2025-08-14 00:00:00+07:00
ASII.JK,Astra International,4772.833751166045,4796.229995044309,4702.64501953125,4702.64501953125,16434700,2025-08-15 00:00:00+07:00
ASII.JK,Astra International,4936.607388733739,5217.362311315752,4866.418658088235,5170.56982421875,260942000,2025-08-19 00:00:00+07:00
ASII.JK,Astra International,5170.56982421875,5193.966067767251,5100.381093573246,5170.56982421875,74517000,2025-08-20 00:00:00+07:00
ASII.JK,Astra International,5170.569811197916,5287.551028645833,5147.173567708333,5264.15478515625,76746200,2025-08-21 00:00:00+07:00
ASII.JK,Astra International,5287.550776966831,5404.531988846628,5240.758292214912,5334.34326171875,73126900,2025-08-22 00:00:00+07:00
ASII.JK,Astra International,5381.13623046875,5404.532474949049,5310.947497027853,5381.13623046875,60737900,2025-08-25 00:00:00+07:00
ASII.JK,Astra International,5357.739759114583,5357.739759114583,5123.7773242187495,5264.15478515625,79136200,2025-08-26 00:00:00+07:00
ASII.JK,Astra International,5287.550794566761,5357.739521928267,5147.17333984375,5147.17333984375,33172600,2025-08-27 00:00:00+07:00
ASII.JK,Astra International,5170.569817649944,5287.551035243834,5170.569817649944,5217.3623046875,18032900,2025-08-28 00:00:00+07:00
ASII.JK,Astra International,5100.38085493608,5264.1545521129265,5076.984612482244,5147.17333984375,62869000,2025-08-29 00:00:00+07:00
ASII.JK,Astra International,4866.418900516055,5147.173837084289,4866.418900516055,5100.38134765625,67904000,2025-09-01 00:00:00+07:00
ASII.JK,Astra International,5147.173587328767,5193.966074486301,5053.588613013699,5123.77734375,21623300,2025-09-02 00:00:00+07:00
ASII.JK,Astra International,5170.569582297586,5287.550794566761,5100.38085493608,5147.17333984375,45471600,2025-09-03 00:00:00+07:00
ASII.JK,Astra International,5147.17333984375,5147.17333984375,5053.588370028409,5147.17333984375,26987400,2025-09-04 00:00:00+07:00
ASII.JK,Astra International,5240.759072580645,5240.759072580645,5006.796613983295,5076.9853515625,57081800,2025-09-08 00:00:00+07:00
ASII.JK,Astra International,5053.588606476244,5240.758554864253,5006.796119379242,5170.56982421875,49240100,2025-09-09 00:00:00+07:00
ASII.JK,Astra International,5170.569830907534,5170.569830907534,5053.588613013699,5123.77734375,22964700,2025-09-10 00:00:00+07:00
ASII.JK,Astra International,5123.777574693834,5240.758797860361,5100.381330060529,5193.96630859375,28151500,2025-09-11 00:00:00+07:00
ASII.JK,Astra International,5264.155262682407,5334.343999518172,5240.759017070484,5310.94775390625,30653500,2025-09-12 00:00:00+07:00
ASII.JK,Astra International,5310.947272135417,5334.343515625,5240.758541666666,5264.15478515625,26368000,2025-09-15 00:00:00+07:00
ASII.JK,Astra International,5287.55126953125,5310.947514086698,5240.758780420354,5287.55126953125,15987900,2025-09-16 00:00:00+07:00
ASII.JK,Astra International,5287.550776966831,5334.34326171875,5240.758292214912,5334.34326171875,23879700,2025-09-17 00:00:00+07:00
ASII.JK,Astra International,5334.34352228139,5357.739765800168,5193.966061168721,5217.3623046875,27261300,2025-09-18 00:00:00+07:00
ASII.JK,Astra International,5217.362285497407,5381.135989526474,5217.362285497407,5357.73974609375,52162200,2025-09-19 00:00:00+07:00
ASII.JK,Astra International,5357.739504094709,5357.739504094709,5264.154534590872,5334.34326171875,35106300,2025-09-22 00:00:00+07:00
ASII.JK,Astra International,5310.947472523835,5568.306160619703,5287.551228151483,5521.513671875,41044200,2025-09-23 00:00:00+07:00
ASII.JK,Astra International,5568.306160619703,5568.306160619703,5474.721183130297,5521.513671875,61167600,2025-09-24 00:00:00+07:00
ASII.JK,Astra International,5521.513443587663,5521.513443587663,5381.135983157468,5404.5322265625,35805100,2025-09-25 00:00:00+07:00
ASII.JK,Astra International,5498.11767578125,5615.098902925532,5404.532694065824,5498.11767578125,42677800,2025-09-26 00:00:00+07:00
ASII.JK,Astra International,5498.11720018263,5521.513443587663,5381.135983157468,5404.5322265625,20892700,2025-09-29 00:00:00+07:00
ASII.JK,Astra International,5381.135983157468,5451.324713372565,5334.343496347403,5404.5322265625,41266900,2025-09-30 00:00:00+07:00
ASII.JK,Astra International,5451.325227577781,5474.721473189703,5287.551508294328,5310.94775390625,26508200,2025-10-01 00:00:00+07:00
ASII.JK,Astra International,5381.135746470669,5381.135746470669,5264.154534590872,5334.34326171875,29346300,2025-10-02 00:00:00+07:00
ASII.JK,Astra International,5381.1359768978,5474.720950409066,5381.1359768978,5451.32470703125,27951100,2025-10-03 00:00:00+07:00
ASII.JK,Astra International,5521.513437164699,5544.909680542516,5427.928463653433,5451.32470703125,21809400,2025-10-06 00:00:00+07:00
ASII.JK,Astra International,5544.909941830842,5661.891164232337,5357.739985988452,5381.13623046875,43328700,2025-10-07 00:00:00+07:00
ASII.JK,Astra International,5451.324719824645,5498.117206690093,5287.551015795579,5357.73974609375,30080700,2025-10-08 00:00:00+07:00
ASII.JK,Astra International,5404.532683939873,5544.91015625,5381.136438554852,5544.91015625,27699300,2025-10-09 00:00:00+07:00
ASII.JK,Astra International,5544.909916247352,5568.306160619703,5474.721183130297,5521.513671875,27133800,2025-10-10 00:00:00+07:00
ASII.JK,Astra International,5474.721199824892,5544.909933155981,5404.532466493804,5427.9287109375,29034500,2025-10-13 00:00:00+07:00
ASII.JK,Astra International,5521.218247049356,5735.40343766765,5521.218247049356,5545.0166015625,53096200,2025-10-14 00:00:00+07:00
ASII.JK,Astra International,5664.00840435606,5664.00840435606,5473.621567234848,5497.419921875,96604500,2025-10-15 00:00:00+07:00
ASII.JK,Astra International,5568.815000849185,5568.815000849185,5473.62158203125,5473.62158203125,15044500,2025-10-16 00:00:00+07:00
ASII.JK,Astra International,5449.8233029513885,5521.218368055555,5307.033172743056,5354.6298828125,31793700,2025-10-17 00:00:00+07:00
ASII.JK,Astra International,5354.629709750791,5640.2099609375,5354.629709750791,5640.2099609375,29959700,2025-10-20 00:00:00+07:00
ASII.JK,Astra International,5711.60498046875,5759.201688639323,5616.411564127604,5711.60498046875,46181700,2025-10-21 00:00:00+07:00
ASII.JK,Astra International,5759.201590966599,5997.185127783401,5711.604883603239,5878.193359375,98615300,2025-10-22 00:00:00+07:00
ASII.JK,Astra International,5782.999864902421,6092.378458498024,5782.999864902421,6020.9833984375,60009000,2025-10-23 00:00:00+07:00
ASII.JK,Astra International,6068.580447584957,6354.160703941897,6044.782092888546,6258.96728515625,93344500,2025-10-24 00:00:00+07:00
ASII.JK,Astra International,6282.765625,6401.757398200757,6068.580433238636,6282.765625,64262300,2025-10-27 00:00:00+07:00
ASII.JK,Astra International,6282.765285326087,6282.765285326087,5973.386691730484,6020.9833984375,37953500,2025-10-28 00:00:00+07:00
ASII.JK,Astra International,5949.588260135135,6187.571790540541,5925.789907094594,6163.7734375,39818900,2025-10-29 00:00:00+07:00
ASII.JK,Astra International,6116.176839516932,6139.975192978088,5949.588365288844,5973.38671875,28976800,2025-10-30 00:00:00+07:00
ASII.JK,Astra International,5949.588434482977,5997.185141958841,5830.596665793318,5854.39501953125,64790000,2025-10-31 00:00:00+07:00
ASII.JK,Astra International,5854.394911878691,6139.975151482529,5854.394911878691,6044.78173828125,59085000,2025-11-03 00:00:00+07:00
ASII.JK,Astra International,5997.18505859375,6068.5801188151045,5949.588351779514,5997.18505859375,62249200,2025-11-04 00:00:00+07:00
ASII.JK,Astra International,5949.58837890625,6020.983439453125,5878.193318359376,5949.58837890625,43439100,2025-11-05 00:00:00+07:00
ASII.JK,Astra International,5997.185045083992,6044.781751791008,5901.991631669961,6020.9833984375,48979900,2025-11-06 00:00:00+07:00
ASII.JK,Astra International,6020.983345239543,6139.975110955739,5997.184992096304,6116.1767578125,42960800,2025-11-07 00:00:00+07:00
ASII.JK,Astra International,6187.5718172422185,6187.5718172422185,6092.378404669261,6116.1767578125,45533400,2025-11-10 00:00:00+07:00
ASII.JK,Astra International,6235.168960278975,6282.765669899425,6139.975541038075,6211.37060546875,43529600,2025-11-11 00:00:00+07:00
ASII.JK,Astra International,6235.168510023013,6258.966863114704,6092.378391472868,6139.97509765625,37083400,2025-11-12 00:00:00+07:00
ASII.JK,Astra International,6116.176784620098,6116.176784620098,6044.781724877451,6068.580078125,21200000,2025-11-13 00:00:00+07:00
ASII.JK,Astra International,6068.58006477356,6139.975124359131,6020.983358383179,6092.37841796875,23431700,2025-11-14 00:00:00+07:00
ASII.JK,Astra International,6092.378391472868,6187.571803839632,6068.5800383811775,6139.97509765625,40681500,2025-11-17 00:00:00+07:00
ASII.JK,Astra International,6163.773464098979,6235.168523528697,6092.378404669261,6116.1767578125,27510900,2025-11-18 00:00:00+07:00
ASII.JK,Astra International,6116.17677116394,6163.773477554321,5973.386651992798,6092.37841796875,45476700,2025-11-19 00:00:00+07:00
ASII.JK,Astra International,6139.975110955739,6187.5718172422185,6068.580051526022,6116.1767578125,30547700,2025-11-20 00:00:00+07:00
ASII.JK,Astra International,6092.378404669261,6116.1767578125,6020.983345239543,6116.1767578125,43653200,2025-11-21 00:00:00+07:00
ASII.JK,Astra International,6187.571790540541,6211.370143581081,6116.176731418919,6163.7734375,71721700,2025-11-24 00:00:00+07:00
ASII.JK,Astra International,6116.176744564559,6163.773450747941,6068.5800383811775,6139.97509765625,20954400,2025-11-25 00:00:00+07:00
ASII.JK,Astra International,6187.572206439394,6282.765625,6116.177142518939,6282.765625,29331000,2025-11-26 00:00:00+07:00
ASII.JK,Astra International,6282.7656398526615,6282.7656398526615,6139.975511674192,6258.96728515625,23737100,2025-11-27 00:00:00+07:00
ASII.JK,Astra International,6282.765654818702,6282.765654818702,6187.572235806298,6235.1689453125,38378700,2025-11-28 00:00:00+07:00
ASII.JK,Astra International,6068.580078125,6187.571844362746,6020.983371629902,6068.580078125,38669000,2025-12-01 00:00:00+07:00
ASII.JK,Astra International,6258.9672556751175,6306.56396484375,6187.57219192217,6306.56396484375,53567600,2025-12-02 00:00:00+07:00
ASII.JK,Astra International,6282.765625,6330.362334280303,6235.168915719697,6282.765625,24386200,2025-12-03 00:00:00+07:00
ASII.JK,Astra International,6258.967198027997,6401.75732421875,6235.168843662872,6401.75732421875,38510600,2025-12-04 00:00:00+07:00
ASII.JK,Astra International,6401.757338794309,6568.345819729478,6377.958984375,6377.958984375,67707300,2025-12-05 00:00:00+07:00
ASII.JK,Astra International,6496.950741679252,6496.950741679252,6306.563906758248,6401.75732421875,38776000,2025-12-08 00:00:00+07:00
ASII.JK,Astra International,6449.35410748106,6449.35410748106,6139.975497159091,6282.765625,38482800,2025-12-09 00:00:00+07:00
ASII.JK,Astra International,6377.959028596698,6401.757383181014,6235.168901090801,6306.56396484375,34524000,2025-12-10 00:00:00+07:00
ASII.JK,Astra International,6330.361922389777,6354.160275481468,6044.781685289487,6139.97509765625,42116700,2025-12-11 00:00:00+07:00
ASII.JK,Astra International,6235.168915719697,6282.765625,6116.177142518939,6282.765625,28841900,2025-12-12 00:00:00+07:00
ASII.JK,Astra International,6401.757398200757,6401.757398200757,6211.370561079545,6282.765625,38096700,2025-12-15 00:00:00+07:00
ASII.JK,Astra International,6258.967270359848,6282.765625,6187.572206439394,6282.765625,34723600,2025-12-16 00:00:00+07:00
ASII.JK,Astra International,6235.168915719697,6282.765625,6187.572206439394,6282.765625,32681400,2025-12-17 00:00:00+07:00
ASII.JK,Astra International,6282.765685096154,6282.765685096154,6163.7739107572115,6187.572265625,20454400,2025-12-18 00:00:00+07:00
ASII.JK,Astra International,6258.9673150891995,6258.9673150891995,6116.177186227849,6211.37060546875,61201100,2025-12-19 00:00:00+07:00
ASII.JK,Astra International,6139.975511674192,6282.7656398526615,6139.975511674192,6258.96728515625,30755900,2025-12-22 00:00:00+07:00
ASII.JK,Astra International,6187.572265625,6258.967330228365,6139.975555889423,6187.572265625,13756700,2025-12-23 00:00:00+07:00
ASII.JK,Astra International,6139.975482753537,6354.160674012382,6139.975482753537,6306.56396484375,20273000,2025-12-24 00:00:00+07:00
ASII.JK,Astra International,6306.56393558345,6401.75735347905,6282.765581109551,6354.16064453125,20982300,2025-12-29 00:00:00+07:00
ASII.JK,Astra International,6354.16062995569,6401.757338794309,6282.765566697761,6377.958984375,23486000,2025-12-30 00:00:00+07:00
UNVR.JK,Unilever Indonesia,6723.46922400402,6881.668499862939,6723.46922400402,6763.01904296875,11059800,2020-01-02 00:00:00+07:00
UNVR.JK,Unilever Indonesia,6861.893089183218,6861.893089183218,6763.018548993257,6782.79345703125,8071700,2020-01-03 00:00:00+07:00
UNVR.JK,Unilever Indonesia,6782.793974119654,6802.5688836651925,6604.819788209808,6703.6943359375,7913300,2020-01-06 00:00:00+07:00
UNVR.JK,Unilever Indonesia,6703.694343160595,6723.469252727441,6644.369614460059,6683.91943359375,5793000,2020-01-07 00:00:00+07:00
UNVR.JK,Unilever Indonesia,6683.918974638702,6683.918974638702,6545.49461717577,6585.04443359375,8261400,2020-01-08 00:00:00+07:00
UNVR.JK,Unilever Indonesia,6604.8193359375,6664.144060511789,6525.7197031717815,6604.8193359375,9224300,2020-01-09 00:00:00+07:00
UNVR.JK,Unilever Indonesia,6644.369176136363,6644.369176136363,6525.7197265625,6525.7197265625,14849800,2020-01-10 00:00:00+07:00
UNVR.JK,Unilever Indonesia,6545.49508085705,6644.36962890625,6545.49508085705,6644.36962890625,8904800,2020-01-13 00:00:00+07:00
UNVR.JK,Unilever Indonesia,6644.369607300885,6723.469245483039,6565.269969118732,6703.6943359375,11761100,2020-01-14 00:00:00+07:00
UNVR.JK,Unilever Indonesia,6703.694335937501,6743.244155028578,6604.819788209808,6703.6943359375,14965200,2020-01-15 00:00:00+07:00
UNVR.JK,Unilever Indonesia,6703.693368068434,6703.693368068434,6604.818834616098,6664.1435546875,9151100,2020-01-16 00:00:00+07:00
UNVR.JK,Unilever Indonesia,6664.1445385160905,6664.1445385160905,6604.81980968657,6644.36962890625,5501800,2020-01-17 00:00:00+07:00
UNVR.JK,Unilever Indonesia,6644.369158220721,6664.1440664297115,6585.04443359375,6585.04443359375,5343800,2020-01-20 00:00:00+07:00
UNVR.JK,Unilever Indonesia,6585.04443359375,6624.594250011731,6565.26952538476,6585.04443359375,5211000,2020-01-21 00:00:00+07:00
UNVR.JK,Unilever Indonesia,6624.593763236539,6624.593763236539,6505.94432270096,6565.26904296875,4975800,2020-01-22 00:00:00+07:00
UNVR.JK,Unilever Indonesia,6565.26952538476,6624.594250011731,6545.49461717577,6585.04443359375,3400500,2020-01-23 00:00:00+07:00
UNVR.JK,Unilever Indonesia,6585.044469430906,6585.044469430906,6446.620111214641,6466.39501953125,7927900,2020-01-24 00:00:00+07:00
UNVR.JK,Unilever Indonesia,6466.3959606896715,6565.27051666352,6387.296315910593,6545.49560546875,7078300,2020-01-27 00:00:00+07:00
UNVR.JK,Unilever Indonesia,6545.49463482481,6565.269543087121,6407.070276988637,6525.7197265625,8825000,2020-01-28 00:00:00+07:00
UNVR.JK,Unilever Indonesia,6525.7197265625,6565.269543087121,6505.94481830019,6525.7197265625,4723100,2020-01-29 00:00:00+07:00
UNVR.JK,Unilever Indonesia,6525.720712029825,6525.720712029825,6446.621067035524,6505.94580078125,4297800,2020-01-30 00:00:00+07:00
UNVR.JK,Unilever Indonesia,6505.94539695116,6505.94539695116,6288.42138671875,6288.42138671875,17743300,2020-01-31 00:00:00+07:00
UNVR.JK,Unilever Indonesia,6288.421417819466,6387.295968414112,6169.7719571058915,6209.32177734375,8731500,2020-02-03 00:00:00+07:00
UNVR.JK,Unilever Indonesia,6209.3217695932535,6288.421409970238,6209.3217695932535,6229.0966796875,8182500,2020-02-04 00:00:00+07:00
UNVR.JK,Unilever Indonesia,6248.8719979745365,6407.0712890625,6209.322175202546,6407.0712890625,7284300,2020-02-05 00:00:00+07:00
UNVR.JK,Unilever Indonesia,6407.070846845519,6407.070846845519,6288.42138671875,6288.42138671875,10884300,2020-02-06 00:00:00+07:00
UNVR.JK,Unilever Indonesia,6288.420910799051,6308.195819323576,6248.87109375,6248.87109375,11461800,2020-02-07 00:00:00+07:00
UNVR.JK,Unilever Indonesia,6248.871589781746,6268.646499875992,6169.7719494047615,6229.0966796875,6277000,2020-02-10 00:00:00+07:00
UNVR.JK,Unilever Indonesia,6209.32177734375,6229.096687462679,6189.546867224821,6209.32177734375,5773900,2020-02-11 00:00:00+07:00
UNVR.JK,Unilever Indonesia,6189.546947278474,6209.321857653166,5991.797843531558,6011.57275390625,17269400,2020-02-12 00:00:00+07:00
UNVR.JK,Unilever Indonesia,5991.797409470017,6011.572318412162,5813.823228990709,5853.373046875,13678700,2020-02-13 00:00:00+07:00
UNVR.JK,Unilever Indonesia,5853.373994042642,6031.348203320966,5774.274345474498,5912.69873046875,8792800,2020-02-14 00:00:00+07:00
UNVR.JK,Unilever Indonesia,5912.697773701436,5932.472682643581,5794.048320048564,5853.373046875,8267100,2020-02-17 00:00:00+07:00
UNVR.JK,Unilever Indonesia,5813.823228990709,5912.697773701436,5794.048320048564,5853.373046875,11377400,2020-02-18 00:00:00+07:00
UNVR.JK,Unilever Indonesia,5853.373994042642,5932.473642610786,5833.599081900606,5912.69873046875,7178400,2020-02-19 00:00:00+07:00
UNVR.JK,Unilever Indonesia,5932.473096660539,6090.672379238154,5912.698186338337,6051.12255859375,11991000,2020-02-20 00:00:00+07:00
UNVR.JK,Unilever Indonesia,6051.122109375,6051.122109375,5912.697747395833,5932.47265625,9864100,2020-02-21 00:00:00+07:00
UNVR.JK,Unilever Indonesia,5853.372594074394,5873.147501486808,5714.9482421875,5714.9482421875,11614600,2020-02-24 00:00:00+07:00
UNVR.JK,Unilever Indonesia,5655.6244615528685,5813.8237471907105,5596.299729438677,5774.27392578125,14739700,2020-02-25 00:00:00+07:00
UNVR.JK,Unilever Indonesia,5734.7241043717895,5833.598657895441,5695.174282962329,5774.27392578125,10567900,2020-02-26 00:00:00+07:00
UNVR.JK,Unilever Indonesia,5774.273976999563,5774.273976999563,5556.749957318073,5655.62451171875,13251400,2020-02-27 00:00:00+07:00
UNVR.JK,Unilever Indonesia,5596.2998941163005,5596.2998941163005,5319.45113610348,5398.55078125,34476300,2020-02-28 00:00:00+07:00
UNVR.JK,Unilever Indonesia,5398.5507547129755,5695.174422554348,5378.77584352355,5457.87548828125,20747600,2020-03-02 00:00:00+07:00
UNVR.JK,Unilever Indonesia,5616.07421189693,5695.1738486842105,5497.424756716009,5635.84912109375,27945100,2020-03-03 00:00:00+07:00
UNVR.JK,Unilever Indonesia,5635.849510732323,5892.923348063973,5616.07460016835,5873.1484375,16142200,2020-03-04 00:00:00+07:00
UNVR.JK,Unilever Indonesia,5912.697773701436,6011.572318412162,5833.598137932854,5853.373046875,12512400,2020-03-05 00:00:00+07:00
UNVR.JK,Unilever Indonesia,5833.597641503251,5912.697270540583,5714.948197947253,5892.92236328125,10982200,2020-03-06 00:00:00+07:00
UNVR.JK,Unilever Indonesia,5536.974602424377,5695.1738767793595,5457.874965246886,5556.74951171875,21278700,2020-03-09 00:00:00+07:00
UNVR.JK,Unilever Indonesia,5556.748524840449,5833.597205793354,5556.748524840449,5616.0732421875,14816900,2020-03-10 00:00:00+07:00
UNVR.JK,Unilever Indonesia,5616.074640143408,5892.923390009632,5596.299729438677,5774.27392578125,19638900,2020-03-11 00:00:00+07:00
UNVR.JK,Unilever Indonesia,5714.9482421875,5892.922408899221,5536.974075475779,5714.9482421875,20637800,2020-03-12 00:00:00+07:00
UNVR.JK,Unilever Indonesia,5714.9482421875,5714.9482421875,5714.9482421875,5714.9482421875,0,2020-03-13 00:00:00+07:00
UNVR.JK,Unilever Indonesia,5912.698417198701,5932.473328293011,5517.2001953125,5517.2001953125,18254300,2020-03-16 00:00:00+07:00
UNVR.JK,Unilever Indonesia,5517.200373722957,5675.399667593149,5141.47705078125,5141.47705078125,29370900,2020-03-17 00:00:00+07:00
UNVR.JK,Unilever Indonesia,5260.12563355501,5260.12563355501,4785.52783203125,4785.52783203125,34350500,2020-03-18 00:00:00+07:00
UNVR.JK,Unilever Indonesia,4785.528458586837,4864.628102530421,4469.1298828125,4469.1298828125,13743300,2020-03-19 00:00:00+07:00
UNVR.JK,Unilever Indonesia,4330.705331089985,5121.701738595005,4172.506049588981,4923.95263671875,45224600,2020-03-20 00:00:00+07:00
UNVR.JK,Unilever Indonesia,4844.8531367861,4923.9527798356685,4587.779296875,4587.779296875,16961000,2020-03-23 00:00:00+07:00
UNVR.JK,Unilever Indonesia,4666.877968405837,4825.077221572137,4409.804182010601,4488.90380859375,19279500,2020-03-24 00:00:00+07:00
UNVR.JK,Unilever Indonesia,4607.554345162593,5378.775887915129,4607.554345162593,5359.0009765625,29296900,2020-03-26 00:00:00+07:00
UNVR.JK,Unilever Indonesia,5536.975169462316,6110.447597728056,5141.476943072151,5378.77587890625,30521200,2020-03-27 00:00:00+07:00
UNVR.JK,Unilever Indonesia,5358.999564916707,5378.774471060311,5003.051254331834,5082.15087890625,18135300,2020-03-30 00:00:00+07:00
UNVR.JK,Unilever Indonesia,5220.5755522629315,5734.72314453125,5220.5755522629315,5734.72314453125,27011000,2020-03-31 00:00:00+07:00
UNVR.JK,Unilever Indonesia,5734.7241552392925,5912.698353160512,5536.975046437938,5655.62451171875,13801800,2020-04-01 00:00:00+07:00
UNVR.JK,Unilever Indonesia,5655.62351995026,5714.9482421875,5477.649353238538,5714.9482421875,11148700,2020-04-02 00:00:00+07:00
UNVR.JK,Unilever Indonesia,5714.947771099251,5734.722676881602,5477.648901711048,5616.0732421875,18556300,2020-04-03 00:00:00+07:00
UNVR.JK,Unilever Indonesia,5635.849550848138,5774.27392578125,5616.074640143408,5774.27392578125,8882300,2020-04-06 00:00:00+07:00
UNVR.JK,Unilever Indonesia,5813.823755637887,6011.572862972509,5576.52482683634,5754.4990234375,11884600,2020-04-07 00:00:00+07:00
UNVR.JK,Unilever Indonesia,5734.723667077851,5734.723667077851,5378.775301535088,5635.84912109375,14428900,2020-04-08 00:00:00+07:00
UNVR.JK,Unilever Indonesia,5536.974070581897,5734.72314453125,5457.874441002155,5734.72314453125,8617000,2020-04-09 00:00:00+07:00
UNVR.JK,Unilever Indonesia,5734.722676881602,5734.722676881602,5576.523430622799,5616.0732421875,4282500,2020-04-13 00:00:00+07:00
UNVR.JK,Unilever Indonesia,5616.074689958479,5655.62451171875,5556.749957318073,5655.62451171875,6534300,2020-04-14 00:00:00+07:00
UNVR.JK,Unilever Indonesia,5655.62457297267,5695.17439516129,5477.65037312388,5517.2001953125,11877300,2020-04-15 00:00:00+07:00
UNVR.JK,Unilever Indonesia,5517.199290340109,5517.199290340109,5220.575672579887,5260.12548828125,17260700,2020-04-16 00:00:00+07:00
UNVR.JK,Unilever Indonesia,5378.774403409091,5497.423838778409,5378.774403409091,5438.09912109375,11696600,2020-04-17 00:00:00+07:00
UNVR.JK,Unilever Indonesia,5457.874490792411,5596.298843819754,5438.099583217076,5536.97412109375,13853300,2020-04-20 00:00:00+07:00
UNVR.JK,Unilever Indonesia,5536.975124097473,5596.299857569946,5418.325657152527,5477.650390625,10394700,2020-04-21 00:00:00+07:00
UNVR.JK,Unilever Indonesia,5536.973619058099,5655.623053752201,5378.774372799296,5616.0732421875,10220900,2020-04-22 00:00:00+07:00
UNVR.JK,Unilever Indonesia,5616.0741145833335,6090.671927083334,5576.524296875,5932.47265625,26530100,2020-04-23 00:00:00+07:00
UNVR.JK,Unilever Indonesia,5853.373020833334,6090.671927083334,5813.823203125,5932.47265625,28075100,2020-04-24 00:00:00+07:00
UNVR.JK,Unilever Indonesia,5932.47265625,6110.4468359375005,5873.1479296875,5932.47265625,9643200,2020-04-27 00:00:00+07:00
UNVR.JK,Unilever Indonesia,5952.2479457976715,6268.646507700538,5952.2479457976715,6209.32177734375,21296700,2020-04-28 00:00:00+07:00
UNVR.JK,Unilever Indonesia,6248.871551513672,6347.7461013793945,6051.122451782227,6327.97119140625,16761500,2020-04-29 00:00:00+07:00
UNVR.JK,Unilever Indonesia,6327.971582326284,6683.919983832137,6327.971582326284,6545.49560546875,28226900,2020-04-30 00:00:00+07:00
UNVR.JK,Unilever Indonesia,6525.720823269914,6525.720823269914,6209.322237899251,6268.64697265625,17119000,2020-05-04 00:00:00+07:00
UNVR.JK,Unilever Indonesia,6327.9701618975905,6565.26904296875,6308.19525514166,6565.26904296875,18737600,2020-05-05 00:00:00+07:00
UNVR.JK,Unilever Indonesia,6565.270580150463,6585.045491536458,6367.521466290509,6407.0712890625,11498100,2020-05-06 00:00:00+07:00
UNVR.JK,Unilever Indonesia,6426.845233040567,6486.169958268633,6268.645965765722,6367.5205078125,11108900,2020-05-08 00:00:00+07:00
UNVR.JK,Unilever Indonesia,6367.5205017656735,6525.719768890287,6367.5205017656735,6387.29541015625,8239200,2020-05-11 00:00:00+07:00
UNVR.JK,Unilever Indonesia,6407.070294581422,6505.944836164468,6347.745569631594,6466.39501953125,11132700,2020-05-12 00:00:00+07:00
UNVR.JK,Unilever Indonesia,6466.395001775568,6525.7197265625,6367.520460464015,6525.7197265625,9910100,2020-05-13 00:00:00+07:00
UNVR.JK,Unilever Indonesia,6505.94432270096,6565.26904296875,6426.8446956772395,6565.26904296875,11861700,2020-05-14 00:00:00+07:00
UNVR.JK,Unilever Indonesia,6565.269468613338,6802.568365069242,6545.4945605753455,6782.79345703125,23052700,2020-05-15 00:00:00+07:00
UNVR.JK,Unilever Indonesia,6960.768160029499,6960.768160029499,6585.04487866427,6703.6943359375,13193900,2020-05-18 00:00:00+07:00
UNVR.JK,Unilever Indonesia,6664.144084398674,6782.793533972538,6525.7197265625,6525.7197265625,12088400,2020-05-19 00:00:00+07:00
UNVR.JK,Unilever Indonesia,6525.719775087345,6604.8194087247675,6327.970690993789,6367.5205078125,16948600,2020-05-20 00:00:00+07:00
UNVR.JK,Unilever Indonesia,6367.520966137845,6545.495154632381,6367.520966137845,6446.62060546875,27690800,2020-05-26 00:00:00+07:00
UNVR.JK,Unilever Indonesia,6327.970179115853,6525.719247213224,6327.970179115853,6486.16943359375,15919300,2020-05-27 00:00:00+07:00
UNVR.JK,Unilever Indonesia,6486.169964466511,6565.269598179518,6327.970697040499,6347.74560546875,27680500,2020-05-28 00:00:00+07:00
UNVR.JK,Unilever Indonesia,6367.5205834173385,6426.845309349798,6130.2216796875,6130.2216796875,90601000,2020-05-29 00:00:00+07:00
UNVR.JK,Unilever Indonesia,6209.322175202546,6486.170934606481,6169.772352430556,6407.0712890625,27780700,2020-06-02 00:00:00+07:00
UNVR.JK,Unilever Indonesia,6486.170889532675,6683.920002018427,6426.846155786949,6505.94580078125,23576100,2020-06-03 00:00:00+07:00
UNVR.JK,Unilever Indonesia,6525.719744481078,6585.044469430906,6407.070294581422,6466.39501953125,16634700,2020-06-04 00:00:00+07:00
UNVR.JK,Unilever Indonesia,6466.3950498592785,6486.169958268633,6308.195782584434,6367.5205078125,18066100,2020-06-05 00:00:00+07:00
UNVR.JK,Unilever Indonesia,6407.069806354802,6505.944340403486,6347.7450859255905,6486.16943359375,12675400,2020-06-08 00:00:00+07:00
UNVR.JK,Unilever Indonesia,6525.7192294568895,6703.69339026026,6486.16941594503,6565.26904296875,26608700,2020-06-09 00:00:00+07:00
UNVR.JK,Unilever Indonesia,6703.693408500857,6703.693408500857,6446.619619974275,6486.16943359375,15919600,2020-06-10 00:00:00+07:00
UNVR.JK,Unilever Indonesia,6486.16943359375,6565.2690608326975,6407.069806354802,6486.16943359375,19429200,2020-06-11 00:00:00+07:00
UNVR.JK,Unilever Indonesia,6486.16943359375,6486.16943359375,6327.970179115853,6486.16943359375,10835600,2020-06-12 00:00:00+07:00
UNVR.JK,Unilever Indonesia,6486.170871884441,6565.27051666352,6466.3959606896715,6545.49560546875,14159100,2020-06-15 00:00:00+07:00
UNVR.JK,Unilever Indonesia,6585.045427858289,6644.370161442598,6525.72069427398,6545.49560546875,12197800,2020-06-16 00:00:00+07:00
UNVR.JK,Unilever Indonesia,6545.49560546875,6585.045427858289,6446.621049494902,6545.49560546875,10800100,2020-06-17 00:00:00+07:00
UNVR.JK,Unilever Indonesia,6505.944866677989,6505.944866677989,6367.5205078125,6367.5205078125,15200400,2020-06-18 00:00:00+07:00
UNVR.JK,Unilever Indonesia,6407.070324631211,6446.620141449923,6367.5205078125,6367.5205078125,12756000,2020-06-19 00:00:00+07:00
UNVR.JK,Unilever Indonesia,6446.620141449923,6446.620141449923,6347.745599403144,6367.5205078125,11487400,2020-06-22 00:00:00+07:00
UNVR.JK,Unilever Indonesia,6367.521011352539,6407.070831298828,6327.97119140625,6327.97119140625,5947400,2020-06-23 00:00:00+07:00
UNVR.JK,Unilever Indonesia,6367.5205017656735,6426.845226937404,6327.970684984521,6387.29541015625,10739900,2020-06-24 00:00:00+07:00
UNVR.JK,Unilever Indonesia,6367.520544897152,6407.070361946203,6248.87109375,6248.87109375,13066500,2020-06-25 00:00:00+07:00
UNVR.JK,Unilever Indonesia,6347.745636372627,6347.745636372627,6189.546368176424,6248.87109375,15566700,2020-06-26 00:00:00+07:00
UNVR.JK,Unilever Indonesia,6268.64697265625,6288.421884241917,6169.772414727919,6268.64697265625,11377500,2020-06-29 00:00:00+07:00
UNVR.JK,Unilever Indonesia,6268.646002274526,6327.970727848102,6209.32127670095,6248.87109375,10394200,2020-06-30 00:00:00+07:00
UNVR.JK,Unilever Indonesia,6268.64701960637,6288.4219313401445,6130.222637469952,6169.7724609375,10729600,2020-07-01 00:00:00+07:00
UNVR.JK,Unilever Indonesia,6169.771423718944,6367.5205078125,6169.771423718944,6367.5205078125,15082500,2020-07-02 00:00:00+07:00
UNVR.JK,Unilever Indonesia,6327.970727848102,6387.295453421677,6248.87109375,6248.87109375,8394200,2020-07-03 00:00:00+07:00
UNVR.JK,Unilever Indonesia,6288.420910799051,6327.970727848102,6229.096185225475,6248.87109375,17782600,2020-07-06 00:00:00+07:00
UNVR.JK,Unilever Indonesia,6268.64697265625,6327.9717074132495,6209.322237899251,6268.64697265625,14181500,2020-07-07 00:00:00+07:00
UNVR.JK,Unilever Indonesia,6268.646909360532,6446.621111834491,6248.8719979745365,6407.0712890625,19068800,2020-07-08 00:00:00+07:00
UNVR.JK,Unilever Indonesia,6407.069847178684,6466.394567985893,6308.1953125,6308.1953125,12857400,2020-07-09 00:00:00+07:00
UNVR.JK,Unilever Indonesia,6288.421884241917,6327.9717074132495,6268.64697265625,6268.64697265625,9371900,2020-07-10 00:00:00+07:00
UNVR.JK,Unilever Indonesia,6288.420880183996,6367.520513897002,6268.645971755744,6347.74560546875,7824700,2020-07-13 00:00:00+07:00
UNVR.JK,Unilever Indonesia,6347.745593375097,6407.0703185468265,6327.970684984521,6387.29541015625,6440700,2020-07-14 00:00:00+07:00
UNVR.JK,Unilever Indonesia,6407.070324631211,6426.845233040567,6367.5205078125,6367.5205078125,10766900,2020-07-15 00:00:00+07:00
UNVR.JK,Unilever Indonesia,6367.521466290509,6446.621111834491,6367.521466290509,6407.0712890625,10655000,2020-07-16 00:00:00+07:00
UNVR.JK,Unilever Indonesia,6407.071280048077,6426.84619140625,6248.871989182692,6426.84619140625,5335500,2020-07-17 00:00:00+07:00
UNVR.JK,Unilever Indonesia,6426.84619140625,6446.621102764423,6347.746545973558,6426.84619140625,9056400,2020-07-20 00:00:00+07:00
UNVR.JK,Unilever Indonesia,6426.845741271973,6426.845741271973,6327.97119140625,6327.97119140625,12476400,2020-07-21 00:00:00+07:00
UNVR.JK,Unilever Indonesia,6407.070831298828,6486.170471191406,6327.97119140625,6327.97119140625,10728700,2020-07-22 00:00:00+07:00
UNVR.JK,Unilever Indonesia,6347.745599403144,6387.295416221856,6308.195782584434,6367.5205078125,18413300,2020-07-23 00:00:00+07:00
UNVR.JK,Unilever Indonesia,6387.295416221856,6407.070324631211,6327.970690993789,6367.5205078125,12211100,2020-07-24 00:00:00+07:00
UNVR.JK,Unilever Indonesia,6407.0703185468265,6407.0703185468265,6327.970684984521,6387.29541015625,6391600,2020-07-27 00:00:00+07:00
UNVR.JK,Unilever Indonesia,6387.295875970571,6446.62060546875,6387.295875970571,6446.62060546875,16665100,2020-07-28 00:00:00+07:00
UNVR.JK,Unilever Indonesia,6446.620093513257,6565.269543087121,6426.845185250947,6525.7197265625,18793500,2020-07-29 00:00:00+07:00
UNVR.JK,Unilever Indonesia,6525.72017124721,6644.36962890625,6486.17035202753,6644.36962890625,19708600,2020-07-30 00:00:00+07:00
UNVR.JK,Unilever Indonesia,6644.369176136363,6683.918992660985,6407.070276988637,6525.7197265625,19125400,2020-08-03 00:00:00+07:00
UNVR.JK,Unilever Indonesia,6604.820357024126,6604.820357024126,6446.621067035524,6505.94580078125,13251900,2020-08-04 00:00:00+07:00
UNVR.JK,Unilever Indonesia,6591.697355883049,6611.73291015625,6491.519584517045,6611.73291015625,10465900,2020-08-05 00:00:00+07:00
UNVR.JK,Unilever Indonesia,6631.76868459719,6651.804239535551,6531.59090990539,6551.62646484375,12406300,2020-08-06 00:00:00+07:00
UNVR.JK,Unilever Indonesia,6551.626284555288,6591.697393329327,6471.484067007212,6511.55517578125,8987900,2020-08-07 00:00:00+07:00
UNVR.JK,Unilever Indonesia,6511.556064935378,6571.6627363040125,6491.5205078125,6491.5205078125,7982000,2020-08-10 00:00:00+07:00
UNVR.JK,Unilever Indonesia,6511.554902828999,6531.590456376164,6451.4482421875,6451.4482421875,16657800,2020-08-11 00:00:00+07:00
UNVR.JK,Unilever Indonesia,6471.483795734666,6511.554902828999,6431.412688640334,6451.4482421875,11451200,2020-08-12 00:00:00+07:00
UNVR.JK,Unilever Indonesia,6471.48424509031,6551.62646484375,6451.448690151949,6551.62646484375,11271500,2020-08-13 00:00:00+07:00
UNVR.JK,Unilever Indonesia,6551.625580578316,6611.7322372808685,6531.590028344131,6571.6611328125,13065900,2020-08-14 00:00:00+07:00
UNVR.JK,Unilever Indonesia,6591.69775390625,6611.7333093892485,6551.626642940255,6591.69775390625,12267900,2020-08-18 00:00:00+07:00
UNVR.JK,Unilever Indonesia,6591.696685046684,6631.767789515053,6571.6611328125,6571.6611328125,9945900,2020-08-19 00:00:00+07:00
UNVR.JK,Unilever Indonesia,6591.697574720471,6631.76868459719,6551.62646484375,6551.62646484375,8029000,2020-08-24 00:00:00+07:00
UNVR.JK,Unilever Indonesia,6551.625580578316,6611.7322372808685,6551.625580578316,6571.6611328125,11597200,2020-08-25 00:00:00+07:00
UNVR.JK,Unilever Indonesia,6571.6611328125,6611.7322372808685,6571.6611328125,6571.6611328125,14121900,2020-08-26 00:00:00+07:00
UNVR.JK,Unilever Indonesia,6571.661801609848,6611.73291015625,6551.626247336647,6611.73291015625,11343100,2020-08-27 00:00:00+07:00
UNVR.JK,Unilever Indonesia,6611.73291015625,6631.76846442945,6571.661801609848,6611.73291015625,13210800,2020-08-28 00:00:00+07:00
UNVR.JK,Unilever Indonesia,6631.768864872246,6631.768864872246,6531.591087457257,6591.69775390625,17339800,2020-08-31 00:00:00+07:00
UNVR.JK,Unilever Indonesia,6691.875531321239,6691.875531321239,6531.591087457257,6591.69775390625,15367200,2020-09-01 00:00:00+07:00
UNVR.JK,Unilever Indonesia,6651.80365102569,6651.80365102569,6511.554778865509,6531.59033203125,17081900,2020-09-02 00:00:00+07:00
UNVR.JK,Unilever Indonesia,6531.59090990539,6591.697574720471,6531.59090990539,6551.62646484375,9683100,2020-09-03 00:00:00+07:00
UNVR.JK,Unilever Indonesia,6571.661376953125,6731.94580078125,6511.554718017578,6731.94580078125,14782100,2020-09-04 00:00:00+07:00
UNVR.JK,Unilever Indonesia,6731.94619869403,6731.94619869403,6611.732873717351,6711.91064453125,14396400,2020-09-07 00:00:00+07:00
UNVR.JK,Unilever Indonesia,6711.91064453125,6711.91064453125,6671.83953620569,6711.91064453125,5156800,2020-09-08 00:00:00+07:00
UNVR.JK,Unilever Indonesia,6591.697355883049,6671.839572975852,6591.697355883049,6611.73291015625,11364100,2020-09-09 00:00:00+07:00
UNVR.JK,Unilever Indonesia,6571.660780760188,6571.660780760188,6331.234166829937,6391.3408203125,25116900,2020-09-10 00:00:00+07:00
UNVR.JK,Unilever Indonesia,6291.163750705949,6651.8037109375,6251.092644013554,6651.8037109375,8948800,2020-09-11 00:00:00+07:00
UNVR.JK,Unilever Indonesia,6671.838893983422,6671.838893983422,6511.554476109946,6571.6611328125,17218200,2020-09-14 00:00:00+07:00
UNVR.JK,Unilever Indonesia,6571.6627363040125,6591.698293426891,6451.449393566744,6491.5205078125,11223900,2020-09-15 00:00:00+07:00
UNVR.JK,Unilever Indonesia,6491.519659423829,6531.590768432618,6411.37744140625,6411.37744140625,3827300,2020-09-16 00:00:00+07:00
UNVR.JK,Unilever Indonesia,6431.412779061049,6491.5194405476,6411.377225232198,6471.48388671875,2734700,2020-09-17 00:00:00+07:00
UNVR.JK,Unilever Indonesia,6491.5192574474295,6511.554810711156,6431.41259765625,6431.41259765625,8783200,2020-09-18 00:00:00+07:00
UNVR.JK,Unilever Indonesia,6431.412995910645,6471.484104919434,6371.306332397461,6411.37744140625,3295800,2020-09-21 00:00:00+07:00
UNVR.JK,Unilever Indonesia,6331.235044467375,6411.377260220126,6331.235044467375,6371.30615234375,7428400,2020-09-22 00:00:00+07:00
UNVR.JK,Unilever Indonesia,6371.307041108043,6411.378154574132,6331.235927641956,6351.271484375,9067300,2020-09-23 00:00:00+07:00
UNVR.JK,Unilever Indonesia,6291.164863782051,6331.2359775641025,6231.058193108975,6251.09375,7510400,2020-09-24 00:00:00+07:00
UNVR.JK,Unilever Indonesia,6291.164814175867,6391.342597841088,6231.058143976735,6351.271484375,8029400,2020-09-25 00:00:00+07:00
UNVR.JK,Unilever Indonesia,6311.199309916436,6371.305970010878,6311.199309916436,6331.23486328125,5378100,2020-09-28 00:00:00+07:00
UNVR.JK,Unilever Indonesia,6331.234166829937,6571.660780760188,6331.234166829937,6391.3408203125,7464700,2020-09-29 00:00:00+07:00
UNVR.JK,Unilever Indonesia,6451.449393566744,6491.5205078125,6371.307165075232,6491.5205078125,5521300,2020-09-30 00:00:00+07:00
UNVR.JK,Unilever Indonesia,6471.483704183704,6491.5192574474295,6391.341491128796,6431.41259765625,4384800,2020-10-01 00:00:00+07:00
UNVR.JK,Unilever Indonesia,6371.306332397461,6411.37744140625,6371.306332397461,6411.37744140625,3689800,2020-10-02 00:00:00+07:00
UNVR.JK,Unilever Indonesia,6491.5194405476,6491.5194405476,6411.377225232198,6471.48388671875,7906400,2020-10-05 00:00:00+07:00
UNVR.JK,Unilever Indonesia,6491.518576116771,6511.554127277625,6371.305269151646,6391.3408203125,6818900,2020-10-06 00:00:00+07:00
UNVR.JK,Unilever Indonesia,6391.341886901856,6431.412995910645,6351.270777893066,6411.37744140625,7614400,2020-10-07 00:00:00+07:00
UNVR.JK,Unilever Indonesia,6411.377044392523,6451.448150919977,6371.30593786507,6431.41259765625,5225600,2020-10-08 00:00:00+07:00
UNVR.JK,Unilever Indonesia,6431.412688640334,6451.4482421875,6391.341581546001,6451.4482421875,4652000,2020-10-09 00:00:00+07:00
UNVR.JK,Unilever Indonesia,6491.519475972877,6491.519475972877,6371.30615234375,6371.30615234375,6704300,2020-10-12 00:00:00+07:00
UNVR.JK,Unilever Indonesia,6371.305269151646,6391.3408203125,6331.234166829937,6391.3408203125,5744000,2020-10-13 00:00:00+07:00
UNVR.JK,Unilever Indonesia,6391.342597841088,6391.342597841088,6331.235927641956,6351.271484375,9576500,2020-10-14 00:00:00+07:00
UNVR.JK,Unilever Indonesia,6351.271484375,6391.342597841088,6331.235927641956,6351.271484375,6237200,2020-10-15 00:00:00+07:00
UNVR.JK,Unilever Indonesia,6351.270777893066,6411.37744140625,6331.235223388672,6411.37744140625,4947200,2020-10-16 00:00:00+07:00
UNVR.JK,Unilever Indonesia,6411.377076740507,6431.41263010532,6331.23486328125,6331.23486328125,6586600,2020-10-19 00:00:00+07:00
UNVR.JK,Unilever Indonesia,6371.306332397461,6411.37744140625,6331.235223388672,6411.37744140625,4784600,2020-10-20 00:00:00+07:00
UNVR.JK,Unilever Indonesia,6411.377260220126,6431.412814158314,6371.30615234375,6371.30615234375,8550600,2020-10-21 00:00:00+07:00
UNVR.JK,Unilever Indonesia,6371.306279856688,6411.377388535032,6291.1640625,6291.1640625,9883400,2020-10-22 00:00:00+07:00
UNVR.JK,Unilever Indonesia,6271.1292574428235,6371.307041108043,6251.093700709779,6351.271484375,7956200,2020-10-23 00:00:00+07:00
UNVR.JK,Unilever Indonesia,6371.306370907739,6371.306370907739,6311.19970703125,6311.19970703125,5298300,2020-10-26 00:00:00+07:00
UNVR.JK,Unilever Indonesia,6311.199034669529,6331.234587160543,6211.021272214457,6271.1279296875,13298500,2020-10-27 00:00:00+07:00
UNVR.JK,Unilever Indonesia,6271.1286773181355,6271.1286773181355,6090.808683401639,6110.84423828125,17741500,2020-11-02 00:00:00+07:00
UNVR.JK,Unilever Indonesia,6190.985719723442,6291.163482178515,6130.879062250399,6271.1279296875,8572700,2020-11-03 00:00:00+07:00
UNVR.JK,Unilever Indonesia,6291.164863782051,6371.307091346154,6251.09375,6251.09375,6185300,2020-11-04 00:00:00+07:00
UNVR.JK,Unilever Indonesia,6371.305970010878,6391.341523375692,6231.05709645718,6331.23486328125,9875000,2020-11-05 00:00:00+07:00
UNVR.JK,Unilever Indonesia,6331.235009916795,6491.5194405476,6271.128348430244,6471.48388671875,18386900,2020-11-06 00:00:00+07:00
UNVR.JK,Unilever Indonesia,6471.48392203469,6491.519475972877,6291.163936590999,6371.30615234375,15537900,2020-11-09 00:00:00+07:00
UNVR.JK,Unilever Indonesia,6451.449318910257,6451.449318910257,6251.09375,6251.09375,25530300,2020-11-10 00:00:00+07:00
UNVR.JK,Unilever Indonesia,6291.163697076613,6311.199250252016,6211.021484375,6211.021484375,22515700,2020-11-11 00:00:00+07:00
UNVR.JK,Unilever Indonesia,6211.022636217948,6271.129306891025,6211.022636217948,6251.09375,11094800,2020-11-12 00:00:00+07:00
UNVR.JK,Unilever Indonesia,6271.12814390121,6311.199250252016,6211.021484375,6211.021484375,6119200,2020-11-13 00:00:00+07:00
UNVR.JK,Unilever Indonesia,6251.093484526699,6291.164596606998,6170.9512603661005,6190.98681640625,14162300,2020-11-16 00:00:00+07:00
UNVR.JK,Unilever Indonesia,6190.986992250301,6251.093662077974,6190.986992250301,6231.05810546875,16284000,2020-11-17 00:00:00+07:00
UNVR.JK,Unilever Indonesia,6251.09375,6331.2359775641025,6251.09375,6251.09375,20505800,2020-11-18 00:00:00+07:00
UNVR.JK,Unilever Indonesia,6251.093662077974,6291.164775296423,6211.022548859525,6231.05810546875,12509800,2020-11-19 00:00:00+07:00
UNVR.JK,Unilever Indonesia,6231.05792848655,6271.129040566849,6190.98681640625,6190.98681640625,11720600,2020-11-20 00:00:00+07:00
UNVR.JK,Unilever Indonesia,6251.092377196485,6311.199034669529,6211.021272214457,6271.1279296875,13048300,2020-11-23 00:00:00+07:00
UNVR.JK,Unilever Indonesia,6291.1640625,6331.235171178344,6291.1640625,6291.1640625,13733400,2020-11-24 00:00:00+07:00
UNVR.JK,Unilever Indonesia,6291.164596606998,6331.235708687298,6190.98681640625,6190.98681640625,20714100,2020-11-25 00:00:00+07:00
UNVR.JK,Unilever Indonesia,6211.021484375,6251.092590725806,6211.021484375,6211.021484375,9155400,2020-11-26 00:00:00+07:00
UNVR.JK,Unilever Indonesia,6211.021484375,6251.092590725806,6190.985931199597,6211.021484375,17354300,2020-11-27 00:00:00+07:00
UNVR.JK,Unilever Indonesia,6211.0223724463995,6251.093484526699,6150.915704325951,6190.98681640625,43997600,2020-11-30 00:00:00+07:00
UNVR.JK,Unilever Indonesia,6200.713185496144,6281.768259816356,6200.713185496144,6241.24072265625,15747200,2020-12-01 00:00:00+07:00
UNVR.JK,Unilever Indonesia,6261.504686542586,6261.504686542586,6180.449609694138,6200.71337890625,23596500,2020-12-02 00:00:00+07:00
UNVR.JK,Unilever Indonesia,6200.712289165977,6220.976054816846,6099.393460911631,6119.6572265625,30312300,2020-12-03 00:00:00+07:00
UNVR.JK,Unilever Indonesia,6139.921778628701,6200.713083367599,6139.921778628701,6160.185546875,10334600,2020-12-04 00:00:00+07:00
UNVR.JK,Unilever Indonesia,6180.449027890879,6281.76786441368,6180.449027890879,6220.9765625,18574500,2020-12-07 00:00:00+07:00
UNVR.JK,Unilever Indonesia,6241.240522540984,6322.295594262296,6160.185450819672,6180.44921875,21827800,2020-12-08 00:00:00+07:00
UNVR.JK,Unilever Indonesia,6220.976054816846,6261.503586118584,6119.6572265625,6119.6572265625,19499000,2020-12-10 00:00:00+07:00
UNVR.JK,Unilever Indonesia,6139.9217721179975,6160.18554034281,6038.602930993939,6058.86669921875,18572300,2020-12-11 00:00:00+07:00
UNVR.JK,Unilever Indonesia,6079.13037109375,6119.657906901041,6058.866603190104,6079.13037109375,14561300,2020-12-14 00:00:00+07:00
UNVR.JK,Unilever Indonesia,6079.130467443562,6119.658003893186,6038.602930993939,6058.86669921875,11350700,2020-12-15 00:00:00+07:00
UNVR.JK,Unilever Indonesia,6079.13037109375,6139.921674804687,6058.866603190104,6079.13037109375,14947200,2020-12-16 00:00:00+07:00
UNVR.JK,Unilever Indonesia,6079.130168876262,6119.657703335438,6018.3388671875,6018.3388671875,19682500,2020-12-17 00:00:00+07:00
UNVR.JK,Unilever Indonesia,6018.339169150905,6220.976851613898,6018.339169150905,6160.185546875,35360700,2020-12-18 00:00:00+07:00
UNVR.JK,Unilever Indonesia,6160.185450819672,6241.240522540984,6160.185450819672,6180.44921875,20648100,2020-12-21 00:00:00+07:00
UNVR.JK,Unilever Indonesia,6180.449308567621,6200.713076792434,6038.602930993939,6058.86669921875,13101600,2020-12-22 00:00:00+07:00
UNVR.JK,Unilever Indonesia,6119.657703335438,6119.657703335438,5917.020031039562,6018.3388671875,13560700,2020-12-23 00:00:00+07:00
UNVR.JK,Unilever Indonesia,6079.130072881711,6079.130072881711,5977.811238333683,6038.6025390625,8543700,2020-12-28 00:00:00+07:00
UNVR.JK,Unilever Indonesia,6038.602924372874,6058.866692575468,5957.5478515625,5957.5478515625,8044100,2020-12-29 00:00:00+07:00
UNVR.JK,Unilever Indonesia,6038.602924372874,6119.657997183249,5957.5478515625,5957.5478515625,11852400,2020-12-30 00:00:00+07:00
UNVR.JK,Unilever Indonesia,6038.602930993939,6079.130467443562,5957.547858094691,6058.86669921875,8203000,2021-01-04 00:00:00+07:00
UNVR.JK,Unilever Indonesia,6058.866594941737,6079.130362817797,5977.8115234375,5977.8115234375,11869900,2021-01-05 00:00:00+07:00
UNVR.JK,Unilever Indonesia,5977.8117116292315,5998.0754801432295,5815.701563517253,5835.96533203125,24431200,2021-01-06 00:00:00+07:00
UNVR.JK,Unilever Indonesia,5835.96533203125,5876.492869059245,5775.174026489258,5835.96533203125,14692600,2021-01-07 00:00:00+07:00
UNVR.JK,Unilever Indonesia,5876.491979937935,5896.755745385997,5775.173152697626,5815.70068359375,24667000,2021-01-08 00:00:00+07:00
UNVR.JK,Unilever Indonesia,5815.701563517253,5957.547943115234,5754.910257975261,5835.96533203125,25591700,2021-01-11 00:00:00+07:00
UNVR.JK,Unilever Indonesia,5876.492266587808,5896.756033024318,5754.90966796875,5754.90966796875,20896700,2021-01-12 00:00:00+07:00
UNVR.JK,Unilever Indonesia,5835.964524021353,5835.964524021353,5673.854398354093,5694.1181640625,28188400,2021-01-13 00:00:00+07:00
UNVR.JK,Unilever Indonesia,5694.118748256138,5734.646283830915,5673.85498046875,5673.85498046875,27720000,2021-01-14 00:00:00+07:00
UNVR.JK,Unilever Indonesia,5673.854681879497,5714.382215321493,5613.063381716502,5633.3271484375,18780400,2021-01-15 00:00:00+07:00
UNVR.JK,Unilever Indonesia,5633.327477213541,6099.394138997395,5592.79994140625,6079.13037109375,44943900,2021-01-18 00:00:00+07:00
UNVR.JK,Unilever Indonesia,6322.295792079208,6484.405940594059,6099.3943378712875,6139.921875,108575300,2021-01-19 00:00:00+07:00
UNVR.JK,Unilever Indonesia,6160.184834248311,6220.976131954709,5937.283409324852,5998.07470703125,34817000,2021-01-20 00:00:00+07:00
UNVR.JK,Unilever Indonesia,5998.074992000853,6079.1300594603235,5937.28369140625,5937.28369140625,16702700,2021-01-21 00:00:00+07:00
UNVR.JK,Unilever Indonesia,5977.8109227341065,5998.074688573883,5856.228327695447,5896.755859375,14718800,2021-01-22 00:00:00+07:00
UNVR.JK,Unilever Indonesia,5896.755953663793,5937.283485991379,5694.1182920258625,5876.4921875,17025000,2021-01-25 00:00:00+07:00
UNVR.JK,Unilever Indonesia,5896.755953663793,6058.866082974138,5815.700889008621,5876.4921875,17948000,2021-01-26 00:00:00+07:00
UNVR.JK,Unilever Indonesia,5937.283970668859,5957.547738486842,5714.382524671053,5775.173828125,14628000,2021-01-27 00:00:00+07:00
UNVR.JK,Unilever Indonesia,5754.910252871025,5815.701558359098,5613.063873398852,5734.646484375,20723700,2021-01-28 00:00:00+07:00
UNVR.JK,Unilever Indonesia,5734.646577800654,5856.229190757558,5592.800196017599,5613.06396484375,36432100,2021-01-29 00:00:00+07:00
UNVR.JK,Unilever Indonesia,5592.799335520463,5754.909461187723,5511.744272686833,5694.1181640625,15324400,2021-02-01 00:00:00+07:00
UNVR.JK,Unilever Indonesia,5754.910051618303,5775.173819405692,5633.327444893973,5673.85498046875,11678200,2021-02-02 00:00:00+07:00
UNVR.JK,Unilever Indonesia,5754.909387249564,5937.283276282121,5673.854325457317,5815.70068359375,16730800,2021-02-03 00:00:00+07:00
UNVR.JK,Unilever Indonesia,5876.4929700877565,5937.284276674872,5815.701663500642,5917.0205078125,17606900,2021-02-04 00:00:00+07:00
UNVR.JK,Unilever Indonesia,5937.283581585208,5957.54734807526,5835.964749134949,5856.228515625,11295000,2021-02-05 00:00:00+07:00
UNVR.JK,Unilever Indonesia,5856.228500151298,5876.492266587808,5754.90966796875,5754.90966796875,14010900,2021-02-08 00:00:00+07:00
UNVR.JK,Unilever Indonesia,5795.4372008417695,5815.700967278279,5694.118368659221,5754.90966796875,10394200,2021-02-09 00:00:00+07:00
UNVR.JK,Unilever Indonesia,5795.4375,5795.4375,5694.1186625874125,5795.4375,6019200,2021-02-10 00:00:00+07:00
UNVR.JK,Unilever Indonesia,5815.70068359375,5815.70068359375,5754.909387249564,5815.70068359375,3700200,2021-02-11 00:00:00+07:00
UNVR.JK,Unilever Indonesia,5815.701159754543,5815.701159754543,5694.118557111591,5714.38232421875,8252200,2021-02-15 00:00:00+07:00
UNVR.JK,Unilever Indonesia,5754.909461187723,5754.909461187723,5673.854398354093,5694.1181640625,11529000,2021-02-16 00:00:00+07:00
UNVR.JK,Unilever Indonesia,5673.854602222711,5754.90966796875,5653.590835786202,5754.90966796875,6980200,2021-02-17 00:00:00+07:00
UNVR.JK,Unilever Indonesia,5734.646381118392,5754.910149249552,5653.59130859375,5653.59130859375,11085900,2021-02-18 00:00:00+07:00
UNVR.JK,Unilever Indonesia,5653.590915158498,5653.590915158498,5592.799614995504,5633.3271484375,8791400,2021-02-19 00:00:00+07:00
UNVR.JK,Unilever Indonesia,5653.591203835227,5673.854971590909,5572.5361328125,5572.5361328125,14949100,2021-02-22 00:00:00+07:00
UNVR.JK,Unilever Indonesia,5592.7999971487225,5613.063765254334,5511.7449247262775,5552.2724609375,12860600,2021-02-23 00:00:00+07:00
UNVR.JK,Unilever Indonesia,5552.2724609375,5633.327533359945,5552.2724609375,5552.2724609375,10340700,2021-02-24 00:00:00+07:00
UNVR.JK,Unilever Indonesia,5552.272752825185,5592.800291166975,5471.217676141606,5491.4814453125,14021800,2021-02-25 00:00:00+07:00
UNVR.JK,Unilever Indonesia,5471.217302594866,5673.85498046875,5410.425999232701,5673.85498046875,26873400,2021-02-26 00:00:00+07:00
UNVR.JK,Unilever Indonesia,5673.854667467948,5673.854667467948,5511.744534111722,5532.00830078125,13054100,2021-03-01 00:00:00+07:00
UNVR.JK,Unilever Indonesia,5532.00830078125,5552.272067450778,5450.953234103136,5532.00830078125,17348900,2021-03-02 00:00:00+07:00
UNVR.JK,Unilever Indonesia,5532.008597301136,5592.799900568182,5491.481061789773,5572.5361328125,8276700,2021-03-03 00:00:00+07:00
UNVR.JK,Unilever Indonesia,5572.536221755925,5572.536221755925,5450.95361328125,5450.95361328125,10778200,2021-03-04 00:00:00+07:00
UNVR.JK,Unilever Indonesia,5430.689845202138,5471.217381360362,5410.426077123026,5450.95361328125,6029300,2021-03-05 00:00:00+07:00
UNVR.JK,Unilever Indonesia,5511.7447133458645,5511.7447133458645,5369.898342046523,5390.162109375,10141900,2021-03-08 00:00:00+07:00
UNVR.JK,Unilever Indonesia,5430.689035663168,5430.689035663168,5248.315150137167,5309.1064453125,18687300,2021-03-09 00:00:00+07:00
UNVR.JK,Unilever Indonesia,5329.37060546875,5369.898138590185,5288.843072347315,5329.37060546875,6458000,2021-03-10 00:00:00+07:00
UNVR.JK,Unilever Indonesia,5329.371099215835,5430.68994140625,5329.371099215835,5430.68994140625,6978300,2021-03-12 00:00:00+07:00
UNVR.JK,Unilever Indonesia,5430.6894382723385,5450.953204833056,5329.37060546875,5329.37060546875,12546500,2021-03-15 00:00:00+07:00
UNVR.JK,Unilever Indonesia,5329.370210370945,5390.161505546279,5288.842680254055,5309.1064453125,12107300,2021-03-16 00:00:00+07:00
UNVR.JK,Unilever Indonesia,5309.1072220378865,5349.6347580839765,5248.31591796875,5248.31591796875,10231700,2021-03-17 00:00:00+07:00
UNVR.JK,Unilever Indonesia,5268.579693418561,5349.634765625,5268.579693418561,5349.634765625,12740200,2021-03-18 00:00:00+07:00
UNVR.JK,Unilever Indonesia,5349.634678819445,5471.21728515625,5288.843375651042,5471.21728515625,24004400,2021-03-19 00:00:00+07:00
UNVR.JK,Unilever Indonesia,5471.217478282416,5491.481246720498,5410.426172968167,5430.68994140625,6044900,2021-03-22 00:00:00+07:00
UNVR.JK,Unilever Indonesia,5410.425981987847,5511.744820601852,5410.425981987847,5471.21728515625,8836500,2021-03-23 00:00:00+07:00
UNVR.JK,Unilever Indonesia,5450.953204833056,5471.216971393774,5309.106838908032,5329.37060546875,11037200,2021-03-24 00:00:00+07:00
UNVR.JK,Unilever Indonesia,5349.634574718046,5390.162109375,5268.5795054041355,5390.162109375,10704500,2021-03-25 00:00:00+07:00
UNVR.JK,Unilever Indonesia,5390.16230172822,5430.689837831439,5349.634765625,5349.634765625,5548000,2021-03-26 00:00:00+07:00
UNVR.JK,Unilever Indonesia,5349.634772885688,5491.481149439475,5329.371004806575,5450.95361328125,11959200,2021-03-29 00:00:00+07:00
UNVR.JK,Unilever Indonesia,5430.689035663168,5450.952800721613,5288.842680254055,5309.1064453125,14708700,2021-03-30 00:00:00+07:00
UNVR.JK,Unilever Indonesia,5349.634372029467,5349.634372029467,5228.0517726651615,5329.37060546875,14361800,2021-03-31 00:00:00+07:00
UNVR.JK,Unilever Indonesia,5329.370417526533,5430.689246757076,5288.842885834317,5369.89794921875,9105000,2021-04-01 00:00:00+07:00
UNVR.JK,Unilever Indonesia,5369.898526107022,5369.898526107022,5248.31591796875,5248.31591796875,5799200,2021-04-05 00:00:00+07:00
UNVR.JK,Unilever Indonesia,5268.5796859917955,5288.843454014841,5228.0521499457045,5248.31591796875,5009900,2021-04-06 00:00:00+07:00
UNVR.JK,Unilever Indonesia,5248.315727146192,5309.107029005029,5228.051959859914,5288.84326171875,5096500,2021-04-07 00:00:00+07:00
UNVR.JK,Unilever Indonesia,5288.84346147017,5511.744910037879,5288.84346147017,5349.634765625,10879400,2021-04-08 00:00:00+07:00
UNVR.JK,Unilever Indonesia,5349.6347580839765,5369.898526107022,5248.31591796875,5248.31591796875,9479200,2021-04-09 00:00:00+07:00
UNVR.JK,Unilever Indonesia,5268.580278841403,5309.107819447876,5106.470116415514,5126.73388671875,15823700,2021-04-12 00:00:00+07:00
UNVR.JK,Unilever Indonesia,5146.997062468625,5146.997062468625,4984.886918768825,5045.67822265625,12975200,2021-04-13 00:00:00+07:00
UNVR.JK,Unilever Indonesia,5065.940735832093,5126.732024662078,5045.676972888765,5106.46826171875,5450700,2021-04-14 00:00:00+07:00
UNVR.JK,Unilever Indonesia,5106.469345092773,5187.5244140625,5045.6780433654785,5187.5244140625,8910100,2021-04-15 00:00:00+07:00
UNVR.JK,Unilever Indonesia,5187.525197628459,5228.052738234931,5065.942575809042,5126.73388671875,7481000,2021-04-16 00:00:00+07:00
UNVR.JK,Unilever Indonesia,5146.995787605407,5167.259550548735,5045.676972888765,5106.46826171875,7032700,2021-04-19 00:00:00+07:00
UNVR.JK,Unilever Indonesia,5106.469526543675,5106.469526543675,4984.886918768825,5045.67822265625,13695800,2021-04-20 00:00:00+07:00
UNVR.JK,Unilever Indonesia,4984.886910860656,5025.414446721312,4944.359375,4944.359375,14082200,2021-04-21 00:00:00+07:00
UNVR.JK,Unilever Indonesia,4944.359279336735,4984.886814413266,4924.0955117984695,4964.623046875,12095300,2021-04-22 00:00:00+07:00
UNVR.JK,Unilever Indonesia,4984.887008101852,4984.887008101852,4883.568166473766,4924.095703125,11471100,2021-04-23 00:00:00+07:00
UNVR.JK,Unilever Indonesia,4924.0955117984695,5025.414349489796,4924.0955117984695,4964.623046875,8628200,2021-04-26 00:00:00+07:00
UNVR.JK,Unilever Indonesia,5025.414743257262,5025.414743257262,4883.568359375,4883.568359375,10560300,2021-04-27 00:00:00+07:00
UNVR.JK,Unilever Indonesia,4883.568166473766,4924.095703125,4863.304398148149,4924.095703125,9453200,2021-04-28 00:00:00+07:00
UNVR.JK,Unilever Indonesia,4944.359076381715,4964.622843088197,4863.304009555785,4903.83154296875,21365800,2021-04-29 00:00:00+07:00
UNVR.JK,Unilever Indonesia,4903.83173421224,4944.359269205729,4802.512896728515,4863.30419921875,22253900,2021-04-30 00:00:00+07:00
UNVR.JK,Unilever Indonesia,4863.304588188559,4863.304588188559,4782.24951171875,4782.24951171875,11454300,2021-05-03 00:00:00+07:00
UNVR.JK,Unilever Indonesia,4782.249108355978,4822.776643172555,4620.138969089674,4660.66650390625,27736500,2021-05-04 00:00:00+07:00
UNVR.JK,Unilever Indonesia,4660.666408786526,4782.24901075487,4640.402641791802,4680.93017578125,23481700,2021-05-05 00:00:00+07:00
UNVR.JK,Unilever Indonesia,4660.66577808277,4680.929542335304,4498.5556640625,4498.5556640625,41445900,2021-05-06 00:00:00+07:00
UNVR.JK,Unilever Indonesia,4498.556737839366,4559.348045107466,4458.029199660633,4478.29296875,32723800,2021-05-07 00:00:00+07:00
UNVR.JK,Unilever Indonesia,4498.556550678454,4761.985537880346,4498.556550678454,4620.13916015625,42701900,2021-05-10 00:00:00+07:00
UNVR.JK,Unilever Indonesia,4579.611423611112,4721.457795138889,4539.083888888889,4559.34765625,28767800,2021-05-11 00:00:00+07:00
UNVR.JK,Unilever Indonesia,4579.6110273088725,4640.402324131557,4458.028433663505,4539.08349609375,20202700,2021-05-17 00:00:00+07:00
UNVR.JK,Unilever Indonesia,4579.61112230241,4579.61112230241,4478.292292162976,4518.81982421875,12773900,2021-05-18 00:00:00+07:00
UNVR.JK,Unilever Indonesia,4498.556040352638,4498.556040352638,4397.237210614966,4417.5009765625,16176000,2021-05-19 00:00:00+07:00
UNVR.JK,Unilever Indonesia,4417.501284722222,4559.34765625,4417.501284722222,4559.34765625,20439300,2021-05-20 00:00:00+07:00
UNVR.JK,Unilever Indonesia,4579.61112230241,4599.874888330297,4498.556058190863,4518.81982421875,12760600,2021-05-21 00:00:00+07:00
UNVR.JK,Unilever Indonesia,4579.6115285548585,4660.666599856714,4518.820225078466,4640.40283203125,19589000,2021-05-24 00:00:00+07:00
UNVR.JK,Unilever Indonesia,4660.665804825165,4660.665804825165,4518.819454243529,4599.87451171875,23086400,2021-05-25 00:00:00+07:00
UNVR.JK,Unilever Indonesia,4640.4034146157455,4741.722266463251,4599.875873876743,4721.45849609375,53308600,2021-05-27 00:00:00+07:00
UNVR.JK,Unilever Indonesia,4741.721476765422,4741.721476765422,4559.3475738129055,4680.93017578125,26276900,2021-05-28 00:00:00+07:00
UNVR.JK,Unilever Indonesia,4680.930376101763,4741.7216796875,4620.139072516025,4741.7216796875,17773400,2021-05-31 00:00:00+07:00
UNVR.JK,Unilever Indonesia,4863.304286858975,4863.304286858975,4640.402840377938,4741.7216796875,31109000,2021-06-02 00:00:00+07:00
UNVR.JK,Unilever Indonesia,4701.1939427759735,4701.1939427759735,4599.875107802353,4680.93017578125,21195800,2021-06-03 00:00:00+07:00
UNVR.JK,Unilever Indonesia,4680.930162818031,4680.930162818031,4579.611328125,4579.611328125,15902700,2021-06-04 00:00:00+07:00
UNVR.JK,Unilever Indonesia,4579.611423611112,4620.138958333334,4559.34765625,4559.34765625,18097900,2021-06-07 00:00:00+07:00
UNVR.JK,Unilever Indonesia,4600.608552279537,4600.608552279537,4497.455894156678,4518.08642578125,18894700,2021-06-08 00:00:00+07:00
UNVR.JK,Unilever Indonesia,4518.086577793338,4538.717110112028,4332.411786925119,4373.6728515625,41615400,2021-06-09 00:00:00+07:00
UNVR.JK,Unilever Indonesia,4435.564448518573,4476.825513155955,4353.042319243809,4373.6728515625,22243100,2021-06-10 00:00:00+07:00
UNVR.JK,Unilever Indonesia,4373.673015844042,4414.93408203125,4311.78141656323,4414.93408203125,23436200,2021-06-11 00:00:00+07:00
UNVR.JK,Unilever Indonesia,4414.934244791667,4435.564778645833,4332.412109375,4332.412109375,11521500,2021-06-14 00:00:00+07:00
UNVR.JK,Unilever Indonesia,4311.78108252189,4332.41161401721,4229.25895654061,4270.52001953125,26706500,2021-06-15 00:00:00+07:00
UNVR.JK,Unilever Indonesia,4249.889812762921,4353.042478121244,4208.628746619592,4291.15087890625,23034600,2021-06-16 00:00:00+07:00
UNVR.JK,Unilever Indonesia,4270.520673780018,4270.520673780018,4187.99853515625,4187.99853515625,19772100,2021-06-17 00:00:00+07:00
UNVR.JK,Unilever Indonesia,4187.998203822544,4187.998203822544,4043.58447265625,4043.58447265625,57214300,2021-06-18 00:00:00+07:00
UNVR.JK,Unilever Indonesia,3961.0620404411766,4249.889480890012,3886.792127182904,4208.62841796875,34387400,2021-06-21 00:00:00+07:00
UNVR.JK,Unilever Indonesia,4208.628741878094,4229.259274926516,4126.106609684406,4167.36767578125,17867700,2021-06-22 00:00:00+07:00
UNVR.JK,Unilever Indonesia,4167.367278502317,4208.628340665707,4117.85400390625,4117.85400390625,9268200,2021-06-23 00:00:00+07:00
UNVR.JK,Unilever Indonesia,4117.854049682617,4167.367324829102,4093.097412109375,4093.097412109375,5114800,2021-06-24 00:00:00+07:00
UNVR.JK,Unilever Indonesia,4146.7369775390625,4146.7369775390625,4084.845380859375,4126.1064453125,13206100,2021-06-25 00:00:00+07:00
UNVR.JK,Unilever Indonesia,4146.73779296875,4208.62940181903,4043.585111551617,4146.73779296875,15756100,2021-06-28 00:00:00+07:00
UNVR.JK,Unilever Indonesia,4208.62857421875,4249.889638671875,4093.09759375,4126.1064453125,17471600,2021-06-29 00:00:00+07:00
UNVR.JK,Unilever Indonesia,4126.106524226641,4126.106524226641,4084.845458984375,4084.845458984375,13308000,2021-06-30 00:00:00+07:00
UNVR.JK,Unilever Indonesia,4084.845394736842,4332.41178229665,4084.845394736842,4311.78125,24688000,2021-07-01 00:00:00+07:00
UNVR.JK,Unilever Indonesia,4291.151699029127,4291.151699029127,4187.999013956311,4249.890625,22708800,2021-07-02 00:00:00+07:00
UNVR.JK,Unilever Indonesia,4249.88971995344,4249.88971995344,4076.593245935922,4084.845458984375,20589900,2021-07-05 00:00:00+07:00
UNVR.JK,Unilever Indonesia,4093.09759375,4146.7369775390625,4068.3409550781253,4126.1064453125,11307700,2021-07-06 00:00:00+07:00
UNVR.JK,Unilever Indonesia,4093.097949416836,4109.602376632226,4043.5846677706645,4068.34130859375,19448300,2021-07-07 00:00:00+07:00
UNVR.JK,Unilever Indonesia,4084.8461009837965,4093.098315329218,4010.576171875,4010.576171875,14979500,2021-07-08 00:00:00+07:00
UNVR.JK,Unilever Indonesia,4002.323664565759,4035.33251953125,3969.3148096002683,4035.33251953125,13202300,2021-07-09 00:00:00+07:00
UNVR.JK,Unilever Indonesia,4043.585111551617,4187.998865535604,4043.585111551617,4146.73779296875,27418800,2021-07-12 00:00:00+07:00
UNVR.JK,Unilever Indonesia,4208.62841796875,4291.1505438112745,4146.736823586856,4208.62841796875,29032400,2021-07-13 00:00:00+07:00
UNVR.JK,Unilever Indonesia,4208.62841796875,4229.258949429381,4051.8363788679535,4208.62841796875,23386200,2021-07-14 00:00:00+07:00
UNVR.JK,Unilever Indonesia,4146.737939927185,4270.521162014564,4146.737939927185,4249.890625,14978400,2021-07-15 00:00:00+07:00
UNVR.JK,Unilever Indonesia,4249.890625,4291.151699029127,4167.368476941748,4249.890625,9184800,2021-07-16 00:00:00+07:00
UNVR.JK,Unilever Indonesia,4208.629069812192,4229.259604468134,4146.737465844366,4187.99853515625,7018000,2021-07-19 00:00:00+07:00
UNVR.JK,Unilever Indonesia,4187.998211223324,4249.889810403964,4167.36767816311,4229.25927734375,11283600,2021-07-21 00:00:00+07:00
UNVR.JK,Unilever Indonesia,4229.2599381024565,4249.890474385883,4126.107256685324,4146.73779296875,20499500,2021-07-22 00:00:00+07:00
UNVR.JK,Unilever Indonesia,4093.0979166666666,4093.0979166666666,3961.0625,3961.0625,74486500,2021-07-23 00:00:00+07:00
UNVR.JK,Unilever Indonesia,3961.062416888298,3977.5668436253322,3878.540283203125,3878.540283203125,33290700,2021-07-26 00:00:00+07:00
UNVR.JK,Unilever Indonesia,3878.540364583333,3878.540364583333,3680.487239583333,3713.49609375,55131100,2021-07-27 00:00:00+07:00
UNVR.JK,Unilever Indonesia,3713.4959291608147,3746.504781864466,3647.4782237535114,3672.23486328125,17865300,2021-07-28 00:00:00+07:00
UNVR.JK,Unilever Indonesia,3672.2345576825924,3680.486770171767,3573.2080078125,3573.2080078125,35079600,2021-07-29 00:00:00+07:00
UNVR.JK,Unilever Indonesia,3622.7217109282433,3639.226137857301,3482.43408203125,3482.43408203125,59329000,2021-07-30 00:00:00+07:00
UNVR.JK,Unilever Indonesia,3482.434036532315,3630.973876953125,3474.1818231756033,3630.973876953125,47024900,2021-08-02 00:00:00+07:00
UNVR.JK,Unilever Indonesia,3630.974154537671,3688.7396524507703,3606.217512574914,3614.4697265625,25149400,2021-08-03 00:00:00+07:00
UNVR.JK,Unilever Indonesia,3630.9734952367207,3647.4779202150694,3548.451370344977,3573.2080078125,25519900,2021-08-04 00:00:00+07:00
UNVR.JK,Unilever Indonesia,3573.208082594313,3672.2346345368805,3515.4425939611483,3663.982421875,47119200,2021-08-05 00:00:00+07:00
UNVR.JK,Unilever Indonesia,3663.9826980521775,3696.9915511877825,3630.9738449165725,3647.478271484375,23050300,2021-08-06 00:00:00+07:00
UNVR.JK,Unilever Indonesia,3639.225489074282,3647.477701067648,3548.451157147259,3556.703369140625,17401800,2021-08-09 00:00:00+07:00
UNVR.JK,Unilever Indonesia,3548.451987591912,3564.9564154411764,3482.4342761948533,3507.19091796875,20393900,2021-08-10 00:00:00+07:00
UNVR.JK,Unilever Indonesia,3540.1995927896746,3573.2084468016997,3441.1730307536,3474.181884765625,28977900,2021-08-12 00:00:00+07:00
UNVR.JK,Unilever Indonesia,3490.6864901194854,3515.4431318933825,3474.1820622702207,3507.19091796875,10076000,2021-08-13 00:00:00+07:00
UNVR.JK,Unilever Indonesia,3498.9381259412653,3507.1903385024475,3408.1637877682606,3424.668212890625,17673100,2021-08-16 00:00:00+07:00
UNVR.JK,Unilever Indonesia,3441.1727580618353,3531.947099401596,3424.668332363697,3490.68603515625,32100800,2021-08-18 00:00:00+07:00
UNVR.JK,Unilever Indonesia,3507.1904017687425,3515.4426144787867,3383.4072111180812,3391.659423828125,18192800,2021-08-19 00:00:00+07:00
UNVR.JK,Unilever Indonesia,3375.155305829622,3399.9119462146805,3342.146451982878,3358.65087890625,12646500,2021-08-20 00:00:00+07:00
UNVR.JK,Unilever Indonesia,3366.9026179572047,3416.415891750693,3325.641556462631,3350.398193359375,22533200,2021-08-23 00:00:00+07:00
UNVR.JK,Unilever Indonesia,3350.3984063840376,3383.407257678462,3333.8939807368256,3366.90283203125,18406800,2021-08-24 00:00:00+07:00
UNVR.JK,Unilever Indonesia,3391.6593324949417,3449.4248199096974,3383.4071200071194,3441.172607421875,22682800,2021-08-25 00:00:00+07:00
UNVR.JK,Unilever Indonesia,3441.1727315814105,3441.1727315814105,3342.1461781546072,3375.155029296875,19988900,2021-08-26 00:00:00+07:00
UNVR.JK,Unilever Indonesia,3350.3989766691225,3358.651190897371,3309.1379055278767,3325.642333984375,21212400,2021-08-27 00:00:00+07:00
UNVR.JK,Unilever Indonesia,3333.89414346247,3408.1640625,3325.6419302360778,3408.1640625,21892200,2021-08-30 00:00:00+07:00
UNVR.JK,Unilever Indonesia,3391.659765625,3424.6686197916665,3342.146484375,3342.146484375,38977800,2021-08-31 00:00:00+07:00
UNVR.JK,Unilever Indonesia,3358.65083067359,3391.6596840463035,3350.3986173304115,3383.407470703125,23793400,2021-09-01 00:00:00+07:00
UNVR.JK,Unilever Indonesia,3391.659362645896,3424.668212890625,3383.407150084714,3424.668212890625,12173000,2021-09-02 00:00:00+07:00
UNVR.JK,Unilever Indonesia,3441.1722625156617,3507.1899558013342,3424.6678391942437,3498.937744140625,22908300,2021-09-03 00:00:00+07:00
UNVR.JK,Unilever Indonesia,3498.938704044118,3548.451987591912,3474.1820622702207,3507.19091796875,18434200,2021-09-06 00:00:00+07:00
UNVR.JK,Unilever Indonesia,3507.19091796875,3540.1997736672797,3507.19091796875,3507.19091796875,16097400,2021-09-07 00:00:00+07:00
UNVR.JK,Unilever Indonesia,3507.1906708508004,3523.695097537157,3358.65083067359,3383.407470703125,27585800,2021-09-08 00:00:00+07:00
UNVR.JK,Unilever Indonesia,3383.407470703125,3424.668537419017,3358.65083067359,3383.407470703125,22145100,2021-09-09 00:00:00+07:00
UNVR.JK,Unilever Indonesia,3408.16389614928,3424.668321796492,3366.90283203125,3366.90283203125,14311100,2021-09-10 00:00:00+07:00
UNVR.JK,Unilever Indonesia,3366.9031414371907,3383.4075686010983,3325.6420735274214,3333.894287109375,16431100,2021-09-13 00:00:00+07:00
UNVR.JK,Unilever Indonesia,3342.146484375,3375.1553385416664,3325.642057291667,3342.146484375,15456600,2021-09-14 00:00:00+07:00
UNVR.JK,Unilever Indonesia,3342.146500691329,3366.9031414371907,3325.6420735274214,3333.894287109375,16681800,2021-09-15 00:00:00+07:00
UNVR.JK,Unilever Indonesia,3342.1463035526417,3358.6507297430253,3300.8852380766834,3309.137451171875,20730600,2021-09-16 00:00:00+07:00
UNVR.JK,Unilever Indonesia,3309.13754759197,3317.3897609276105,3259.624267578125,3259.624267578125,42311400,2021-09-17 00:00:00+07:00
UNVR.JK,Unilever Indonesia,3259.624133552473,3267.876346548808,3185.354216585454,3201.858642578125,25006900,2021-09-20 00:00:00+07:00
UNVR.JK,Unilever Indonesia,3185.354034423828,3193.606246948242,3135.8407592773438,3168.849609375,27510700,2021-09-21 00:00:00+07:00
UNVR.JK,Unilever Indonesia,3168.850015470297,3350.398714273283,3168.850015470297,3333.894287109375,53992900,2021-09-22 00:00:00+07:00
UNVR.JK,Unilever Indonesia,3342.146484375,3366.903125,3309.137630208333,3342.146484375,30884400,2021-09-23 00:00:00+07:00
UNVR.JK,Unilever Indonesia,3333.894403337532,3350.3988310768264,3259.6244785107056,3276.12890625,28440200,2021-09-24 00:00:00+07:00
UNVR.JK,Unilever Indonesia,3276.1290940991335,3276.1290940991335,3177.102521985306,3185.354736328125,26324200,2021-09-27 00:00:00+07:00
UNVR.JK,Unilever Indonesia,3185.3543119580336,3193.606525201448,3144.0932457409604,3152.345458984375,14852900,2021-09-28 00:00:00+07:00
UNVR.JK,Unilever Indonesia,3135.8408776108104,3234.867431640625,3135.8408776108104,3234.867431640625,21762400,2021-09-29 00:00:00+07:00
UNVR.JK,Unilever Indonesia,3243.1198409068434,3309.13754759197,3243.1198409068434,3259.624267578125,35514100,2021-09-30 00:00:00+07:00
UNVR.JK,Unilever Indonesia,3243.120236727858,3292.6335227847717,3160.598093299668,3185.354736328125,32614400,2021-10-01 00:00:00+07:00
UNVR.JK,Unilever Indonesia,3201.858489223461,3317.3894656387406,3193.6062766223695,3284.380615234375,42279800,2021-10-04 00:00:00+07:00
UNVR.JK,Unilever Indonesia,3284.3805993505275,3457.6770631353543,3284.3805993505275,3424.668212890625,50537400,2021-10-05 00:00:00+07:00
UNVR.JK,Unilever Indonesia,3465.9293352971313,3548.451462328015,3432.9204844847773,3523.69482421875,53674800,2021-10-06 00:00:00+07:00
UNVR.JK,Unilever Indonesia,3548.4515620956263,4167.367532228584,3548.4515620956263,3985.81884765625,250903800,2021-10-07 00:00:00+07:00
UNVR.JK,Unilever Indonesia,4027.080275078781,4068.341343470982,3895.0448562237393,3928.0537109375,68396500,2021-10-08 00:00:00+07:00
UNVR.JK,Unilever Indonesia,3928.0533571105075,4002.3232735264623,3903.296718305189,3985.81884765625,39246200,2021-10-11 00:00:00+07:00
UNVR.JK,Unilever Indonesia,3985.8191725167976,4068.34130859375,3919.8014636552357,4068.34130859375,49064900,2021-10-12 00:00:00+07:00
UNVR.JK,Unilever Indonesia,4084.845703125,4353.042643229167,4027.0802083333333,4332.412109375,101550600,2021-10-13 00:00:00+07:00
UNVR.JK,Unilever Indonesia,4332.412109375,4456.1953125,4249.889973958333,4394.3037109375,86890500,2021-10-14 00:00:00+07:00
UNVR.JK,Unilever Indonesia,4394.303379186603,4456.194976076555,4229.259120813397,4311.78125,76894800,2021-10-15 00:00:00+07:00
UNVR.JK,Unilever Indonesia,4311.781075271905,4353.042138193167,4208.62841796875,4208.62841796875,46484400,2021-10-18 00:00:00+07:00
UNVR.JK,Unilever Indonesia,4208.628744283536,4249.889810403964,4167.36767816311,4229.25927734375,26024500,2021-10-19 00:00:00+07:00
UNVR.JK,Unilever Indonesia,4249.889638671875,4249.889638671875,4076.59316796875,4126.1064453125,49450100,2021-10-21 00:00:00+07:00
UNVR.JK,Unilever Indonesia,4084.8453708923967,4084.8453708923967,3969.314390705541,4002.3232421875,49601400,2021-10-22 00:00:00+07:00
UNVR.JK,Unilever Indonesia,4002.3229127575737,4002.3229127575737,3779.51318359375,3779.51318359375,76202500,2021-10-25 00:00:00+07:00
UNVR.JK,Unilever Indonesia,3779.5140591325435,3911.549484779095,3771.2618450296336,3829.02734375,40624300,2021-10-26 00:00:00+07:00
UNVR.JK,Unilever Indonesia,3837.2789801374934,3870.287831579536,3730.0002129508534,3746.504638671875,39664600,2021-10-27 00:00:00+07:00
UNVR.JK,Unilever Indonesia,3738.2523358319254,3804.2700371269707,3639.225783889358,3663.982421875,48607600,2021-10-28 00:00:00+07:00
UNVR.JK,Unilever Indonesia,3680.48712461998,3754.757044175092,3630.9738449165725,3647.478271484375,43142600,2021-10-29 00:00:00+07:00
UNVR.JK,Unilever Indonesia,3713.4959777555855,3754.757044175092,3639.2260582004737,3647.478271484375,37917000,2021-11-01 00:00:00+07:00
UNVR.JK,Unilever Indonesia,3672.2345885547747,3688.739013671875,3597.9646755278245,3688.739013671875,23580400,2021-11-02 00:00:00+07:00
UNVR.JK,Unilever Indonesia,3705.243715984902,3721.7481423367276,3663.982650105337,3672.23486328125,20173500,2021-11-03 00:00:00+07:00
UNVR.JK,Unilever Indonesia,3680.487076457163,3738.2525686885533,3672.23486328125,3672.23486328125,19606500,2021-11-04 00:00:00+07:00
UNVR.JK,Unilever Indonesia,3680.4873542871755,3696.991781884876,3630.974071494075,3655.730712890625,15950300,2021-11-05 00:00:00+07:00
UNVR.JK,Unilever Indonesia,3672.2350909998595,3688.73951837514,3655.7306636245794,3680.4873046875,12599400,2021-11-08 00:00:00+07:00
UNVR.JK,Unilever Indonesia,3680.4873542871755,3688.739568086026,3614.4696438963742,3655.730712890625,23025100,2021-11-09 00:00:00+07:00
UNVR.JK,Unilever Indonesia,3647.477858624142,3655.73007097397,3597.9645845251716,3606.216796875,15585200,2021-11-10 00:00:00+07:00
UNVR.JK,Unilever Indonesia,3639.2256943862326,3870.2876432361522,3622.7212694683813,3845.531005859375,63047300,2021-11-11 00:00:00+07:00
UNVR.JK,Unilever Indonesia,3870.2874872622283,3911.548547894022,3779.5131538722826,3796.017578125,30654100,2021-11-12 00:00:00+07:00
UNVR.JK,Unilever Indonesia,3820.7748530825593,3820.7748530825593,3721.748291015625,3721.748291015625,14544700,2021-11-15 00:00:00+07:00
UNVR.JK,Unilever Indonesia,3721.7484357904814,3771.26171875,3680.487366657549,3771.26171875,12701100,2021-11-16 00:00:00+07:00
UNVR.JK,Unilever Indonesia,3771.2615885416667,3779.5138020833333,3713.49609375,3713.49609375,15347100,2021-11-17 00:00:00+07:00
UNVR.JK,Unilever Indonesia,3696.99169921875,3746.5049809047155,3680.487271990095,3696.99169921875,15522000,2021-11-18 00:00:00+07:00
UNVR.JK,Unilever Indonesia,3713.495606516564,3853.7832183183004,3713.495606516564,3845.531005859375,39746800,2021-11-19 00:00:00+07:00
UNVR.JK,Unilever Indonesia,3845.5314477337292,3994.0712890625,3812.5225941051135,3994.0712890625,38502000,2021-11-22 00:00:00+07:00
UNVR.JK,Unilever Indonesia,3994.070498607198,4035.331557477107,3928.0528044153434,4027.079345703125,33067100,2021-11-23 00:00:00+07:00
UNVR.JK,Unilever Indonesia,4018.8279292839616,4018.8279292839616,3969.314648841038,3994.0712890625,18237600,2021-11-24 00:00:00+07:00
UNVR.JK,Unilever Indonesia,3994.070831172199,4010.5752560943984,3961.061981327801,3977.56640625,13327300,2021-11-25 00:00:00+07:00
UNVR.JK,Unilever Indonesia,3969.314863136113,3985.8192908414608,3853.7838691986794,3886.792724609375,22837400,2021-11-26 00:00:00+07:00
UNVR.JK,Unilever Indonesia,3878.540149795829,3878.540149795829,3771.261379695093,3820.774658203125,24000400,2021-11-29 00:00:00+07:00
UNVR.JK,Unilever Indonesia,3850.912442888532,3892.7701868329727,3733.7107598440984,3750.453857421875,66592500,2021-11-30 00:00:00+07:00
UNVR.JK,Unilever Indonesia,3750.453270011601,3809.054102355532,3599.7654154129204,3608.136962890625,40625400,2021-12-01 00:00:00+07:00
UNVR.JK,Unilever Indonesia,3608.137138740166,3633.2517823972903,3532.7932077687938,3591.39404296875,34857400,2021-12-02 00:00:00+07:00
UNVR.JK,Unilever Indonesia,3599.766093611152,3633.2522898307907,3516.0506030620554,3532.793701171875,31096900,2021-12-03 00:00:00+07:00
UNVR.JK,Unilever Indonesia,3541.164937918527,3557.9080345517114,3482.564099702381,3516.05029296875,16426600,2021-12-06 00:00:00+07:00
UNVR.JK,Unilever Indonesia,3549.536478154274,3599.765767939476,3541.1649298567404,3574.651123046875,16917800,2021-12-07 00:00:00+07:00
UNVR.JK,Unilever Indonesia,3599.765767939476,3641.623509427144,3574.651123046875,3574.651123046875,10992800,2021-12-08 00:00:00+07:00
UNVR.JK,Unilever Indonesia,3599.7658596431634,3658.36669921875,3574.651214110769,3658.36669921875,10364600,2021-12-09 00:00:00+07:00
UNVR.JK,Unilever Indonesia,3658.3668976174517,3708.59619140625,3608.137603828654,3708.59619140625,14291300,2021-12-10 00:00:00+07:00
UNVR.JK,Unilever Indonesia,3683.4813784246576,3708.596024186644,3666.73828125,3666.73828125,13018900,2021-12-13 00:00:00+07:00
UNVR.JK,Unilever Indonesia,3641.6233302829983,3649.9948781687062,3583.022495083042,3591.39404296875,13487200,2021-12-14 00:00:00+07:00
UNVR.JK,Unilever Indonesia,3591.3942196419425,3658.3666060222117,3566.2795747493415,3574.651123046875,11306700,2021-12-15 00:00:00+07:00
UNVR.JK,Unilever Indonesia,3591.3945109532733,3616.5091578830165,3516.050570164044,3524.422119140625,13521600,2021-12-16 00:00:00+07:00
UNVR.JK,Unilever Indonesia,3499.3070265436745,3549.536314006024,3474.1923828125,3474.1923828125,18949400,2021-12-17 00:00:00+07:00
UNVR.JK,Unilever Indonesia,3474.1928380698973,3482.5643870772947,3449.0781910477053,3465.8212890625,12059600,2021-12-20 00:00:00+07:00
UNVR.JK,Unilever Indonesia,3474.192636527267,3499.3072820925245,3415.591796875,3415.591796875,15689800,2021-12-21 00:00:00+07:00
UNVR.JK,Unilever Indonesia,3432.334826239224,3457.449471309267,3390.477084455819,3398.8486328125,10188400,2021-12-22 00:00:00+07:00
UNVR.JK,Unilever Indonesia,3398.848699831495,3449.0779909620096,3398.848699831495,3415.591796875,7863700,2021-12-23 00:00:00+07:00
UNVR.JK,Unilever Indonesia,3423.9632614862353,3524.4218412853425,3415.591713169643,3516.05029296875,11979500,2021-12-24 00:00:00+07:00
UNVR.JK,Unilever Indonesia,3516.050570164044,3541.165217093787,3490.935923234301,3524.422119140625,7238100,2021-12-27 00:00:00+07:00
UNVR.JK,Unilever Indonesia,3524.422265157745,3541.1653638045755,3499.3076171875,3499.3076171875,7006900,2021-12-28 00:00:00+07:00
UNVR.JK,Unilever Indonesia,3499.3071703864534,3507.678718640966,3449.077880859375,3449.077880859375,9030700,2021-12-29 00:00:00+07:00
UNVR.JK,Unilever Indonesia,3457.4493951727877,3490.9355878621122,3440.706298828125,3440.706298828125,7633100,2021-12-30 00:00:00+07:00
UNVR.JK,Unilever Indonesia,3449.0775293661345,3633.251572196365,3449.0775293661345,3541.16455078125,24420300,2022-01-03 00:00:00+07:00
UNVR.JK,Unilever Indonesia,3557.908447265625,3608.137742991728,3541.1653486902574,3557.908447265625,13276500,2022-01-04 00:00:00+07:00
UNVR.JK,Unilever Indonesia,3566.27986402353,3574.6514130001115,3499.3074722108818,3524.422119140625,9697800,2022-01-05 00:00:00+07:00
UNVR.JK,Unilever Indonesia,3524.421455978502,3549.536098182624,3499.3068137743794,3541.16455078125,7594500,2022-01-06 00:00:00+07:00
UNVR.JK,Unilever Indonesia,3541.1652502267843,3549.536799281694,3516.0506030620554,3532.793701171875,7219700,2022-01-07 00:00:00+07:00
UNVR.JK,Unilever Indonesia,3532.7937994025738,3591.3946444163603,3516.050700827206,3557.908447265625,12806600,2022-01-10 00:00:00+07:00
UNVR.JK,Unilever Indonesia,3566.2800117748207,3574.6515610982356,3474.192969217255,3499.3076171875,17846600,2022-01-11 00:00:00+07:00
UNVR.JK,Unilever Indonesia,3516.050481289694,3633.25216399935,3499.307383759743,3624.880615234375,29769500,2022-01-12 00:00:00+07:00
UNVR.JK,Unilever Indonesia,3624.880412832077,3633.2519611296107,3549.536478154274,3574.651123046875,13806300,2022-01-13 00:00:00+07:00
UNVR.JK,Unilever Indonesia,3583.022995501333,3583.022995501333,3524.422152116965,3532.793701171875,11920000,2022-01-14 00:00:00+07:00
UNVR.JK,Unilever Indonesia,3549.536314006024,3549.536314006024,3465.8208349021083,3474.1923828125,20035500,2022-01-17 00:00:00+07:00
UNVR.JK,Unilever Indonesia,3482.564039689781,3541.1648768960995,3407.2201061388005,3440.706298828125,27044300,2022-01-18 00:00:00+07:00
UNVR.JK,Unilever Indonesia,3440.706264886623,3440.706264886623,3415.591620617378,3432.334716796875,7662700,2022-01-19 00:00:00+07:00
UNVR.JK,Unilever Indonesia,3432.334716796875,3449.0778129763717,3407.2200725276293,3432.334716796875,9264200,2022-01-20 00:00:00+07:00
UNVR.JK,Unilever Indonesia,3423.9630953501505,3474.1923828125,3415.591547439759,3474.1923828125,15210700,2022-01-21 00:00:00+07:00
UNVR.JK,Unilever Indonesia,3457.4495394837622,3465.821088005515,3415.591796875,3415.591796875,9762900,2022-01-24 00:00:00+07:00
UNVR.JK,Unilever Indonesia,3432.334826239224,3440.7063745959053,3356.9908910290947,3398.8486328125,17157500,2022-01-25 00:00:00+07:00
UNVR.JK,Unilever Indonesia,3398.8486245365466,3457.449462890625,3390.4770762002495,3457.449462890625,11479200,2022-01-26 00:00:00+07:00
UNVR.JK,Unilever Indonesia,3449.077922952586,3449.077922952586,3390.477084455819,3398.8486328125,6277700,2022-01-27 00:00:00+07:00
UNVR.JK,Unilever Indonesia,3398.8488437982255,3423.963490427276,3373.7341971691744,3390.477294921875,10458800,2022-01-28 00:00:00+07:00
UNVR.JK,Unilever Indonesia,3398.848776994804,3415.591874418424,3348.6194847239453,3373.734130859375,19204300,2022-01-31 00:00:00+07:00
UNVR.JK,Unilever Indonesia,3373.7341971691744,3398.8488437982255,3356.991099416474,3390.477294921875,8369600,2022-02-02 00:00:00+07:00
UNVR.JK,Unilever Indonesia,3390.476914403445,3390.476914403445,3348.6191747194516,3356.99072265625,8460100,2022-02-03 00:00:00+07:00
UNVR.JK,Unilever Indonesia,3365.3623046875,3382.105400730721,3340.247660622668,3365.3623046875,14487100,2022-02-04 00:00:00+07:00
UNVR.JK,Unilever Indonesia,3365.362481689453,3390.4771270751953,3348.619384765625,3348.619384765625,14546900,2022-02-07 00:00:00+07:00
UNVR.JK,Unilever Indonesia,3348.619384765625,3415.5917724609376,3348.619384765625,3348.619384765625,19022800,2022-02-08 00:00:00+07:00
UNVR.JK,Unilever Indonesia,3348.619495738636,3365.3625932173295,3315.13330078125,3315.13330078125,20209400,2022-02-09 00:00:00+07:00
UNVR.JK,Unilever Indonesia,3315.133367030465,3382.105758283605,3315.133367030465,3331.87646484375,21580200,2022-02-10 00:00:00+07:00
UNVR.JK,Unilever Indonesia,3306.7613024589346,3315.132850060096,3248.1604692508013,3264.903564453125,38093800,2022-02-11 00:00:00+07:00
UNVR.JK,Unilever Indonesia,3264.9041320008114,3273.275681057224,3223.04638671875,3223.04638671875,27720300,2022-02-14 00:00:00+07:00
UNVR.JK,Unilever Indonesia,3231.4177580446544,3248.1608552365956,3223.046209448684,3239.789306640625,16340600,2022-02-15 00:00:00+07:00
UNVR.JK,Unilever Indonesia,3248.1608552365956,3281.647049620478,3239.789306640625,3239.789306640625,22715500,2022-02-16 00:00:00+07:00
UNVR.JK,Unilever Indonesia,3248.1609670773496,3273.27561373001,3197.93167377203,3206.30322265625,28291200,2022-02-17 00:00:00+07:00
UNVR.JK,Unilever Indonesia,3214.6748376623377,3264.9041320008114,3214.6748376623377,3223.04638671875,27431100,2022-02-18 00:00:00+07:00
UNVR.JK,Unilever Indonesia,3223.04638671875,3264.9041320008114,3223.04638671875,3223.04638671875,12790900,2022-02-21 00:00:00+07:00
UNVR.JK,Unilever Indonesia,3223.0462534346293,3239.7893508550687,3181.18850988353,3189.56005859375,28240100,2022-02-22 00:00:00+07:00
UNVR.JK,Unilever Indonesia,3189.559848326039,3231.417589117719,3181.188300167703,3197.931396484375,21559300,2022-02-23 00:00:00+07:00
UNVR.JK,Unilever Indonesia,3189.5598978182165,3214.674542682927,3072.3582217829016,3089.101318359375,51511000,2022-02-24 00:00:00+07:00
UNVR.JK,Unilever Indonesia,3097.4725872537365,3139.3303249193273,3080.7294921875,3080.7294921875,39737700,2022-02-25 00:00:00+07:00
UNVR.JK,Unilever Indonesia,3089.1010397206182,3122.5872298530912,3072.3579446543818,3080.7294921875,21312400,2022-03-01 00:00:00+07:00
UNVR.JK,Unilever Indonesia,3080.7299137636614,3189.5600465868342,3055.6152677275445,3063.98681640625,37310800,2022-03-02 00:00:00+07:00
UNVR.JK,Unilever Indonesia,3063.986838600852,3072.3583873401985,2946.78515625,2946.78515625,42359200,2022-03-04 00:00:00+07:00
UNVR.JK,Unilever Indonesia,2930.0417530293366,2938.413300895135,2846.326274371356,2871.44091796875,41980800,2022-03-07 00:00:00+07:00
UNVR.JK,Unilever Indonesia,2863.0696236746653,2946.785109747024,2812.84033203125,2812.84033203125,35450900,2022-03-08 00:00:00+07:00
UNVR.JK,Unilever Indonesia,2821.2120131548713,2888.1844051585476,2821.2120131548713,2846.32666015625,24068100,2022-03-09 00:00:00+07:00
UNVR.JK,Unilever Indonesia,2888.184013700346,2896.555561566144,2821.211630773961,2871.44091796875,19292400,2022-03-10 00:00:00+07:00
UNVR.JK,Unilever Indonesia,2863.069905357474,2863.069905357474,2821.212158203125,2821.212158203125,19258300,2022-03-11 00:00:00+07:00
UNVR.JK,Unilever Indonesia,2829.58349609375,2854.6981425087833,2821.211947288739,2829.58349609375,20868200,2022-03-14 00:00:00+07:00
UNVR.JK,Unilever Indonesia,2846.326502358041,2879.81269650343,2745.867919921875,2745.867919921875,35618500,2022-03-15 00:00:00+07:00
UNVR.JK,Unilever Indonesia,2754.239778645833,2963.528515625,2745.868229166667,2888.1845703125,66871800,2022-03-16 00:00:00+07:00
UNVR.JK,Unilever Indonesia,2921.6706685741046,2946.785316154971,2829.5836274442618,2863.06982421875,33986000,2022-03-17 00:00:00+07:00
UNVR.JK,Unilever Indonesia,2871.4411722819013,2879.812720889137,2796.0972348167784,2812.84033203125,23334800,2022-03-18 00:00:00+07:00
UNVR.JK,Unilever Indonesia,2812.8401824421967,2904.92721222453,2787.7255379561057,2896.5556640625,29782900,2022-03-21 00:00:00+07:00
UNVR.JK,Unilever Indonesia,2896.5557647967407,2930.0419586094195,2879.812667890401,2921.67041015625,24196400,2022-03-22 00:00:00+07:00
UNVR.JK,Unilever Indonesia,2930.0424346476357,2938.4139844609144,2854.698486328125,2854.698486328125,16459800,2022-03-23 00:00:00+07:00
UNVR.JK,Unilever Indonesia,2846.3265937037722,2863.069691313794,2812.8403984837278,2829.58349609375,24615200,2022-03-24 00:00:00+07:00
UNVR.JK,Unilever Indonesia,2837.9551111557903,2863.069758157169,2829.5835621553306,2846.32666015625,14146900,2022-03-25 00:00:00+07:00
UNVR.JK,Unilever Indonesia,2846.326375090318,2921.670308548591,2821.211730604227,2896.5556640625,23752600,2022-03-28 00:00:00+07:00
UNVR.JK,Unilever Indonesia,2913.298583984375,2980.2709652253952,2913.298583984375,2913.298583984375,41388600,2022-03-29 00:00:00+07:00
UNVR.JK,Unilever Indonesia,2930.041996125252,3130.959161573841,2930.041996125252,3114.216064453125,91287100,2022-03-30 00:00:00+07:00
UNVR.JK,Unilever Indonesia,3122.5876571571894,3147.7023031933063,3055.6152677275445,3063.98681640625,47424200,2022-03-31 00:00:00+07:00
UNVR.JK,Unilever Indonesia,3063.986681521927,3089.1013264524345,3013.7573916609117,3030.50048828125,26735700,2022-04-01 00:00:00+07:00
UNVR.JK,Unilever Indonesia,3038.8716169084823,3063.986258370536,2963.5276925223216,2988.642333984375,36823300,2022-04-04 00:00:00+07:00
UNVR.JK,Unilever Indonesia,2988.6424693231997,3089.1010397206182,2988.6424693231997,3080.7294921875,30816700,2022-04-05 00:00:00+07:00
UNVR.JK,Unilever Indonesia,3080.729958767361,3080.729958767361,2980.271373155382,3013.757568359375,25193400,2022-04-06 00:00:00+07:00
UNVR.JK,Unilever Indonesia,3013.756975446429,3047.2431640625,2971.8992396763397,2988.642333984375,18081300,2022-04-07 00:00:00+07:00
UNVR.JK,Unilever Indonesia,3005.385817360743,3013.757365598517,2946.784979696328,2963.528076171875,14057400,2022-04-08 00:00:00+07:00
UNVR.JK,Unilever Indonesia,2988.642693844834,2988.642693844834,2888.18411590047,2896.5556640625,27777500,2022-04-11 00:00:00+07:00
UNVR.JK,Unilever Indonesia,2896.5558638139205,2946.78515625,2854.6981201171875,2946.78515625,17817400,2022-04-12 00:00:00+07:00
UNVR.JK,Unilever Indonesia,2946.7851335392443,2946.7851335392443,2854.698098116143,2879.812744140625,20850000,2022-04-13 00:00:00+07:00
UNVR.JK,Unilever Indonesia,2871.4413071576287,2896.5559541590073,2846.32666015625,2846.32666015625,9591300,2022-04-14 00:00:00+07:00
UNVR.JK,Unilever Indonesia,2846.3263821672194,2879.8125748985985,2821.211737618685,2837.954833984375,10009100,2022-04-18 00:00:00+07:00
UNVR.JK,Unilever Indonesia,2837.9546969741136,2854.697792531483,2804.468505859375,2804.468505859375,13023000,2022-04-19 00:00:00+07:00
UNVR.JK,Unilever Indonesia,2837.9548600166604,2938.4134391322946,2821.2117634973883,2904.92724609375,29867500,2022-04-20 00:00:00+07:00
UNVR.JK,Unilever Indonesia,2904.9275031594666,2930.0421501608453,2846.32666015625,2846.32666015625,19189900,2022-04-21 00:00:00+07:00
UNVR.JK,Unilever Indonesia,2846.326274371356,2879.8124658345478,2821.211630773961,2871.44091796875,16244400,2022-04-22 00:00:00+07:00
UNVR.JK,Unilever Indonesia,2863.069514576982,3114.2159632240855,2846.326418000508,3089.101318359375,53256900,2022-04-25 00:00:00+07:00
UNVR.JK,Unilever Indonesia,3114.216141649261,3290.0186657746226,3089.101495345638,3256.532470703125,96737500,2022-04-26 00:00:00+07:00
UNVR.JK,Unilever Indonesia,3256.5324482755086,3264.903996985728,3156.0738637528707,3189.56005859375,36437100,2022-04-27 00:00:00+07:00
UNVR.JK,Unilever Indonesia,3206.3031780958786,3281.647117006748,3156.0738854886326,3256.532470703125,33886500,2022-04-28 00:00:00+07:00
UNVR.JK,Unilever Indonesia,3348.6191747194516,3465.8208458346326,3256.5321474146667,3356.99072265625,103950200,2022-05-09 00:00:00+07:00
UNVR.JK,Unilever Indonesia,3356.990983518836,3683.4813784246576,3340.2478863441784,3666.73828125,172562700,2022-05-10 00:00:00+07:00
UNVR.JK,Unilever Indonesia,3683.481785508453,4135.54545918449,3666.7386864834143,4085.316162109375,197748700,2022-05-11 00:00:00+07:00
UNVR.JK,Unilever Indonesia,4118.801712003598,4135.544808393856,3834.169073369203,3926.256103515625,118621900,2022-05-12 00:00:00+07:00
UNVR.JK,Unilever Indonesia,3926.256228637695,4102.058746337891,3901.141583251953,4018.34326171875,79196200,2022-05-13 00:00:00+07:00
UNVR.JK,Unilever Indonesia,4026.714810180664,4102.058746337891,3901.141583251953,4018.34326171875,43843800,2022-05-17 00:00:00+07:00
UNVR.JK,Unilever Indonesia,4035.086848958333,4248.561360677083,4026.715299479167,4206.70361328125,88532400,2022-05-18 00:00:00+07:00
UNVR.JK,Unilever Indonesia,4152.288558209529,4185.774756259605,4060.201513571817,4085.316162109375,56274400,2022-05-19 00:00:00+07:00
UNVR.JK,Unilever Indonesia,4076.944439395111,4290.418942895266,4068.5728902382425,4227.63232421875,58516300,2022-05-20 00:00:00+07:00
UNVR.JK,Unilever Indonesia,4227.632503822201,4248.5613776035,4060.201513571817,4085.316162109375,37184300,2022-05-23 00:00:00+07:00
UNVR.JK,Unilever Indonesia,4118.801877598753,4143.916523193867,3934.6278099012475,4026.71484375,39458200,2022-05-24 00:00:00+07:00
UNVR.JK,Unilever Indonesia,4068.572698629127,4102.058893679573,3959.7425647151795,3993.228759765625,38989700,2022-05-25 00:00:00+07:00
UNVR.JK,Unilever Indonesia,4018.3431263130256,4051.8293190323006,3942.9991926946564,3984.85693359375,31887700,2022-05-27 00:00:00+07:00
UNVR.JK,Unilever Indonesia,3984.8575520833333,3984.8575520833333,3867.655859375,3892.7705078125,49609700,2022-05-30 00:00:00+07:00
UNVR.JK,Unilever Indonesia,3917.884930794133,4035.0866167580602,3876.0271858070164,3959.74267578125,93943100,2022-05-31 00:00:00+07:00
UNVR.JK,Unilever Indonesia,3984.8572771235645,4093.687412843326,3942.999532615964,4009.971923828125,56089200,2022-06-02 00:00:00+07:00
UNVR.JK,Unilever Indonesia,4026.715034096928,4026.715034096928,3951.37109375,3951.37109375,25523600,2022-06-03 00:00:00+07:00
UNVR.JK,Unilever Indonesia,3951.371015952568,4001.600308528236,3934.6279184273453,3993.228759765625,16170500,2022-06-06 00:00:00+07:00
UNVR.JK,Unilever Indonesia,3993.2288717709434,4001.600420768367,3951.3711267838266,3959.74267578125,19562800,2022-06-07 00:00:00+07:00
UNVR.JK,Unilever Indonesia,3968.114027152032,4160.659644503291,3959.742478571543,4093.687255859375,56202700,2022-06-08 00:00:00+07:00
UNVR.JK,Unilever Indonesia,4102.058814590897,4127.173460394515,3984.8571341740144,4035.08642578125,32236200,2022-06-09 00:00:00+07:00
UNVR.JK,Unilever Indonesia,4001.599750205592,4009.9712978001644,3951.370464638158,3976.485107421875,20081200,2022-06-10 00:00:00+07:00
UNVR.JK,Unilever Indonesia,3926.256103515625,3934.6276517107544,3850.912169759462,3926.256103515625,28947200,2022-06-13 00:00:00+07:00
UNVR.JK,Unilever Indonesia,3884.399006131329,3968.114501953125,3859.2843573847904,3968.114501953125,22498700,2022-06-14 00:00:00+07:00
UNVR.JK,Unilever Indonesia,3976.4855194091797,4026.714810180664,3926.256228637695,4018.34326171875,24158700,2022-06-15 00:00:00+07:00
UNVR.JK,Unilever Indonesia,4060.2010040283203,4060.2010040283203,3959.7424224853517,4018.34326171875,19890100,2022-06-16 00:00:00+07:00
UNVR.JK,Unilever Indonesia,3984.8575520833333,4018.34375,3892.7705078125,3892.7705078125,35637800,2022-06-17 00:00:00+07:00
UNVR.JK,Unilever Indonesia,3917.88515625,4206.70361328125,3901.142057291667,4206.70361328125,64615100,2022-06-20 00:00:00+07:00
UNVR.JK,Unilever Indonesia,4227.63232421875,4269.490070003094,4143.916832650062,4227.63232421875,38363600,2022-06-21 00:00:00+07:00
UNVR.JK,Unilever Indonesia,4227.632033147207,4227.632033147207,4068.5726101179066,4093.687255859375,25752200,2022-06-22 00:00:00+07:00
UNVR.JK,Unilever Indonesia,4102.058794575353,4185.774280178932,4068.5726003339214,4152.2880859375,33615200,2022-06-23 00:00:00+07:00
UNVR.JK,Unilever Indonesia,4198.273074469251,4249.36767578125,4147.178473157252,4249.36767578125,22538000,2022-06-24 00:00:00+07:00
UNVR.JK,Unilever Indonesia,4249.367817951494,4257.883585121736,4172.725913419302,4240.85205078125,19512800,2022-06-27 00:00:00+07:00
UNVR.JK,Unilever Indonesia,4240.852032410273,4321.751820177135,4223.820498143565,4300.46240234375,25740300,2022-06-28 00:00:00+07:00
UNVR.JK,Unilever Indonesia,4257.8841607097675,4300.463002316865,4181.242245816991,4206.78955078125,19482000,2022-06-29 00:00:00+07:00
UNVR.JK,Unilever Indonesia,4215.304300560141,4240.851599351415,4044.988975284984,4062.0205078125,32840700,2022-06-30 00:00:00+07:00
UNVR.JK,Unilever Indonesia,4044.9895823223987,4138.663025281444,3993.8949770720105,4113.11572265625,19350200,2022-07-01 00:00:00+07:00
UNVR.JK,Unilever Indonesia,4087.568317819149,4104.599852476729,3874.674134599402,4002.41064453125,22093000,2022-07-04 00:00:00+07:00
UNVR.JK,Unilever Indonesia,4002.4105245125397,4070.536661099987,3985.378990365678,4053.505126953125,14993200,2022-07-05 00:00:00+07:00
UNVR.JK,Unilever Indonesia,4036.4733110371994,4113.115209348032,4010.926011600255,4070.536376953125,12189400,2022-07-06 00:00:00+07:00
UNVR.JK,Unilever Indonesia,4104.59903125,4279.1722265625,4087.5675,4257.8828125,37537700,2022-07-07 00:00:00+07:00
UNVR.JK,Unilever Indonesia,4279.172812619824,4279.172812619824,4096.083826607234,4164.2099609375,26420400,2022-07-08 00:00:00+07:00
UNVR.JK,Unilever Indonesia,4172.7260335286455,4181.241800944011,4044.9895222981772,4087.568359375,20528000,2022-07-11 00:00:00+07:00
UNVR.JK,Unilever Indonesia,4087.567719006148,4155.69384765625,4062.020420762359,4155.69384765625,15676300,2022-07-12 00:00:00+07:00
UNVR.JK,Unilever Indonesia,4172.72607421875,4189.757609215561,4104.599934231505,4172.72607421875,13093300,2022-07-13 00:00:00+07:00
UNVR.JK,Unilever Indonesia,4172.72607421875,4172.72607421875,4087.568399234694,4172.72607421875,17033300,2022-07-14 00:00:00+07:00
UNVR.JK,Unilever Indonesia,4172.726095448369,4198.273398073564,4104.599955114519,4113.11572265625,13119700,2022-07-15 00:00:00+07:00
UNVR.JK,Unilever Indonesia,4147.178611908572,4240.85205078125,4113.115543227597,4240.85205078125,10748900,2022-07-18 00:00:00+07:00
UNVR.JK,Unilever Indonesia,4232.33642578125,4249.36796069385,4164.210286130848,4232.33642578125,16537800,2022-07-19 00:00:00+07:00
UNVR.JK,Unilever Indonesia,4249.36796069385,4343.041402713154,4215.30489086865,4232.33642578125,37835400,2022-07-20 00:00:00+07:00
UNVR.JK,Unilever Indonesia,4232.335515625,4257.8828125,4164.209390625,4257.8828125,13828900,2022-07-21 00:00:00+07:00
UNVR.JK,Unilever Indonesia,4257.8828125,4257.8828125,4206.78821875,4257.8828125,14582600,2022-07-22 00:00:00+07:00
UNVR.JK,Unilever Indonesia,4240.852275608519,4240.852275608519,4189.757669878296,4198.2734375,9190300,2022-07-25 00:00:00+07:00
UNVR.JK,Unilever Indonesia,4198.2734375,4215.304972743407,4172.726134634889,4198.2734375,8239100,2022-07-26 00:00:00+07:00
UNVR.JK,Unilever Indonesia,4215.3045292223915,4279.172779665155,4010.9261278055483,4019.44189453125,49444700,2022-07-27 00:00:00+07:00
UNVR.JK,Unilever Indonesia,4019.4421987597007,4062.0210356109687,3832.095316614121,3840.611083984375,82746200,2022-07-28 00:00:00+07:00
UNVR.JK,Unilever Indonesia,3849.1268513546283,3883.189920835643,3815.063781873614,3840.611083984375,55532300,2022-07-29 00:00:00+07:00
UNVR.JK,Unilever Indonesia,3857.64253788204,3959.831744183551,3840.611003498455,3874.674072265625,28250300,2022-08-01 00:00:00+07:00
UNVR.JK,Unilever Indonesia,3874.674093495245,3925.768696925951,3857.6425590183426,3917.2529296875,22763900,2022-08-02 00:00:00+07:00
UNVR.JK,Unilever Indonesia,3917.2528275633167,3917.2528275633167,3874.673992481107,3908.737060546875,14248900,2022-08-03 00:00:00+07:00
UNVR.JK,Unilever Indonesia,3908.7371624490493,3925.768696925951,3857.6425590183426,3917.2529296875,21726600,2022-08-04 00:00:00+07:00
UNVR.JK,Unilever Indonesia,3959.8315274513375,4036.473427982654,3934.2842272742323,4019.44189453125,32171000,2022-08-05 00:00:00+07:00
UNVR.JK,Unilever Indonesia,4036.473412627218,4087.568012787056,4027.9576459339114,4079.05224609375,20764800,2022-08-08 00:00:00+07:00
UNVR.JK,Unilever Indonesia,4087.5680283368647,4087.5680283368647,4019.44189453125,4019.44189453125,14898200,2022-08-09 00:00:00+07:00
UNVR.JK,Unilever Indonesia,4019.4417780792364,4070.5363769531255,3968.347179205348,4070.536376953125,21241700,2022-08-10 00:00:00+07:00
UNVR.JK,Unilever Indonesia,4079.0518328536186,4087.5675986842107,4036.473003700658,4044.98876953125,17603200,2022-08-11 00:00:00+07:00
UNVR.JK,Unilever Indonesia,4044.988975284984,4130.146637922563,4044.988975284984,4062.0205078125,20011800,2022-08-12 00:00:00+07:00
UNVR.JK,Unilever Indonesia,4062.020894026556,4070.536661099987,4010.9262915859704,4053.505126953125,14082800,2022-08-15 00:00:00+07:00
UNVR.JK,Unilever Indonesia,4070.5362740762575,4096.083572867531,4010.9259102299525,4062.0205078125,11493000,2022-08-16 00:00:00+07:00
UNVR.JK,Unilever Indonesia,4087.568012787056,4096.083779480363,4027.9576459339114,4079.05224609375,14617400,2022-08-18 00:00:00+07:00
UNVR.JK,Unilever Indonesia,4096.083899209665,4113.1154330941135,4027.957763671875,4027.957763671875,13156500,2022-08-19 00:00:00+07:00
UNVR.JK,Unilever Indonesia,4044.9887695312505,4087.5675986842107,4027.957237870066,4044.98876953125,14214600,2022-08-22 00:00:00+07:00
UNVR.JK,Unilever Indonesia,4087.5687045218297,4113.116008925091,4053.505631984148,4096.08447265625,18458700,2022-08-23 00:00:00+07:00
UNVR.JK,Unilever Indonesia,4104.599671794459,4155.694273518041,4087.568137886598,4130.14697265625,14304200,2022-08-24 00:00:00+07:00
UNVR.JK,Unilever Indonesia,4130.147114903473,4147.178649397921,4087.568278667355,4121.63134765625,10177700,2022-08-25 00:00:00+07:00
UNVR.JK,Unilever Indonesia,4130.146447303756,4130.146447303756,3925.76806640625,3925.76806640625,44804400,2022-08-26 00:00:00+07:00
UNVR.JK,Unilever Indonesia,3883.189900893832,3917.2529701999183,3840.6110642612243,3900.221435546875,20184000,2022-08-29 00:00:00+07:00
UNVR.JK,Unilever Indonesia,3908.7372028733967,3942.8002721794833,3900.2214355468755,3900.221435546875,23733200,2022-08-30 00:00:00+07:00
UNVR.JK,Unilever Indonesia,3900.221293530433,3934.2843615962006,3857.642458448223,3908.737060546875,38272000,2022-08-31 00:00:00+07:00
UNVR.JK,Unilever Indonesia,3908.7375316199755,3925.7690677054657,3866.15869140625,3866.15869140625,13106400,2022-09-01 00:00:00+07:00
UNVR.JK,Unilever Indonesia,3866.1583050738327,3917.252908224588,3866.1583050738327,3874.674072265625,11307400,2022-09-02 00:00:00+07:00
UNVR.JK,Unilever Indonesia,3874.674357904767,3891.7058935439086,3840.6112866264834,3857.642822265625,13208600,2022-09-05 00:00:00+07:00
UNVR.JK,Unilever Indonesia,3857.642618724882,3866.158386095136,3789.516479762853,3840.611083984375,23742100,2022-09-06 00:00:00+07:00
UNVR.JK,Unilever Indonesia,3840.610924415339,3908.7370605468745,3823.5793903824547,3908.737060546875,26881000,2022-09-07 00:00:00+07:00
UNVR.JK,Unilever Indonesia,3908.7370783713013,3925.7686124818515,3849.126708984375,3849.126708984375,13657900,2022-09-08 00:00:00+07:00
UNVR.JK,Unilever Indonesia,3849.12650390625,3891.7053369140626,3832.094970703125,3832.094970703125,10000000,2022-09-09 00:00:00+07:00
UNVR.JK,Unilever Indonesia,3840.611003498455,3883.1898394574177,3840.611003498455,3874.674072265625,7679800,2022-09-12 00:00:00+07:00
UNVR.JK,Unilever Indonesia,3891.705370361851,3976.863037109375,3883.1896036870985,3976.863037109375,22934000,2022-09-13 00:00:00+07:00
UNVR.JK,Unilever Indonesia,3951.315326336393,3951.315326336393,3917.2522631783204,3942.799560546875,10053400,2022-09-14 00:00:00+07:00
UNVR.JK,Unilever Indonesia,3951.3159986413048,3968.3475331182067,3900.221395210598,3917.2529296875,16878200,2022-09-15 00:00:00+07:00
UNVR.JK,Unilever Indonesia,3951.315326336393,3951.315326336393,3925.7680289678387,3942.799560546875,21233900,2022-09-16 00:00:00+07:00
UNVR.JK,Unilever Indonesia,3942.8002314028536,3942.8002314028536,3840.61102454144,3917.2529296875,9791100,2022-09-19 00:00:00+07:00
UNVR.JK,Unilever Indonesia,3942.8000942496365,4027.957763671875,3934.2843273074127,4027.957763671875,25974800,2022-09-20 00:00:00+07:00
UNVR.JK,Unilever Indonesia,4027.9583275808864,4121.6317770595115,4027.9583275808864,4096.08447265625,33960700,2022-09-21 00:00:00+07:00
UNVR.JK,Unilever Indonesia,4096.08447265625,4096.08447265625,4036.4740957153067,4096.08447265625,14406800,2022-09-22 00:00:00+07:00
UNVR.JK,Unilever Indonesia,4096.08447265625,4104.600240790671,4062.021400118568,4096.08447265625,11888400,2022-09-23 00:00:00+07:00
UNVR.JK,Unilever Indonesia,4096.083779480363,4113.115312866975,4044.9891793205243,4079.05224609375,17728200,2022-09-26 00:00:00+07:00
UNVR.JK,Unilever Indonesia,4087.568359375,4096.084126790364,4062.0210571289062,4087.568359375,10292300,2022-09-27 00:00:00+07:00
UNVR.JK,Unilever Indonesia,4087.5687045218297,4121.6317770595115,4070.5371682529885,4096.08447265625,16851700,2022-09-28 00:00:00+07:00
UNVR.JK,Unilever Indonesia,4087.568137886598,4147.178506564111,4079.0523709326676,4130.14697265625,18109500,2022-09-29 00:00:00+07:00
UNVR.JK,Unilever Indonesia,4121.631490197981,4130.147257739713,4010.9265121554736,4113.11572265625,23108800,2022-09-30 00:00:00+07:00
UNVR.JK,Unilever Indonesia,4113.115438748389,4147.178506564111,4104.599671794459,4130.14697265625,14748400,2022-10-03 00:00:00+07:00
UNVR.JK,Unilever Indonesia,4155.6944783110885,4172.7260130582645,4130.147176190323,4147.1787109375,12967400,2022-10-04 00:00:00+07:00
UNVR.JK,Unilever Indonesia,4172.726095448369,4172.726095448369,4113.11572265625,4113.11572265625,13566800,2022-10-05 00:00:00+07:00
UNVR.JK,Unilever Indonesia,4138.663004225127,4172.72607421875,4121.631469228316,4172.72607421875,17339500,2022-10-06 00:00:00+07:00
UNVR.JK,Unilever Indonesia,4172.725951139591,4181.241718386816,4053.5052096784607,4121.63134765625,14439400,2022-10-07 00:00:00+07:00
UNVR.JK,Unilever Indonesia,4121.631429036458,4121.631429036458,4002.410685221354,4087.568359375,8699400,2022-10-10 00:00:00+07:00
UNVR.JK,Unilever Indonesia,4070.536598382994,4070.536598382994,4027.957763671875,4027.957763671875,10775800,2022-10-11 00:00:00+07:00
UNVR.JK,Unilever Indonesia,4027.9576459339114,4079.0522460937495,3968.347279080767,4079.05224609375,11194200,2022-10-12 00:00:00+07:00
UNVR.JK,Unilever Indonesia,4079.0525114201314,4121.63134765625,4062.0209769256844,4121.63134765625,12495000,2022-10-13 00:00:00+07:00
UNVR.JK,Unilever Indonesia,4121.6317770595115,4138.663313328352,4062.021400118568,4096.08447265625,9611600,2022-10-14 00:00:00+07:00
UNVR.JK,Unilever Indonesia,4130.147257739713,4130.147257739713,4087.5684200310557,4113.11572265625,11650600,2022-10-17 00:00:00+07:00
UNVR.JK,Unilever Indonesia,4130.1472367267215,4172.72607421875,4096.0841667331,4172.72607421875,18797200,2022-10-18 00:00:00+07:00
UNVR.JK,Unilever Indonesia,4198.273317026869,4577.224965318341,4198.273317026869,4555.935546875,82474800,2022-10-19 00:00:00+07:00
UNVR.JK,Unilever Indonesia,4555.935325339989,4641.092994972511,4449.488238299335,4598.51416015625,51712800,2022-10-20 00:00:00+07:00
UNVR.JK,Unilever Indonesia,4598.514611586084,4598.514611586084,4470.778094597582,4513.35693359375,18231200,2022-10-21 00:00:00+07:00
UNVR.JK,Unilever Indonesia,4492.067160449677,4662.382503025969,4470.777742627641,4534.64599609375,27349200,2022-10-24 00:00:00+07:00
UNVR.JK,Unilever Indonesia,4534.6452347452605,4577.224063240521,4428.198163507109,4492.06640625,16874900,2022-10-25 00:00:00+07:00
UNVR.JK,Unilever Indonesia,4470.777655707465,4598.51416015625,4406.909403483073,4598.51416015625,28826300,2022-10-26 00:00:00+07:00
UNVR.JK,Unilever Indonesia,4598.514383761682,4641.093220648364,4492.067291544977,4555.935546875,22168700,2022-10-27 00:00:00+07:00
UNVR.JK,Unilever Indonesia,4300.462420972954,4321.751838898563,4240.85205078125,4240.85205078125,33806300,2022-10-28 00:00:00+07:00
UNVR.JK,Unilever Indonesia,3959.8314403665477,4036.4733392123517,3951.315673828125,3951.315673828125,83268400,2022-10-31 00:00:00+07:00
UNVR.JK,Unilever Indonesia,3908.7374291830506,3993.89510737876,3832.0955188069124,3857.642822265625,88422300,2022-11-01 00:00:00+07:00
UNVR.JK,Unilever Indonesia,3857.6422705078126,3908.7368701171877,3798.031904296875,3832.094970703125,37943000,2022-11-02 00:00:00+07:00
UNVR.JK,Unilever Indonesia,3840.611083984375,3883.189920835643,3832.095316614121,3840.611083984375,15402200,2022-11-03 00:00:00+07:00
UNVR.JK,Unilever Indonesia,3857.642923363505,3874.674459448995,3806.548315107035,3866.15869140625,20812100,2022-11-04 00:00:00+07:00
UNVR.JK,Unilever Indonesia,3866.1578067928167,3934.283935546875,3832.0947424157876,3934.283935546875,20715100,2022-11-07 00:00:00+07:00
UNVR.JK,Unilever Indonesia,3951.315326336393,3959.8310921259113,3917.2522631783204,3942.799560546875,15497800,2022-11-08 00:00:00+07:00
UNVR.JK,Unilever Indonesia,3942.8006037909554,3942.8006037909554,3849.1271553207603,3866.15869140625,24941900,2022-11-09 00:00:00+07:00
UNVR.JK,Unilever Indonesia,3857.6426391601562,3900.221476236979,3832.0953369140625,3883.18994140625,10140300,2022-11-10 00:00:00+07:00
UNVR.JK,Unilever Indonesia,3925.7690677054657,3925.7690677054657,3849.1271553207603,3866.15869140625,16741500,2022-11-11 00:00:00+07:00
UNVR.JK,Unilever Indonesia,3866.1582254646646,3917.2528275633167,3857.642458448223,3908.737060546875,10527700,2022-11-14 00:00:00+07:00
UNVR.JK,Unilever Indonesia,3908.736534664791,3925.76806640625,3866.157705311144,3925.76806640625,11794000,2022-11-15 00:00:00+07:00
UNVR.JK,Unilever Indonesia,3925.76806640625,3925.76806640625,3874.6734711818735,3925.76806640625,8942300,2022-11-16 00:00:00+07:00
UNVR.JK,Unilever Indonesia,3917.2528275633167,3925.768594579759,3883.189759497549,3908.737060546875,12105800,2022-11-17 00:00:00+07:00
UNVR.JK,Unilever Indonesia,3908.7368411360117,3968.3472069049703,3883.1895415207437,3951.315673828125,16515900,2022-11-18 00:00:00+07:00
UNVR.JK,Unilever Indonesia,3942.8002097999656,3942.8002097999656,3874.674072265625,3874.674072265625,13807100,2022-11-21 00:00:00+07:00
UNVR.JK,Unilever Indonesia,3891.7057088216147,3934.2845458984375,3883.18994140625,3883.18994140625,18963600,2022-11-22 00:00:00+07:00
UNVR.JK,Unilever Indonesia,3900.221373841003,3908.7371410327955,3874.674072265625,3874.674072265625,8656200,2022-11-23 00:00:00+07:00
UNVR.JK,Unilever Indonesia,3874.6741739908853,3917.2530110677085,3874.6741739908853,3883.18994140625,5155100,2022-11-24 00:00:00+07:00
UNVR.JK,Unilever Indonesia,3891.705627972147,3917.2529296875,3857.6425590183426,3917.2529296875,11209600,2022-11-25 00:00:00+07:00
UNVR.JK,Unilever Indonesia,3917.253070677415,4027.9580487617764,3883.1900004976114,4010.926513671875,35089100,2022-11-28 00:00:00+07:00
UNVR.JK,Unilever Indonesia,4010.92641186004,4010.92641186004,3968.3475752160907,4002.41064453125,21257100,2022-11-29 00:00:00+07:00
UNVR.JK,Unilever Indonesia,4027.4741149902343,4148.47119140625,3992.9035217285154,4148.47119140625,83228400,2022-11-30 00:00:00+07:00
UNVR.JK,Unilever Indonesia,4148.471088773886,4148.471088773886,4036.116663452926,4070.687255859375,16755100,2022-12-01 00:00:00+07:00
UNVR.JK,Unilever Indonesia,4070.687255859375,4070.687255859375,4027.474015351314,4070.687255859375,6918500,2022-12-02 00:00:00+07:00
UNVR.JK,Unilever Indonesia,4070.687775044502,4148.471617879747,4062.0451258405856,4096.61572265625,9788500,2022-12-05 00:00:00+07:00
UNVR.JK,Unilever Indonesia,4096.61572265625,4105.258371860166,4036.117178228837,4096.61572265625,12811800,2022-12-06 00:00:00+07:00
UNVR.JK,Unilever Indonesia,4096.615516954787,4096.615516954787,4036.1169755651595,4062.044921875,19509900,2022-12-07 00:00:00+07:00
UNVR.JK,Unilever Indonesia,4036.1167694222772,4053.402066079332,3941.0476378084763,4027.47412109375,21123600,2022-12-08 00:00:00+07:00
UNVR.JK,Unilever Indonesia,4027.474158084754,4027.474158084754,3975.618267637311,3992.903564453125,13482300,2022-12-09 00:00:00+07:00
UNVR.JK,Unilever Indonesia,3992.9038013059703,4053.40234375,3958.3332056236673,4053.40234375,12297700,2022-12-12 00:00:00+07:00
UNVR.JK,Unilever Indonesia,4062.045267396054,4079.3305664062495,4001.5467208603677,4079.33056640625,13797700,2022-12-13 00:00:00+07:00
UNVR.JK,Unilever Indonesia,4079.3305664062495,4079.3305664062495,4036.1173188807597,4079.33056640625,7415600,2022-12-14 00:00:00+07:00
UNVR.JK,Unilever Indonesia,4079.3302194148932,4079.3302194148932,4010.189029255319,4062.044921875,11297400,2022-12-15 00:00:00+07:00
UNVR.JK,Unilever Indonesia,4053.4020569975614,4208.9697265625,4027.474112070072,4208.9697265625,25213200,2022-12-16 00:00:00+07:00
UNVR.JK,Unilever Indonesia,4174.399638073137,4174.399638073137,4087.97314453125,4087.97314453125,16789200,2022-12-19 00:00:00+07:00
UNVR.JK,Unilever Indonesia,4087.972377817086,4122.54296875,4062.0444346174004,4122.54296875,5433100,2022-12-20 00:00:00+07:00
UNVR.JK,Unilever Indonesia,4122.543873806878,4139.829173068123,4096.6159249150105,4131.1865234375,5871100,2022-12-21 00:00:00+07:00
UNVR.JK,Unilever Indonesia,4131.186099722366,4183.0419921875,4122.543450978177,4183.0419921875,10005000,2022-12-22 00:00:00+07:00
UNVR.JK,Unilever Indonesia,4174.3989956804335,4174.3989956804335,4113.900459511152,4165.75634765625,5698800,2022-12-23 00:00:00+07:00
UNVR.JK,Unilever Indonesia,4165.75634868421,4165.75634868421,4096.615164473684,4105.2578125,4053500,2022-12-26 00:00:00+07:00
UNVR.JK,Unilever Indonesia,4113.901011889293,4157.1142578125,4096.61571352001,4157.1142578125,6738300,2022-12-27 00:00:00+07:00
UNVR.JK,Unilever Indonesia,4157.113559682914,4165.756207416142,4070.6870823506288,4122.54296875,7938100,2022-12-28 00:00:00+07:00
UNVR.JK,Unilever Indonesia,4096.61558109572,4113.90087890625,4062.0449854746585,4113.90087890625,6825900,2022-12-29 00:00:00+07:00
UNVR.JK,Unilever Indonesia,4131.186112034574,4131.186112034574,4062.0449218749995,4062.044921875,13027100,2022-12-30 00:00:00+07:00
UNVR.JK,Unilever Indonesia,4062.044751716383,4062.044751716383,3984.260916045218,3992.903564453125,4266600,2023-01-02 00:00:00+07:00
UNVR.JK,Unilever Indonesia,3975.617919921875,4018.8311581818953,3949.689976965863,3975.617919921875,10663500,2023-01-03 00:00:00+07:00
UNVR.JK,Unilever Indonesia,3984.260291263975,4053.4014676850416,3984.260291263975,4010.188232421875,6705200,2023-01-04 00:00:00+07:00
UNVR.JK,Unilever Indonesia,4018.8319496977406,4087.97314453125,3975.618702926797,4087.97314453125,12524500,2023-01-05 00:00:00+07:00
UNVR.JK,Unilever Indonesia,4079.330283285189,4113.90087890625,4036.117038758863,4113.90087890625,8390300,2023-01-06 00:00:00+07:00
UNVR.JK,Unilever Indonesia,4113.90087890625,4122.543527811516,4053.4023365693934,4113.90087890625,7932200,2023-01-09 00:00:00+07:00
UNVR.JK,Unilever Indonesia,4113.90088619403,4122.543535114605,4027.474396988273,4053.40234375,13402300,2023-01-10 00:00:00+07:00
UNVR.JK,Unilever Indonesia,4044.7596243351063,4062.0449218749995,4010.189029255319,4062.044921875,5806200,2023-01-11 00:00:00+07:00
UNVR.JK,Unilever Indonesia,4062.0449854746585,4113.90087890625,4027.4743898535976,4113.90087890625,11533000,2023-01-12 00:00:00+07:00
UNVR.JK,Unilever Indonesia,4105.25801943339,4139.82861328125,4079.3300740474947,4139.82861328125,7554200,2023-01-13 00:00:00+07:00
UNVR.JK,Unilever Indonesia,4139.828264216457,4148.470911949686,4105.257673283543,4122.54296875,6778300,2023-01-16 00:00:00+07:00
UNVR.JK,Unilever Indonesia,4122.543527811516,4148.471474527311,4079.330283285189,4113.90087890625,12333700,2023-01-17 00:00:00+07:00
UNVR.JK,Unilever Indonesia,4113.900598144532,4148.47119140625,4079.3300048828123,4148.47119140625,5977900,2023-01-18 00:00:00+07:00
UNVR.JK,Unilever Indonesia,4148.47119140625,4174.399136352539,4122.543246459961,4148.47119140625,7752900,2023-01-19 00:00:00+07:00
UNVR.JK,Unilever Indonesia,4148.471608627859,4174.399556181783,4113.901011889293,4157.1142578125,6893400,2023-01-20 00:00:00+07:00
UNVR.JK,Unilever Indonesia,4157.114116281703,4191.684711843297,4139.828818500906,4174.3994140625,9638600,2023-01-24 00:00:00+07:00
UNVR.JK,Unilever Indonesia,4174.3997593830545,4200.327708199098,4157.114460172358,4191.68505859375,6010000,2023-01-25 00:00:00+07:00
UNVR.JK,Unilever Indonesia,4191.684432983398,4208.969729614258,4113.900598144532,4148.47119140625,10397400,2023-01-26 00:00:00+07:00
UNVR.JK,Unilever Indonesia,4148.4710526315785,4165.75634868421,4105.2578125,4105.2578125,12410500,2023-01-27 00:00:00+07:00
UNVR.JK,Unilever Indonesia,4105.258230000984,4131.18617671678,4070.687634379924,4113.90087890625,8435700,2023-01-30 00:00:00+07:00
UNVR.JK,Unilever Indonesia,4113.900604379023,4113.900604379023,4027.47412109375,4027.47412109375,26752500,2023-01-31 00:00:00+07:00
UNVR.JK,Unilever Indonesia,4001.546142578125,4044.7593838586668,3992.9034943220167,4001.546142578125,14128700,2023-02-01 00:00:00+07:00
UNVR.JK,Unilever Indonesia,4001.546650989363,4096.6157938854385,4001.546650989363,4087.97314453125,23504300,2023-02-02 00:00:00+07:00
UNVR.JK,Unilever Indonesia,4096.615588352878,4096.615588352878,4044.7596948294245,4053.40234375,8988300,2023-02-03 00:00:00+07:00
UNVR.JK,Unilever Indonesia,4053.4025471144955,4087.97314453125,4027.474599051929,4087.97314453125,5956100,2023-02-06 00:00:00+07:00
UNVR.JK,Unilever Indonesia,4087.9727185410234,4226.255093798225,4079.3300700874483,4200.3271484375,19128400,2023-02-07 00:00:00+07:00
UNVR.JK,Unilever Indonesia,4200.326970615672,4342.9306640625,4157.113730177239,4342.9306640625,28304900,2023-02-08 00:00:00+07:00
UNVR.JK,Unilever Indonesia,4342.931414348323,4364.538038300305,4252.18359375,4252.18359375,25346700,2023-02-09 00:00:00+07:00
UNVR.JK,Unilever Indonesia,4122.543074828569,4122.543074828569,3958.332763671875,3958.332763671875,80984400,2023-02-10 00:00:00+07:00
UNVR.JK,Unilever Indonesia,3958.3329408358686,3958.3329408358686,3880.549105753941,3906.47705078125,29413500,2023-02-13 00:00:00+07:00
UNVR.JK,Unilever Indonesia,3906.4777403714365,3949.6909897118285,3906.4777403714365,3941.04833984375,15661400,2023-02-14 00:00:00+07:00
UNVR.JK,Unilever Indonesia,3941.047677712912,3941.047677712912,3889.1917872166896,3932.405029296875,12590200,2023-02-15 00:00:00+07:00
UNVR.JK,Unilever Indonesia,3932.4049958085593,3941.047644150996,3897.834402438814,3906.47705078125,7598500,2023-02-16 00:00:00+07:00
UNVR.JK,Unilever Indonesia,3906.477365836336,3915.1200148757966,3871.9067696784923,3897.834716796875,13591200,2023-02-17 00:00:00+07:00
UNVR.JK,Unilever Indonesia,3906.477397095264,3941.047993529736,3889.1920988780284,3923.7626953125,6671700,2023-02-20 00:00:00+07:00
UNVR.JK,Unilever Indonesia,3923.7624891493056,3923.7624891493056,3889.19189453125,3889.19189453125,9337400,2023-02-21 00:00:00+07:00
UNVR.JK,Unilever Indonesia,3880.5493872506277,3880.5493872506277,3785.480248587472,3871.90673828125,17514500,2023-02-22 00:00:00+07:00
UNVR.JK,Unilever Indonesia,3880.549467329545,3880.549467329545,3802.765625,3802.765625,12166800,2023-02-23 00:00:00+07:00
UNVR.JK,Unilever Indonesia,3802.765490301724,3837.3360856681034,3759.55224609375,3759.55224609375,13276600,2023-02-24 00:00:00+07:00
UNVR.JK,Unilever Indonesia,3759.552109829215,3759.552109829215,3638.555030432413,3716.3388671875,25283100,2023-02-27 00:00:00+07:00
UNVR.JK,Unilever Indonesia,3716.338982833059,3733.6242804276317,3612.627197265625,3612.627197265625,56167600,2023-02-28 00:00:00+07:00
UNVR.JK,Unilever Indonesia,3603.9842708725528,3629.9122152673194,3552.12838208302,3586.698974609375,20343000,2023-03-01 00:00:00+07:00
UNVR.JK,Unilever Indonesia,3595.341622740964,3647.197511530497,3586.698974609375,3586.698974609375,18391700,2023-03-02 00:00:00+07:00
UNVR.JK,Unilever Indonesia,3586.699119530288,3603.98441649188,3500.2726347223293,3508.915283203125,25480200,2023-03-03 00:00:00+07:00
UNVR.JK,Unilever Indonesia,3526.2005395683454,3621.26967176259,3517.5578911870502,3603.984375,18877200,2023-03-06 00:00:00+07:00
UNVR.JK,Unilever Indonesia,3595.3416245404414,3595.3416245404414,3526.200439453125,3526.200439453125,20025900,2023-03-07 00:00:00+07:00
UNVR.JK,Unilever Indonesia,3526.2007860137196,3560.771381955031,3508.915488043064,3543.486083984375,9159100,2023-03-08 00:00:00+07:00
UNVR.JK,Unilever Indonesia,3543.486083984375,3578.0566799256862,3526.2007860137196,3543.486083984375,12777500,2023-03-09 00:00:00+07:00
UNVR.JK,Unilever Indonesia,3543.485769749848,3578.056362625456,3526.200473312044,3552.12841796875,6405200,2023-03-10 00:00:00+07:00
UNVR.JK,Unilever Indonesia,3534.843257023738,3612.627093975361,3526.2006084735576,3595.341796875,10109400,2023-03-13 00:00:00+07:00
UNVR.JK,Unilever Indonesia,3578.0566336661223,3664.483122402019,3569.413984792533,3638.55517578125,20377200,2023-03-14 00:00:00+07:00
UNVR.JK,Unilever Indonesia,3638.5552228229803,3655.8405207936357,3543.486083984375,3543.486083984375,11897200,2023-03-15 00:00:00+07:00
UNVR.JK,Unilever Indonesia,3543.486052192107,3560.771350007678,3491.630158745393,3517.55810546875,9016800,2023-03-16 00:00:00+07:00
UNVR.JK,Unilever Indonesia,3517.5579599233774,3603.98444542518,3517.5579599233774,3595.341796875,25725700,2023-03-17 00:00:00+07:00
UNVR.JK,Unilever Indonesia,3595.341796875,3603.98444542518,3543.4859055739184,3595.341796875,3705900,2023-03-20 00:00:00+07:00
UNVR.JK,Unilever Indonesia,3595.3417596726194,3629.912353515625,3586.6991112118676,3629.912353515625,7708900,2023-03-21 00:00:00+07:00
UNVR.JK,Unilever Indonesia,3776.837373184097,3776.837373184097,3664.4829433182085,3690.410888671875,16680100,2023-03-24 00:00:00+07:00
UNVR.JK,Unilever Indonesia,3690.410748675153,3707.696044921875,3655.840156181709,3707.696044921875,6187200,2023-03-27 00:00:00+07:00
UNVR.JK,Unilever Indonesia,3707.696218659157,3733.624164244186,3699.053570130814,3716.3388671875,5785600,2023-03-28 00:00:00+07:00
UNVR.JK,Unilever Indonesia,3716.3386913614536,3776.8372281975703,3716.3386913614536,3768.194580078125,12264000,2023-03-29 00:00:00+07:00
UNVR.JK,Unilever Indonesia,3768.1947967099472,3776.837445326254,3681.768310546875,3681.768310546875,5407700,2023-03-30 00:00:00+07:00
UNVR.JK,Unilever Indonesia,3690.411055360991,3768.194894935345,3681.7684065193966,3759.55224609375,10607100,2023-03-31 00:00:00+07:00
UNVR.JK,Unilever Indonesia,3759.5519336620414,3759.5519336620414,3673.125452428431,3707.696044921875,8983700,2023-04-03 00:00:00+07:00
UNVR.JK,Unilever Indonesia,3699.053396798514,3707.696044921875,3647.197508058348,3707.696044921875,14526800,2023-04-04 00:00:00+07:00
UNVR.JK,Unilever Indonesia,3707.6958346737133,3733.6237775735294,3673.125244140625,3673.125244140625,7687900,2023-04-05 00:00:00+07:00
UNVR.JK,Unilever Indonesia,3673.125244140625,3707.6958346737133,3655.839948874081,3673.125244140625,5191100,2023-04-06 00:00:00+07:00
UNVR.JK,Unilever Indonesia,3673.125452428431,3707.696044921875,3655.840156181709,3707.696044921875,5001000,2023-04-10 00:00:00+07:00
UNVR.JK,Unilever Indonesia,3707.6961896623884,3707.6961896623884,3629.912353515625,3629.912353515625,8782600,2023-04-11 00:00:00+07:00
UNVR.JK,Unilever Indonesia,3638.5553179538338,3647.197967165125,3612.627370319958,3621.27001953125,12391300,2023-04-12 00:00:00+07:00
UNVR.JK,Unilever Indonesia,3595.3419778963416,3612.627275866997,3543.486083984375,3543.486083984375,15132500,2023-04-13 00:00:00+07:00
UNVR.JK,Unilever Indonesia,3560.771030214609,3647.197511530497,3560.771030214609,3586.698974609375,20757900,2023-04-14 00:00:00+07:00
UNVR.JK,Unilever Indonesia,3595.3417637711864,3612.627060712394,3534.8432244769597,3569.413818359375,11180200,2023-04-17 00:00:00+07:00
UNVR.JK,Unilever Indonesia,3569.4136094370797,3586.6989053665575,3534.843017578125,3534.843017578125,8436800,2023-04-18 00:00:00+07:00
UNVR.JK,Unilever Indonesia,3534.8434349990475,3543.486083984375,3422.488998189787,3543.486083984375,32563400,2023-04-26 00:00:00+07:00
UNVR.JK,Unilever Indonesia,3586.699396306818,3863.264169034091,3586.699396306818,3802.765625,65436100,2023-04-27 00:00:00+07:00
UNVR.JK,Unilever Indonesia,3802.765625,3837.336221590909,3768.195028409091,3802.765625,14421200,2023-04-28 00:00:00+07:00
UNVR.JK,Unilever Indonesia,3802.765625,3811.4082741477273,3699.053835227273,3802.765625,11600900,2023-05-02 00:00:00+07:00
UNVR.JK,Unilever Indonesia,3802.765625,3820.0509232954546,3759.5523792613635,3802.765625,18996600,2023-05-03 00:00:00+07:00
UNVR.JK,Unilever Indonesia,3802.7652738764045,3871.906460674157,3802.7652738764045,3845.978515625,15745000,2023-05-04 00:00:00+07:00
UNVR.JK,Unilever Indonesia,3845.978963125522,3880.5495605468755,3794.1230669934926,3880.549560546875,19170300,2023-05-05 00:00:00+07:00
UNVR.JK,Unilever Indonesia,3871.906809284116,3880.5494584119824,3828.6935636447847,3863.26416015625,8305100,2023-05-08 00:00:00+07:00
UNVR.JK,Unilever Indonesia,3863.2637441717684,3863.2637441717684,3768.194614001993,3794.12255859375,13264100,2023-05-09 00:00:00+07:00
UNVR.JK,Unilever Indonesia,3820.050705295139,3889.19189453125,3802.7654079861113,3889.19189453125,12468600,2023-05-10 00:00:00+07:00
UNVR.JK,Unilever Indonesia,3889.191652043947,3889.191652043947,3776.8372265404555,3828.693115234375,10646000,2023-05-11 00:00:00+07:00
UNVR.JK,Unilever Indonesia,3828.693572443182,3828.693572443182,3776.837677556818,3802.765625,7003400,2023-05-12 00:00:00+07:00
UNVR.JK,Unilever Indonesia,3845.9786512586807,3915.119840494792,3802.7654079861113,3889.19189453125,17448600,2023-05-15 00:00:00+07:00
UNVR.JK,Unilever Indonesia,3889.192067757414,3897.834716796875,3854.62147159957,3897.834716796875,6163000,2023-05-16 00:00:00+07:00
UNVR.JK,Unilever Indonesia,3889.1919328492854,3897.8345815889506,3820.0507429319646,3854.621337890625,8527400,2023-05-17 00:00:00+07:00
UNVR.JK,Unilever Indonesia,3854.6210595813345,3889.191652043947,3828.693115234375,3828.693115234375,10102700,2023-05-19 00:00:00+07:00
UNVR.JK,Unilever Indonesia,3828.6936747693367,3871.906921662896,3794.1230772544895,3820.051025390625,10990800,2023-05-22 00:00:00+07:00
UNVR.JK,Unilever Indonesia,3820.050570575843,3871.906460674157,3820.050570575843,3845.978515625,15329600,2023-05-23 00:00:00+07:00
UNVR.JK,Unilever Indonesia,3845.9783063616073,3845.9783063616073,3794.1224190848216,3811.40771484375,0,2023-05-24 00:00:00+07:00
UNVR.JK,Unilever Indonesia,3811.40771484375,3845.9783063616073,3776.837123325893,3811.40771484375,16244400,2023-05-25 00:00:00+07:00
UNVR.JK,Unilever Indonesia,3811.407679727633,3828.6929753273043,3785.479736328125,3785.479736328125,8749200,2023-05-26 00:00:00+07:00
UNVR.JK,Unilever Indonesia,3802.7653030563183,3932.405029296875,3785.4800062242443,3932.405029296875,26644200,2023-05-29 00:00:00+07:00
UNVR.JK,Unilever Indonesia,3932.4053444211177,3975.618589964207,3897.8347479866466,3923.7626953125,14103700,2023-05-30 00:00:00+07:00
UNVR.JK,Unilever Indonesia,3923.7627664528145,3958.3333635140725,3889.192169391556,3915.1201171875,221662700,2023-05-31 00:00:00+07:00
UNVR.JK,Unilever Indonesia,3915.119840494792,3932.40513780382,3854.6212999131944,3889.19189453125,14140400,2023-06-05 00:00:00+07:00
UNVR.JK,Unilever Indonesia,3889.1919328492854,3897.8345815889506,3837.336040411295,3854.621337890625,6400200,2023-06-06 00:00:00+07:00
UNVR.JK,Unilever Indonesia,3863.264182059457,3949.690673828125,3854.6215328825906,3949.690673828125,30637600,2023-06-07 00:00:00+07:00
UNVR.JK,Unilever Indonesia,3949.689976965863,4001.5458628778874,3923.7620340098506,3975.617919921875,15742600,2023-06-08 00:00:00+07:00
UNVR.JK,Unilever Indonesia,3958.332974544986,3975.6182713770604,3923.7623808808376,3932.405029296875,11332500,2023-06-09 00:00:00+07:00
UNVR.JK,Unilever Indonesia,3966.975446125949,3984.2607421875,3941.0475020336225,3984.2607421875,8165300,2023-06-12 00:00:00+07:00
UNVR.JK,Unilever Indonesia,3984.261207191484,4001.546505270406,3871.9067696784923,3897.834716796875,19167100,2023-06-13 00:00:00+07:00
UNVR.JK,Unilever Indonesia,3889.1918285472975,3897.8344770551803,3811.4079919763512,3837.3359375,13107000,2023-06-14 00:00:00+07:00
UNVR.JK,Unilever Indonesia,3837.335864041759,3906.47705078125,3811.40791901445,3906.47705078125,10369100,2023-06-15 00:00:00+07:00
UNVR.JK,Unilever Indonesia,3889.1916887635252,3889.1916887635252,3794.12255859375,3794.12255859375,17780000,2023-06-16 00:00:00+07:00
UNVR.JK,Unilever Indonesia,3794.122384127961,3820.0503275274687,3733.6238495291095,3785.479736328125,10327500,2023-06-19 00:00:00+07:00
UNVR.JK,Unilever Indonesia,3785.4800554142444,3794.122703942587,3716.3388671875,3716.3388671875,14414700,2023-06-20 00:00:00+07:00
UNVR.JK,Unilever Indonesia,3716.3386913614536,3776.8372281975703,3716.3386913614536,3768.194580078125,11124900,2023-06-21 00:00:00+07:00
UNVR.JK,Unilever Indonesia,3776.83701573989,3776.83701573989,3673.125244140625,3673.125244140625,15969700,2023-06-22 00:00:00+07:00
UNVR.JK,Unilever Indonesia,3673.1255917694307,3707.6961855743198,3638.554997964542,3690.410888671875,7696300,2023-06-23 00:00:00+07:00
UNVR.JK,Unilever Indonesia,3690.4106797382906,3690.4106797382906,3655.840087890625,3655.840087890625,6553900,2023-06-26 00:00:00+07:00
UNVR.JK,Unilever Indonesia,3655.840364697953,3699.0536077794895,3655.840364697953,3681.768310546875,10533700,2023-06-27 00:00:00+07:00
UNVR.JK,Unilever Indonesia,3673.125555122535,3724.9814453125,3638.554961662558,3724.9814453125,11030200,2023-07-03 00:00:00+07:00
UNVR.JK,Unilever Indonesia,3733.62419709873,3750.90949430752,3716.3388998899395,3742.266845703125,3652500,2023-07-04 00:00:00+07:00
UNVR.JK,Unilever Indonesia,3742.2667420424887,3742.2667420424887,3699.0535002175175,3724.9814453125,6305600,2023-07-05 00:00:00+07:00
UNVR.JK,Unilever Indonesia,3743.4346220128677,3769.7968376608455,3708.285001148897,3734.647216796875,12604100,2023-07-06 00:00:00+07:00
UNVR.JK,Unilever Indonesia,3717.072701508144,3725.860107421875,3699.4978896806824,3725.860107421875,6160700,2023-07-07 00:00:00+07:00
UNVR.JK,Unilever Indonesia,3725.8598115808827,3796.159053308824,3725.8598115808827,3734.647216796875,7747800,2023-07-10 00:00:00+07:00
UNVR.JK,Unilever Indonesia,3743.4346220128677,3761.0094324448532,3725.8598115808827,3734.647216796875,4794700,2023-07-11 00:00:00+07:00
UNVR.JK,Unilever Indonesia,3734.6476720234564,3743.43507831057,3690.7106405878862,3699.498046875,16641400,2023-07-12 00:00:00+07:00
UNVR.JK,Unilever Indonesia,3708.285001148897,3734.647216796875,3699.4975959329045,3734.647216796875,6041000,2023-07-13 00:00:00+07:00
UNVR.JK,Unilever Indonesia,3734.647216796875,3769.7968376608455,3717.07240636489,3734.647216796875,10570200,2023-07-14 00:00:00+07:00
UNVR.JK,Unilever Indonesia,3743.435005992023,3769.7972243440795,3734.647599874671,3752.222412109375,9589000,2023-07-17 00:00:00+07:00
UNVR.JK,Unilever Indonesia,3752.222412109375,3778.5846304614315,3717.0727876399665,3752.222412109375,4258600,2023-07-18 00:00:00+07:00
UNVR.JK,Unilever Indonesia,3743.4350250388775,3752.2224312009407,3699.497994228562,3708.285400390625,8607100,2023-07-20 00:00:00+07:00
UNVR.JK,Unilever Indonesia,3708.285278035766,3769.797119140625,3708.285278035766,3769.797119140625,6015200,2023-07-21 00:00:00+07:00
UNVR.JK,Unilever Indonesia,3769.797119140625,3813.7341485012385,3752.2223073963796,3769.797119140625,8770000,2023-07-24 00:00:00+07:00
UNVR.JK,Unilever Indonesia,3681.923350091628,3681.923350091628,3532.5374385127316,3558.899658203125,49204900,2023-07-25 00:00:00+07:00
UNVR.JK,Unilever Indonesia,3558.899593016963,3576.474405821985,3471.0255289918528,3488.600341796875,37401200,2023-07-26 00:00:00+07:00
UNVR.JK,Unilever Indonesia,3488.600295384725,3514.9625142415366,3374.364013671875,3374.364013671875,40562400,2023-07-27 00:00:00+07:00
UNVR.JK,Unilever Indonesia,3383.151505344598,3427.0885378815406,3348.0018793150434,3400.726318359375,20221700,2023-07-28 00:00:00+07:00
UNVR.JK,Unilever Indonesia,3400.726424893466,3418.301238458807,3365.5767977627843,3383.151611328125,19175000,2023-07-31 00:00:00+07:00
UNVR.JK,Unilever Indonesia,3365.5764866027025,3383.1512985431864,3312.85205078125,3312.85205078125,20623500,2023-08-01 00:00:00+07:00
UNVR.JK,Unilever Indonesia,3312.8522300823593,3339.2144494198847,3233.765572069783,3242.552978515625,28813900,2023-08-02 00:00:00+07:00
UNVR.JK,Unilever Indonesia,3242.5528030193136,3365.5764866027025,3224.9779910788297,3312.85205078125,26351700,2023-08-03 00:00:00+07:00
UNVR.JK,Unilever Indonesia,3321.6393690466243,3348.0015862612804,3277.7023403555318,3286.48974609375,18183400,2023-08-04 00:00:00+07:00
UNVR.JK,Unilever Indonesia,3286.489851100471,3312.8520691574263,3268.9150390625,3268.9150390625,7680200,2023-08-07 00:00:00+07:00
UNVR.JK,Unilever Indonesia,3277.7022884114585,3330.4267220052084,3277.7022884114585,3295.277099609375,10061700,2023-08-08 00:00:00+07:00
UNVR.JK,Unilever Indonesia,3295.277257119456,3312.8520691574263,3268.9150390625,3268.9150390625,13411000,2023-08-09 00:00:00+07:00
UNVR.JK,Unilever Indonesia,3268.9150045643682,3277.7024104906163,3233.765380859375,3233.765380859375,13438900,2023-08-10 00:00:00+07:00
UNVR.JK,Unilever Indonesia,3233.76527660473,3268.9148991765205,3233.76527660473,3251.340087890625,7702800,2023-08-11 00:00:00+07:00
UNVR.JK,Unilever Indonesia,3251.3401749434483,3277.702392578125,3189.8283337958696,3277.702392578125,13589300,2023-08-14 00:00:00+07:00
UNVR.JK,Unilever Indonesia,3295.277204334576,3295.277204334576,3242.552769065223,3277.702392578125,9907900,2023-08-15 00:00:00+07:00
UNVR.JK,Unilever Indonesia,3277.702392578125,3277.702392578125,3233.765363186997,3277.702392578125,5265200,2023-08-16 00:00:00+07:00
UNVR.JK,Unilever Indonesia,3233.765572069783,3268.9151978531504,3233.765572069783,3242.552978515625,10416200,2023-08-18 00:00:00+07:00
UNVR.JK,Unilever Indonesia,3251.340279386371,3277.7024978678824,3242.552873225867,3260.127685546875,6141700,2023-08-21 00:00:00+07:00
UNVR.JK,Unilever Indonesia,3260.127685546875,3268.9150917073785,3251.340279386371,3260.127685546875,5435600,2023-08-22 00:00:00+07:00
UNVR.JK,Unilever Indonesia,3260.1274772135416,3321.63931640625,3251.3400716145834,3295.277099609375,9837500,2023-08-23 00:00:00+07:00
UNVR.JK,Unilever Indonesia,3295.277257119456,3304.064663138441,3268.9150390625,3268.9150390625,6318100,2023-08-24 00:00:00+07:00
UNVR.JK,Unilever Indonesia,3268.915072826629,3304.064697265625,3251.3402606071313,3304.064697265625,5639900,2023-08-25 00:00:00+07:00
UNVR.JK,Unilever Indonesia,3330.4270549148478,3339.2144613921955,3304.064835482804,3321.6396484375,4538300,2023-08-28 00:00:00+07:00
UNVR.JK,Unilever Indonesia,3321.639509485123,3339.214321704621,3304.064697265625,3304.064697265625,4023200,2023-08-29 00:00:00+07:00
UNVR.JK,Unilever Indonesia,3330.426774784843,3330.426774784843,3286.48974609375,3286.48974609375,6862300,2023-08-30 00:00:00+07:00
UNVR.JK,Unilever Indonesia,3286.489869827146,3304.064681965259,3224.97802734375,3224.97802734375,17604900,2023-08-31 00:00:00+07:00
UNVR.JK,Unilever Indonesia,3224.9780800407702,3268.915111103996,3189.8284551901897,3216.190673828125,14230900,2023-09-01 00:00:00+07:00
UNVR.JK,Unilever Indonesia,3224.9780800407702,3242.5528924660603,3216.190673828125,3216.190673828125,4215000,2023-09-04 00:00:00+07:00
UNVR.JK,Unilever Indonesia,3216.190640107044,3224.9780462275553,3163.466203383978,3181.041015625,13723200,2023-09-05 00:00:00+07:00
UNVR.JK,Unilever Indonesia,3181.0411012414384,3233.7655393835616,3163.466288527397,3207.4033203125,9878900,2023-09-06 00:00:00+07:00
UNVR.JK,Unilever Indonesia,3216.190587067407,3224.977993043001,3163.4661512138427,3189.828369140625,13672200,2023-09-07 00:00:00+07:00
UNVR.JK,Unilever Indonesia,3189.828474641837,3189.828474641837,3137.104037044451,3172.253662109375,13784500,2023-09-08 00:00:00+07:00
UNVR.JK,Unilever Indonesia,3172.2536948844177,3207.4033203125,3145.891475813356,3207.4033203125,7703500,2023-09-11 00:00:00+07:00
UNVR.JK,Unilever Indonesia,3207.403233986533,3216.190640107044,3172.253609504489,3181.041015625,6763100,2023-09-12 00:00:00+07:00
UNVR.JK,Unilever Indonesia,3189.828334457695,3189.828334457695,3137.1038991774026,3154.6787109375,7890700,2023-09-13 00:00:00+07:00
UNVR.JK,Unilever Indonesia,3145.8912175210676,3172.2534344276687,3128.31640625,3128.31640625,7980500,2023-09-14 00:00:00+07:00
UNVR.JK,Unilever Indonesia,3119.529070172991,3137.1038818359375,3075.592041015625,3075.592041015625,19503200,2023-09-15 00:00:00+07:00
UNVR.JK,Unilever Indonesia,3075.592199320065,3093.167011887608,3040.442574184978,3049.22998046875,11035100,2023-09-18 00:00:00+07:00
UNVR.JK,Unilever Indonesia,3066.8047031850124,3189.8283875534653,3058.017297158694,3145.891357421875,10301100,2023-09-19 00:00:00+07:00
UNVR.JK,Unilever Indonesia,3145.891339262655,3224.977993043001,3137.103933287061,3189.828369140625,12091400,2023-09-20 00:00:00+07:00
UNVR.JK,Unilever Indonesia,3189.8283671978616,3321.639456751492,3145.891337346651,3312.85205078125,24626400,2023-09-21 00:00:00+07:00
UNVR.JK,Unilever Indonesia,3312.8523570667617,3418.301238458807,3295.2775435014205,3383.151611328125,24114800,2023-09-22 00:00:00+07:00
UNVR.JK,Unilever Indonesia,3391.9386861910994,3418.300903959424,3330.4268447316754,3356.7890625,10923700,2023-09-25 00:00:00+07:00
UNVR.JK,Unilever Indonesia,3339.21425065445,3356.7890625,3312.8520328861255,3356.7890625,11435500,2023-09-26 00:00:00+07:00
UNVR.JK,Unilever Indonesia,3356.7890806324604,3356.7890806324604,3268.9150209300396,3312.85205078125,9958600,2023-09-27 00:00:00+07:00
UNVR.JK,Unilever Indonesia,3312.851963308406,3321.6393690466243,3242.5527174026574,3286.48974609375,10670700,2023-09-29 00:00:00+07:00
UNVR.JK,Unilever Indonesia,3286.4897104624156,3321.639333034206,3251.340087890625,3251.340087890625,7916700,2023-10-02 00:00:00+07:00
UNVR.JK,Unilever Indonesia,3251.340175618036,3251.340175618036,3154.6787109375,3154.6787109375,19196000,2023-10-03 00:00:00+07:00
UNVR.JK,Unilever Indonesia,3154.678763448193,3172.2535755008294,3110.7417333166027,3145.891357421875,9896800,2023-10-04 00:00:00+07:00
UNVR.JK,Unilever Indonesia,3172.2536427648993,3233.7654862534155,3145.8914241269636,3216.190673828125,12777300,2023-10-05 00:00:00+07:00
UNVR.JK,Unilever Indonesia,3233.7652446546053,3374.363733552632,3224.977839098479,3339.214111328125,23551700,2023-10-06 00:00:00+07:00
UNVR.JK,Unilever Indonesia,3339.214287214382,3339.214287214382,3251.3402270245297,3268.9150390625,8305700,2023-10-09 00:00:00+07:00
UNVR.JK,Unilever Indonesia,3268.9150576890324,3295.2772758962024,3224.97802734375,3224.97802734375,3722500,2023-10-10 00:00:00+07:00
UNVR.JK,Unilever Indonesia,3224.978099706761,3260.127724771685,3172.253662109375,3172.253662109375,12320900,2023-10-11 00:00:00+07:00
UNVR.JK,Unilever Indonesia,3181.040963165031,3224.977993043001,3172.253557189437,3189.828369140625,10447600,2023-10-12 00:00:00+07:00
UNVR.JK,Unilever Indonesia,3172.2536948844177,3216.1907266695202,3172.2536948844177,3207.4033203125,5584300,2023-10-13 00:00:00+07:00
UNVR.JK,Unilever Indonesia,3216.1907266695202,3224.978133026541,3181.0411012414384,3207.4033203125,4544700,2023-10-16 00:00:00+07:00
UNVR.JK,Unilever Indonesia,3207.4031118686767,3374.3638218015667,3189.8283002967937,3365.576416015625,21600800,2023-10-17 00:00:00+07:00
UNVR.JK,Unilever Indonesia,3365.5764684227747,3374.36387434555,3304.0646269633507,3356.7890625,8686200,2023-10-18 00:00:00+07:00
UNVR.JK,Unilever Indonesia,3339.2145464238847,3383.151579929462,3312.852326320538,3348.001953125,8884300,2023-10-19 00:00:00+07:00
UNVR.JK,Unilever Indonesia,3348.0016906422034,3409.5135327274934,3277.7024425447294,3391.938720703125,13601000,2023-10-20 00:00:00+07:00
UNVR.JK,Unilever Indonesia,3391.938826243083,3391.938826243083,3304.0647633870444,3374.364013671875,7703300,2023-10-23 00:00:00+07:00
UNVR.JK,Unilever Indonesia,3365.5763162789785,3514.9622102130324,3330.4266941768483,3506.1748046875,29824500,2023-10-24 00:00:00+07:00
UNVR.JK,Unilever Indonesia,3514.9622300091914,3602.836285759421,3514.9622300091914,3585.261474609375,27547000,2023-10-25 00:00:00+07:00
UNVR.JK,Unilever Indonesia,3558.899539199906,3558.899539199906,3479.812882773241,3497.3876953125,19249700,2023-10-26 00:00:00+07:00
UNVR.JK,Unilever Indonesia,3497.3876953125,3576.474351739165,3471.025476503612,3497.3876953125,19668800,2023-10-27 00:00:00+07:00
UNVR.JK,Unilever Indonesia,3488.6003160300543,3488.6003160300543,3268.9151575898745,3330.427001953125,26309000,2023-10-30 00:00:00+07:00
UNVR.JK,Unilever Indonesia,3330.4269196736877,3356.789138035221,3181.041015625,3181.041015625,26496500,2023-10-31 00:00:00+07:00
UNVR.JK,Unilever Indonesia,3163.466169474511,3207.4031996061017,3119.5291393429206,3145.891357421875,22592200,2023-11-01 00:00:00+07:00
UNVR.JK,Unilever Indonesia,3163.466116817549,3224.97795797789,3137.1038991774026,3154.6787109375,20934700,2023-11-02 00:00:00+07:00
UNVR.JK,Unilever Indonesia,3154.6789227552817,3172.2537356954226,3093.1670774647887,3119.529296875,17879200,2023-11-03 00:00:00+07:00
UNVR.JK,Unilever Indonesia,3119.529172781423,3189.828421745511,3119.529172781423,3181.041015625,11111200,2023-11-06 00:00:00+07:00
UNVR.JK,Unilever Indonesia,3181.0410347732845,3181.0410347732845,3119.5291915594366,3137.10400390625,10356800,2023-11-07 00:00:00+07:00
UNVR.JK,Unilever Indonesia,3128.316682942708,3163.46630859375,3128.316682942708,3163.46630859375,6267300,2023-11-08 00:00:00+07:00
UNVR.JK,Unilever Indonesia,3163.46630859375,3163.46630859375,3145.891495768229,3163.46630859375,4264700,2023-11-09 00:00:00+07:00
UNVR.JK,Unilever Indonesia,3163.466116817549,3163.466116817549,3119.529087417305,3154.6787109375,4501100,2023-11-10 00:00:00+07:00
UNVR.JK,Unilever Indonesia,3154.6787821739995,3154.6787821739995,3084.379533546167,3101.954345703125,9074200,2023-11-13 00:00:00+07:00
UNVR.JK,Unilever Indonesia,3084.3793061355063,3093.166711566092,3049.2296844131647,3058.01708984375,13579700,2023-11-14 00:00:00+07:00
UNVR.JK,Unilever Indonesia,3075.592165577168,3101.9543841392583,2996.5055098908983,3014.080322265625,30575200,2023-11-15 00:00:00+07:00
UNVR.JK,Unilever Indonesia,3022.8678140805637,3040.442626953125,3005.2930012080024,3040.442626953125,7704400,2023-11-16 00:00:00+07:00
UNVR.JK,Unilever Indonesia,3049.22998046875,3049.22998046875,3005.292949049892,3049.22998046875,13562900,2023-11-17 00:00:00+07:00
UNVR.JK,Unilever Indonesia,3049.230033389406,3049.230033389406,3005.2930012080024,3040.442626953125,4352900,2023-11-20 00:00:00+07:00
UNVR.JK,Unilever Indonesia,3040.442278982579,3066.8044952743357,3014.0800626908226,3058.01708984375,11470300,2023-11-21 00:00:00+07:00
UNVR.JK,Unilever Indonesia,3058.0172293526784,3093.166852678571,3031.6550118582586,3075.592041015625,16968700,2023-11-22 00:00:00+07:00
UNVR.JK,Unilever Indonesia,3084.379239357124,3145.8910760394597,3075.5918341167903,3110.741455078125,16669800,2023-11-23 00:00:00+07:00
UNVR.JK,Unilever Indonesia,3119.529157860083,3145.8913760955206,3093.1669396246457,3101.954345703125,4341700,2023-11-24 00:00:00+07:00
UNVR.JK,Unilever Indonesia,3101.9546432495117,3119.529457092285,3075.5924224853516,3093.167236328125,11935500,2023-11-27 00:00:00+07:00
UNVR.JK,Unilever Indonesia,3093.167057291667,3198.615934244792,3093.167057291667,3163.46630859375,13638400,2023-11-28 00:00:00+07:00
UNVR.JK,Unilever Indonesia,3163.4661512138427,3198.615775116219,3128.316527311467,3189.828369140625,9785100,2023-11-29 00:00:00+07:00
UNVR.JK,Unilever Indonesia,3189.8285075984586,3207.4033203125,3137.1040694563353,3207.4033203125,40876300,2023-11-30 00:00:00+07:00
UNVR.JK,Unilever Indonesia,3163.4661512138427,3251.340210969783,3154.678745238249,3189.828369140625,11652900,2023-12-01 00:00:00+07:00
UNVR.JK,Unilever Indonesia,3198.615775116219,3224.977993043001,3119.529121335873,3189.828369140625,17107000,2023-12-04 00:00:00+07:00
UNVR.JK,Unilever Indonesia,3210.396539003151,3237.224365234375,3192.511321515668,3237.224365234375,14546100,2023-12-05 00:00:00+07:00
UNVR.JK,Unilever Indonesia,3237.2239068620906,3246.1665143396103,3129.9126171318558,3138.855224609375,16666500,2023-12-06 00:00:00+07:00
UNVR.JK,Unilever Indonesia,3138.855579536502,3192.51123046875,3129.912971047794,3192.51123046875,7254400,2023-12-07 00:00:00+07:00
UNVR.JK,Unilever Indonesia,3192.5108694744927,3192.5108694744927,3120.970009654336,3138.855224609375,10274300,2023-12-08 00:00:00+07:00
UNVR.JK,Unilever Indonesia,3129.912841796875,3138.8554499162947,3103.085017438616,3129.912841796875,7700700,2023-12-11 00:00:00+07:00
UNVR.JK,Unilever Indonesia,3129.912956393495,3138.8555648403335,3058.3720888187863,3067.314697265625,11409300,2023-12-12 00:00:00+07:00
UNVR.JK,Unilever Indonesia,3067.3147340636324,3094.1425597259968,3040.4869084012685,3085.199951171875,5871300,2023-12-13 00:00:00+07:00
UNVR.JK,Unilever Indonesia,3085.199857823989,3085.199857823989,3040.48681640625,3040.48681640625,6953500,2023-12-14 00:00:00+07:00
UNVR.JK,Unilever Indonesia,3040.4867606026787,3129.912841796875,2977.888503766741,3129.912841796875,24909000,2023-12-15 00:00:00+07:00
UNVR.JK,Unilever Indonesia,3112.0279508797653,3112.0279508797653,3022.6018603372436,3049.4296875,10582500,2023-12-18 00:00:00+07:00
UNVR.JK,Unilever Indonesia,3049.429480371948,3076.2573057124637,3022.601655031432,3067.314697265625,4909700,2023-12-19 00:00:00+07:00
UNVR.JK,Unilever Indonesia,3067.3147523031066,3147.798229768786,3058.372143695809,3094.142578125,15667400,2023-12-20 00:00:00+07:00
UNVR.JK,Unilever Indonesia,3103.085205078125,3112.0278137382925,3076.2573790976226,3103.085205078125,4497500,2023-12-21 00:00:00+07:00
UNVR.JK,Unilever Indonesia,3103.085205078125,3120.97042239846,3076.2573790976226,3103.085205078125,6665700,2023-12-22 00:00:00+07:00
UNVR.JK,Unilever Indonesia,3103.085205078125,3147.7982483789624,3085.19998775779,3103.085205078125,7000200,2023-12-27 00:00:00+07:00
UNVR.JK,Unilever Indonesia,3129.9129162804556,3192.5111746060647,3129.9129162804556,3165.683349609375,12314500,2023-12-28 00:00:00+07:00
UNVR.JK,Unilever Indonesia,3165.6833309357294,3174.6259392152087,3129.9128978178114,3156.74072265625,6004400,2023-12-29 00:00:00+07:00
UNVR.JK,Unilever Indonesia,3156.7407597931337,3174.6259765625,3129.9129346390846,3174.6259765625,5999200,2024-01-02 00:00:00+07:00
UNVR.JK,Unilever Indonesia,3174.6259392152087,3183.568547494688,3147.7981143767706,3156.74072265625,3253600,2024-01-03 00:00:00+07:00
UNVR.JK,Unilever Indonesia,3156.7409487637606,3183.5687755237923,3147.79833984375,3147.79833984375,4485500,2024-01-04 00:00:00+07:00
UNVR.JK,Unilever Indonesia,3165.683557683771,3201.453993363814,3147.79833984375,3147.79833984375,7584800,2024-01-05 00:00:00+07:00
UNVR.JK,Unilever Indonesia,3156.740627946525,3183.5684519800648,3103.0849798794447,3112.027587890625,7215700,2024-01-08 00:00:00+07:00
UNVR.JK,Unilever Indonesia,3112.027739499818,3120.970347946656,3058.3720888187863,3067.314697265625,6680700,2024-01-09 00:00:00+07:00
UNVR.JK,Unilever Indonesia,3067.3149056085044,3112.0279508797653,3049.4296875,3049.4296875,12276500,2024-01-10 00:00:00+07:00
UNVR.JK,Unilever Indonesia,3085.200123717009,3085.200123717009,3049.4296875,3049.4296875,1810300,2024-01-11 00:00:00+07:00
UNVR.JK,Unilever Indonesia,3067.314770437455,3112.0278137382925,3049.4295531171197,3103.085205078125,8747800,2024-01-12 00:00:00+07:00
UNVR.JK,Unilever Indonesia,3103.0851310529792,3112.027739499818,3067.314697265625,3067.314697265625,7943000,2024-01-15 00:00:00+07:00
UNVR.JK,Unilever Indonesia,3067.3149056085044,3103.0853418255133,3049.4296875,3049.4296875,5862800,2024-01-16 00:00:00+07:00
UNVR.JK,Unilever Indonesia,3076.2570947853915,3076.2570947853915,2960.0031929475717,2968.94580078125,30689000,2024-01-17 00:00:00+07:00
UNVR.JK,Unilever Indonesia,2977.888370028409,2986.8309777462123,2942.1179391571973,2951.060546875,14864200,2024-01-18 00:00:00+07:00
UNVR.JK,Unilever Indonesia,2951.060677987558,2951.060677987558,2870.5772049515335,2897.405029296875,15821600,2024-01-19 00:00:00+07:00
UNVR.JK,Unilever Indonesia,2879.5200836964145,2897.4053016075723,2790.093994140625,2790.093994140625,22069700,2024-01-22 00:00:00+07:00
UNVR.JK,Unilever Indonesia,2807.9790776090804,2861.634728773585,2799.0364690816627,2843.74951171875,17207800,2024-01-23 00:00:00+07:00
UNVR.JK,Unilever Indonesia,2843.74979095459,2879.5202285766604,2816.921962738037,2861.635009765625,8517800,2024-01-24 00:00:00+07:00
UNVR.JK,Unilever Indonesia,2852.692083044897,2861.634691455696,2816.921649401701,2825.8642578125,11169800,2024-01-25 00:00:00+07:00
UNVR.JK,Unilever Indonesia,2825.8642578125,2834.806866223299,2799.036432580103,2825.8642578125,5350200,2024-01-26 00:00:00+07:00
UNVR.JK,Unilever Indonesia,2825.8643561028816,2825.8643561028816,2745.3808776062806,2754.323486328125,13848500,2024-01-29 00:00:00+07:00
UNVR.JK,Unilever Indonesia,2754.3233357877393,2799.036376953125,2691.7250781561997,2799.036376953125,26092800,2024-01-30 00:00:00+07:00
UNVR.JK,Unilever Indonesia,2799.036320249496,2816.9215363533267,2772.20849609375,2772.20849609375,18463900,2024-01-31 00:00:00+07:00
UNVR.JK,Unilever Indonesia,2772.20849609375,2799.036320249496,2763.265888041835,2772.20849609375,12723500,2024-02-01 00:00:00+07:00
UNVR.JK,Unilever Indonesia,2772.2086254805795,2861.634710173502,2772.2086254805795,2834.806884765625,18042600,2024-02-02 00:00:00+07:00
UNVR.JK,Unilever Indonesia,2852.6924003601075,2897.4054473876954,2843.74979095459,2861.635009765625,16177900,2024-02-05 00:00:00+07:00
UNVR.JK,Unilever Indonesia,2879.5200736177885,2924.2331182391827,2834.8070289963944,2906.347900390625,14521500,2024-02-06 00:00:00+07:00
UNVR.JK,Unilever Indonesia,2906.3479362277812,2933.1757633314223,2897.405327193234,2924.233154296875,12311500,2024-02-07 00:00:00+07:00
UNVR.JK,Unilever Indonesia,2834.806648149882,2834.806648149882,2611.241455078125,2611.241455078125,82247100,2024-02-12 00:00:00+07:00
UNVR.JK,Unilever Indonesia,2611.2417236328124,2620.1843322753907,2503.930419921875,2503.930419921875,56546400,2024-02-13 00:00:00+07:00
UNVR.JK,Unilever Indonesia,2557.585827511732,2629.1266898197528,2530.7580041462247,2620.18408203125,37986300,2024-02-15 00:00:00+07:00
UNVR.JK,Unilever Indonesia,2620.184389148079,2629.1269979847616,2530.75830078125,2530.75830078125,22773700,2024-02-16 00:00:00+07:00
UNVR.JK,Unilever Indonesia,2530.7582458496095,2566.528680419922,2503.930419921875,2503.930419921875,19247100,2024-02-19 00:00:00+07:00
UNVR.JK,Unilever Indonesia,2503.9303456182065,2521.815562372622,2468.159912109375,2468.159912109375,25789800,2024-02-20 00:00:00+07:00
UNVR.JK,Unilever Indonesia,2468.159778694238,2468.159778694238,2369.7910918622215,2405.5615234375,42514700,2024-02-21 00:00:00+07:00
UNVR.JK,Unilever Indonesia,2405.5618214326746,2450.274866440717,2405.5618214326746,2432.3896484375,14447400,2024-02-22 00:00:00+07:00
UNVR.JK,Unilever Indonesia,2441.331955012779,2450.2745629065985,2378.733699756041,2405.5615234375,14969800,2024-02-23 00:00:00+07:00
UNVR.JK,Unilever Indonesia,2405.5615790525458,2405.5615790525458,2316.135498046875,2316.135498046875,30113500,2024-02-26 00:00:00+07:00
UNVR.JK,Unilever Indonesia,2316.1357953020633,2360.8488415434163,2298.2505768055225,2342.963623046875,23069800,2024-02-27 00:00:00+07:00
UNVR.JK,Unilever Indonesia,2342.963523582176,2432.3896122685187,2334.020914713542,2414.50439453125,23977800,2024-02-28 00:00:00+07:00
UNVR.JK,Unilever Indonesia,2423.446814903846,2441.33203125,2360.8485576923076,2441.33203125,33006500,2024-02-29 00:00:00+07:00
UNVR.JK,Unilever Indonesia,2423.446814903846,2441.33203125,2378.733774038462,2441.33203125,13019300,2024-03-01 00:00:00+07:00
UNVR.JK,Unilever Indonesia,2441.3321656645016,2450.274774329939,2378.7339050064375,2387.676513671875,9755100,2024-03-04 00:00:00+07:00
UNVR.JK,Unilever Indonesia,2387.676513671875,2405.5617310027505,2360.848687675562,2387.676513671875,9041900,2024-03-05 00:00:00+07:00
UNVR.JK,Unilever Indonesia,2396.6189155436805,2432.389347118959,2387.6763076498605,2405.5615234375,8404900,2024-03-06 00:00:00+07:00
UNVR.JK,Unilever Indonesia,2414.5042067307695,2441.33203125,2396.6189903846157,2441.33203125,18964900,2024-03-07 00:00:00+07:00
UNVR.JK,Unilever Indonesia,2441.332146895559,2450.274755492246,2378.73388671875,2378.73388671875,9291000,2024-03-08 00:00:00+07:00
UNVR.JK,Unilever Indonesia,2432.3896484375,2432.3896484375,2378.733994427849,2432.3896484375,18542100,2024-03-13 00:00:00+07:00
UNVR.JK,Unilever Indonesia,2432.389347118959,2432.389347118959,2378.733699756041,2405.5615234375,23624800,2024-03-14 00:00:00+07:00
UNVR.JK,Unilever Indonesia,2378.7340957179217,2405.561923865116,2342.9636581883287,2360.848876953125,31980100,2024-03-15 00:00:00+07:00
UNVR.JK,Unilever Indonesia,2360.8483966042418,2503.9301176105596,2360.8483966042418,2477.102294921875,31870900,2024-03-18 00:00:00+07:00
UNVR.JK,Unilever Indonesia,2486.045091169594,2494.9876994112115,2450.274658203125,2450.274658203125,7212400,2024-03-19 00:00:00+07:00
UNVR.JK,Unilever Indonesia,2468.159912109375,2521.815562372622,2450.274695354959,2468.159912109375,20534200,2024-03-20 00:00:00+07:00
UNVR.JK,Unilever Indonesia,2468.160084443934,2486.045302447151,2432.3896484375,2432.3896484375,10191700,2024-03-21 00:00:00+07:00
UNVR.JK,Unilever Indonesia,2432.3896484375,2459.2174754423254,2387.676603429458,2432.3896484375,12568600,2024-03-22 00:00:00+07:00
UNVR.JK,Unilever Indonesia,2468.159912109375,2468.159912109375,2405.5616534689198,2468.159912109375,9638300,2024-03-25 00:00:00+07:00
UNVR.JK,Unilever Indonesia,2477.102294921875,2477.102294921875,2441.3318646702955,2477.102294921875,12137600,2024-03-26 00:00:00+07:00
UNVR.JK,Unilever Indonesia,2441.33203125,2477.1024639423076,2432.3894230769233,2441.33203125,8171400,2024-03-27 00:00:00+07:00
UNVR.JK,Unilever Indonesia,2441.332221137153,2450.274830005787,2369.791350188079,2414.50439453125,22405000,2024-03-28 00:00:00+07:00
UNVR.JK,Unilever Indonesia,2414.5042067307695,2441.33203125,2351.905949519231,2441.33203125,10886900,2024-04-01 00:00:00+07:00
UNVR.JK,Unilever Indonesia,2432.389441719891,2450.274658203125,2414.504225236656,2450.274658203125,7454900,2024-04-02 00:00:00+07:00
UNVR.JK,Unilever Indonesia,2450.2745629065985,2450.2745629065985,2387.6763076498605,2405.5615234375,10531600,2024-04-03 00:00:00+07:00
UNVR.JK,Unilever Indonesia,2405.5615612747924,2494.9876416195802,2405.5615612747924,2423.44677734375,15061600,2024-04-04 00:00:00+07:00
UNVR.JK,Unilever Indonesia,2423.4469668260263,2441.332184293377,2396.619140625,2396.619140625,4694500,2024-04-05 00:00:00+07:00
UNVR.JK,Unilever Indonesia,2325.0782595656988,2351.906085637611,2271.422607421875,2271.422607421875,20692600,2024-04-16 00:00:00+07:00
UNVR.JK,Unilever Indonesia,2271.422536342959,2280.365144753758,2119.398193359375,2119.398193359375,35911000,2024-04-17 00:00:00+07:00
UNVR.JK,Unilever Indonesia,2119.398230133695,2173.053881529485,2119.398230133695,2137.283447265625,13303400,2024-04-18 00:00:00+07:00
UNVR.JK,Unilever Indonesia,2128.3408203125,2181.9964712447477,2083.62777786896,2128.3408203125,13199200,2024-04-19 00:00:00+07:00
UNVR.JK,Unilever Indonesia,2146.2260924533193,2173.053918608986,2119.398266297653,2155.168701171875,6973300,2024-04-22 00:00:00+07:00
UNVR.JK,Unilever Indonesia,2164.111158379158,2173.0537664716335,2083.627685546875,2083.627685546875,13225400,2024-04-23 00:00:00+07:00
UNVR.JK,Unilever Indonesia,2101.513013001765,2164.1112729635197,2101.513013001765,2137.283447265625,14639700,2024-04-24 00:00:00+07:00
UNVR.JK,Unilever Indonesia,2235.6523455995502,2405.561923865116,2235.6523455995502,2360.848876953125,49635500,2024-04-25 00:00:00+07:00
UNVR.JK,Unilever Indonesia,2369.791146650278,2459.2172276559486,2316.135498046875,2316.135498046875,31837700,2024-04-26 00:00:00+07:00
UNVR.JK,Unilever Indonesia,2325.078106147442,2334.0207142480094,2217.766808940637,2316.135498046875,20630300,2024-04-29 00:00:00+07:00
UNVR.JK,Unilever Indonesia,2316.1357953020633,2387.6766692882275,2289.307967557252,2342.963623046875,21069900,2024-04-30 00:00:00+07:00
UNVR.JK,Unilever Indonesia,2342.9636581883287,2360.848876953125,2298.2506112763376,2360.848876953125,12789700,2024-05-02 00:00:00+07:00
UNVR.JK,Unilever Indonesia,2360.8485576923076,2369.7911658653848,2298.2503004807695,2325.078125,12159100,2024-05-03 00:00:00+07:00
UNVR.JK,Unilever Indonesia,2369.7911658653848,2369.7911658653848,2298.2503004807695,2325.078125,4220900,2024-05-06 00:00:00+07:00
UNVR.JK,Unilever Indonesia,2325.0782595656988,2325.0782595656988,2262.4799987312376,2271.422607421875,8625300,2024-05-07 00:00:00+07:00
UNVR.JK,Unilever Indonesia,2271.422643661499,2307.193078994751,2262.480034828186,2289.307861328125,11512500,2024-05-08 00:00:00+07:00
UNVR.JK,Unilever Indonesia,2289.3077830188677,2405.5616938752946,2289.3077830188677,2369.791259765625,23948700,2024-05-13 00:00:00+07:00
UNVR.JK,Unilever Indonesia,2387.676567925347,2423.4470033998846,2360.848741319445,2414.50439453125,10089800,2024-05-14 00:00:00+07:00
UNVR.JK,Unilever Indonesia,2414.5043580923507,2423.4469668260263,2369.7913144239737,2396.619140625,7512400,2024-05-15 00:00:00+07:00
UNVR.JK,Unilever Indonesia,2396.6191767939818,2414.50439453125,2378.733959056713,2414.50439453125,8083900,2024-05-16 00:00:00+07:00
UNVR.JK,Unilever Indonesia,2414.504169309271,2459.217209481665,2414.504169309271,2423.44677734375,9948800,2024-05-17 00:00:00+07:00
UNVR.JK,Unilever Indonesia,2423.4470033998846,2459.2174388744215,2396.6191767939818,2414.50439453125,6973900,2024-05-20 00:00:00+07:00
UNVR.JK,Unilever Indonesia,2423.446902350462,2602.299072265625,2414.5042938547035,2602.299072265625,44624100,2024-05-21 00:00:00+07:00
UNVR.JK,Unilever Indonesia,2602.299103381587,2763.2660582299327,2566.5286689708437,2736.438232421875,50452500,2024-05-22 00:00:00+07:00
UNVR.JK,Unilever Indonesia,2763.2659432814894,2924.2328914338095,2763.2659432814894,2915.290283203125,54566200,2024-05-27 00:00:00+07:00
UNVR.JK,Unilever Indonesia,2942.118390339177,3031.544481230945,2825.8644721798782,2933.17578125,29382200,2024-05-28 00:00:00+07:00
UNVR.JK,Unilever Indonesia,2933.1752556582223,2933.1752556582223,2655.9544235685735,2691.724853515625,28321900,2024-05-29 00:00:00+07:00
UNVR.JK,Unilever Indonesia,2682.782433807275,2852.691987948402,2655.9546094692023,2781.151123046875,32045000,2024-05-30 00:00:00+07:00
UNVR.JK,Unilever Indonesia,2825.864429962941,2888.462692651993,2790.093994140625,2790.093994140625,93435800,2024-05-31 00:00:00+07:00
UNVR.JK,Unilever Indonesia,2816.9217473810368,2852.6921822684153,2745.3808776062806,2754.323486328125,16632800,2024-06-03 00:00:00+07:00
UNVR.JK,Unilever Indonesia,2754.3233357877393,2861.6346345846646,2745.3807275546624,2799.036376953125,20118800,2024-06-04 00:00:00+07:00
UNVR.JK,Unilever Indonesia,2807.979120012215,2825.8643373371337,2736.438250712541,2745.380859375,15373900,2024-06-05 00:00:00+07:00
UNVR.JK,Unilever Indonesia,2754.323486328125,2834.806964824726,2745.3808776062806,2754.323486328125,9097200,2024-06-06 00:00:00+07:00
UNVR.JK,Unilever Indonesia,2754.323105922965,2772.208320896491,2691.724853515625,2691.724853515625,18546500,2024-06-07 00:00:00+07:00
UNVR.JK,Unilever Indonesia,2691.7252074002445,2825.8643373371337,2691.7252074002445,2745.380859375,16337700,2024-06-10 00:00:00+07:00
UNVR.JK,Unilever Indonesia,2763.2660582299327,2790.0938840379904,2727.4956238191894,2736.438232421875,9309500,2024-06-11 00:00:00+07:00
UNVR.JK,Unilever Indonesia,2736.438232421875,2790.0938840379904,2700.6677980111317,2736.438232421875,9454500,2024-06-12 00:00:00+07:00
UNVR.JK,Unilever Indonesia,2736.438232421875,2790.0938840379904,2736.438232421875,2736.438232421875,11469600,2024-06-13 00:00:00+07:00
UNVR.JK,Unilever Indonesia,2763.2663063049317,2870.577619171143,2745.3810874938968,2861.635009765625,31693600,2024-06-14 00:00:00+07:00
UNVR.JK,Unilever Indonesia,2861.634771986971,2861.634771986971,2736.438250712541,2745.380859375,26712400,2024-06-19 00:00:00+07:00
UNVR.JK,Unilever Indonesia,2763.2662690815173,2772.208878366571,2638.069739090769,2718.55322265625,15901600,2024-06-20 00:00:00+07:00
UNVR.JK,Unilever Indonesia,2718.5531328386287,2772.208786776233,2673.840087890625,2673.840087890625,31954300,2024-06-21 00:00:00+07:00
UNVR.JK,Unilever Indonesia,2691.724853515625,2736.4378909494394,2691.724853515625,2691.724853515625,11463100,2024-06-24 00:00:00+07:00
UNVR.JK,Unilever Indonesia,2691.724853515625,2709.6100684891508,2682.782246028862,2691.724853515625,6407300,2024-06-25 00:00:00+07:00
UNVR.JK,Unilever Indonesia,2691.724853515625,2727.4952834626765,2673.8396385420992,2691.724853515625,10002000,2024-06-26 00:00:00+07:00
UNVR.JK,Unilever Indonesia,2709.610442718902,2772.2087037718143,2691.7252252752132,2754.323486328125,11445600,2024-06-27 00:00:00+07:00
UNVR.JK,Unilever Indonesia,2745.3810145902316,2772.2088420943705,2700.66796875,2700.66796875,22976500,2024-06-28 00:00:00+07:00
UNVR.JK,Unilever Indonesia,2743.7975637075065,2752.9741441881333,2707.0912417849977,2716.267822265625,19111600,2024-07-01 00:00:00+07:00
UNVR.JK,Unilever Indonesia,2716.267999000421,2734.621161155829,2697.914836845013,2725.444580078125,18080200,2024-07-02 00:00:00+07:00
UNVR.JK,Unilever Indonesia,2725.4442910953444,2725.4442910953444,2679.5613905718537,2697.91455078125,13475700,2024-07-03 00:00:00+07:00
UNVR.JK,Unilever Indonesia,2688.7378590204944,2707.091018467733,2661.208119849636,2679.561279296875,9162800,2024-07-04 00:00:00+07:00
UNVR.JK,Unilever Indonesia,2679.5613455756015,2697.914505476804,2670.384765625,2670.384765625,3813800,2024-07-05 00:00:00+07:00
UNVR.JK,Unilever Indonesia,2679.5616258965165,2798.857177734375,2679.5616258965165,2798.857177734375,13331300,2024-07-08 00:00:00+07:00
UNVR.JK,Unilever Indonesia,2817.210183919271,2826.3867643229164,2725.4443798828124,2752.97412109375,9920600,2024-07-09 00:00:00+07:00
UNVR.JK,Unilever Indonesia,2752.9741441881333,2762.1507246687606,2707.0912417849977,2716.267822265625,7287100,2024-07-10 00:00:00+07:00
UNVR.JK,Unilever Indonesia,2725.4445632408406,2743.7977252828664,2661.20849609375,2661.20849609375,15616700,2024-07-11 00:00:00+07:00
UNVR.JK,Unilever Indonesia,2670.3846995732556,2707.091018467733,2661.208119849636,2679.561279296875,8178100,2024-07-12 00:00:00+07:00
UNVR.JK,Unilever Indonesia,2697.9146174408065,2707.0911977722376,2652.03171578365,2688.738037109375,11015000,2024-07-15 00:00:00+07:00
UNVR.JK,Unilever Indonesia,2688.7381074844307,2688.7381074844307,2578.619140625,2578.619140625,16544200,2024-07-16 00:00:00+07:00
UNVR.JK,Unilever Indonesia,2596.972453937664,2642.855359484266,2587.795872828344,2624.502197265625,6442600,2024-07-17 00:00:00+07:00
UNVR.JK,Unilever Indonesia,2624.5021118164063,2642.8552734375,2569.442626953125,2569.442626953125,15388600,2024-07-18 00:00:00+07:00
UNVR.JK,Unilever Indonesia,2569.442626953125,2596.9723693847654,2541.9128845214846,2569.442626953125,13042200,2024-07-19 00:00:00+07:00
UNVR.JK,Unilever Indonesia,2569.4425396327556,2596.9722811288207,2505.2064761419365,2514.383056640625,11835200,2024-07-22 00:00:00+07:00
UNVR.JK,Unilever Indonesia,2514.3831237122254,2541.912865942651,2486.8533814817993,2505.20654296875,9975200,2024-07-23 00:00:00+07:00
UNVR.JK,Unilever Indonesia,2505.206365248736,2514.3829453412222,2477.6766249712773,2496.02978515625,8819600,2024-07-24 00:00:00+07:00
UNVR.JK,Unilever Indonesia,2385.9108896523594,2413.4406306868095,2257.438764824925,2284.968505859375,49706400,2024-07-25 00:00:00+07:00
UNVR.JK,Unilever Indonesia,2294.1450862041916,2312.498246893825,2275.7919255145584,2284.968505859375,10432400,2024-07-26 00:00:00+07:00
UNVR.JK,Unilever Indonesia,2284.968708317454,2312.4984517911585,2248.2623836858484,2257.43896484375,15273200,2024-07-29 00:00:00+07:00
UNVR.JK,Unilever Indonesia,2275.7920846193415,2275.7920846193415,2211.556017714763,2229.9091796875,13418000,2024-07-30 00:00:00+07:00
UNVR.JK,Unilever Indonesia,2239.0859375,2248.2625192110654,2211.5561923668033,2239.0859375,12819500,2024-07-31 00:00:00+07:00
UNVR.JK,Unilever Indonesia,2239.0855390624997,2303.321599609375,2239.0855390624997,2294.14501953125,12299900,2024-08-01 00:00:00+07:00
UNVR.JK,Unilever Indonesia,2294.145246592078,2330.851570537551,2229.9091796875,2229.9091796875,12724200,2024-08-02 00:00:00+07:00
UNVR.JK,Unilever Indonesia,2229.9090692670516,2248.2622303309777,2174.8495860752723,2211.555908203125,12797900,2024-08-05 00:00:00+07:00
UNVR.JK,Unilever Indonesia,2229.9092213700455,2284.968708317454,2211.5560590542427,2257.43896484375,13817000,2024-08-06 00:00:00+07:00
UNVR.JK,Unilever Indonesia,2257.4388309601813,2275.7919921875,2239.0856697328627,2275.7919921875,7543700,2024-08-07 00:00:00+07:00
UNVR.JK,Unilever Indonesia,2266.615546001651,2294.1452894753556,2257.43896484375,2257.43896484375,6237100,2024-08-08 00:00:00+07:00
UNVR.JK,Unilever Indonesia,2266.615546001651,2284.968708317454,2239.085802527947,2257.43896484375,4069500,2024-08-09 00:00:00+07:00
UNVR.JK,Unilever Indonesia,2257.43896484375,2275.792127159553,2239.085802527947,2257.43896484375,6165000,2024-08-12 00:00:00+07:00
UNVR.JK,Unilever Indonesia,2266.6153679049744,2266.6153679049744,2229.9090461575256,2248.26220703125,9960500,2024-08-13 00:00:00+07:00
UNVR.JK,Unilever Indonesia,2248.2623416602364,2257.4389226466046,2211.556017714763,2229.9091796875,19701700,2024-08-14 00:00:00+07:00
UNVR.JK,Unilever Indonesia,2211.5558640936842,2229.9090247915574,2184.026123046875,2184.026123046875,14678100,2024-08-15 00:00:00+07:00
UNVR.JK,Unilever Indonesia,2193.20263671875,2211.555796858656,2184.026056648797,2193.20263671875,15338700,2024-08-16 00:00:00+07:00
UNVR.JK,Unilever Indonesia,2193.202838445114,2211.5560002731067,2147.3199338751324,2165.673095703125,27231100,2024-08-19 00:00:00+07:00
UNVR.JK,Unilever Indonesia,2165.67278563423,2211.555683634955,2147.31962643394,2174.849365234375,47604400,2024-08-20 00:00:00+07:00
UNVR.JK,Unilever Indonesia,2184.0262575311176,2229.9091621010994,2165.673095703125,2165.673095703125,58997300,2024-08-21 00:00:00+07:00
UNVR.JK,Unilever Indonesia,2165.6731632313827,2193.202906831782,2138.1434196309838,2156.49658203125,23164600,2024-08-22 00:00:00+07:00
UNVR.JK,Unilever Indonesia,2156.49658203125,2184.026325631649,2156.49658203125,2156.49658203125,17697600,2024-08-23 00:00:00+07:00
UNVR.JK,Unilever Indonesia,2156.49658203125,2184.026325631649,2138.1434196309838,2156.49658203125,20397600,2024-08-26 00:00:00+07:00
UNVR.JK,Unilever Indonesia,2156.496246204626,2165.6728259757097,2064.730448493791,2101.436767578125,53066300,2024-08-27 00:00:00+07:00
UNVR.JK,Unilever Indonesia,2101.4370366753474,2101.4370366753474,2055.5541319444446,2064.730712890625,33915800,2024-08-28 00:00:00+07:00
UNVR.JK,Unilever Indonesia,2064.7307804652623,2092.260524204799,2055.55419921875,2055.55419921875,16896700,2024-08-29 00:00:00+07:00
UNVR.JK,Unilever Indonesia,2055.554240088106,2092.2605658039647,2055.554240088106,2083.083984375,35048000,2024-08-30 00:00:00+07:00
UNVR.JK,Unilever Indonesia,2092.2601878070413,2138.143086662459,2073.9070282648745,2101.436767578125,33193700,2024-09-02 00:00:00+07:00
UNVR.JK,Unilever Indonesia,2101.4370366753474,2110.6136176215277,2064.730712890625,2064.730712890625,20121900,2024-09-03 00:00:00+07:00
UNVR.JK,Unilever Indonesia,2064.7307804652623,2073.9073617117747,2046.3776179722377,2055.55419921875,17653400,2024-09-04 00:00:00+07:00
UNVR.JK,Unilever Indonesia,2055.5539660754503,2064.730546281144,2037.2008056640625,2037.2008056640625,19923600,2024-09-05 00:00:00+07:00
UNVR.JK,Unilever Indonesia,2037.2008056640625,2064.730546281144,2018.8476452526745,2037.2008056640625,22143400,2024-09-06 00:00:00+07:00
UNVR.JK,Unilever Indonesia,2037.2010079997858,2046.377589116902,1991.3181024142052,2009.6712646484375,28639100,2024-09-09 00:00:00+07:00
UNVR.JK,Unilever Indonesia,2009.6710100130797,2055.553909785068,2009.6710100130797,2028.024169921875,15566300,2024-09-10 00:00:00+07:00
UNVR.JK,Unilever Indonesia,2028.0244268826698,2083.0839135853666,2009.6712646484375,2009.6712646484375,19451900,2024-09-11 00:00:00+07:00
UNVR.JK,Unilever Indonesia,2018.8476452526745,2055.5539660754503,2009.6710650469804,2037.2008056640625,19386200,2024-09-12 00:00:00+07:00
UNVR.JK,Unilever Indonesia,2037.201063121449,2046.3776444868608,2000.494737659801,2018.847900390625,22249000,2024-09-13 00:00:00+07:00
UNVR.JK,Unilever Indonesia,2018.8477906393348,2028.0243715058773,1991.3180480397075,2000.49462890625,16822800,2024-09-17 00:00:00+07:00
UNVR.JK,Unilever Indonesia,2009.6710100130797,2028.024169921875,2000.4944300586822,2028.024169921875,14504400,2024-09-18 00:00:00+07:00
UNVR.JK,Unilever Indonesia,2028.024481756037,2110.6137140447445,2018.847900390625,2018.847900390625,71191900,2024-09-19 00:00:00+07:00
UNVR.JK,Unilever Indonesia,2018.8477350050402,2028.0243156186996,1991.3179931640625,1991.3179931640625,41017800,2024-09-20 00:00:00+07:00
UNVR.JK,Unilever Indonesia,2009.6710100130797,2028.024169921875,1991.3178501042846,2028.024169921875,17520500,2024-09-23 00:00:00+07:00
UNVR.JK,Unilever Indonesia,2037.2009039684733,2083.0838072110064,2028.0243233199667,2073.9072265625,25946800,2024-09-24 00:00:00+07:00
UNVR.JK,Unilever Indonesia,2073.9069633152176,2110.61328125,2055.5538043478264,2110.61328125,36252700,2024-09-25 00:00:00+07:00
UNVR.JK,Unilever Indonesia,2110.61328125,2119.7898607336956,2073.9069633152176,2110.61328125,24682000,2024-09-26 00:00:00+07:00
UNVR.JK,Unilever Indonesia,2119.790310090859,2147.3200543777534,2083.083984375,2083.083984375,38117300,2024-09-27 00:00:00+07:00
UNVR.JK,Unilever Indonesia,2083.0836496482607,2101.436809557056,2028.024169921875,2028.024169921875,29424700,2024-09-30 00:00:00+07:00
UNVR.JK,Unilever Indonesia,2046.3773298306703,2055.553909785068,2009.6710100130797,2028.024169921875,19633500,2024-10-01 00:00:00+07:00
UNVR.JK,Unilever Indonesia,2018.8477350050402,2028.0243156186996,1982.1414125504032,1991.3179931640625,28428400,2024-10-02 00:00:00+07:00
UNVR.JK,Unilever Indonesia,1991.3181024142052,2018.8478457655535,1963.7883590628567,2009.6712646484375,17310900,2024-10-03 00:00:00+07:00
UNVR.JK,Unilever Indonesia,2009.6711543913812,2018.8477350050402,1991.3179931640625,1991.3179931640625,8635300,2024-10-04 00:00:00+07:00
UNVR.JK,Unilever Indonesia,2000.4947515143172,2083.083984375,2000.4947515143172,2083.083984375,27472500,2024-10-07 00:00:00+07:00
UNVR.JK,Unilever Indonesia,2083.0837180397725,2138.1431995738635,2055.553977272727,2119.7900390625,31078200,2024-10-08 00:00:00+07:00
UNVR.JK,Unilever Indonesia,2119.7902414422288,2156.4965659693667,2092.260498046875,2092.260498046875,24865600,2024-10-09 00:00:00+07:00
UNVR.JK,Unilever Indonesia,2119.7902414422288,2128.966822574013,2073.907335783306,2092.260498046875,11655300,2024-10-10 00:00:00+07:00
UNVR.JK,Unilever Indonesia,2092.2605658039647,2110.613728661894,2055.554240088106,2083.083984375,11215100,2024-10-11 00:00:00+07:00
UNVR.JK,Unilever Indonesia,2083.0836528909617,2128.966552734375,2064.7304929535967,2128.966552734375,15728600,2024-10-14 00:00:00+07:00
UNVR.JK,Unilever Indonesia,2128.966838430851,2184.026325631649,2119.790257230718,2156.49658203125,40827200,2024-10-15 00:00:00+07:00
UNVR.JK,Unilever Indonesia,2174.8498655225408,2239.0859375,2128.966956967213,2239.0859375,43977800,2024-10-16 00:00:00+07:00
UNVR.JK,Unilever Indonesia,2202.37910403481,2211.555683634955,2174.849365234375,2174.849365234375,21524500,2024-10-17 00:00:00+07:00
UNVR.JK,Unilever Indonesia,2174.8496334747183,2174.8496334747183,2138.143310546875,2138.143310546875,12024900,2024-10-18 00:00:00+07:00
UNVR.JK,Unilever Indonesia,2147.3198912788357,2174.8496334747183,2110.6135683509924,2138.143310546875,20893700,2024-10-21 00:00:00+07:00
UNVR.JK,Unilever Indonesia,2138.1431327030577,2165.6728726091055,2119.7899727656923,2128.966552734375,21455700,2024-10-22 00:00:00+07:00
UNVR.JK,Unilever Indonesia,2128.9667298149143,2147.3198912788357,2101.4369876190317,2138.143310546875,12440600,2024-10-23 00:00:00+07:00
UNVR.JK,Unilever Indonesia,1991.3178928715524,2018.8476333259978,1927.0818318111797,1954.611572265625,81409800,2024-10-24 00:00:00+07:00
UNVR.JK,Unilever Indonesia,1954.6116507393972,1982.141392299107,1927.0819091796875,1927.0819091796875,30244700,2024-10-25 00:00:00+07:00
UNVR.JK,Unilever Indonesia,1927.0819575243656,1936.2585382744817,1853.6693115234375,1853.6693115234375,23210300,2024-10-28 00:00:00+07:00
UNVR.JK,Unilever Indonesia,1853.6693115234375,1890.3756345239015,1826.1395692730894,1853.6693115234375,31036200,2024-10-29 00:00:00+07:00
UNVR.JK,Unilever Indonesia,1853.6692230847418,1853.6692230847418,1798.6097412109375,1798.6097412109375,29695000,2024-10-30 00:00:00+07:00
UNVR.JK,Unilever Indonesia,1798.6097079755089,1821.5511583323394,1798.6097079755089,1803.197998046875,12410700,2024-10-31 00:00:00+07:00
UNVR.JK,Unilever Indonesia,1803.1980648577364,1807.7863550991049,1789.4331941336316,1794.021484375,9685800,2024-11-01 00:00:00+07:00
UNVR.JK,Unilever Indonesia,1794.0215676047585,1798.6098580589905,1716.0206298828125,1716.0206298828125,22080600,2024-11-04 00:00:00+07:00
UNVR.JK,Unilever Indonesia,1716.0204961540994,1738.9619466374431,1633.4312744140625,1633.4312744140625,44741100,2024-11-05 00:00:00+07:00
UNVR.JK,Unilever Indonesia,1628.843029054821,1642.60789972289,1601.3132877186831,1610.4898681640625,35209700,2024-11-06 00:00:00+07:00
UNVR.JK,Unilever Indonesia,1610.4898797730548,1638.019621307637,1592.13671875,1592.13671875,19840000,2024-11-07 00:00:00+07:00
UNVR.JK,Unilever Indonesia,1601.3133756464179,1628.8431184942071,1596.725085171786,1615.0782470703125,19093300,2024-11-08 00:00:00+07:00
UNVR.JK,Unilever Indonesia,1619.666426384586,1624.2547165443157,1592.1366854262078,1596.7249755859375,22473500,2024-11-11 00:00:00+07:00
UNVR.JK,Unilever Indonesia,1601.3134243899829,1674.72607421875,1596.725133775685,1674.72607421875,24318400,2024-11-12 00:00:00+07:00
UNVR.JK,Unilever Indonesia,1738.9620635986328,1738.9620635986328,1651.7845458984375,1651.7845458984375,22535900,2024-11-13 00:00:00+07:00
UNVR.JK,Unilever Indonesia,1651.7845024496823,1665.5493733034295,1624.2547607421875,1624.2547607421875,12795300,2024-11-14 00:00:00+07:00
UNVR.JK,Unilever Indonesia,1624.2546307323425,1697.6672694095105,1624.2546307323425,1693.0789794921875,25035400,2024-11-15 00:00:00+07:00
UNVR.JK,Unilever Indonesia,1697.6674375429257,1697.6674375429257,1656.372824197287,1670.1376953125,9937400,2024-11-18 00:00:00+07:00
UNVR.JK,Unilever Indonesia,1670.1376736712257,1683.9025446080766,1656.372802734375,1656.372802734375,7647900,2024-11-19 00:00:00+07:00
UNVR.JK,Unilever Indonesia,1656.372802734375,1679.3142542957928,1651.7845124220914,1656.372802734375,8032900,2024-11-20 00:00:00+07:00
UNVR.JK,Unilever Indonesia,1651.784457502694,1670.1376181416128,1596.7249755859375,1596.7249755859375,21864200,2024-11-21 00:00:00+07:00
UNVR.JK,Unilever Indonesia,1610.4899650722493,1660.961160558844,1605.901674573468,1647.1962890625,11683400,2024-11-22 00:00:00+07:00
UNVR.JK,Unilever Indonesia,1660.9612045885688,1757.3153076171875,1660.9612045885688,1757.3153076171875,51638500,2024-11-25 00:00:00+07:00
UNVR.JK,Unilever Indonesia,1761.9035344251338,1775.6684057878301,1716.0206298828125,1716.0206298828125,25359300,2024-11-26 00:00:00+07:00
UNVR.JK,Unilever Indonesia,1743.5502709507625,1780.2565924444627,1729.785400390625,1729.785400390625,18645200,2024-11-28 00:00:00+07:00
UNVR.JK,Unilever Indonesia,1729.7854118449438,1748.1385727133252,1702.2556705423717,1711.4322509765625,15027900,2024-11-29 00:00:00+07:00
UNVR.JK,Unilever Indonesia,1697.6674348958334,1743.5503385416666,1697.6674348958334,1720.60888671875,8835100,2024-12-02 00:00:00+07:00
UNVR.JK,Unilever Indonesia,1725.1971770833334,1743.5503385416666,1706.844015625,1720.60888671875,8008800,2024-12-03 00:00:00+07:00
UNVR.JK,Unilever Indonesia,1711.4323152072766,1761.9035094895287,1706.8440248179809,1752.7269287109375,11996400,2024-12-04 00:00:00+07:00
UNVR.JK,Unilever Indonesia,1772.420466796875,1772.420466796875,1734.9089225260416,1758.3536376953125,6319800,2024-12-05 00:00:00+07:00
UNVR.JK,Unilever Indonesia,1758.3536158271015,1767.7315017781793,1744.2867869004847,1753.6646728515625,3507600,2024-12-06 00:00:00+07:00
UNVR.JK,Unilever Indonesia,1753.6646602902374,1795.8651467678098,1748.975717348285,1777.109375,7794200,2024-12-09 00:00:00+07:00
UNVR.JK,Unilever Indonesia,1791.1761767578123,1913.0886914062498,1781.798291015625,1875.5771484375,39307500,2024-12-10 00:00:00+07:00
UNVR.JK,Unilever Indonesia,1875.5771509479434,1894.332922457423,1823.998779296875,1823.998779296875,19931300,2024-12-11 00:00:00+07:00
UNVR.JK,Unilever Indonesia,1828.6877921998032,1833.3767352567256,1786.4873046875,1786.4873046875,7574000,2024-12-12 00:00:00+07:00
UNVR.JK,Unilever Indonesia,1786.4872736803352,1786.4872736803352,1739.5978439249457,1753.6646728515625,8899500,2024-12-13 00:00:00+07:00
UNVR.JK,Unilever Indonesia,1753.6647213452484,1753.6647213452484,1706.7752902932364,1711.4642333984375,7627000,2024-12-16 00:00:00+07:00
UNVR.JK,Unilever Indonesia,1697.3973645296965,1716.15313651345,1650.5079345703125,1650.5079345703125,17086100,2024-12-17 00:00:00+07:00
UNVR.JK,Unilever Indonesia,1673.9526025661141,1706.77520261643,1641.1300025157982,1692.7083740234375,10167000,2024-12-18 00:00:00+07:00
UNVR.JK,Unilever Indonesia,1683.3304560602048,1683.3304560602048,1650.5078566384182,1659.8857421875,6313900,2024-12-19 00:00:00+07:00
UNVR.JK,Unilever Indonesia,1659.8857763671874,1673.9526049804685,1641.1300048828125,1641.1300048828125,16051300,2024-12-20 00:00:00+07:00
UNVR.JK,Unilever Indonesia,1655.196864878764,1683.330522638743,1645.8189789587711,1673.95263671875,5679500,2024-12-23 00:00:00+07:00
UNVR.JK,Unilever Indonesia,1673.9526147735253,1706.7752150632023,1669.263671875,1669.263671875,3695800,2024-12-24 00:00:00+07:00
UNVR.JK,Unilever Indonesia,1673.952633401622,1744.2867776621945,1669.2636904509172,1725.531005859375,9226300,2024-12-27 00:00:00+07:00
UNVR.JK,Unilever Indonesia,1725.5309598806366,1772.4203881382625,1706.775188577586,1767.7314453125,9186900,2024-12-30 00:00:00+07:00
UNVR.JK,Unilever Indonesia,1781.7984249936137,1781.7984249936137,1706.7753334149352,1720.8421630859375,6628000,2025-01-02 00:00:00+07:00
UNVR.JK,Unilever Indonesia,1720.842021071743,1725.5309639084505,1664.57470703125,1664.57470703125,22048300,2025-01-03 00:00:00+07:00
UNVR.JK,Unilever Indonesia,1664.5746968878716,1692.7083537366807,1636.4410400390625,1636.4410400390625,8325600,2025-01-06 00:00:00+07:00
UNVR.JK,Unilever Indonesia,1641.1300144838483,1669.263671875,1641.1300144838483,1669.263671875,6024700,2025-01-07 00:00:00+07:00
UNVR.JK,Unilever Indonesia,1669.263674705616,1669.263674705616,1617.685302734375,1617.685302734375,10493000,2025-01-08 00:00:00+07:00
UNVR.JK,Unilever Indonesia,1617.6852705916003,1636.4410418448363,1584.8626708984375,1584.8626708984375,6587100,2025-01-09 00:00:00+07:00
UNVR.JK,Unilever Indonesia,1589.551679415437,1608.307451443938,1580.1737934011867,1598.9295654296875,6937800,2025-01-10 00:00:00+07:00
UNVR.JK,Unilever Indonesia,1603.6185735658157,1636.4411759487418,1598.929630368255,1612.9964599609375,6631600,2025-01-13 00:00:00+07:00
UNVR.JK,Unilever Indonesia,1612.996325998388,1678.6415253122761,1612.996325998388,1636.4410400390625,13966800,2025-01-14 00:00:00+07:00
UNVR.JK,Unilever Indonesia,1636.4411184877072,1655.1968906193715,1627.063232421875,1627.063232421875,7251900,2025-01-15 00:00:00+07:00
UNVR.JK,Unilever Indonesia,1641.1300359987745,1678.6415796787467,1636.441093038778,1673.95263671875,12071200,2025-01-16 00:00:00+07:00
UNVR.JK,Unilever Indonesia,1673.9526585413757,1678.6416015625,1655.1968864568785,1678.6416015625,3435700,2025-01-17 00:00:00+07:00
UNVR.JK,Unilever Indonesia,1678.6415478515623,1678.6415478515623,1641.1300048828125,1641.1300048828125,5138200,2025-01-20 00:00:00+07:00
UNVR.JK,Unilever Indonesia,1650.5079253973988,1659.8858113371568,1622.374267578125,1622.374267578125,6381600,2025-01-21 00:00:00+07:00
UNVR.JK,Unilever Indonesia,1622.3742358902562,1641.1300074034384,1589.5516357421875,1589.5516357421875,11612400,2025-01-22 00:00:00+07:00
UNVR.JK,Unilever Indonesia,1594.2405332367996,1631.7520751953125,1594.2405332367996,1631.7520751953125,12035700,2025-01-23 00:00:00+07:00
UNVR.JK,Unilever Indonesia,1636.4410418448363,1636.4410418448363,1584.8626708984375,1584.8626708984375,7185100,2025-01-24 00:00:00+07:00
UNVR.JK,Unilever Indonesia,1584.8626154119318,1584.8626154119318,1542.6621315696023,1547.35107421875,8535800,2025-01-30 00:00:00+07:00
UNVR.JK,Unilever Indonesia,1547.3512314872507,1556.7291177386887,1528.595458984375,1528.595458984375,12703300,2025-01-31 00:00:00+07:00
UNVR.JK,Unilever Indonesia,1533.2843036893048,1537.9732465140428,1481.7059326171875,1481.7059326171875,12109000,2025-02-03 00:00:00+07:00
UNVR.JK,Unilever Indonesia,1481.7059891673323,1519.217533196885,1462.950217152556,1467.63916015625,9816400,2025-02-04 00:00:00+07:00
UNVR.JK,Unilever Indonesia,1467.63916015625,1477.017046163638,1453.5723311451677,1467.63916015625,7078900,2025-02-05 00:00:00+07:00
UNVR.JK,Unilever Indonesia,1467.6391641983134,1467.6391641983134,1406.682904982409,1416.060791015625,11260100,2025-02-06 00:00:00+07:00
UNVR.JK,Unilever Indonesia,1416.0607858758224,1416.0607858758224,1336.3487548828125,1336.3487548828125,23092400,2025-02-07 00:00:00+07:00
UNVR.JK,Unilever Indonesia,1336.3487390663931,1448.8833697246157,1336.3487390663931,1411.371826171875,22972400,2025-02-10 00:00:00+07:00
UNVR.JK,Unilever Indonesia,1430.127614874589,1434.8165578741778,1336.3487548828125,1336.3487548828125,12501100,2025-02-11 00:00:00+07:00
UNVR.JK,Unilever Indonesia,1336.3487815163353,1355.1045538884944,1284.770407492898,1289.4593505859375,47552000,2025-02-12 00:00:00+07:00
UNVR.JK,Unilever Indonesia,1284.7703395883943,1331.6597680405255,1209.7472540649844,1326.9708251953125,74244500,2025-02-13 00:00:00+07:00
UNVR.JK,Unilever Indonesia,1331.6597446272397,1406.6828288315912,1331.6597446272397,1373.8602294921875,30530500,2025-02-14 00:00:00+07:00
UNVR.JK,Unilever Indonesia,1383.2382520039876,1406.6829681396484,1336.348819732666,1350.4156494140625,30852000,2025-02-17 00:00:00+07:00
UNVR.JK,Unilever Indonesia,1350.4155711206897,1369.1713429418103,1331.659799299569,1359.79345703125,24087300,2025-02-18 00:00:00+07:00
UNVR.JK,Unilever Indonesia,1359.7934969815342,1359.7934969815342,1289.4593505859375,1289.4593505859375,36371600,2025-02-19 00:00:00+07:00
UNVR.JK,Unilever Indonesia,1294.1481825086805,1317.5928959599246,1247.2587556061922,1266.0145263671875,29020400,2025-02-20 00:00:00+07:00
UNVR.JK,Unilever Indonesia,1261.3256883251574,1270.7035744837087,1209.747314453125,1209.747314453125,37424600,2025-02-21 00:00:00+07:00
UNVR.JK,Unilever Indonesia,1214.4361461292613,1223.8140314275568,1176.9246049360795,1186.302490234375,33750800,2025-02-24 00:00:00+07:00
UNVR.JK,Unilever Indonesia,1162.8577530570653,1176.9245807150137,1078.456787109375,1078.456787109375,116532600,2025-02-25 00:00:00+07:00
UNVR.JK,Unilever Indonesia,1087.8347696940104,1148.7910283406575,1083.1458267211913,1125.3463134765625,123211400,2025-02-26 00:00:00+07:00
UNVR.JK,Unilever Indonesia,1139.4131423950196,1186.3025721232095,1111.2794845581054,1125.3463134765625,64065200,2025-02-27 00:00:00+07:00
UNVR.JK,Unilever Indonesia,1125.3463669950738,1134.7242533866995,951.85546875,951.85546875,785826000,2025-02-28 00:00:00+07:00
UNVR.JK,Unilever Indonesia,923.7217990451389,1139.41318359375,923.7217990451389,1055.01220703125,505933700,2025-03-03 00:00:00+07:00
UNVR.JK,Unilever Indonesia,1055.0121762336942,1087.8347772720756,1008.1227461788633,1022.1895751953125,169188900,2025-03-04 00:00:00+07:00
UNVR.JK,Unilever Indonesia,1026.8785269601005,1111.279501778739,1026.8785269601005,1050.3232421875,152284100,2025-03-05 00:00:00+07:00
UNVR.JK,Unilever Indonesia,1059.7012147066887,1092.5238187020286,1040.9454409950658,1069.0791015625,75420000,2025-03-06 00:00:00+07:00
UNVR.JK,Unilever Indonesia,1078.4568837483723,1162.8578572591146,1078.4568837483723,1125.3463134765625,116830700,2025-03-07 00:00:00+07:00
UNVR.JK,Unilever Indonesia,1130.035291768737,1153.4800073655986,1101.9016330525026,1106.590576171875,73948200,2025-03-10 00:00:00+07:00
UNVR.JK,Unilever Indonesia,1097.2126126329438,1125.3462693671217,1073.7678986877954,1115.9683837890625,35888100,2025-03-11 00:00:00+07:00
UNVR.JK,Unilever Indonesia,1125.3462126358695,1134.7240977411684,1078.456787109375,1078.456787109375,59364000,2025-03-12 00:00:00+07:00
UNVR.JK,Unilever Indonesia,1087.8347865513392,1200.369419642857,1083.1458435058594,1181.6136474609375,123437300,2025-03-13 00:00:00+07:00
UNVR.JK,Unilever Indonesia,1190.9914654071513,1251.947721510667,1181.6135798527644,1219.1251220703125,148060700,2025-03-14 00:00:00+07:00
UNVR.JK,Unilever Indonesia,1228.5030486278044,1289.4593067658254,1223.8141056941106,1280.0814208984375,98617100,2025-03-17 00:00:00+07:00
UNVR.JK,Unilever Indonesia,1280.0813989078297,1294.1482274672564,1219.1251418169807,1275.3924560546875,112819800,2025-03-18 00:00:00+07:00
UNVR.JK,Unilever Indonesia,1275.3924560546875,1331.6597702923943,1251.9477417889764,1275.3924560546875,84280900,2025-03-19 00:00:00+07:00
UNVR.JK,Unilever Indonesia,1280.081401254939,1284.7703441166786,1214.4362011905832,1223.8140869140625,72533700,2025-03-20 00:00:00+07:00
UNVR.JK,Unilever Indonesia,1223.8141656234918,1247.2588814400337,1176.9247339904077,1214.436279296875,76199400,2025-03-21 00:00:00+07:00
UNVR.JK,Unilever Indonesia,1195.6804321289062,1209.7472607421873,1148.7910034179688,1172.2357177734375,34134300,2025-03-24 00:00:00+07:00
UNVR.JK,Unilever Indonesia,1176.9246384953879,1195.6804096267883,1144.1020390154367,1167.5467529296875,26275100,2025-03-25 00:00:00+07:00
UNVR.JK,Unilever Indonesia,1162.85791015625,1195.6805124590473,1158.1689669701361,1162.85791015625,24278400,2025-03-26 00:00:00+07:00
UNVR.JK,Unilever Indonesia,1162.8577769886363,1205.0582608309658,1148.7909490411932,1186.302490234375,24029300,2025-03-27 00:00:00+07:00
UNVR.JK,Unilever Indonesia,1078.456917455641,1106.590576171875,1055.0122018587792,1106.590576171875,43015400,2025-04-08 00:00:00+07:00
UNVR.JK,Unilever Indonesia,1092.5236372514205,1144.1020063920455,1064.389981356534,1083.145751953125,37069200,2025-04-09 00:00:00+07:00
UNVR.JK,Unilever Indonesia,1134.7242046905399,1205.058349609375,1120.6573757067729,1205.058349609375,43797500,2025-04-10 00:00:00+07:00
UNVR.JK,Unilever Indonesia,1195.6804511383289,1256.6367094316556,1176.924679355767,1228.5030517578125,27972400,2025-04-11 00:00:00+07:00
UNVR.JK,Unilever Indonesia,1228.5030275232652,1331.6597702923943,1228.5030275232652,1275.3924560546875,49982800,2025-04-14 00:00:00+07:00
UNVR.JK,Unilever Indonesia,1289.459400607231,1294.1483438821663,1242.5699678578771,1247.2589111328125,30552000,2025-04-15 00:00:00+07:00
UNVR.JK,Unilever Indonesia,1251.9478107799184,1270.7035832260594,1219.1252089991715,1237.8809814453125,21173800,2025-04-16 00:00:00+07:00
UNVR.JK,Unilever Indonesia,1251.9478107799184,1261.3256970029888,1223.8141521107068,1237.8809814453125,18038000,2025-04-17 00:00:00+07:00
UNVR.JK,Unilever Indonesia,1237.8808484839683,1326.970758033951,1228.5029632681808,1261.3255615234375,43443800,2025-04-21 00:00:00+07:00
UNVR.JK,Unilever Indonesia,1266.014558537342,1312.9039866313178,1251.9477301091495,1298.837158203125,31082500,2025-04-22 00:00:00+07:00
UNVR.JK,Unilever Indonesia,1322.2819258840461,1359.7934698807567,1303.5261538856907,1336.3487548828125,57026800,2025-04-23 00:00:00+07:00
UNVR.JK,Unilever Indonesia,1359.7934113059157,1406.6828392819816,1345.7265829130959,1401.993896484375,77362800,2025-04-24 00:00:00+07:00
UNVR.JK,Unilever Indonesia,1434.8165185546875,1748.9756909179687,1434.8165185546875,1641.1300048828125,238892100,2025-04-25 00:00:00+07:00
UNVR.JK,Unilever Indonesia,1650.507882882883,1683.3304828265766,1547.3511402027027,1561.41796875,80356100,2025-04-28 00:00:00+07:00
UNVR.JK,Unilever Indonesia,1561.4180341448102,1594.2406354631696,1542.6622619628906,1575.48486328125,31457700,2025-04-29 00:00:00+07:00
UNVR.JK,Unilever Indonesia,1575.4848931760205,1641.1300970583547,1561.4180637726631,1608.3074951171875,50952000,2025-04-30 00:00:00+07:00
UNVR.JK,Unilever Indonesia,1612.996369190705,1664.5747414613381,1594.2405974559294,1645.8189697265625,44238500,2025-05-02 00:00:00+07:00
UNVR.JK,Unilever Indonesia,1645.8189356844189,1734.9088495818662,1641.1299928477113,1664.57470703125,47018900,2025-05-05 00:00:00+07:00
UNVR.JK,Unilever Indonesia,1678.6416740729308,1720.8421630859375,1669.263787625596,1720.8421630859375,30049700,2025-05-06 00:00:00+07:00
UNVR.JK,Unilever Indonesia,1734.9088822675672,1744.2867681176622,1697.3973388671875,1697.3973388671875,22389700,2025-05-07 00:00:00+07:00
UNVR.JK,Unilever Indonesia,1697.3973292661517,1697.3973292661517,1641.1300144838483,1669.263671875,36530300,2025-05-08 00:00:00+07:00
UNVR.JK,Unilever Indonesia,1650.5079002808989,1702.086272164677,1645.8189573823736,1669.263671875,14223700,2025-05-09 00:00:00+07:00
UNVR.JK,Unilever Indonesia,1669.2636937587536,1706.7752374387255,1655.196864878764,1673.95263671875,24584500,2025-05-14 00:00:00+07:00
UNVR.JK,Unilever Indonesia,1673.9526585413757,1711.46420271037,1673.9526585413757,1678.6416015625,18453900,2025-05-15 00:00:00+07:00
UNVR.JK,Unilever Indonesia,1706.7751471759914,1706.7751471759914,1645.818891919706,1655.19677734375,21422400,2025-05-16 00:00:00+07:00
UNVR.JK,Unilever Indonesia,1659.885720055772,1673.9525481918379,1608.3073502235304,1655.19677734375,32689200,2025-05-19 00:00:00+07:00
UNVR.JK,Unilever Indonesia,1659.8858471251372,1669.263733267087,1598.9295872024625,1603.6185302734375,31119800,2025-05-20 00:00:00+07:00
UNVR.JK,Unilever Indonesia,1598.9295616149902,1650.5079345703125,1566.1069606434214,1650.5079345703125,27634600,2025-05-21 00:00:00+07:00
UNVR.JK,Unilever Indonesia,1650.5079308712122,1739.5978475943741,1627.0632159440643,1702.0863037109375,86079500,2025-05-22 00:00:00+07:00
UNVR.JK,Unilever Indonesia,1669.2636937587536,1692.708408558736,1669.2636937587536,1673.95263671875,12099800,2025-05-23 00:00:00+07:00
UNVR.JK,Unilever Indonesia,1673.9525481918379,1692.7083190399255,1650.507834631728,1655.19677734375,18393000,2025-05-26 00:00:00+07:00
UNVR.JK,Unilever Indonesia,1655.1967889193832,1678.6415026434536,1631.7520751953125,1631.7520751953125,14533400,2025-05-27 00:00:00+07:00
UNVR.JK,Unilever Indonesia,1636.441096487762,1641.130039457641,1603.6184956986092,1622.374267578125,25197600,2025-05-28 00:00:00+07:00
UNVR.JK,Unilever Indonesia,1622.374267578125,1655.1968683672778,1603.6184956986092,1622.374267578125,26515500,2025-06-02 00:00:00+07:00
UNVR.JK,Unilever Indonesia,1612.9963277782915,1655.1968130980722,1580.1737280851285,1584.8626708984375,31456000,2025-06-03 00:00:00+07:00
UNVR.JK,Unilever Indonesia,1612.9963757361322,1627.0632045942962,1537.973288492591,1542.6622314453125,31712900,2025-06-04 00:00:00+07:00
UNVR.JK,Unilever Indonesia,1552.0401524939905,1552.0401524939905,1505.1507219050482,1523.906494140625,17144300,2025-06-05 00:00:00+07:00
UNVR.JK,Unilever Indonesia,1523.9064722885319,1561.418016221788,1509.8396433135608,1519.217529296875,16264300,2025-06-10 00:00:00+07:00
UNVR.JK,Unilever Indonesia,1528.5953932251355,1533.2843361491389,1495.7727927571111,1514.528564453125,23130800,2025-06-11 00:00:00+07:00
UNVR.JK,Unilever Indonesia,1509.8396649639424,1547.3512094350963,1500.461778846154,1523.906494140625,23384800,2025-06-12 00:00:00+07:00
UNVR.JK,Unilever Indonesia,1523.9064534505208,1523.9064534505208,1448.8833665114182,1462.9501953125,34564600,2025-06-13 00:00:00+07:00
UNVR.JK,Unilever Indonesia,1464.884051513672,1484.2224548339843,1431.041845703125,1450.3802490234375,32740100,2025-06-16 00:00:00+07:00
UNVR.JK,Unilever Indonesia,1450.3801500475083,1450.3801500475083,1416.5379465463998,1431.041748046875,21223700,2025-06-17 00:00:00+07:00
UNVR.JK,Unilever Indonesia,1426.2071591331844,1426.2071591331844,1377.8611537388392,1421.37255859375,27062700,2025-06-18 00:00:00+07:00
UNVR.JK,Unilever Indonesia,1411.703380926724,1421.3725821659482,1373.0265759698275,1402.0341796875,27276600,2025-06-19 00:00:00+07:00
UNVR.JK,Unilever Indonesia,1392.3649371603262,1406.8687385890796,1334.3497314453125,1334.3497314453125,31257500,2025-06-20 00:00:00+07:00
UNVR.JK,Unilever Indonesia,1295.6729445684523,1344.0189499627977,1261.8307407924108,1319.845947265625,48228000,2025-06-23 00:00:00+07:00
UNVR.JK,Unilever Indonesia,1353.6881792009083,1416.5379875209503,1353.6881792009083,1397.1995849609375,47068000,2025-06-24 00:00:00+07:00
UNVR.JK,Unilever Indonesia,1421.3725762121458,1421.3725762121458,1382.6957714172574,1406.8687744140625,24246700,2025-06-25 00:00:00+07:00
UNVR.JK,Unilever Indonesia,1402.0341679821277,1411.703369140625,1377.861165085884,1411.703369140625,9127100,2025-06-26 00:00:00+07:00
UNVR.JK,Unilever Indonesia,1426.2071827855602,1426.2071827855602,1402.0341796875,1402.0341796875,17199800,2025-06-30 00:00:00+07:00
UNVR.JK,Unilever Indonesia,1397.1995558965773,1435.8763602120534,1382.6957542782739,1421.37255859375,22311700,2025-07-01 00:00:00+07:00
UNVR.JK,Unilever Indonesia,1431.041759672619,1479.3877650669642,1402.034156436012,1421.37255859375,37642300,2025-07-02 00:00:00+07:00
UNVR.JK,Unilever Indonesia,1421.3726496681525,1571.245275993706,1406.8688471205182,1542.2376708984375,55965500,2025-07-03 00:00:00+07:00
UNVR.JK,Unilever Indonesia,1547.0722087378642,1551.9068093901699,1464.8839976486652,1493.8916015625,38933100,2025-07-04 00:00:00+07:00
UNVR.JK,Unilever Indonesia,1513.229986337515,1518.0645869328425,1474.5531815748948,1508.3953857421875,16928200,2025-07-07 00:00:00+07:00
UNVR.JK,Unilever Indonesia,1508.395433927837,1508.395433927837,1464.8840271799188,1469.7186279296875,18964100,2025-07-08 00:00:00+07:00
UNVR.JK,Unilever Indonesia,1469.7186339727723,1469.7186339727723,1435.8764285852412,1464.884033203125,8633400,2025-07-09 00:00:00+07:00
UNVR.JK,Unilever Indonesia,1464.883957874926,1547.072166732595,1435.8763547486897,1527.7337646484375,38371900,2025-07-10 00:00:00+07:00
UNVR.JK,Unilever Indonesia,1532.568371000744,1566.4105747767858,1518.0645693824404,1522.899169921875,30404800,2025-07-11 00:00:00+07:00
UNVR.JK,Unilever Indonesia,1522.899169921875,1547.0721726190477,1498.7261672247023,1522.899169921875,12776800,2025-07-14 00:00:00+07:00
UNVR.JK,Unilever Indonesia,1522.8991757532592,1527.7337763112062,1493.8915724055782,1518.0645751953125,9128300,2025-07-15 00:00:00+07:00
UNVR.JK,Unilever Indonesia,1513.229986337515,1522.89918752817,1489.0569833608774,1508.3953857421875,14183800,2025-07-16 00:00:00+07:00
UNVR.JK,Unilever Indonesia,1508.3953683035713,1556.7413736979167,1498.7261672247023,1522.899169921875,24874600,2025-07-17 00:00:00+07:00
UNVR.JK,Unilever Indonesia,1527.7338495317674,1542.2376519007398,1460.0494384765625,1460.0494384765625,23315100,2025-07-18 00:00:00+07:00
UNVR.JK,Unilever Indonesia,1464.883991856729,1537.4030013545869,1464.883991856729,1498.7261962890625,25039900,2025-07-21 00:00:00+07:00
UNVR.JK,Unilever Indonesia,1498.726172963525,1532.5683768691529,1498.726172963525,1518.0645751953125,15936600,2025-07-22 00:00:00+07:00
UNVR.JK,Unilever Indonesia,1527.7337763112062,1537.4029774270998,1484.2223712896844,1518.0645751953125,15743800,2025-07-23 00:00:00+07:00
UNVR.JK,Unilever Indonesia,1518.0645578667193,1571.245163397082,1518.0645578667193,1532.568359375,24659800,2025-07-24 00:00:00+07:00
UNVR.JK,Unilever Indonesia,1542.2376080855583,1556.7414100424758,1489.0570009101943,1493.8916015625,14119700,2025-07-25 00:00:00+07:00
UNVR.JK,Unilever Indonesia,1493.8915897872287,1527.7337940866157,1493.8915897872287,1503.560791015625,26625700,2025-07-28 00:00:00+07:00
UNVR.JK,Unilever Indonesia,1508.3953916298233,1522.8991934724177,1489.0569891730306,1503.560791015625,29894600,2025-07-29 00:00:00+07:00
UNVR.JK,Unilever Indonesia,1503.5608209348193,1508.3954216452207,1474.5532166724113,1479.3878173828125,16040100,2025-07-30 00:00:00+07:00
UNVR.JK,Unilever Indonesia,1518.064649436906,1682.4410764459979,1474.5532422874405,1653.4334716796875,213621800,2025-07-31 00:00:00+07:00
UNVR.JK,Unilever Indonesia,1648.5988007453875,1721.1178095758298,1634.0949989792991,1711.4486083984375,99467400,2025-08-01 00:00:00+07:00
UNVR.JK,Unilever Indonesia,1716.2832208113236,1725.952422055331,1677.6064158352938,1701.7794189453125,37102700,2025-08-04 00:00:00+07:00
UNVR.JK,Unilever Indonesia,1701.7794921875,1774.2985046386718,1692.1102905273438,1740.456298828125,85662300,2025-08-05 00:00:00+07:00
UNVR.JK,Unilever Indonesia,1740.4562545028818,1740.4562545028818,1677.6064453125,1677.6064453125,33639400,2025-08-06 00:00:00+07:00
UNVR.JK,Unilever Indonesia,1677.6064100400583,1711.4486142771777,1677.6064100400583,1706.614013671875,15105200,2025-08-07 00:00:00+07:00
UNVR.JK,Unilever Indonesia,1706.6140314592633,1735.621635393415,1677.6064275251115,1692.1102294921875,12034100,2025-08-08 00:00:00+07:00
UNVR.JK,Unilever Indonesia,1696.9448183233087,1721.1178214333274,1692.110217701305,1701.7794189453125,18272400,2025-08-11 00:00:00+07:00
UNVR.JK,Unilever Indonesia,1701.7793841655027,1759.794590443872,1701.7793841655027,1730.7869873046875,38523100,2025-08-12 00:00:00+07:00
UNVR.JK,Unilever Indonesia,1740.4561941964284,1764.6291968936011,1716.283191499256,1725.952392578125,26026700,2025-08-13 00:00:00+07:00
UNVR.JK,Unilever Indonesia,1735.6216620773566,1851.6520795978483,1730.787061347336,1769.4638671875,85270700,2025-08-14 00:00:00+07:00
UNVR.JK,Unilever Indonesia,1769.4638399832588,1779.1330412946427,1692.1102294921875,1692.1102294921875,36984000,2025-08-15 00:00:00+07:00
UNVR.JK,Unilever Indonesia,1696.9448562371927,1783.9676693775614,1696.9448562371927,1769.4638671875,40630500,2025-08-19 00:00:00+07:00
UNVR.JK,Unilever Indonesia,1769.463897620542,1779.1330992468836,1725.952490302004,1745.2908935546875,21223900,2025-08-20 00:00:00+07:00
UNVR.JK,Unilever Indonesia,1740.4562806689048,1769.46388534672,1740.4562806689048,1754.9600830078125,10486800,2025-08-21 00:00:00+07:00
UNVR.JK,Unilever Indonesia,1769.4638154627914,1769.4638154627914,1711.4486083984375,1711.4486083984375,14344500,2025-08-22 00:00:00+07:00
UNVR.JK,Unilever Indonesia,1716.283203125,1750.1254071302817,1711.448602552817,1716.283203125,10311100,2025-08-25 00:00:00+07:00
UNVR.JK,Unilever Indonesia,1716.283185735095,1740.4561883510823,1692.110183119108,1730.7869873046875,14548700,2025-08-26 00:00:00+07:00
UNVR.JK,Unilever Indonesia,1730.787028690349,1735.6216293291488,1677.6064216635505,1696.94482421875,15955700,2025-08-27 00:00:00+07:00
UNVR.JK,Unilever Indonesia,1696.9448301478794,1701.7794308035714,1687.2756288364956,1692.1102294921875,13246200,2025-08-28 00:00:00+07:00
UNVR.JK,Unilever Indonesia,1672.7718872070313,1672.7718872070313,1634.0950805664063,1643.7642822265625,24836500,2025-08-29 00:00:00+07:00
UNVR.JK,Unilever Indonesia,1595.4182739257812,1653.4334838867187,1590.5836730957033,1643.7642822265625,15262900,2025-09-01 00:00:00+07:00
UNVR.JK,Unilever Indonesia,1643.7642822265625,1687.2756896972658,1643.7642822265625,1643.7642822265625,15840700,2025-09-02 00:00:00+07:00
UNVR.JK,Unilever Indonesia,1643.7642700909173,1672.7718748572277,1643.7642700909173,1653.4334716796875,11426700,2025-09-03 00:00:00+07:00
UNVR.JK,Unilever Indonesia,1648.598876953125,1677.6064818262005,1643.7642761409456,1648.598876953125,27702300,2025-09-04 00:00:00+07:00
UNVR.JK,Unilever Indonesia,1648.5988891961651,1658.2680908923303,1629.2604858038349,1638.9296875,38625200,2025-09-08 00:00:00+07:00
UNVR.JK,Unilever Indonesia,1638.9296126351255,1638.9296126351255,1590.583606362703,1600.2528076171875,54269100,2025-09-09 00:00:00+07:00
UNVR.JK,Unilever Indonesia,1614.756677246094,1663.1026855468751,1605.0874755859375,1643.7642822265625,26787800,2025-09-10 00:00:00+07:00
UNVR.JK,Unilever Indonesia,1667.9372618919194,1687.2756649283474,1653.4334596145984,1663.1026611328125,10286400,2025-09-11 00:00:00+07:00
UNVR.JK,Unilever Indonesia,1663.1026917404129,1667.9372925884957,1634.0950866519174,1638.9296875,10326000,2025-09-12 00:00:00+07:00
UNVR.JK,Unilever Indonesia,1638.929693639631,1672.7718997029863,1629.260491907244,1634.0950927734375,44103900,2025-09-15 00:00:00+07:00
UNVR.JK,Unilever Indonesia,1643.764234520923,1711.4486441776671,1638.9296338311558,1682.4410400390625,28476400,2025-09-16 00:00:00+07:00
UNVR.JK,Unilever Indonesia,1682.4410460194524,1706.6140495542147,1658.26804248469,1677.6064453125,12700500,2025-09-17 00:00:00+07:00
UNVR.JK,Unilever Indonesia,1687.2756772403827,1696.944878829153,1648.5988708853024,1653.4334716796875,11695200,2025-09-18 00:00:00+07:00
UNVR.JK,Unilever Indonesia,1658.26806640625,1667.9372679596393,1643.7642640761662,1658.26806640625,22797600,2025-09-19 00:00:00+07:00
UNVR.JK,Unilever Indonesia,1667.9372679596393,1672.7718687363338,1653.4334656295555,1658.26806640625,12021400,2025-09-22 00:00:00+07:00
UNVR.JK,Unilever Indonesia,1667.937197403169,1721.117803697183,1643.7641945422536,1716.283203125,29171000,2025-09-23 00:00:00+07:00
UNVR.JK,Unilever Indonesia,1740.4562545028818,1745.2908552098343,1672.7718446055476,1677.6064453125,23291800,2025-09-24 00:00:00+07:00
UNVR.JK,Unilever Indonesia,1658.26804248469,1721.117851675072,1658.26804248469,1677.6064453125,14402500,2025-09-25 00:00:00+07:00
UNVR.JK,Unilever Indonesia,1721.117859887295,1875.825083247951,1716.2832591572746,1769.4638671875,134223700,2025-09-26 00:00:00+07:00
UNVR.JK,Unilever Indonesia,1769.4638276533647,1779.133028897372,1692.110217701305,1701.7794189453125,37519500,2025-09-29 00:00:00+07:00
UNVR.JK,Unilever Indonesia,1692.1101945169855,1730.786998963088,1677.6063928496972,1721.1177978515625,23784800,2025-09-30 00:00:00+07:00
UNVR.JK,Unilever Indonesia,1711.4485967400367,1754.960001741902,1687.2755939612227,1721.1177978515625,22048100,2025-10-01 00:00:00+07:00
UNVR.JK,Unilever Indonesia,1725.95238678149,1798.4713946294517,1706.6139846887002,1730.7869873046875,24568600,2025-10-02 00:00:00+07:00
UNVR.JK,Unilever Indonesia,1730.7870554911017,1812.9752676233609,1725.9524547774395,1774.2984619140625,33563100,2025-10-03 00:00:00+07:00
UNVR.JK,Unilever Indonesia,1788.802234280494,1827.4790393460182,1759.7946304813509,1798.471435546875,22207000,2025-10-06 00:00:00+07:00
UNVR.JK,Unilever Indonesia,1798.471471567623,1822.6444752177254,1750.125464267418,1769.4638671875,27722000,2025-10-07 00:00:00+07:00
UNVR.JK,Unilever Indonesia,1779.1330388729784,1817.8098440658694,1764.6292369256444,1793.6368408203125,15182700,2025-10-08 00:00:00+07:00
UNVR.JK,Unilever Indonesia,1803.306091786676,1909.667308996614,1803.306091786676,1851.652099609375,78749900,2025-10-09 00:00:00+07:00
UNVR.JK,Unilever Indonesia,1870.9905212402343,1875.8251220703125,1827.4791137695313,1837.1483154296875,14263100,2025-10-10 00:00:00+07:00
UNVR.JK,Unilever Indonesia,1808.140648754223,1837.1482527449325,1754.9600414379222,1788.80224609375,25615900,2025-10-13 00:00:00+07:00
UNVR.JK,Unilever Indonesia,1808.140710449219,1808.140710449219,1740.456298828125,1740.456298828125,26174800,2025-10-14 00:00:00+07:00
UNVR.JK,Unilever Indonesia,1764.6292604867378,1793.6368647687116,1750.125458345751,1774.2984619140625,23439100,2025-10-15 00:00:00+07:00
UNVR.JK,Unilever Indonesia,1798.4714115632871,1953.1786297622796,1798.4714115632871,1919.33642578125,80433300,2025-10-16 00:00:00+07:00
UNVR.JK,Unilever Indonesia,1919.3365295410156,1929.005731201172,1822.644512939453,1837.1483154296875,51732500,2025-10-17 00:00:00+07:00
UNVR.JK,Unilever Indonesia,1870.9904303917517,2059.5398536095254,1870.9904303917517,2011.19384765625,86711600,2025-10-20 00:00:00+07:00
UNVR.JK,Unilever Indonesia,2030.532286108994,2040.2014874714177,1953.1786752096036,1982.186279296875,29597600,2025-10-21 00:00:00+07:00
UNVR.JK,Unilever Indonesia,1982.1862557084087,2078.87826818199,1953.1786519663344,2001.524658203125,49090900,2025-10-22 00:00:00+07:00
UNVR.JK,Unilever Indonesia,2107.8858912645187,2194.9087032892007,2069.209085920216,2185.239501953125,130049800,2025-10-23 00:00:00+07:00
UNVR.JK,Unilever Indonesia,2185.239433439353,2610.6842788877225,2175.5702324064355,2446.307861328125,267179900,2025-10-24 00:00:00+07:00
UNVR.JK,Unilever Indonesia,2494.6539004843175,2746.0531307656825,2446.307894660978,2620.353515625,277535000,2025-10-27 00:00:00+07:00
UNVR.JK,Unilever Indonesia,2591.3459266754517,2630.0227315512047,2368.954298639872,2407.631103515625,156918700,2025-10-28 00:00:00+07:00
UNVR.JK,Unilever Indonesia,2426.969640450884,2523.661657998728,2388.2928334317467,2494.654052734375,73171300,2025-10-29 00:00:00+07:00
UNVR.JK,Unilever Indonesia,2523.661434173584,2581.6766395568848,2475.3154296875,2475.3154296875,49537500,2025-10-30 00:00:00+07:00
UNVR.JK,Unilever Indonesia,2513.9924562439437,2572.0076667726503,2446.308043960453,2494.654052734375,63108200,2025-10-31 00:00:00+07:00
UNVR.JK,Unilever Indonesia,2542.999952452013,2610.684361832865,2504.323147091526,2581.6767578125,49127900,2025-11-03 00:00:00+07:00
UNVR.JK,Unilever Indonesia,2610.6843379704924,2659.0303442292056,2513.9923254530668,2601.01513671875,57648100,2025-11-04 00:00:00+07:00
UNVR.JK,Unilever Indonesia,2601.01513671875,2649.361142977463,2572.0075329635224,2601.01513671875,41343200,2025-11-05 00:00:00+07:00
UNVR.JK,Unilever Indonesia,2572.007616814766,2591.3460199487117,2513.9924074129294,2533.330810546875,29525900,2025-11-06 00:00:00+07:00
UNVR.JK,Unilever Indonesia,2513.9922685585475,2523.661469591465,2436.6386602952075,2446.307861328125,48504400,2025-11-07 00:00:00+07:00
UNVR.JK,Unilever Indonesia,2484.984665459795,2513.9922685585475,2417.3002582293725,2446.307861328125,49312800,2025-11-10 00:00:00+07:00
UNVR.JK,Unilever Indonesia,2475.3155120481924,2484.9847132671307,2378.62349985881,2407.631103515625,47905800,2025-11-11 00:00:00+07:00
UNVR.JK,Unilever Indonesia,2407.6310345818015,2504.3230440027573,2397.9618336397057,2465.646240234375,35515000,2025-11-12 00:00:00+07:00
UNVR.JK,Unilever Indonesia,2475.3155120481924,2475.3155120481924,2407.631103515625,2407.631103515625,16292900,2025-11-13 00:00:00+07:00
UNVR.JK,Unilever Indonesia,2407.6310801715013,2475.3154880478087,2407.6310801715013,2426.969482421875,16720600,2025-11-14 00:00:00+07:00
UNVR.JK,Unilever Indonesia,2455.977233651062,2533.330847309363,2436.6388302364862,2504.3232421875,37359900,2025-11-17 00:00:00+07:00
UNVR.JK,Unilever Indonesia,2523.6614936737424,2542.999895924116,2426.969482421875,2426.969482421875,28725900,2025-11-18 00:00:00+07:00
UNVR.JK,Unilever Indonesia,2436.6388422056684,2494.654052734375,2436.6388422056684,2494.654052734375,13777400,2025-11-19 00:00:00+07:00
UNVR.JK,Unilever Indonesia,2513.992431640625,2533.3308349609374,2475.315625,2513.992431640625,20738000,2025-11-20 00:00:00+07:00
UNVR.JK,Unilever Indonesia,2513.9922567052167,2581.6766636165107,2455.97705078125,2455.97705078125,27647200,2025-11-21 00:00:00+07:00
UNVR.JK,Unilever Indonesia,2475.315543071161,2581.6767578125,2475.315543071161,2581.6767578125,32673700,2025-11-24 00:00:00+07:00
UNVR.JK,Unilever Indonesia,2581.6768060836503,2581.6768060836503,2494.653992395437,2543.0,25207700,2025-11-25 00:00:00+07:00
UNVR.JK,Unilever Indonesia,2552.6692382812503,2601.0152465820315,2504.323229980469,2513.992431640625,21031000,2025-11-26 00:00:00+07:00
UNVR.JK,Unilever Indonesia,2533.3308349609374,2543.000036621094,2475.315625,2513.992431640625,34235900,2025-11-27 00:00:00+07:00
UNVR.JK,Unilever Indonesia,2533.3308349609374,2552.6692382812503,2504.323229980469,2513.992431640625,18013700,2025-11-28 00:00:00+07:00
UNVR.JK,Unilever Indonesia,2484.984802712011,2562.3384152477934,2484.984802712011,2533.330810546875,17322300,2025-12-01 00:00:00+07:00
UNVR.JK,Unilever Indonesia,2533.330774616745,2581.6767817659197,2513.9923717570755,2562.33837890625,35263000,2025-12-02 00:00:00+07:00
UNVR.JK,Unilever Indonesia,2581.676878560751,2707.3765018614617,2581.676878560751,2678.368896484375,65741000,2025-12-03 00:00:00+07:00
UNVR.JK,Unilever Indonesia,2707.3765018614617,2717.045703653824,2601.015282145476,2678.368896484375,40071400,2025-12-04 00:00:00+07:00
UNVR.JK,Unilever Indonesia,2688.037923777675,2697.707124942343,2620.353515625,2620.353515625,34350200,2025-12-05 00:00:00+07:00
UNVR.JK,Unilever Indonesia,2639.6920277835757,2639.6920277835757,2533.330810546875,2533.330810546875,34429000,2025-12-08 00:00:00+07:00
UNVR.JK,Unilever Indonesia,2533.3307511118915,2620.353563172987,2504.323147091526,2581.6767578125,44953900,2025-12-09 00:00:00+07:00
UNVR.JK,Unilever Indonesia,2620.353492373512,2659.030296688988,2581.676688058036,2639.69189453125,29651800,2025-12-10 00:00:00+07:00
UNVR.JK,Unilever Indonesia,2639.692002729936,2649.3612042051373,2513.99238355232,2552.669189453125,30830400,2025-12-11 00:00:00+07:00
UNVR.JK,Unilever Indonesia,2552.6692015209123,2572.0076045627375,2513.992395437262,2543.0,14728100,2025-12-12 00:00:00+07:00
UNVR.JK,Unilever Indonesia,2590.0,2610.0,2570.0,2580.0,18476400,2025-12-15 00:00:00+07:00
UNVR.JK,Unilever Indonesia,2580.0,2710.0,2580.0,2710.0,32058000,2025-12-16 00:00:00+07:00
UNVR.JK,Unilever Indonesia,2700.0,2700.0,2630.0,2630.0,20817800,2025-12-17 00:00:00+07:00
UNVR.JK,Unilever Indonesia,2630.0,2680.0,2620.0,2650.0,17521000,2025-12-18 00:00:00+07:00
UNVR.JK,Unilever Indonesia,2660.0,2770.0,2610.0,2770.0,28983500,2025-12-19 00:00:00+07:00
UNVR.JK,Unilever Indonesia,2730.0,2730.0,2670.0,2700.0,22606200,2025-12-22 00:00:00+07:00
UNVR.JK,Unilever Indonesia,2690.0,2700.0,2610.0,2610.0,17218500,2025-12-23 00:00:00+07:00
UNVR.JK,Unilever Indonesia,2620.0,2620.0,2590.0,2600.0,10056300,2025-12-24 00:00:00+07:00
UNVR.JK,Unilever Indonesia,2610.0,2630.0,2560.0,2600.0,13763200,2025-12-29 00:00:00+07:00
UNVR.JK,Unilever Indonesia,2600.0,2660.0,2590.0,2600.0,17928600,2025-12-30 00:00:00+07:00
ICBP.JK,Indofood CBP,9870.940769075813,9892.827555703474,9717.733262682174,9761.5068359375,1240200,2020-01-02 00:00:00+07:00
ICBP.JK,Indofood CBP,9761.506566840277,9870.940496961804,9673.959422743055,9849.0537109375,3044300,2020-01-03 00:00:00+07:00
ICBP.JK,Indofood CBP,9849.054008152174,10111.695448369564,9783.393648097826,10067.921875,3369400,2020-01-06 00:00:00+07:00
ICBP.JK,Indofood CBP,10111.695448369564,10111.695448369564,9805.280434782608,10067.921875,4636500,2020-01-07 00:00:00+07:00
ICBP.JK,Indofood CBP,9892.82649316829,10111.6943359375,9892.82649316829,10111.6943359375,3602100,2020-01-08 00:00:00+07:00
ICBP.JK,Indofood CBP,10111.696358968276,10111.696358968276,9980.375627033623,10089.8095703125,4490400,2020-01-09 00:00:00+07:00
ICBP.JK,Indofood CBP,10111.696358968276,10133.583147624051,10046.035993000949,10089.8095703125,4671700,2020-01-10 00:00:00+07:00
ICBP.JK,Indofood CBP,10155.467904491341,10155.467904491341,10089.807551660579,10111.6943359375,3006900,2020-01-13 00:00:00+07:00
ICBP.JK,Indofood CBP,10177.356514766298,10177.356514766298,10111.696150154903,10155.4697265625,4265000,2020-01-14 00:00:00+07:00
ICBP.JK,Indofood CBP,10177.356866574755,10177.356866574755,10002.262554891748,10046.0361328125,4462500,2020-01-15 00:00:00+07:00
ICBP.JK,Indofood CBP,10046.035785543507,10155.4697265625,10002.26220913591,10155.4697265625,4698300,2020-01-16 00:00:00+07:00
ICBP.JK,Indofood CBP,10155.4688174946,10155.4688174946,10111.6952450054,10133.58203125,2827400,2020-01-17 00:00:00+07:00
ICBP.JK,Indofood CBP,10133.5829383587,10155.4697265625,10111.696150154903,10155.4697265625,3167900,2020-01-20 00:00:00+07:00
ICBP.JK,Indofood CBP,10177.355268429486,10330.562767094018,10155.468482905982,10243.015625,3918900,2020-01-21 00:00:00+07:00
ICBP.JK,Indofood CBP,10243.01646442819,10396.22397564827,10221.129677111037,10286.7900390625,5004000,2020-01-22 00:00:00+07:00
ICBP.JK,Indofood CBP,10243.015625,10308.675981570514,10199.242053952992,10243.015625,1669200,2020-01-23 00:00:00+07:00
ICBP.JK,Indofood CBP,10221.128839476496,10243.015625,10155.468482905982,10243.015625,1701000,2020-01-24 00:00:00+07:00
ICBP.JK,Indofood CBP,10243.016739873927,10264.903527779641,10177.356376156788,10199.2431640625,2236100,2020-01-27 00:00:00+07:00
ICBP.JK,Indofood CBP,10177.3564453125,10199.243233366935,9892.828200604838,10177.3564453125,3602200,2020-01-28 00:00:00+07:00
ICBP.JK,Indofood CBP,10199.242053952992,10330.562767094018,10199.242053952992,10243.015625,2873700,2020-01-29 00:00:00+07:00
ICBP.JK,Indofood CBP,10286.790385584676,10418.111113911289,10046.035716985887,10177.3564453125,5091400,2020-01-30 00:00:00+07:00
ICBP.JK,Indofood CBP,10155.469368131868,10155.469368131868,9958.48828125,9958.48828125,6281100,2020-01-31 00:00:00+07:00
ICBP.JK,Indofood CBP,9958.489187140214,10002.262765984786,9892.828818873355,9980.3759765625,2396500,2020-02-03 00:00:00+07:00
ICBP.JK,Indofood CBP,10111.696150154903,10243.016879377694,10046.035785543507,10155.4697265625,6060300,2020-02-04 00:00:00+07:00
ICBP.JK,Indofood CBP,10155.46902173913,10177.355808423912,10024.148301630434,10067.921875,2591600,2020-02-05 00:00:00+07:00
ICBP.JK,Indofood CBP,10046.035088315217,10199.242595108695,10046.035088315217,10067.921875,2299400,2020-02-06 00:00:00+07:00
ICBP.JK,Indofood CBP,10067.921875,10111.695448369564,9980.37472826087,10067.921875,1786400,2020-02-07 00:00:00+07:00
ICBP.JK,Indofood CBP,10199.242389983801,10199.242389983801,9980.374527537797,10133.58203125,2697700,2020-02-10 00:00:00+07:00
ICBP.JK,Indofood CBP,10133.583288654003,10133.583288654003,9980.375765931372,10046.0361328125,13191900,2020-02-11 00:00:00+07:00
ICBP.JK,Indofood CBP,9673.95980196221,9673.95980196221,9236.22406431686,9411.318359375,38781300,2020-02-12 00:00:00+07:00
ICBP.JK,Indofood CBP,9367.544650607639,9586.412516276041,9279.997504340277,9455.091796875,6782100,2020-02-13 00:00:00+07:00
ICBP.JK,Indofood CBP,9476.979632667488,9498.866421657482,9411.319265697506,9433.2060546875,5096600,2020-02-14 00:00:00+07:00
ICBP.JK,Indofood CBP,9411.31808935772,9564.52559313796,9389.431303103398,9498.865234375,3487400,2020-02-17 00:00:00+07:00
ICBP.JK,Indofood CBP,9498.865234375,9586.41237939228,9476.978448120679,9498.865234375,5428000,2020-02-18 00:00:00+07:00
ICBP.JK,Indofood CBP,9586.412948330966,9630.1865234375,9455.092223011363,9630.1865234375,3665500,2020-02-19 00:00:00+07:00
ICBP.JK,Indofood CBP,9652.072702794405,9958.487709232322,9630.185916620267,9827.1669921875,5472600,2020-02-20 00:00:00+07:00
ICBP.JK,Indofood CBP,9827.16775247931,9870.941328214185,9564.526298070063,9586.4130859375,4520700,2020-02-21 00:00:00+07:00
ICBP.JK,Indofood CBP,9411.318580817744,9739.620391776503,9411.318580817744,9652.0732421875,2871700,2020-02-24 00:00:00+07:00
ICBP.JK,Indofood CBP,9630.18757118451,9695.847940988042,9520.75362151196,9608.30078125,3213600,2020-02-25 00:00:00+07:00
ICBP.JK,Indofood CBP,9542.63985818418,9564.526646849741,9433.20591485638,9476.9794921875,4142700,2020-02-26 00:00:00+07:00
ICBP.JK,Indofood CBP,9411.318914765996,9476.979279287618,9061.130303984004,9236.224609375,5781400,2020-02-27 00:00:00+07:00
ICBP.JK,Indofood CBP,8842.262212971411,9148.677240153589,8667.167911724453,8995.4697265625,12019600,2020-02-28 00:00:00+07:00
ICBP.JK,Indofood CBP,8995.46908674569,8995.46908674569,8732.827653556034,8886.03515625,6373100,2020-03-02 00:00:00+07:00
ICBP.JK,Indofood CBP,9323.771631528254,9739.620601009561,9170.564116456193,9586.4130859375,7187600,2020-03-03 00:00:00+07:00
ICBP.JK,Indofood CBP,9608.299873804937,9630.186661672375,9411.318782998003,9586.4130859375,4640300,2020-03-04 00:00:00+07:00
ICBP.JK,Indofood CBP,9652.073449539812,9695.847025274687,9455.092358732878,9586.4130859375,6386500,2020-03-05 00:00:00+07:00
ICBP.JK,Indofood CBP,9411.318782998003,9630.186661672375,9411.318782998003,9586.4130859375,5805700,2020-03-06 00:00:00+07:00
ICBP.JK,Indofood CBP,9367.543825301205,9367.543825301205,9061.128840361445,9083.015625,4459700,2020-03-09 00:00:00+07:00
ICBP.JK,Indofood CBP,9017.357063877611,9630.187155597449,9017.357063877611,9433.2060546875,4665700,2020-03-10 00:00:00+07:00
ICBP.JK,Indofood CBP,9433.20557086544,9586.4130859375,9148.677328588756,9586.4130859375,5798300,2020-03-11 00:00:00+07:00
ICBP.JK,Indofood CBP,9433.205774012768,9586.413292384204,9192.451102286223,9214.337890625,4114900,2020-03-12 00:00:00+07:00
ICBP.JK,Indofood CBP,9214.338562428815,9717.734730922552,8579.621654328019,9608.30078125,9473800,2020-03-13 00:00:00+07:00
ICBP.JK,Indofood CBP,9476.979712853064,9564.526869553785,9039.243929349459,9104.904296875,6384200,2020-03-16 00:00:00+07:00
ICBP.JK,Indofood CBP,9104.903125,9192.450270432691,8492.073106971155,8535.8466796875,8147300,2020-03-17 00:00:00+07:00
ICBP.JK,Indofood CBP,8645.280794445374,8710.941154909517,7944.903616161193,8163.771484375,6285700,2020-03-18 00:00:00+07:00
ICBP.JK,Indofood CBP,7966.790226650777,7966.790226650777,7594.714858922582,7747.92236328125,7344600,2020-03-19 00:00:00+07:00
ICBP.JK,Indofood CBP,7879.244211350975,8492.074316678272,7266.414106023677,7857.357421875,16501400,2020-03-20 00:00:00+07:00
ICBP.JK,Indofood CBP,7835.469910764409,7835.469910764409,7310.18701171875,7310.18701171875,4901900,2020-03-23 00:00:00+07:00
ICBP.JK,Indofood CBP,7266.41357421875,7923.017210443336,7113.20605909968,7266.41357421875,10642400,2020-03-24 00:00:00+07:00
ICBP.JK,Indofood CBP,7463.394754831414,8667.168102384869,7288.30044973273,8316.9794921875,14307800,2020-03-26 00:00:00+07:00
ICBP.JK,Indofood CBP,8316.98009672619,9061.130947485903,8316.98009672619,8732.8291015625,6618600,2020-03-27 00:00:00+07:00
ICBP.JK,Indofood CBP,8710.940242470855,8842.260949643782,8141.883844721502,8448.298828125,4572400,2020-03-30 00:00:00+07:00
ICBP.JK,Indofood CBP,8448.301086873473,9367.546282854524,8448.301086873473,8951.697265625,10710300,2020-03-31 00:00:00+07:00
ICBP.JK,Indofood CBP,8929.808728448275,9170.563375538793,8667.167295258621,8886.03515625,4606400,2020-04-01 00:00:00+07:00
ICBP.JK,Indofood CBP,8842.26145067402,9017.35573682598,8579.620021446079,8929.80859375,7811800,2020-04-02 00:00:00+07:00
ICBP.JK,Indofood CBP,8929.808144531251,9017.355283203126,8689.053513183593,8754.7138671875,4190800,2020-04-03 00:00:00+07:00
ICBP.JK,Indofood CBP,8842.262280868903,9017.356583460365,8710.941553925304,8973.5830078125,5343900,2020-04-06 00:00:00+07:00
ICBP.JK,Indofood CBP,9061.13065582351,9279.998546060793,8645.281664372673,8820.3759765625,6342100,2020-04-07 00:00:00+07:00
ICBP.JK,Indofood CBP,8842.263142903646,8929.810302734375,8382.640553792318,8404.52734375,7488000,2020-04-08 00:00:00+07:00
ICBP.JK,Indofood CBP,8404.526918316831,8864.149484162283,8404.526918316831,8842.2626953125,5938100,2020-04-09 00:00:00+07:00
ICBP.JK,Indofood CBP,8842.26145067402,9017.35573682598,8798.48787913603,8929.80859375,3225000,2020-04-13 00:00:00+07:00
ICBP.JK,Indofood CBP,8929.809159873188,9061.1298828125,8842.262011246981,9061.1298828125,4600800,2020-04-14 00:00:00+07:00
ICBP.JK,Indofood CBP,9061.129376535628,9061.129376535628,8667.16722972973,8907.921875,3361900,2020-04-15 00:00:00+07:00
ICBP.JK,Indofood CBP,8907.921630859375,8907.921630859375,8667.1669921875,8667.1669921875,5543800,2020-04-16 00:00:00+07:00
ICBP.JK,Indofood CBP,8754.71430759804,9017.35573682598,8754.71430759804,8929.80859375,6244900,2020-04-17 00:00:00+07:00
ICBP.JK,Indofood CBP,9017.357077776054,9017.357077776054,8776.602398515042,8820.3759765625,5211200,2020-04-20 00:00:00+07:00
ICBP.JK,Indofood CBP,8820.376260475407,8929.81020911654,8732.8291015625,8732.8291015625,2472900,2020-04-21 00:00:00+07:00
ICBP.JK,Indofood CBP,8754.71574968828,8907.923275307823,8732.828960314058,8776.6025390625,4752000,2020-04-22 00:00:00+07:00
ICBP.JK,Indofood CBP,8907.921942349138,8973.582300646553,8798.488011853447,8886.03515625,5175900,2020-04-23 00:00:00+07:00
ICBP.JK,Indofood CBP,8929.808416193182,8929.808416193182,8667.1669921875,8667.1669921875,6779300,2020-04-24 00:00:00+07:00
ICBP.JK,Indofood CBP,8667.167899874055,8798.488625629723,8535.847174118388,8689.0546875,3587100,2020-04-27 00:00:00+07:00
ICBP.JK,Indofood CBP,8667.168592191396,8798.48932843672,8667.168592191396,8776.6025390625,3350600,2020-04-28 00:00:00+07:00
ICBP.JK,Indofood CBP,8798.487436523437,8842.261005859375,8667.166728515625,8754.7138671875,3956900,2020-04-29 00:00:00+07:00
ICBP.JK,Indofood CBP,8798.488765822785,8886.03591772152,8645.28125,8645.28125,7794500,2020-04-30 00:00:00+07:00
ICBP.JK,Indofood CBP,8645.279754953286,8667.166539143042,8492.072265625,8492.072265625,5036700,2020-05-04 00:00:00+07:00
ICBP.JK,Indofood CBP,8623.393825120193,8623.393825120193,8492.073106971155,8535.8466796875,2481700,2020-05-05 00:00:00+07:00
ICBP.JK,Indofood CBP,8557.73465762274,8645.281815245478,8448.300710594314,8470.1875,5417100,2020-05-06 00:00:00+07:00
ICBP.JK,Indofood CBP,8492.073447646104,8557.733809354708,8360.752724228896,8426.4130859375,7505800,2020-05-08 00:00:00+07:00
ICBP.JK,Indofood CBP,8513.959893329327,8601.50703876202,8492.073106971155,8535.8466796875,3409000,2020-05-11 00:00:00+07:00
ICBP.JK,Indofood CBP,8535.8466796875,8579.620252403845,8426.412747896635,8535.8466796875,10015800,2020-05-12 00:00:00+07:00
ICBP.JK,Indofood CBP,8535.845966240286,8557.732750769106,8404.525259067357,8448.298828125,3462800,2020-05-13 00:00:00+07:00
ICBP.JK,Indofood CBP,8470.186387873553,8732.82782625723,8404.526028277634,8513.9599609375,7272200,2020-05-14 00:00:00+07:00
ICBP.JK,Indofood CBP,8579.61940238402,8667.166539143042,8492.072265625,8492.072265625,6164400,2020-05-15 00:00:00+07:00
ICBP.JK,Indofood CBP,8492.073174405527,8601.507107065392,8426.412814809608,8513.9599609375,3533300,2020-05-18 00:00:00+07:00
ICBP.JK,Indofood CBP,8579.619850852272,8710.940562855114,8579.619850852272,8667.1669921875,6299300,2020-05-19 00:00:00+07:00
ICBP.JK,Indofood CBP,8579.621663411459,8667.168823242188,8185.659444173178,8404.52734375,11973600,2020-05-20 00:00:00+07:00
ICBP.JK,Indofood CBP,8404.526710893855,8404.526710893855,7835.470214843749,7835.47021484375,10324600,2020-05-26 00:00:00+07:00
ICBP.JK,Indofood CBP,7616.602107967343,7616.602107967343,7288.30029296875,7288.30029296875,13319000,2020-05-27 00:00:00+07:00
ICBP.JK,Indofood CBP,7069.432416303022,7507.1681696344785,6784.904176637576,7288.30029296875,204450600,2020-05-28 00:00:00+07:00
ICBP.JK,Indofood CBP,7310.186574362538,7441.507291267254,7135.09228515625,7135.09228515625,61130900,2020-05-29 00:00:00+07:00
ICBP.JK,Indofood CBP,7222.640478083517,7485.281950013827,7222.640478083517,7419.62158203125,39990400,2020-06-02 00:00:00+07:00
ICBP.JK,Indofood CBP,7529.054963235294,7704.149264705883,7353.960661764706,7441.5078125,38866800,2020-06-03 00:00:00+07:00
ICBP.JK,Indofood CBP,7463.394600183824,7616.602113970588,7441.5078125,7441.5078125,28171800,2020-06-04 00:00:00+07:00
ICBP.JK,Indofood CBP,7463.395224750905,7550.9423828125,7353.961277173913,7550.9423828125,13685700,2020-06-05 00:00:00+07:00
ICBP.JK,Indofood CBP,7638.489118701033,7879.2437900641025,7616.602330395299,7682.2626953125,24469300,2020-06-08 00:00:00+07:00
ICBP.JK,Indofood CBP,7747.923199942942,7857.357143444961,7704.149622542135,7791.69677734375,21394700,2020-06-09 00:00:00+07:00
ICBP.JK,Indofood CBP,7704.148843930636,7791.6959898843925,7550.94133851156,7572.828125,15356000,2020-06-10 00:00:00+07:00
ICBP.JK,Indofood CBP,7507.167413755905,7660.374911995821,7397.733486441679,7529.05419921875,11516100,2020-06-11 00:00:00+07:00
ICBP.JK,Indofood CBP,7529.05419921875,7550.940984681595,7178.865631813227,7529.05419921875,15411500,2020-06-12 00:00:00+07:00
ICBP.JK,Indofood CBP,7529.054418103448,7704.148706896552,7507.167632004311,7616.6015625,12064600,2020-06-15 00:00:00+07:00
ICBP.JK,Indofood CBP,7616.602057658451,7791.696357834507,7616.602057658451,7769.8095703125,9437600,2020-06-16 00:00:00+07:00
ICBP.JK,Indofood CBP,7769.809849914891,7879.243791462988,7769.809849914891,7835.47021484375,7449300,2020-06-17 00:00:00+07:00
ICBP.JK,Indofood CBP,7791.696707589285,7857.357073102678,7660.3759765625,7660.3759765625,6346200,2020-06-18 00:00:00+07:00
ICBP.JK,Indofood CBP,7616.602399553572,7813.58349609375,7594.715611049107,7813.58349609375,6381100,2020-06-19 00:00:00+07:00
ICBP.JK,Indofood CBP,7813.582538311298,8098.110753992101,7791.695752489698,7966.7900390625,15587900,2020-06-22 00:00:00+07:00
ICBP.JK,Indofood CBP,8010.564592633928,8010.564592633928,7813.58349609375,7813.58349609375,12104800,2020-06-23 00:00:00+07:00
ICBP.JK,Indofood CBP,7835.4693902806475,7944.9033203125,7813.5826042742765,7944.9033203125,6518200,2020-06-24 00:00:00+07:00
ICBP.JK,Indofood CBP,7944.9045797788995,7944.9045797788995,7835.470632399025,7857.357421875,5614100,2020-06-25 00:00:00+07:00
ICBP.JK,Indofood CBP,7944.903403677592,8098.110907329777,7879.243044969512,8076.22412109375,10454900,2020-06-26 00:00:00+07:00
ICBP.JK,Indofood CBP,8054.33830618351,8273.206194938497,7988.677939557015,8229.4326171875,12020200,2020-06-29 00:00:00+07:00
ICBP.JK,Indofood CBP,8273.205349682486,8316.97892296123,8185.658203125,8185.658203125,13922700,2020-06-30 00:00:00+07:00
ICBP.JK,Indofood CBP,8185.658617102581,8229.432192595108,8054.337890625,8054.337890625,7022000,2020-07-01 00:00:00+07:00
ICBP.JK,Indofood CBP,8098.112422284032,8360.75390625,8076.2256319535345,8360.75390625,7749600,2020-07-02 00:00:00+07:00
ICBP.JK,Indofood CBP,8338.866490695458,8404.526856763925,8229.43254724801,8251.3193359375,3649100,2020-07-03 00:00:00+07:00
ICBP.JK,Indofood CBP,8251.3193359375,8338.866490695458,8229.43254724801,8251.3193359375,3042600,2020-07-06 00:00:00+07:00
ICBP.JK,Indofood CBP,8251.319127775492,8316.9794921875,8229.432339638157,8316.9794921875,6629600,2020-07-07 00:00:00+07:00
ICBP.JK,Indofood CBP,8251.320240162036,8360.754195601852,8141.886284722222,8273.20703125,9140000,2020-07-08 00:00:00+07:00
ICBP.JK,Indofood CBP,8316.97892296123,8338.8657096006,8185.658203125,8185.658203125,5609200,2020-07-09 00:00:00+07:00
ICBP.JK,Indofood CBP,8185.658052273882,8229.431624745936,8054.337334857723,8076.22412109375,6827600,2020-07-10 00:00:00+07:00
ICBP.JK,Indofood CBP,8163.77218248522,8185.658971178209,8076.22502771326,8098.11181640625,4046700,2020-07-13 00:00:00+07:00
ICBP.JK,Indofood CBP,8229.433449074073,8273.20703125,8098.112702546296,8273.20703125,4863900,2020-07-14 00:00:00+07:00
ICBP.JK,Indofood CBP,8273.20703125,8316.980613425925,8251.320240162036,8273.20703125,5436400,2020-07-15 00:00:00+07:00
ICBP.JK,Indofood CBP,8316.979285656005,8448.300011218995,8273.20571046834,8382.6396484375,12667900,2020-07-16 00:00:00+07:00
ICBP.JK,Indofood CBP,8448.299346677055,8448.299346677055,7988.676843360428,8119.99755859375,18966400,2020-07-17 00:00:00+07:00
ICBP.JK,Indofood CBP,8185.65827119638,8251.318631660522,8076.224337089477,8163.771484375,13802800,2020-07-20 00:00:00+07:00
ICBP.JK,Indofood CBP,8163.771484375,8251.318631660522,8163.771484375,8163.771484375,7936100,2020-07-21 00:00:00+07:00
ICBP.JK,Indofood CBP,8207.544921875,8251.318494791667,8163.771348958333,8207.544921875,5859000,2020-07-22 00:00:00+07:00
ICBP.JK,Indofood CBP,8207.545828312,8295.092983813996,8207.545828312,8229.4326171875,9044800,2020-07-23 00:00:00+07:00
ICBP.JK,Indofood CBP,8332.469186393051,8354.868297109162,8220.4736328125,8220.4736328125,9935000,2020-07-24 00:00:00+07:00
ICBP.JK,Indofood CBP,8242.8720703125,8332.468505859375,8063.67919921875,8063.67919921875,12846800,2020-07-27 00:00:00+07:00
ICBP.JK,Indofood CBP,8130.875179396149,8198.072494928349,8063.67786386395,8108.47607421875,9219900,2020-07-28 00:00:00+07:00
ICBP.JK,Indofood CBP,8130.876100973887,8175.67431640625,8108.4769932577055,8175.67431640625,6255400,2020-07-29 00:00:00+07:00
ICBP.JK,Indofood CBP,8175.673775050952,8242.87109375,8130.875562584919,8242.87109375,8499300,2020-07-30 00:00:00+07:00
ICBP.JK,Indofood CBP,8242.872311827958,8422.065188172044,8130.876764112903,8332.46875,20483300,2020-08-03 00:00:00+07:00
ICBP.JK,Indofood CBP,8444.463419088996,9340.427707586503,8242.871454177057,8982.0419921875,45798800,2020-08-04 00:00:00+07:00
ICBP.JK,Indofood CBP,8959.642513329385,9519.62017041247,8892.445194479415,9452.4228515625,25765000,2020-08-05 00:00:00+07:00
ICBP.JK,Indofood CBP,9474.822121386955,9497.2212280569,9250.8310546875,9250.8310546875,11910700,2020-08-06 00:00:00+07:00
ICBP.JK,Indofood CBP,9250.831165060657,9295.629378935044,9026.840095688729,9116.4365234375,11490600,2020-08-07 00:00:00+07:00
ICBP.JK,Indofood CBP,9138.835630374693,9183.63384424908,9004.440988751536,9116.4365234375,8662600,2020-08-10 00:00:00+07:00
ICBP.JK,Indofood CBP,9116.436829810049,9273.230583639706,9071.638614430147,9138.8359375,8829900,2020-08-11 00:00:00+07:00
ICBP.JK,Indofood CBP,9161.234427917181,9228.43174645936,9071.638003194274,9094.037109375,7687000,2020-08-12 00:00:00+07:00
ICBP.JK,Indofood CBP,9094.037361852135,9206.032895865092,9094.037361852135,9183.6337890625,8840200,2020-08-13 00:00:00+07:00
ICBP.JK,Indofood CBP,9183.63384424908,9228.432058123464,9071.638309563114,9116.4365234375,6382600,2020-08-14 00:00:00+07:00
ICBP.JK,Indofood CBP,9138.8359375,9206.033260569853,9071.638614430147,9138.8359375,6105900,2020-08-18 00:00:00+07:00
ICBP.JK,Indofood CBP,9138.835686107674,9206.033007329053,9049.2392578125,9049.2392578125,5372500,2020-08-19 00:00:00+07:00
ICBP.JK,Indofood CBP,9094.037056845966,9206.03258710269,9094.037056845966,9161.234375,7070300,2020-08-24 00:00:00+07:00
ICBP.JK,Indofood CBP,9161.233918334083,9385.224967682105,9138.83481339928,9340.4267578125,8463700,2020-08-25 00:00:00+07:00
ICBP.JK,Indofood CBP,9340.42779098732,9407.625113224638,9250.831361337561,9273.23046875,4974600,2020-08-26 00:00:00+07:00
ICBP.JK,Indofood CBP,9362.826898399759,9362.826898399759,9228.43225392512,9273.23046875,3609200,2020-08-27 00:00:00+07:00
ICBP.JK,Indofood CBP,9318.028374697336,9318.028374697336,9183.633734677664,9250.8310546875,3591500,2020-08-28 00:00:00+07:00
ICBP.JK,Indofood CBP,9250.83079920538,9295.629011308069,9161.234375,9161.234375,6480900,2020-08-31 00:00:00+07:00
ICBP.JK,Indofood CBP,9116.436162897311,9183.633481051345,9071.637950794622,9161.234375,5985500,2020-09-01 00:00:00+07:00
ICBP.JK,Indofood CBP,9250.831475949755,9273.230583639706,9138.8359375,9138.8359375,6190400,2020-09-02 00:00:00+07:00
ICBP.JK,Indofood CBP,9138.835268948656,9273.229905256725,9138.835268948656,9161.234375,4452600,2020-09-03 00:00:00+07:00
ICBP.JK,Indofood CBP,9183.633428777306,9295.62895839654,9049.238793234223,9228.431640625,6204400,2020-09-04 00:00:00+07:00
ICBP.JK,Indofood CBP,9206.032841347609,9250.8310546875,9183.633734677664,9250.8310546875,2898700,2020-09-07 00:00:00+07:00
ICBP.JK,Indofood CBP,9250.8310546875,9295.629268027391,9206.032841347609,9250.8310546875,8859000,2020-09-08 00:00:00+07:00
ICBP.JK,Indofood CBP,9228.432310675182,9362.826955976278,9183.634095574818,9206.033203125,5255900,2020-09-09 00:00:00+07:00
ICBP.JK,Indofood CBP,9161.23422080592,9161.23422080592,8601.256578947368,8937.2431640625,14206300,2020-09-10 00:00:00+07:00
ICBP.JK,Indofood CBP,8870.04629382622,9407.624857088415,8713.25254620808,9183.6337890625,12182000,2020-09-11 00:00:00+07:00
ICBP.JK,Indofood CBP,9318.028213862559,9497.221064129148,9295.629107579236,9452.4228515625,6768500,2020-09-14 00:00:00+07:00
ICBP.JK,Indofood CBP,9474.822066086988,9497.221172626201,9295.629213773287,9318.0283203125,3665900,2020-09-15 00:00:00+07:00
ICBP.JK,Indofood CBP,9407.62634569378,9452.42456638756,9273.231683612441,9362.828125,3624200,2020-09-16 00:00:00+07:00
ICBP.JK,Indofood CBP,9362.82701439951,9385.226122089462,9004.441291360294,9138.8359375,4053600,2020-09-17 00:00:00+07:00
ICBP.JK,Indofood CBP,9138.835630374693,9206.032951186271,9094.037416500307,9116.4365234375,4415000,2020-09-18 00:00:00+07:00
ICBP.JK,Indofood CBP,9116.436215555726,9206.032640278634,8959.642472290641,9094.037109375,2745700,2020-09-21 00:00:00+07:00
ICBP.JK,Indofood CBP,9004.440934641769,9273.230216272867,8914.844507431402,9183.6337890625,5540400,2020-09-22 00:00:00+07:00
ICBP.JK,Indofood CBP,9273.23046875,9295.62957616244,9094.037609450483,9273.23046875,6495900,2020-09-23 00:00:00+07:00
ICBP.JK,Indofood CBP,9161.234793181467,9161.234793181467,8982.04193659112,9049.2392578125,5972900,2020-09-24 00:00:00+07:00
ICBP.JK,Indofood CBP,9138.836054104477,9183.63427005597,9004.44140625,9004.44140625,6329100,2020-09-25 00:00:00+07:00
ICBP.JK,Indofood CBP,9116.437255253566,9116.437255253566,9004.441711577232,9026.8408203125,3033500,2020-09-28 00:00:00+07:00
ICBP.JK,Indofood CBP,9116.436215555726,9116.436215555726,9004.440684652094,9094.037109375,3448900,2020-09-29 00:00:00+07:00
ICBP.JK,Indofood CBP,9138.836363988834,9138.836363988834,9026.8408203125,9026.8408203125,3833100,2020-09-30 00:00:00+07:00
ICBP.JK,Indofood CBP,9026.83979083282,9116.436215555726,9026.83979083282,9094.037109375,2693500,2020-10-01 00:00:00+07:00
ICBP.JK,Indofood CBP,9094.0381465183,9116.437255253566,8982.042602841966,9026.8408203125,2634300,2020-10-02 00:00:00+07:00
ICBP.JK,Indofood CBP,9026.840150738706,9116.43657903388,9004.441043664914,9049.2392578125,2439600,2020-10-05 00:00:00+07:00
ICBP.JK,Indofood CBP,9138.835686107674,9138.835686107674,9049.2392578125,9049.2392578125,2538900,2020-10-06 00:00:00+07:00
ICBP.JK,Indofood CBP,9094.037216796874,9094.037216796874,8959.642578125,8959.642578125,4764400,2020-10-07 00:00:00+07:00
ICBP.JK,Indofood CBP,8982.042602841966,9026.8408203125,8982.042602841966,9026.8408203125,3209400,2020-10-08 00:00:00+07:00
ICBP.JK,Indofood CBP,9049.239622201492,9049.239622201492,9004.44140625,9004.44140625,2004200,2020-10-09 00:00:00+07:00
ICBP.JK,Indofood CBP,9004.441155975188,9026.84026332836,8914.8447265625,8914.8447265625,6518600,2020-10-12 00:00:00+07:00
ICBP.JK,Indofood CBP,8870.04718002204,8914.84539810296,8847.64807098158,8892.4462890625,7526700,2020-10-13 00:00:00+07:00
ICBP.JK,Indofood CBP,8959.642941268843,8959.642941268843,8847.647404502983,8914.8447265625,9351800,2020-10-14 00:00:00+07:00
ICBP.JK,Indofood CBP,8892.44510967548,8914.844215745192,8735.6513671875,8735.6513671875,10009200,2020-10-15 00:00:00+07:00
ICBP.JK,Indofood CBP,8758.050473257212,8892.44510967548,8735.6513671875,8735.6513671875,7227300,2020-10-16 00:00:00+07:00
ICBP.JK,Indofood CBP,8758.051392533398,8847.647826216604,8758.051392533398,8802.849609375,2188500,2020-10-19 00:00:00+07:00
ICBP.JK,Indofood CBP,8802.849360841099,8825.2484686295,8713.2529296875,8713.2529296875,6697000,2020-10-20 00:00:00+07:00
ICBP.JK,Indofood CBP,8713.253601703447,8825.249149283183,8646.056273155606,8690.8544921875,9752700,2020-10-21 00:00:00+07:00
ICBP.JK,Indofood CBP,8690.852898316063,8713.252003724094,8646.0546875,8646.0546875,5281200,2020-10-22 00:00:00+07:00
ICBP.JK,Indofood CBP,8690.853821899102,8758.0511452643,8690.853821899102,8713.2529296875,2466700,2020-10-23 00:00:00+07:00
ICBP.JK,Indofood CBP,8713.251595967871,8847.64622212676,8690.852491608057,8758.0498046875,5331300,2020-10-26 00:00:00+07:00
ICBP.JK,Indofood CBP,8735.651109132124,8758.050214540155,8646.0546875,8646.0546875,4979000,2020-10-27 00:00:00+07:00
ICBP.JK,Indofood CBP,8646.054942908653,8892.44510967548,8623.655836838941,8735.6513671875,9102800,2020-11-02 00:00:00+07:00
ICBP.JK,Indofood CBP,8802.849360841099,8802.849360841099,8713.2529296875,8713.2529296875,4004300,2020-11-03 00:00:00+07:00
ICBP.JK,Indofood CBP,8735.650700327686,8802.848013407129,8735.650700327686,8758.0498046875,2680800,2020-11-04 00:00:00+07:00
ICBP.JK,Indofood CBP,8825.247686829229,8870.0458984375,8780.44947522096,8870.0458984375,5042500,2020-11-05 00:00:00+07:00
ICBP.JK,Indofood CBP,8870.046568433545,8914.844783425633,8780.450138449367,8847.6474609375,10391600,2020-11-06 00:00:00+07:00
ICBP.JK,Indofood CBP,8870.046003605768,8914.844215745192,8735.6513671875,8735.6513671875,9146900,2020-11-09 00:00:00+07:00
ICBP.JK,Indofood CBP,8758.05151304102,8825.248839228036,8646.055969395995,8668.455078125,21280100,2020-11-10 00:00:00+07:00
ICBP.JK,Indofood CBP,8758.051574707031,8758.051574707031,8601.2578125,8601.2578125,20988000,2020-11-11 00:00:00+07:00
ICBP.JK,Indofood CBP,8668.453387248243,8780.448909047314,8668.453387248243,8758.0498046875,10317600,2020-11-12 00:00:00+07:00
ICBP.JK,Indofood CBP,8758.051820735342,8758.051820735342,8668.455382671553,8690.8544921875,7350000,2020-11-13 00:00:00+07:00
ICBP.JK,Indofood CBP,8758.050473257212,8780.449579326923,8690.853155048077,8735.6513671875,7054800,2020-11-16 00:00:00+07:00
ICBP.JK,Indofood CBP,8780.449866615854,9385.225750285823,8780.449866615854,9183.6337890625,24735800,2020-11-17 00:00:00+07:00
ICBP.JK,Indofood CBP,9183.634095574818,9385.22606352646,9183.634095574818,9206.033203125,10675000,2020-11-18 00:00:00+07:00
ICBP.JK,Indofood CBP,9206.033146512682,9318.02868357488,9094.037609450483,9273.23046875,7159300,2020-11-19 00:00:00+07:00
ICBP.JK,Indofood CBP,9318.02854269802,9318.02854269802,9049.2392578125,9049.2392578125,10424600,2020-11-20 00:00:00+07:00
ICBP.JK,Indofood CBP,9094.037722120098,9183.634152879902,9071.638614430147,9138.8359375,5293500,2020-11-23 00:00:00+07:00
ICBP.JK,Indofood CBP,9161.235103202162,9183.63421103395,9049.23956404321,9071.638671875,8640800,2020-11-24 00:00:00+07:00
ICBP.JK,Indofood CBP,9071.638110351563,9116.436323242187,8959.642578125,8959.642578125,12555600,2020-11-25 00:00:00+07:00
ICBP.JK,Indofood CBP,8959.64313271605,9094.03777970679,8892.445809220679,9071.638671875,13527800,2020-11-26 00:00:00+07:00
ICBP.JK,Indofood CBP,9094.038675560141,9497.22265625,9026.841345445164,9497.22265625,28037600,2020-11-27 00:00:00+07:00
ICBP.JK,Indofood CBP,9497.220860953283,9519.619966757418,8870.0458984375,8870.0458984375,64378700,2020-11-30 00:00:00+07:00
ICBP.JK,Indofood CBP,8959.642829517326,9094.037471960088,8914.84461536974,9049.2392578125,20983400,2020-12-01 00:00:00+07:00
ICBP.JK,Indofood CBP,9116.4365234375,9138.835630374693,8982.041881814343,9116.4365234375,14997900,2020-12-02 00:00:00+07:00
ICBP.JK,Indofood CBP,9138.835742674562,9161.234849887001,8982.0419921875,8982.0419921875,15979900,2020-12-03 00:00:00+07:00
ICBP.JK,Indofood CBP,8982.042048622015,8982.042048622015,8914.8447265625,8914.8447265625,16025500,2020-12-04 00:00:00+07:00
ICBP.JK,Indofood CBP,8937.243833915672,8982.042048622015,8914.8447265625,8914.8447265625,14777600,2020-12-07 00:00:00+07:00
ICBP.JK,Indofood CBP,8914.845832669005,8937.244942801339,8735.652951610331,8780.451171875,37259300,2020-12-08 00:00:00+07:00
ICBP.JK,Indofood CBP,8847.647404502983,8914.8447265625,8713.25276038395,8914.8447265625,27446400,2020-12-10 00:00:00+07:00
ICBP.JK,Indofood CBP,8914.845151479009,8937.24425989981,8780.450500954199,8802.849609375,15130000,2020-12-11 00:00:00+07:00
ICBP.JK,Indofood CBP,8802.849609375,8847.647826216604,8780.450500954199,8802.849609375,7997300,2020-12-14 00:00:00+07:00
ICBP.JK,Indofood CBP,8802.850039767236,8825.249149283183,8690.8544921875,8690.8544921875,17300900,2020-12-15 00:00:00+07:00
ICBP.JK,Indofood CBP,8713.251595967871,8780.448909047314,8690.852491608057,8758.0498046875,16458300,2020-12-16 00:00:00+07:00
ICBP.JK,Indofood CBP,8780.450253052699,8825.2484686295,8713.2529296875,8713.2529296875,12290800,2020-12-17 00:00:00+07:00
ICBP.JK,Indofood CBP,8735.652711219394,8758.051820735342,8668.455382671553,8690.8544921875,15122100,2020-12-18 00:00:00+07:00
ICBP.JK,Indofood CBP,8690.852491608057,8802.848013407129,8646.054282888428,8758.0498046875,10927500,2020-12-21 00:00:00+07:00
ICBP.JK,Indofood CBP,8802.849792480469,8802.849792480469,8601.2578125,8601.2578125,15824100,2020-12-22 00:00:00+07:00
ICBP.JK,Indofood CBP,8601.25688976378,8668.454209215059,8466.86225086122,8534.0595703125,11933300,2020-12-23 00:00:00+07:00
ICBP.JK,Indofood CBP,8534.05993362467,8556.459041062006,8466.862611312665,8489.26171875,10841700,2020-12-28 00:00:00+07:00
ICBP.JK,Indofood CBP,8511.661626344086,8578.858954973119,8310.06964045699,8332.46875,18237100,2020-12-29 00:00:00+07:00
ICBP.JK,Indofood CBP,8332.469157963447,8578.859375,8332.469157963447,8578.859375,16093100,2020-12-30 00:00:00+07:00
ICBP.JK,Indofood CBP,8601.258485639686,8601.258485639686,8422.065600522194,8578.859375,6040400,2021-01-04 00:00:00+07:00
ICBP.JK,Indofood CBP,8534.059624565973,8578.857837818288,8466.8623046875,8466.8623046875,10086200,2021-01-05 00:00:00+07:00
ICBP.JK,Indofood CBP,8466.862975588527,8556.45940919264,8399.665650385445,8444.4638671875,10369600,2021-01-06 00:00:00+07:00
ICBP.JK,Indofood CBP,8444.462839226973,8601.256578947368,8422.063733552632,8511.66015625,8826900,2021-01-07 00:00:00+07:00
ICBP.JK,Indofood CBP,8556.45867679626,8578.85778328002,8466.86225086122,8534.0595703125,11195000,2021-01-08 00:00:00+07:00
ICBP.JK,Indofood CBP,8534.0595703125,8601.25688976378,8511.66046382874,8534.0595703125,5309300,2021-01-11 00:00:00+07:00
ICBP.JK,Indofood CBP,8534.06030079161,8556.45940919264,8444.4638671875,8444.4638671875,6644300,2021-01-12 00:00:00+07:00
ICBP.JK,Indofood CBP,8444.463618465148,8466.862726206435,8354.8671875,8354.8671875,11366200,2021-01-13 00:00:00+07:00
ICBP.JK,Indofood CBP,8377.2646484375,8489.260165127842,8354.865545099432,8377.2646484375,6211400,2021-01-14 00:00:00+07:00
ICBP.JK,Indofood CBP,8377.265932291666,8444.463252604166,8354.866825520832,8399.6650390625,6773600,2021-01-15 00:00:00+07:00
ICBP.JK,Indofood CBP,8399.664227374189,8646.054378043831,8399.664227374189,8623.6552734375,15779400,2021-01-18 00:00:00+07:00
ICBP.JK,Indofood CBP,8690.853155048077,8870.046003605768,8623.655836838941,8735.6513671875,34368300,2021-01-19 00:00:00+07:00
ICBP.JK,Indofood CBP,8735.652404312015,8802.84973049903,8601.257751937985,8668.455078125,14452800,2021-01-20 00:00:00+07:00
ICBP.JK,Indofood CBP,8690.854928198434,8735.653149477806,8578.859375,8578.859375,7065100,2021-01-21 00:00:00+07:00
ICBP.JK,Indofood CBP,8578.858148499341,8601.257255936674,8422.064396437994,8489.26171875,5631500,2021-01-22 00:00:00+07:00
ICBP.JK,Indofood CBP,8466.861944901315,8578.857473273027,8354.866416529605,8511.66015625,8009500,2021-01-25 00:00:00+07:00
ICBP.JK,Indofood CBP,8578.857473273027,8690.853001644737,8422.063733552632,8511.66015625,13587300,2021-01-26 00:00:00+07:00
ICBP.JK,Indofood CBP,8511.66015625,8646.054790296052,8422.063733552632,8511.66015625,9466000,2021-01-27 00:00:00+07:00
ICBP.JK,Indofood CBP,8511.65926846591,8511.65926846591,8377.2646484375,8377.2646484375,8804700,2021-01-28 00:00:00+07:00
ICBP.JK,Indofood CBP,8377.265469393888,8422.063680460165,8063.677991929945,8153.2744140625,14066800,2021-01-29 00:00:00+07:00
ICBP.JK,Indofood CBP,8063.6775914634145,8332.466844512195,8063.6775914634145,8265.26953125,6846000,2021-02-01 00:00:00+07:00
ICBP.JK,Indofood CBP,8287.669099506578,8578.857473273027,8265.269993832237,8511.66015625,12534000,2021-02-02 00:00:00+07:00
ICBP.JK,Indofood CBP,8534.06030079161,8556.45940919264,8422.064758786471,8444.4638671875,8510200,2021-02-03 00:00:00+07:00
ICBP.JK,Indofood CBP,8444.463618465148,8489.261833947721,8265.270756534852,8354.8671875,6585300,2021-02-04 00:00:00+07:00
ICBP.JK,Indofood CBP,8354.865948932927,8377.265053353658,8220.471322408537,8265.26953125,7215800,2021-02-05 00:00:00+07:00
ICBP.JK,Indofood CBP,8265.269941728193,8310.06815279447,8153.2744140625,8153.2744140625,11335300,2021-02-08 00:00:00+07:00
ICBP.JK,Indofood CBP,8198.07232943448,8242.870538884943,7884.48486328125,7884.48486328125,35900200,2021-02-09 00:00:00+07:00
ICBP.JK,Indofood CBP,7929.2845458984375,8130.876525878906,7929.2845458984375,8063.67919921875,19472200,2021-02-10 00:00:00+07:00
ICBP.JK,Indofood CBP,8063.678403551532,8108.476616904596,8018.880190198468,8041.279296875,4249400,2021-02-11 00:00:00+07:00
ICBP.JK,Indofood CBP,8063.678403551532,8086.077510228064,8018.880190198468,8041.279296875,4050100,2021-02-15 00:00:00+07:00
ICBP.JK,Indofood CBP,8063.678514518413,8086.0776215031865,7884.485658640227,7906.884765625,14656600,2021-02-16 00:00:00+07:00
ICBP.JK,Indofood CBP,7906.884765625,7974.08208657932,7884.485658640227,7906.884765625,5044600,2021-02-17 00:00:00+07:00
ICBP.JK,Indofood CBP,7974.083136160713,7996.482246093749,7839.688476562499,7839.6884765625,10242500,2021-02-18 00:00:00+07:00
ICBP.JK,Indofood CBP,7839.687613553779,7884.485828488372,7660.4947538154065,7705.29296875,16657400,2021-02-19 00:00:00+07:00
ICBP.JK,Indofood CBP,7817.288322293932,7839.687429234602,7727.69189453125,7727.69189453125,6220800,2021-02-22 00:00:00+07:00
ICBP.JK,Indofood CBP,7727.691950212445,7727.691950212445,7660.49462890625,7660.49462890625,11933200,2021-02-23 00:00:00+07:00
ICBP.JK,Indofood CBP,7660.494877280527,7817.288632078667,7615.696661623916,7750.09130859375,17672400,2021-02-24 00:00:00+07:00
ICBP.JK,Indofood CBP,7794.889582953717,7839.687798947703,7682.89404296875,7682.89404296875,7989700,2021-02-25 00:00:00+07:00
ICBP.JK,Indofood CBP,7660.494934971756,7750.09136695973,7615.69671897777,7682.89404296875,11519000,2021-02-26 00:00:00+07:00
ICBP.JK,Indofood CBP,7705.29296875,7750.091183684593,7682.893861282703,7705.29296875,4982200,2021-03-01 00:00:00+07:00
ICBP.JK,Indofood CBP,7705.292733028017,7974.082014412716,7705.292733028017,7794.88916015625,13965700,2021-03-02 00:00:00+07:00
ICBP.JK,Indofood CBP,7794.889466556232,7839.687681881268,7750.091251231196,7817.28857421875,9225100,2021-03-03 00:00:00+07:00
ICBP.JK,Indofood CBP,7862.086721021075,7862.086721021075,7705.29296875,7705.29296875,7279700,2021-03-04 00:00:00+07:00
ICBP.JK,Indofood CBP,7705.292715992647,7705.292715992647,7615.6962890625,7615.6962890625,12683100,2021-03-05 00:00:00+07:00
ICBP.JK,Indofood CBP,7615.696216184701,7660.494429221082,7458.902470557369,7503.70068359375,12971400,2021-03-08 00:00:00+07:00
ICBP.JK,Indofood CBP,7503.700556024774,7548.49876829955,7436.503237612613,7458.90234375,8629600,2021-03-09 00:00:00+07:00
ICBP.JK,Indofood CBP,7458.902470557369,7615.696216184701,7458.902470557369,7503.70068359375,7208800,2021-03-10 00:00:00+07:00
ICBP.JK,Indofood CBP,7526.09979011194,7593.2971096665115,7503.70068359375,7503.70068359375,6857000,2021-03-12 00:00:00+07:00
ICBP.JK,Indofood CBP,7593.297182329963,7772.490036190257,7570.898075597426,7615.6962890625,9366100,2021-03-15 00:00:00+07:00
ICBP.JK,Indofood CBP,7682.893861282703,7727.692076217297,7638.095646348111,7705.29296875,4733700,2021-03-16 00:00:00+07:00
ICBP.JK,Indofood CBP,7750.09100147192,7750.09100147192,7660.494573709239,7727.69189453125,6268400,2021-03-17 00:00:00+07:00
ICBP.JK,Indofood CBP,7772.490053374192,7817.288266938308,7750.090946592134,7794.88916015625,8262600,2021-03-18 00:00:00+07:00
ICBP.JK,Indofood CBP,7794.889230701133,7951.682979594547,7727.691909746813,7906.884765625,15236900,2021-03-19 00:00:00+07:00
ICBP.JK,Indofood CBP,7929.283872609773,7974.08208657932,7884.485658640227,7906.884765625,7289500,2021-03-22 00:00:00+07:00
ICBP.JK,Indofood CBP,8153.274668817935,8310.068412449049,8153.274668817935,8242.87109375,30860800,2021-03-23 00:00:00+07:00
ICBP.JK,Indofood CBP,8242.871706081081,8310.06902977196,8108.477058699324,8287.669921875,12586500,2021-03-24 00:00:00+07:00
ICBP.JK,Indofood CBP,8242.87094099162,8265.270046809532,7951.682565358764,8018.8798828125,11930600,2021-03-25 00:00:00+07:00
ICBP.JK,Indofood CBP,8108.476202996222,8153.2744140625,8041.278886396806,8153.2744140625,7860900,2021-03-26 00:00:00+07:00
ICBP.JK,Indofood CBP,8153.274009146342,8265.26953125,8108.475800304878,8265.26953125,5927500,2021-03-29 00:00:00+07:00
ICBP.JK,Indofood CBP,8242.871513429753,8265.270620803203,8086.077761815599,8130.8759765625,6974500,2021-03-30 00:00:00+07:00
ICBP.JK,Indofood CBP,8130.875562584919,8242.87109375,7884.48539402174,8242.87109375,11218500,2021-03-31 00:00:00+07:00
ICBP.JK,Indofood CBP,8130.87541190206,8198.072729355796,7996.480776994587,8018.8798828125,8292600,2021-04-01 00:00:00+07:00
ICBP.JK,Indofood CBP,8063.678275997899,8108.476488642332,7996.48095703125,7996.48095703125,1842800,2021-04-05 00:00:00+07:00
ICBP.JK,Indofood CBP,7996.481193564093,8018.880300548866,7884.485658640227,7906.884765625,4493200,2021-04-06 00:00:00+07:00
ICBP.JK,Indofood CBP,7929.283332053195,8041.278859342082,7929.283332053195,7974.08154296875,3186900,2021-04-07 00:00:00+07:00
ICBP.JK,Indofood CBP,7974.081282182173,8018.879491632634,7884.48486328125,7884.48486328125,7579300,2021-04-08 00:00:00+07:00
ICBP.JK,Indofood CBP,7884.486267605634,7974.082702464789,7884.486267605634,7951.68359375,2731400,2021-04-09 00:00:00+07:00
ICBP.JK,Indofood CBP,7974.082386876807,7996.481494705113,7750.09130859375,7750.09130859375,5958000,2021-04-12 00:00:00+07:00
ICBP.JK,Indofood CBP,7750.09100147192,7817.288322293932,7660.494573709239,7727.69189453125,2735700,2021-04-13 00:00:00+07:00
ICBP.JK,Indofood CBP,7794.890256696428,7839.688476562499,7772.491146763392,7839.6884765625,2798800,2021-04-14 00:00:00+07:00
ICBP.JK,Indofood CBP,7839.688476562499,7862.087586495535,7772.491146763392,7839.6884765625,2319600,2021-04-15 00:00:00+07:00
ICBP.JK,Indofood CBP,7839.687036269203,8018.8798828125,7839.687036269203,8018.8798828125,4801000,2021-04-16 00:00:00+07:00
ICBP.JK,Indofood CBP,8041.278988630412,8063.6780944483235,7974.081671176676,8018.8798828125,4496300,2021-04-19 00:00:00+07:00
ICBP.JK,Indofood CBP,8063.67796479986,8063.67796479986,7929.283332053195,7974.08154296875,2117200,2021-04-20 00:00:00+07:00
ICBP.JK,Indofood CBP,7929.283072731711,7974.081282182173,7884.48486328125,7884.48486328125,2711600,2021-04-21 00:00:00+07:00
ICBP.JK,Indofood CBP,7906.885806361606,7951.684026227678,7839.688476562499,7839.6884765625,1843600,2021-04-22 00:00:00+07:00
ICBP.JK,Indofood CBP,7884.486267605634,7996.481811179578,7839.688050176056,7951.68359375,3492000,2021-04-23 00:00:00+07:00
ICBP.JK,Indofood CBP,7951.682907630658,7974.082014412716,7794.88916015625,7794.88916015625,4114300,2021-04-26 00:00:00+07:00
ICBP.JK,Indofood CBP,7794.889398619186,7817.288506086483,7660.4947538154065,7705.29296875,7502700,2021-04-27 00:00:00+07:00
ICBP.JK,Indofood CBP,7705.293150965743,7772.490474956723,7615.69671897777,7682.89404296875,5144400,2021-04-28 00:00:00+07:00
ICBP.JK,Indofood CBP,7705.29278759058,7772.490108412591,7682.89368064991,7727.69189453125,2352400,2021-04-29 00:00:00+07:00
ICBP.JK,Indofood CBP,7750.090946592134,7794.88916015625,7682.893626245959,7794.88916015625,3825600,2021-04-30 00:00:00+07:00
ICBP.JK,Indofood CBP,7794.88927151864,7794.88927151864,7660.49462890625,7660.49462890625,3563800,2021-05-03 00:00:00+07:00
ICBP.JK,Indofood CBP,7660.493831332478,7682.892936102457,7570.897412252566,7638.0947265625,6310100,2021-05-04 00:00:00+07:00
ICBP.JK,Indofood CBP,7638.0947265625,7705.292040872434,7615.695621792523,7638.0947265625,2506600,2021-05-05 00:00:00+07:00
ICBP.JK,Indofood CBP,7660.494502527573,7705.292715992647,7526.099862132352,7615.6962890625,6187000,2021-05-06 00:00:00+07:00
ICBP.JK,Indofood CBP,7615.696653106508,7638.095760909763,7548.499329696745,7570.8984375,2904100,2021-05-07 00:00:00+07:00
ICBP.JK,Indofood CBP,7570.89832394622,7705.29296875,7548.499216478925,7705.29296875,3839900,2021-05-10 00:00:00+07:00
ICBP.JK,Indofood CBP,7705.292040872434,7705.292040872434,7615.695621792523,7638.0947265625,2161700,2021-05-11 00:00:00+07:00
ICBP.JK,Indofood CBP,7660.494859730114,7682.893967507102,7346.907350852272,7391.70556640625,9477500,2021-05-17 00:00:00+07:00
ICBP.JK,Indofood CBP,7391.705204607493,7526.099844691265,7391.705204607493,7436.50341796875,3770500,2021-05-18 00:00:00+07:00
ICBP.JK,Indofood CBP,7436.503599414653,7481.301813868958,7391.705384960347,7414.1044921875,4186400,2021-05-19 00:00:00+07:00
ICBP.JK,Indofood CBP,7436.503364039179,7570.898003148321,7414.1042575209885,7503.70068359375,4715400,2021-05-20 00:00:00+07:00
ICBP.JK,Indofood CBP,7526.099662162162,7548.49876829955,7436.503237612613,7458.90234375,2032000,2021-05-21 00:00:00+07:00
ICBP.JK,Indofood CBP,7481.301870950839,7481.301870950839,7346.9072265625,7346.9072265625,3906400,2021-05-24 00:00:00+07:00
ICBP.JK,Indofood CBP,7346.906918960244,7369.306025420489,7257.310493119266,7324.5078125,8978000,2021-05-25 00:00:00+07:00
ICBP.JK,Indofood CBP,7346.907170506042,7414.1044921875,7302.108956051737,7414.1044921875,11260600,2021-05-27 00:00:00+07:00
ICBP.JK,Indofood CBP,7414.104606370192,7436.5037139423075,7212.512638221154,7279.7099609375,7763900,2021-05-28 00:00:00+07:00
ICBP.JK,Indofood CBP,7302.109011766387,7369.306333960557,7234.911689572218,7346.9072265625,4574100,2021-05-31 00:00:00+07:00
ICBP.JK,Indofood CBP,7391.704769424392,7503.700296233852,7346.906558700608,7369.3056640625,5611200,2021-06-02 00:00:00+07:00
ICBP.JK,Indofood CBP,7391.705238079203,7794.88916015625,7391.705238079203,7794.88916015625,10251900,2021-06-03 00:00:00+07:00
ICBP.JK,Indofood CBP,7772.4904077292895,7772.4904077292895,7548.499329696745,7570.8984375,9862700,2021-06-04 00:00:00+07:00
ICBP.JK,Indofood CBP,7615.696400168413,7638.095507227732,7458.902650753181,7481.3017578125,3596700,2021-06-07 00:00:00+07:00
ICBP.JK,Indofood CBP,7481.301557721712,7503.700664181957,7279.709599579511,7324.5078125,8321100,2021-06-08 00:00:00+07:00
ICBP.JK,Indofood CBP,7324.50848351227,7391.70580904908,7279.71026648773,7302.109375,4260000,2021-06-09 00:00:00+07:00
ICBP.JK,Indofood CBP,7324.50848351227,7369.306700536809,7302.109375,7302.109375,2264700,2021-06-10 00:00:00+07:00
ICBP.JK,Indofood CBP,7324.5078125,7369.306025420489,7302.108706039755,7324.5078125,2528900,2021-06-11 00:00:00+07:00
ICBP.JK,Indofood CBP,7324.50848351227,7391.70580904908,7302.109375,7302.109375,2865900,2021-06-14 00:00:00+07:00
ICBP.JK,Indofood CBP,7324.50848351227,7346.90759202454,7279.71026648773,7302.109375,4067700,2021-06-15 00:00:00+07:00
ICBP.JK,Indofood CBP,7324.5078125,7458.902451261468,7302.108706039755,7324.5078125,4552800,2021-06-16 00:00:00+07:00
ICBP.JK,Indofood CBP,7324.508176081731,7391.705498798076,7279.7099609375,7279.7099609375,4122100,2021-06-17 00:00:00+07:00
ICBP.JK,Indofood CBP,7279.710260206653,7302.109368699596,6943.7236328125,6943.7236328125,22478200,2021-06-18 00:00:00+07:00
ICBP.JK,Indofood CBP,6921.324229532236,7167.714412460568,6831.727799376479,7100.51708984375,8643800,2021-06-21 00:00:00+07:00
ICBP.JK,Indofood CBP,7145.315372064247,7302.109126310171,7122.916264314829,7212.5126953125,4253300,2021-06-22 00:00:00+07:00
ICBP.JK,Indofood CBP,7302.1091851978845,7302.1091851978845,7122.916321757445,7145.3154296875,3698700,2021-06-23 00:00:00+07:00
ICBP.JK,Indofood CBP,7167.713687694704,7279.709214064934,7055.718161324474,7190.11279296875,5529100,2021-06-24 00:00:00+07:00
ICBP.JK,Indofood CBP,7190.11279296875,7257.310108790888,7167.713687694704,7190.11279296875,3121500,2021-06-25 00:00:00+07:00
ICBP.JK,Indofood CBP,7190.11364554761,7257.310969337775,7078.118105897335,7145.3154296875,3796900,2021-06-28 00:00:00+07:00
ICBP.JK,Indofood CBP,7212.512704190341,7436.503781960228,7167.714488636364,7391.70556640625,9487400,2021-06-29 00:00:00+07:00
ICBP.JK,Indofood CBP,7391.70580904908,7481.302243098159,7302.109375,7302.109375,5574700,2021-06-30 00:00:00+07:00
ICBP.JK,Indofood CBP,7548.498968864889,7794.889142922794,7481.30164866728,7615.6962890625,17723600,2021-07-01 00:00:00+07:00
ICBP.JK,Indofood CBP,7615.69634412092,7682.89366480434,7481.30170275408,7548.4990234375,10481800,2021-07-02 00:00:00+07:00
ICBP.JK,Indofood CBP,7548.498506957637,7548.498506957637,7346.906558700608,7369.3056640625,3802800,2021-07-05 00:00:00+07:00
ICBP.JK,Indofood CBP,7414.104560488747,7526.10009765625,7369.306345621745,7526.10009765625,2930700,2021-07-06 00:00:00+07:00
ICBP.JK,Indofood CBP,7481.302006286982,7615.696653106508,7458.902898483728,7570.8984375,4513900,2021-07-07 00:00:00+07:00
ICBP.JK,Indofood CBP,7593.296875,7660.494192477876,7548.498663348082,7593.296875,3402100,2021-07-08 00:00:00+07:00
ICBP.JK,Indofood CBP,7526.09998629386,7705.29284311038,7503.700879191794,7660.49462890625,6327200,2021-07-09 00:00:00+07:00
ICBP.JK,Indofood CBP,7660.494588792492,7974.08208657932,7615.6963748229455,7906.884765625,12916200,2021-07-12 00:00:00+07:00
ICBP.JK,Indofood CBP,7906.8843537229395,8086.077200266235,7817.287930451292,8018.8798828125,16894100,2021-07-13 00:00:00+07:00
ICBP.JK,Indofood CBP,8018.8802279768315,8018.8802279768315,7705.292733028017,7794.88916015625,7941000,2021-07-14 00:00:00+07:00
ICBP.JK,Indofood CBP,7772.490234375,7884.485770893371,7705.292912463977,7772.490234375,2707700,2021-07-15 00:00:00+07:00
ICBP.JK,Indofood CBP,7772.490474956723,7817.288690950711,7570.898502983782,7682.89404296875,5375000,2021-07-16 00:00:00+07:00
ICBP.JK,Indofood CBP,7682.89360926011,7682.89360926011,7548.498968864889,7615.6962890625,3177400,2021-07-19 00:00:00+07:00
ICBP.JK,Indofood CBP,7548.498968864889,7727.691822725184,7548.498968864889,7615.6962890625,4519000,2021-07-21 00:00:00+07:00
ICBP.JK,Indofood CBP,7682.893695777266,7929.283872609773,7638.095481807719,7906.884765625,4700400,2021-07-22 00:00:00+07:00
ICBP.JK,Indofood CBP,7906.88506339189,7906.88506339189,7660.494877280527,7750.09130859375,4113700,2021-07-23 00:00:00+07:00
ICBP.JK,Indofood CBP,7794.889466556232,7884.485897206304,7705.29303590616,7817.28857421875,3926200,2021-07-26 00:00:00+07:00
ICBP.JK,Indofood CBP,7839.687356387867,7862.086463120404,7570.898075597426,7615.6962890625,3332900,2021-07-27 00:00:00+07:00
ICBP.JK,Indofood CBP,7615.6962890625,7660.494502527573,7526.099862132352,7615.6962890625,2409400,2021-07-28 00:00:00+07:00
ICBP.JK,Indofood CBP,7615.696400168413,7615.696400168413,7481.3017578125,7481.3017578125,4082900,2021-07-29 00:00:00+07:00
ICBP.JK,Indofood CBP,7458.902821514423,7481.301929086539,7279.7099609375,7279.7099609375,7765100,2021-07-30 00:00:00+07:00
ICBP.JK,Indofood CBP,7279.7099609375,7391.705498798076,7234.911745793269,7279.7099609375,5251600,2021-08-02 00:00:00+07:00
ICBP.JK,Indofood CBP,7302.108347976823,7436.502980148176,7279.709242614931,7369.3056640625,3370400,2021-08-03 00:00:00+07:00
ICBP.JK,Indofood CBP,7391.7051318807335,7414.104238340979,7302.108706039755,7324.5078125,2039900,2021-08-04 00:00:00+07:00
ICBP.JK,Indofood CBP,7324.50848351227,7346.90759202454,7279.71026648773,7302.109375,4600500,2021-08-05 00:00:00+07:00
ICBP.JK,Indofood CBP,7324.5080632788895,7458.902706641805,7302.108956051737,7414.1044921875,2308400,2021-08-06 00:00:00+07:00
ICBP.JK,Indofood CBP,7458.903134585889,7481.302243098159,7257.31115797546,7302.109375,2627400,2021-08-09 00:00:00+07:00
ICBP.JK,Indofood CBP,7346.9073418090065,7346.9073418090065,7122.916264314829,7212.5126953125,6585900,2021-08-10 00:00:00+07:00
ICBP.JK,Indofood CBP,7279.710326770511,7369.306761561533,7212.513000677244,7234.912109375,3115600,2021-08-12 00:00:00+07:00
ICBP.JK,Indofood CBP,7234.911689572218,7391.705441358613,7234.911689572218,7346.9072265625,2441900,2021-08-13 00:00:00+07:00
ICBP.JK,Indofood CBP,7346.907350852272,7391.70556640625,7302.109135298296,7391.70556640625,1827100,2021-08-16 00:00:00+07:00
ICBP.JK,Indofood CBP,7391.705329575225,7503.700864871819,7391.705329575225,7481.3017578125,4277300,2021-08-18 00:00:00+07:00
ICBP.JK,Indofood CBP,7481.302243098159,7503.70135161043,7302.109375,7302.109375,4775800,2021-08-19 00:00:00+07:00
ICBP.JK,Indofood CBP,7302.109375,7346.90759202454,7257.31115797546,7302.109375,2045300,2021-08-20 00:00:00+07:00
ICBP.JK,Indofood CBP,7391.704769424392,7391.704769424392,7324.507453338716,7369.3056640625,1949700,2021-08-23 00:00:00+07:00
ICBP.JK,Indofood CBP,7369.306333960557,7414.10454875667,7279.709904368331,7346.9072265625,5218600,2021-08-24 00:00:00+07:00
ICBP.JK,Indofood CBP,7436.502980148176,7436.502980148176,7234.911031891147,7369.3056640625,7193700,2021-08-25 00:00:00+07:00
ICBP.JK,Indofood CBP,7369.3056640625,7391.704769424392,7279.709242614931,7369.3056640625,3990200,2021-08-26 00:00:00+07:00
ICBP.JK,Indofood CBP,7369.306097926864,7436.50341796875,7279.709671204349,7436.50341796875,7356500,2021-08-27 00:00:00+07:00
ICBP.JK,Indofood CBP,7481.301894077034,7750.091183684593,7458.9027866097385,7705.29296875,11729900,2021-08-30 00:00:00+07:00
ICBP.JK,Indofood CBP,7705.292771698813,7727.691878593287,7548.4990234375,7548.4990234375,5271700,2021-08-31 00:00:00+07:00
ICBP.JK,Indofood CBP,7615.696527390253,7615.696527390253,7458.902775355748,7526.10009765625,3241900,2021-09-01 00:00:00+07:00
ICBP.JK,Indofood CBP,7548.499329696745,7570.8984375,7458.902898483728,7570.8984375,1920100,2021-09-02 00:00:00+07:00
ICBP.JK,Indofood CBP,7570.897769174041,7615.695980825958,7548.498663348082,7593.296875,3556700,2021-09-03 00:00:00+07:00
ICBP.JK,Indofood CBP,7615.695621792523,7660.493831332478,7615.695621792523,7638.0947265625,4167800,2021-09-06 00:00:00+07:00
ICBP.JK,Indofood CBP,7651.882372032641,7743.796875,7651.882372032641,7743.796875,2986500,2021-09-07 00:00:00+07:00
ICBP.JK,Indofood CBP,7766.775500741839,7766.775500741839,7674.86099777448,7743.796875,6423000,2021-09-08 00:00:00+07:00
ICBP.JK,Indofood CBP,7743.796439699414,7835.7109375,7697.839190799121,7835.7109375,3731500,2021-09-09 00:00:00+07:00
ICBP.JK,Indofood CBP,7835.711536362592,7835.711536362592,7766.775657743567,7812.73291015625,1793900,2021-09-10 00:00:00+07:00
ICBP.JK,Indofood CBP,7720.81824925816,7789.754126483679,7697.83962351632,7743.796875,2351900,2021-09-13 00:00:00+07:00
ICBP.JK,Indofood CBP,7743.7972520455805,7789.7545057669195,7720.818625184911,7766.77587890625,1167000,2021-09-14 00:00:00+07:00
ICBP.JK,Indofood CBP,7766.775230293843,7766.775230293843,7674.8607305270525,7697.83935546875,5544500,2021-09-15 00:00:00+07:00
ICBP.JK,Indofood CBP,7697.839028958491,7720.817652925532,7514.01003722217,7559.96728515625,6857300,2021-09-16 00:00:00+07:00
ICBP.JK,Indofood CBP,7559.96859872268,7559.96859872268,7491.03271484375,7491.03271484375,4816000,2021-09-17 00:00:00+07:00
ICBP.JK,Indofood CBP,7582.946844951924,7582.946844951924,7422.0964573317315,7468.0537109375,4134700,2021-09-20 00:00:00+07:00
ICBP.JK,Indofood CBP,7445.074324642319,7697.839193688817,7445.074324642319,7628.9033203125,3757800,2021-09-21 00:00:00+07:00
ICBP.JK,Indofood CBP,7628.903760956555,7651.882386742569,7536.9892578125,7536.9892578125,1639100,2021-09-22 00:00:00+07:00
ICBP.JK,Indofood CBP,7605.924914180871,7628.903539299243,7536.989038825758,7582.9462890625,1829100,2021-09-23 00:00:00+07:00
ICBP.JK,Indofood CBP,7582.946071394955,7628.9033203125,7514.010198018636,7628.9033203125,2634400,2021-09-24 00:00:00+07:00
ICBP.JK,Indofood CBP,7628.9035893057635,7674.86083984375,7536.9890882297905,7674.86083984375,5104700,2021-09-27 00:00:00+07:00
ICBP.JK,Indofood CBP,7674.860404991451,7674.860404991451,7514.01003722217,7559.96728515625,4369400,2021-09-28 00:00:00+07:00
ICBP.JK,Indofood CBP,7559.96728515625,7559.96728515625,7491.031413255129,7559.96728515625,2750800,2021-09-29 00:00:00+07:00
ICBP.JK,Indofood CBP,7559.967713498783,7720.8180903817365,7559.967713498783,7674.86083984375,5656600,2021-09-30 00:00:00+07:00
ICBP.JK,Indofood CBP,7674.860949817004,7720.818201013513,7559.967821825732,7651.88232421875,4065700,2021-10-01 00:00:00+07:00
ICBP.JK,Indofood CBP,7697.840082245754,7950.60498046875,7674.861455134574,7950.60498046875,11058600,2021-10-04 00:00:00+07:00
ICBP.JK,Indofood CBP,7950.604694139519,8134.433704408641,7904.647441572238,8111.455078125,13184600,2021-10-05 00:00:00+07:00
ICBP.JK,Indofood CBP,8111.455454680879,8180.391336731991,7996.562317929025,8134.43408203125,9047000,2021-10-06 00:00:00+07:00
ICBP.JK,Indofood CBP,8134.43408203125,8272.305846133475,8088.476827330508,8134.43408203125,9890400,2021-10-07 00:00:00+07:00
ICBP.JK,Indofood CBP,8134.43385983585,8203.369740003951,8065.497979667749,8180.39111328125,5016500,2021-10-08 00:00:00+07:00
ICBP.JK,Indofood CBP,8180.391336731991,8203.369964082362,8088.476827330508,8134.43408203125,4998400,2021-10-11 00:00:00+07:00
ICBP.JK,Indofood CBP,8157.413085937501,8180.391714348592,8088.477200704226,8157.4130859375,7922600,2021-10-12 00:00:00+07:00
ICBP.JK,Indofood CBP,8157.411782035615,8272.304905726258,8088.475907821229,8226.34765625,9413800,2021-10-13 00:00:00+07:00
ICBP.JK,Indofood CBP,8272.305211126006,8571.02734375,8249.326585539544,8571.02734375,19813500,2021-10-14 00:00:00+07:00
ICBP.JK,Indofood CBP,8594.006191037735,8662.94206957547,8364.219929245282,8525.0703125,10441700,2021-10-15 00:00:00+07:00
ICBP.JK,Indofood CBP,8548.0498046875,8594.00706170195,8456.135290658602,8548.0498046875,7172800,2021-10-18 00:00:00+07:00
ICBP.JK,Indofood CBP,8548.0498046875,8594.00706170195,8479.113919165828,8548.0498046875,5926900,2021-10-19 00:00:00+07:00
ICBP.JK,Indofood CBP,8594.005425347223,8594.005425347223,8364.219184027777,8479.1123046875,8833800,2021-10-21 00:00:00+07:00
ICBP.JK,Indofood CBP,8479.112854674622,8479.112854674622,8295.283849695226,8364.2197265625,8038500,2021-10-22 00:00:00+07:00
ICBP.JK,Indofood CBP,8364.2197265625,8410.176977807349,8295.283849695226,8364.2197265625,5603700,2021-10-25 00:00:00+07:00
ICBP.JK,Indofood CBP,8387.198352184925,8456.134229052197,8341.241100940075,8364.2197265625,6724600,2021-10-26 00:00:00+07:00
ICBP.JK,Indofood CBP,8410.177610235698,8433.15623758607,8088.476827330508,8134.43408203125,7857600,2021-10-27 00:00:00+07:00
ICBP.JK,Indofood CBP,8111.454699429599,8134.433324640448,7973.582948164506,8088.47607421875,7670900,2021-10-28 00:00:00+07:00
ICBP.JK,Indofood CBP,8088.47607421875,8203.369200272993,8042.518823797052,8088.47607421875,7541300,2021-10-29 00:00:00+07:00
ICBP.JK,Indofood CBP,8088.47607421875,8157.411949851296,7996.561573375355,8088.47607421875,6520400,2021-11-01 00:00:00+07:00
ICBP.JK,Indofood CBP,8088.476827330508,8157.4127093816205,8065.4981999801375,8134.43408203125,3320900,2021-11-02 00:00:00+07:00
ICBP.JK,Indofood CBP,8134.4339276175215,8134.4339276175215,7996.5621661324785,8065.498046875,6778900,2021-11-03 00:00:00+07:00
ICBP.JK,Indofood CBP,8065.497449007901,8157.411949851296,8065.497449007901,8088.47607421875,2796400,2021-11-04 00:00:00+07:00
ICBP.JK,Indofood CBP,8088.47607421875,8134.433324640448,8042.518823797052,8088.47607421875,5357200,2021-11-05 00:00:00+07:00
ICBP.JK,Indofood CBP,8111.45523311315,8180.39111328125,8088.47660639045,8180.39111328125,2606200,2021-11-08 00:00:00+07:00
ICBP.JK,Indofood CBP,8203.3681640625,8249.325408679097,8157.410919445903,8203.3681640625,2936800,2021-11-09 00:00:00+07:00
ICBP.JK,Indofood CBP,8203.369740003951,8226.34836672665,8111.45523311315,8180.39111328125,2206900,2021-11-10 00:00:00+07:00
ICBP.JK,Indofood CBP,8180.391336731991,8203.369964082362,8088.476827330508,8134.43408203125,1269200,2021-11-11 00:00:00+07:00
ICBP.JK,Indofood CBP,8180.390406773743,8226.34765625,8134.433157297486,8226.34765625,1767300,2021-11-12 00:00:00+07:00
ICBP.JK,Indofood CBP,8226.346786370797,8249.325408679097,8180.389541754202,8203.3681640625,2870000,2021-11-15 00:00:00+07:00
ICBP.JK,Indofood CBP,8226.348209543201,8249.326835826841,8088.47645184136,8111.455078125,6167400,2021-11-16 00:00:00+07:00
ICBP.JK,Indofood CBP,8111.455454680879,8157.4127093816205,8111.455454680879,8134.43408203125,6965500,2021-11-17 00:00:00+07:00
ICBP.JK,Indofood CBP,8157.411248493458,8433.154727315772,8157.411248493458,8341.240234375,9739300,2021-11-18 00:00:00+07:00
ICBP.JK,Indofood CBP,8410.177312370153,8456.134565443213,8272.30555315097,8295.2841796875,4570900,2021-11-19 00:00:00+07:00
ICBP.JK,Indofood CBP,8295.282987904615,8364.218857610193,8272.304364669422,8341.240234375,3401900,2021-11-22 00:00:00+07:00
ICBP.JK,Indofood CBP,8318.262155202514,8318.262155202514,8180.390406773743,8226.34765625,5458400,2021-11-23 00:00:00+07:00
ICBP.JK,Indofood CBP,8249.327037217881,8272.3056640625,8226.348410373264,8272.3056640625,1648300,2021-11-24 00:00:00+07:00
ICBP.JK,Indofood CBP,8272.304905726258,8295.283530464385,8226.34765625,8226.34765625,1599300,2021-11-25 00:00:00+07:00
ICBP.JK,Indofood CBP,8226.348971170775,8249.327599581866,8134.434457526409,8157.4130859375,5372700,2021-11-26 00:00:00+07:00
ICBP.JK,Indofood CBP,8157.413085937501,8180.391714348592,8088.477200704226,8157.4130859375,7196000,2021-11-29 00:00:00+07:00
ICBP.JK,Indofood CBP,8295.284296701646,8318.262923562315,7766.77587890625,7766.77587890625,12610000,2021-11-30 00:00:00+07:00
ICBP.JK,Indofood CBP,8019.539185596113,8226.346786370797,7996.560563287815,8203.3681640625,15597800,2021-12-01 00:00:00+07:00
ICBP.JK,Indofood CBP,8180.391336731991,8249.327218783103,8088.476827330508,8134.43408203125,2949200,2021-12-02 00:00:00+07:00
ICBP.JK,Indofood CBP,8111.455144071031,8134.433770541487,7973.583385248294,7996.56201171875,5921800,2021-12-03 00:00:00+07:00
ICBP.JK,Indofood CBP,8019.541390904018,8134.434534040179,7996.562762276785,8042.52001953125,4168800,2021-12-06 00:00:00+07:00
ICBP.JK,Indofood CBP,8088.477276785714,8088.477276785714,7996.562762276785,8042.52001953125,4921400,2021-12-07 00:00:00+07:00
ICBP.JK,Indofood CBP,8042.519419960826,8180.391181445869,8042.519419960826,8065.498046875,2751100,2021-12-08 00:00:00+07:00
ICBP.JK,Indofood CBP,8157.411782035615,8226.34765625,8088.475907821229,8226.34765625,2668700,2021-12-09 00:00:00+07:00
ICBP.JK,Indofood CBP,8226.348591432732,8249.327218783103,8019.540945279396,8134.43408203125,4209200,2021-12-10 00:00:00+07:00
ICBP.JK,Indofood CBP,8226.349048549107,8226.349048549107,8042.52001953125,8042.52001953125,2949100,2021-12-13 00:00:00+07:00
ICBP.JK,Indofood CBP,8042.519264659662,8065.497891130119,7996.56201171875,7996.56201171875,4739900,2021-12-14 00:00:00+07:00
ICBP.JK,Indofood CBP,7996.561573375355,8088.47607421875,7996.561573375355,8088.47607421875,2295800,2021-12-15 00:00:00+07:00
ICBP.JK,Indofood CBP,8111.455905412946,8111.455905412946,7973.584133649553,8042.52001953125,3678900,2021-12-16 00:00:00+07:00
ICBP.JK,Indofood CBP,8019.540198586204,8088.47607421875,7996.561573375355,8088.47607421875,5451900,2021-12-17 00:00:00+07:00
ICBP.JK,Indofood CBP,8088.47645184136,8111.455078125,7996.561946706799,8111.455078125,2285700,2021-12-20 00:00:00+07:00
ICBP.JK,Indofood CBP,8065.498648158482,8111.455905412946,7996.562762276785,8042.52001953125,2317600,2021-12-21 00:00:00+07:00
ICBP.JK,Indofood CBP,8042.518883960735,8065.4975093434805,7812.732630133286,7973.5830078125,6189900,2021-12-22 00:00:00+07:00
ICBP.JK,Indofood CBP,7996.5621661324785,8065.498046875,7950.604912304131,8065.498046875,2797800,2021-12-23 00:00:00+07:00
ICBP.JK,Indofood CBP,8065.498270728868,8088.476898280802,7950.605132969197,8019.541015625,2906000,2021-12-24 00:00:00+07:00
ICBP.JK,Indofood CBP,8019.540861802294,8019.540861802294,7927.626353357568,7950.60498046875,1290200,2021-12-27 00:00:00+07:00
ICBP.JK,Indofood CBP,7950.604758777838,8042.519264659662,7950.604758777838,7996.56201171875,3719600,2021-12-28 00:00:00+07:00
ICBP.JK,Indofood CBP,7996.561633195245,8019.54025857799,7950.604382429756,7973.5830078125,2009000,2021-12-29 00:00:00+07:00
ICBP.JK,Indofood CBP,7973.583385248294,8019.540638189206,7904.647505836925,7996.56201171875,4302200,2021-12-30 00:00:00+07:00
ICBP.JK,Indofood CBP,7973.583228600543,8019.540480638587,7904.647350543478,7927.6259765625,2449700,2022-01-03 00:00:00+07:00
ICBP.JK,Indofood CBP,7950.604912304131,8134.4339276175215,7927.626285389957,8065.498046875,4450000,2022-01-04 00:00:00+07:00
ICBP.JK,Indofood CBP,8042.519199274079,8111.455078125,7973.5833204231585,8111.455078125,3133400,2022-01-05 00:00:00+07:00
ICBP.JK,Indofood CBP,8111.455454680879,8134.43408203125,8019.540945279396,8134.43408203125,1984800,2022-01-06 00:00:00+07:00
ICBP.JK,Indofood CBP,8088.477200704226,8226.348971170775,8065.498572293134,8157.4130859375,6266500,2022-01-07 00:00:00+07:00
ICBP.JK,Indofood CBP,8180.391336731991,8249.327218783103,8111.455454680879,8134.43408203125,3461300,2022-01-10 00:00:00+07:00
ICBP.JK,Indofood CBP,8134.433770541487,8134.433770541487,7950.604758777838,7996.56201171875,3692600,2022-01-11 00:00:00+07:00
ICBP.JK,Indofood CBP,8019.541390904018,8111.455905412946,7996.562762276785,8042.52001953125,2584900,2022-01-12 00:00:00+07:00
ICBP.JK,Indofood CBP,8019.540793046653,8111.455300703347,7996.5621661324785,8065.498046875,2367700,2022-01-13 00:00:00+07:00
ICBP.JK,Indofood CBP,8065.498648158482,8111.455905412946,8019.541390904018,8042.52001953125,1865900,2022-01-14 00:00:00+07:00
ICBP.JK,Indofood CBP,8042.519419960826,8088.476673789173,8019.540793046653,8065.498046875,3363800,2022-01-17 00:00:00+07:00
ICBP.JK,Indofood CBP,8065.498046875,8065.498046875,7996.5621661324785,8065.498046875,3038300,2022-01-18 00:00:00+07:00
ICBP.JK,Indofood CBP,8065.498648158482,8065.498648158482,7950.605505022321,8042.52001953125,2877200,2022-01-19 00:00:00+07:00
ICBP.JK,Indofood CBP,8019.539933101173,8042.51855755132,7835.7109375,7835.7109375,9525700,2022-01-20 00:00:00+07:00
ICBP.JK,Indofood CBP,7858.689880898775,8019.54025857799,7858.689880898775,7973.5830078125,8287900,2022-01-21 00:00:00+07:00
ICBP.JK,Indofood CBP,7973.583832496821,8019.541088015534,7881.669321459393,7904.64794921875,2233500,2022-01-24 00:00:00+07:00
ICBP.JK,Indofood CBP,7904.648247767857,8065.498648158482,7904.648247767857,8042.52001953125,5194200,2022-01-25 00:00:00+07:00
ICBP.JK,Indofood CBP,8065.498648158482,8111.455905412946,8019.541390904018,8042.52001953125,3207700,2022-01-26 00:00:00+07:00
ICBP.JK,Indofood CBP,8042.519264659662,8088.476517600575,7950.604758777838,7996.56201171875,1600000,2022-01-27 00:00:00+07:00
ICBP.JK,Indofood CBP,7996.561633195245,8088.476134726225,7881.66850628152,7973.5830078125,3084800,2022-01-28 00:00:00+07:00
ICBP.JK,Indofood CBP,7973.583760521132,8042.519643176934,7881.669250313395,8019.541015625,11996000,2022-01-31 00:00:00+07:00
ICBP.JK,Indofood CBP,8019.54025857799,8019.54025857799,7904.6471316642655,7973.5830078125,2102100,2022-02-02 00:00:00+07:00
ICBP.JK,Indofood CBP,7904.647414981618,7904.647414981618,7812.73291015625,7812.73291015625,4600200,2022-02-03 00:00:00+07:00
ICBP.JK,Indofood CBP,7835.711472486413,7996.561854619566,7789.75422044837,7927.6259765625,4939500,2022-02-04 00:00:00+07:00
ICBP.JK,Indofood CBP,7927.626353357568,8042.5194889134755,7904.647726246387,7950.60498046875,5159100,2022-02-07 00:00:00+07:00
ICBP.JK,Indofood CBP,7950.604602581521,8042.519106657609,7904.647350543478,7927.6259765625,4900000,2022-02-08 00:00:00+07:00
ICBP.JK,Indofood CBP,7927.625757047011,8019.54025857799,7927.625757047011,7973.5830078125,6006500,2022-02-09 00:00:00+07:00
ICBP.JK,Indofood CBP,7973.583228600543,8019.540480638587,7927.6259765625,7927.6259765625,5007100,2022-02-10 00:00:00+07:00
ICBP.JK,Indofood CBP,7927.626353357568,7973.583607579931,7858.6904720240245,7950.60498046875,6545700,2022-02-11 00:00:00+07:00
ICBP.JK,Indofood CBP,7881.668566965917,7950.60444364492,7835.711315846583,7858.68994140625,3905100,2022-02-14 00:00:00+07:00
ICBP.JK,Indofood CBP,7858.68994140625,7927.625818085253,7674.860936928911,7858.68994140625,11049400,2022-02-15 00:00:00+07:00
ICBP.JK,Indofood CBP,7858.690162568934,7904.647414981618,7789.754283949908,7812.73291015625,7178700,2022-02-16 00:00:00+07:00
ICBP.JK,Indofood CBP,7835.7109375,7881.668186400294,7812.7323130498535,7835.7109375,5767000,2022-02-17 00:00:00+07:00
ICBP.JK,Indofood CBP,7835.7109375,7950.6040597507335,7835.7109375,7835.7109375,9210400,2022-02-18 00:00:00+07:00
ICBP.JK,Indofood CBP,7835.711536362592,7881.668788775276,7812.73291015625,7812.73291015625,7714500,2022-02-21 00:00:00+07:00
ICBP.JK,Indofood CBP,7835.7109375,7835.7109375,7720.817815249267,7835.7109375,7311200,2022-02-22 00:00:00+07:00
ICBP.JK,Indofood CBP,7835.711626425557,8019.540638189206,7789.754373484645,7996.56201171875,7812000,2022-02-23 00:00:00+07:00
ICBP.JK,Indofood CBP,7973.58268420088,7996.561308651027,7766.77506414956,7835.7109375,10974000,2022-02-24 00:00:00+07:00
ICBP.JK,Indofood CBP,7835.711536362592,7950.604667394302,7789.754283949908,7812.73291015625,10382300,2022-02-25 00:00:00+07:00
ICBP.JK,Indofood CBP,7812.732540246212,7835.711165364583,7491.031788589015,7582.9462890625,21470900,2022-03-01 00:00:00+07:00
ICBP.JK,Indofood CBP,7445.074995070978,7559.968127710962,7261.245982847003,7284.224609375,28428600,2022-03-02 00:00:00+07:00
ICBP.JK,Indofood CBP,7261.245937749601,7307.2031905201675,7123.374179437899,7192.31005859375,24282500,2022-03-04 00:00:00+07:00
ICBP.JK,Indofood CBP,7169.3313582136825,7169.3313582136825,6778.694713695629,6801.67333984375,25237400,2022-03-07 00:00:00+07:00
ICBP.JK,Indofood CBP,6801.673429790296,6985.50244140625,6801.673429790296,6985.50244140625,21825800,2022-03-08 00:00:00+07:00
ICBP.JK,Indofood CBP,7031.460073002049,7123.3745837602455,6939.545562243852,7008.4814453125,11438800,2022-03-09 00:00:00+07:00
ICBP.JK,Indofood CBP,7146.352649319557,7169.331275201614,7031.459519909275,7123.3740234375,8712200,2022-03-10 00:00:00+07:00
ICBP.JK,Indofood CBP,7123.374427643833,7146.35305482978,6939.54541015625,6939.54541015625,8055000,2022-03-11 00:00:00+07:00
ICBP.JK,Indofood CBP,6962.523658118771,6985.5022840531565,6893.5877803156145,6916.56640625,6353200,2022-03-14 00:00:00+07:00
ICBP.JK,Indofood CBP,6916.566853430135,6985.502735690236,6778.695088909933,6824.65234375,15064300,2022-03-15 00:00:00+07:00
ICBP.JK,Indofood CBP,6824.652423796107,7031.460073002049,6824.652423796107,7008.4814453125,7742600,2022-03-16 00:00:00+07:00
ICBP.JK,Indofood CBP,7031.459806234529,7077.417059870049,6870.60941851021,6962.52392578125,6832200,2022-03-17 00:00:00+07:00
ICBP.JK,Indofood CBP,6985.5025525990095,6985.5025525990095,6847.630791692451,6962.52392578125,8157900,2022-03-18 00:00:00+07:00
ICBP.JK,Indofood CBP,6985.502123531879,6985.502123531879,6847.63037109375,6847.63037109375,4030800,2022-03-21 00:00:00+07:00
ICBP.JK,Indofood CBP,6870.609375,6985.5025083612045,6870.609375,6870.609375,4588300,2022-03-22 00:00:00+07:00
ICBP.JK,Indofood CBP,6870.609264322917,6939.545143229167,6870.609264322917,6893.587890625,3310700,2022-03-23 00:00:00+07:00
ICBP.JK,Indofood CBP,6916.5667829703025,6939.54541015625,6893.588155784354,6939.54541015625,3315100,2022-03-24 00:00:00+07:00
ICBP.JK,Indofood CBP,6939.545278825431,6939.545278825431,6617.844504310345,6663.8017578125,28613700,2022-03-25 00:00:00+07:00
ICBP.JK,Indofood CBP,6663.801647068299,6801.6734052835045,6617.844394329897,6686.7802734375,13828500,2022-03-28 00:00:00+07:00
ICBP.JK,Indofood CBP,6709.75830078125,6801.6727980522255,6663.801052145762,6709.75830078125,9243600,2022-03-29 00:00:00+07:00
ICBP.JK,Indofood CBP,6755.715711069915,6870.608835407839,6732.737086202331,6778.6943359375,9768800,2022-03-30 00:00:00+07:00
ICBP.JK,Indofood CBP,6801.6735623937075,6847.630816193665,6709.7590547937925,6755.71630859375,6875300,2022-03-31 00:00:00+07:00
ICBP.JK,Indofood CBP,6755.7160247093025,6939.5450321843855,6755.7160247093025,6916.56640625,14229300,2022-04-01 00:00:00+07:00
ICBP.JK,Indofood CBP,6939.54541015625,7031.459918900041,6939.54541015625,6939.54541015625,9542200,2022-04-04 00:00:00+07:00
ICBP.JK,Indofood CBP,6939.54529896349,6985.5025525990095,6893.588045327971,6962.52392578125,6290300,2022-04-05 00:00:00+07:00
ICBP.JK,Indofood CBP,6962.523722880595,6985.502349028716,6732.737461399387,6801.67333984375,14545900,2022-04-06 00:00:00+07:00
ICBP.JK,Indofood CBP,6801.673538056931,6985.5025525990095,6778.69491123917,6962.52392578125,11142300,2022-04-07 00:00:00+07:00
ICBP.JK,Indofood CBP,6962.523498125524,6985.502123531879,6824.651745687395,6847.63037109375,4565300,2022-04-08 00:00:00+07:00
ICBP.JK,Indofood CBP,6847.630528446844,6916.56640625,6778.694650643688,6916.56640625,4994400,2022-04-11 00:00:00+07:00
ICBP.JK,Indofood CBP,6893.587844436232,6893.587844436232,6732.737461399387,6801.67333984375,4546800,2022-04-12 00:00:00+07:00
ICBP.JK,Indofood CBP,6801.673181527303,6824.651807140572,6709.758679074232,6732.7373046875,8990800,2022-04-13 00:00:00+07:00
ICBP.JK,Indofood CBP,6709.758853712979,6732.737479924324,6571.887096444904,6594.86572265625,10581800,2022-04-14 00:00:00+07:00
ICBP.JK,Indofood CBP,6594.865564480634,6640.822815801057,6479.972436179578,6525.9296875,7820300,2022-04-18 00:00:00+07:00
ICBP.JK,Indofood CBP,6548.908470233558,6663.801601290287,6525.929844022212,6594.86572265625,8334300,2022-04-19 00:00:00+07:00
ICBP.JK,Indofood CBP,6617.84417662116,6801.673181527303,6617.84417662116,6732.7373046875,7752700,2022-04-20 00:00:00+07:00
ICBP.JK,Indofood CBP,6732.737834069865,6870.609598590067,6732.737834069865,6824.65234375,8557700,2022-04-21 00:00:00+07:00
ICBP.JK,Indofood CBP,6824.65142236997,6847.630046687714,6663.801052145762,6709.75830078125,6678100,2022-04-22 00:00:00+07:00
ICBP.JK,Indofood CBP,6709.759206649832,6847.630971170034,6686.780579229798,6824.65234375,7140000,2022-04-25 00:00:00+07:00
ICBP.JK,Indofood CBP,6847.630791692451,6985.5025525990095,6755.716284421411,6962.52392578125,11541600,2022-04-26 00:00:00+07:00
ICBP.JK,Indofood CBP,6962.523814954256,6985.50244140625,6847.630682694285,6985.50244140625,7890200,2022-04-27 00:00:00+07:00
ICBP.JK,Indofood CBP,6985.502817622951,7031.460073002049,6916.566934554303,7008.4814453125,7891500,2022-04-28 00:00:00+07:00
ICBP.JK,Indofood CBP,6939.545096732474,6962.523722880595,6801.67333984375,6801.67333984375,9648400,2022-05-09 00:00:00+07:00
ICBP.JK,Indofood CBP,6709.758743142633,7353.160266457679,6617.844239811912,7330.181640625,24691800,2022-05-10 00:00:00+07:00
ICBP.JK,Indofood CBP,7307.202577889683,7674.860569230045,7146.352206678275,7628.9033203125,21331500,2022-05-11 00:00:00+07:00
ICBP.JK,Indofood CBP,7628.9035484813085,7651.882173627336,7307.202796436915,7376.138671875,16279900,2022-05-12 00:00:00+07:00
ICBP.JK,Indofood CBP,7353.160359327217,7605.9252466790895,7238.267228712729,7514.0107421875,11232900,2022-05-13 00:00:00+07:00
ICBP.JK,Indofood CBP,7307.2031905201675,7307.2031905201675,7123.374179437899,7192.31005859375,11289000,2022-05-17 00:00:00+07:00
ICBP.JK,Indofood CBP,7238.267076280382,7582.946460865162,7192.309825002411,7445.07470703125,13474300,2022-05-18 00:00:00+07:00
ICBP.JK,Indofood CBP,7353.160266457679,7559.967898951802,7238.267137294279,7330.181640625,10620900,2022-05-19 00:00:00+07:00
ICBP.JK,Indofood CBP,7353.1604231366455,7445.074928425854,7353.1604231366455,7399.11767578125,5593000,2022-05-20 00:00:00+07:00
ICBP.JK,Indofood CBP,7422.09614395572,7445.074769788401,7284.224388959639,7330.181640625,5300800,2022-05-23 00:00:00+07:00
ICBP.JK,Indofood CBP,7399.118203005177,7514.011342803394,7330.1823191262465,7491.03271484375,6395400,2022-05-24 00:00:00+07:00
ICBP.JK,Indofood CBP,7491.031788589015,7582.9462890625,7491.031788589015,7582.9462890625,6948800,2022-05-25 00:00:00+07:00
ICBP.JK,Indofood CBP,7628.903838315217,7950.604602581521,7605.925212296195,7927.6259765625,14411000,2022-05-27 00:00:00+07:00
ICBP.JK,Indofood CBP,7927.625818085253,7950.60444364492,7812.732690286915,7858.68994140625,5869400,2022-05-30 00:00:00+07:00
ICBP.JK,Indofood CBP,7858.690318649782,7881.6689453125,7766.775811998907,7881.6689453125,8505500,2022-05-31 00:00:00+07:00
ICBP.JK,Indofood CBP,8042.518945883589,8088.476197002924,7766.775439167581,7858.68994140625,8258900,2022-06-02 00:00:00+07:00
ICBP.JK,Indofood CBP,7858.690318649782,7950.604825300657,7835.711691987063,7881.6689453125,4816900,2022-06-03 00:00:00+07:00
ICBP.JK,Indofood CBP,7881.669099135205,7973.583607579931,7858.6904720240245,7950.60498046875,4912400,2022-06-06 00:00:00+07:00
ICBP.JK,Indofood CBP,7973.5834519633745,7996.562078626093,7881.6689453125,7881.6689453125,5391500,2022-06-07 00:00:00+07:00
ICBP.JK,Indofood CBP,7904.647571975219,7973.5834519633745,7881.6689453125,7881.6689453125,4854600,2022-06-08 00:00:00+07:00
ICBP.JK,Indofood CBP,7881.668724524457,7950.604602581521,7858.690098505434,7927.6259765625,6835000,2022-06-09 00:00:00+07:00
ICBP.JK,Indofood CBP,7858.690162568934,7904.647414981618,7812.73291015625,7812.73291015625,6748700,2022-06-10 00:00:00+07:00
ICBP.JK,Indofood CBP,7697.840299384538,7927.626576978107,7536.989905069041,7904.64794921875,9404100,2022-06-13 00:00:00+07:00
ICBP.JK,Indofood CBP,7904.647726246387,7950.60498046875,7766.775963579299,7950.60498046875,5273000,2022-06-14 00:00:00+07:00
ICBP.JK,Indofood CBP,7904.64794921875,7927.626576978107,7789.754810421966,7904.64794921875,2774400,2022-06-15 00:00:00+07:00
ICBP.JK,Indofood CBP,7973.5830078125,7996.561633195245,7950.604382429756,7973.5830078125,6615900,2022-06-16 00:00:00+07:00
ICBP.JK,Indofood CBP,7927.625818085253,7950.60444364492,7858.68994140625,7858.68994140625,15529900,2022-06-17 00:00:00+07:00
ICBP.JK,Indofood CBP,7950.604054230502,8249.326171875,7904.646805362117,8249.326171875,18639200,2022-06-20 00:00:00+07:00
ICBP.JK,Indofood CBP,8272.305968237704,8456.134989754099,8272.305968237704,8410.177734375,18588800,2022-06-21 00:00:00+07:00
ICBP.JK,Indofood CBP,8410.176432291666,8479.1123046875,8226.347439236111,8479.1123046875,12168500,2022-06-22 00:00:00+07:00
ICBP.JK,Indofood CBP,8479.112841404156,8594.005969336462,8433.155590231234,8571.02734375,14035700,2022-06-23 00:00:00+07:00
ICBP.JK,Indofood CBP,8594.006501782162,8685.921009822612,8548.049247761935,8662.9423828125,14596100,2022-06-24 00:00:00+07:00
ICBP.JK,Indofood CBP,8662.942051295231,8731.8779296875,8616.984799033717,8731.8779296875,12022100,2022-06-27 00:00:00+07:00
ICBP.JK,Indofood CBP,8731.8779296875,8754.856555818256,8685.920677425987,8731.8779296875,14198000,2022-06-28 00:00:00+07:00
ICBP.JK,Indofood CBP,8823.792658730159,8846.771285445602,8639.963645006614,8685.9208984375,7580700,2022-06-29 00:00:00+07:00
ICBP.JK,Indofood CBP,8685.921425065446,8800.814565608638,8685.921425065446,8777.8359375,14236800,2022-06-30 00:00:00+07:00
ICBP.JK,Indofood CBP,8777.834861714573,8777.834861714573,8525.06998349766,8594.005859375,6160300,2022-07-01 00:00:00+07:00
ICBP.JK,Indofood CBP,8594.005425347223,8594.005425347223,8249.326063368055,8479.1123046875,8105800,2022-07-04 00:00:00+07:00
ICBP.JK,Indofood CBP,8502.092132152588,8594.006641689373,8410.177622615804,8433.15625,4827900,2022-07-05 00:00:00+07:00
ICBP.JK,Indofood CBP,8433.156004567625,8685.9208984375,8433.156004567625,8685.9208984375,8890700,2022-07-06 00:00:00+07:00
ICBP.JK,Indofood CBP,8708.8984375,8731.877061345645,8616.983942117415,8708.8984375,8219500,2022-07-07 00:00:00+07:00
ICBP.JK,Indofood CBP,8731.878263842838,8731.878263842838,8502.091993741711,8662.9423828125,4717000,2022-07-08 00:00:00+07:00
ICBP.JK,Indofood CBP,8639.963645006614,8685.9208984375,8548.049138144841,8685.9208984375,2464400,2022-07-11 00:00:00+07:00
ICBP.JK,Indofood CBP,8685.920471682306,8731.877722855228,8571.02734375,8571.02734375,4425700,2022-07-12 00:00:00+07:00
ICBP.JK,Indofood CBP,8548.0498046875,8639.964318716398,8479.113919165828,8548.0498046875,6786200,2022-07-13 00:00:00+07:00
ICBP.JK,Indofood CBP,8479.113170396959,8548.049049831081,8410.177290962838,8502.091796875,5480200,2022-07-14 00:00:00+07:00
ICBP.JK,Indofood CBP,8456.13410762032,8662.94173525234,8456.13410762032,8594.005859375,5190200,2022-07-15 00:00:00+07:00
ICBP.JK,Indofood CBP,8594.00617290296,8731.8779296875,8456.13441611842,8731.8779296875,4903100,2022-07-18 00:00:00+07:00
ICBP.JK,Indofood CBP,8731.878151868386,8731.878151868386,8594.006391575727,8685.9208984375,4373500,2022-07-19 00:00:00+07:00
ICBP.JK,Indofood CBP,8639.963645006614,8731.878151868386,8639.963645006614,8685.9208984375,7280900,2022-07-20 00:00:00+07:00
ICBP.JK,Indofood CBP,8685.920677425987,8731.8779296875,8571.027546772204,8731.8779296875,5238400,2022-07-21 00:00:00+07:00
ICBP.JK,Indofood CBP,8731.878376412898,8823.792885638297,8639.9638671875,8639.9638671875,4172000,2022-07-22 00:00:00+07:00
ICBP.JK,Indofood CBP,8639.963645006614,8731.878151868386,8639.963645006614,8685.9208984375,2168900,2022-07-25 00:00:00+07:00
ICBP.JK,Indofood CBP,8685.92025,8685.92025,8525.069875,8616.984375,3983700,2022-07-26 00:00:00+07:00
ICBP.JK,Indofood CBP,8616.98481721698,8616.98481721698,8456.134433962263,8525.0703125,6584100,2022-07-27 00:00:00+07:00
ICBP.JK,Indofood CBP,8502.091040651114,8502.091040651114,8157.411674138231,8249.326171875,36869300,2022-07-28 00:00:00+07:00
ICBP.JK,Indofood CBP,8226.348209543201,8249.326835826841,8065.49782555772,8111.455078125,15100400,2022-07-29 00:00:00+07:00
ICBP.JK,Indofood CBP,8134.43385983585,8249.326993449351,8111.45523311315,8180.39111328125,5969300,2022-08-01 00:00:00+07:00
ICBP.JK,Indofood CBP,8241.613803534123,8453.541015625,8194.518867513929,8453.541015625,8753500,2022-08-02 00:00:00+07:00
ICBP.JK,Indofood CBP,8429.993796608665,8429.993796608665,8218.066578258167,8288.708984375,8092700,2022-08-03 00:00:00+07:00
ICBP.JK,Indofood CBP,8335.802914915967,8406.4453125,8194.5181197479,8406.4453125,7101900,2022-08-04 00:00:00+07:00
ICBP.JK,Indofood CBP,8406.446327903055,8429.993796608665,8241.61404696378,8288.708984375,5847300,2022-08-05 00:00:00+07:00
ICBP.JK,Indofood CBP,8288.708984375,8406.446327903055,8241.61404696378,8288.708984375,5381600,2022-08-08 00:00:00+07:00
ICBP.JK,Indofood CBP,8241.614853823423,8288.709795845272,8123.877498768803,8218.0673828125,9512100,2022-08-09 00:00:00+07:00
ICBP.JK,Indofood CBP,8194.519911801575,8218.0673828125,8006.140143714183,8218.0673828125,9132000,2022-08-10 00:00:00+07:00
ICBP.JK,Indofood CBP,8288.710123239438,8359.3525390625,8194.520235475353,8359.3525390625,8299700,2022-08-11 00:00:00+07:00
ICBP.JK,Indofood CBP,8382.898899045389,8382.898899045389,8147.424210869956,8170.9716796875,12405000,2022-08-12 00:00:00+07:00
ICBP.JK,Indofood CBP,8194.520235475353,8359.3525390625,8170.9727635343315,8359.3525390625,7725900,2022-08-15 00:00:00+07:00
ICBP.JK,Indofood CBP,8359.352594866072,8382.900066964286,8170.972818080358,8241.615234375,6877200,2022-08-16 00:00:00+07:00
ICBP.JK,Indofood CBP,8241.61463897792,8335.80452056624,8170.972227786681,8265.162109375,4612700,2022-08-18 00:00:00+07:00
ICBP.JK,Indofood CBP,8265.161941002156,8288.70941091954,8194.51953125,8194.51953125,2671500,2022-08-19 00:00:00+07:00
ICBP.JK,Indofood CBP,8194.519911801575,8241.614853823423,8100.330027757879,8218.0673828125,6545700,2022-08-22 00:00:00+07:00
ICBP.JK,Indofood CBP,8265.16151566939,8335.803921786222,8241.61404696378,8288.708984375,4274600,2022-08-23 00:00:00+07:00
ICBP.JK,Indofood CBP,8288.70957977208,8312.257050169159,8194.519698183762,8265.162109375,4350700,2022-08-24 00:00:00+07:00
ICBP.JK,Indofood CBP,8312.257050169159,8312.257050169159,8218.067168580841,8265.162109375,3658400,2022-08-25 00:00:00+07:00
ICBP.JK,Indofood CBP,8265.162324834348,8288.709795845272,8194.519911801575,8218.0673828125,3573500,2022-08-26 00:00:00+07:00
ICBP.JK,Indofood CBP,8170.972391419492,8335.8046875,8147.424920550848,8335.8046875,2426600,2022-08-29 00:00:00+07:00
ICBP.JK,Indofood CBP,8335.80473786712,8359.352208878045,8218.0673828125,8218.0673828125,5118700,2022-08-30 00:00:00+07:00
ICBP.JK,Indofood CBP,7652.927003423852,7935.496615857963,7652.927003423852,7817.75927734375,40179900,2022-08-31 00:00:00+07:00
ICBP.JK,Indofood CBP,7817.760012571839,8218.067001167385,7817.760012571839,8194.51953125,22198800,2022-09-01 00:00:00+07:00
ICBP.JK,Indofood CBP,8194.519911801575,8218.0673828125,8076.782556746955,8218.0673828125,8052700,2022-09-02 00:00:00+07:00
ICBP.JK,Indofood CBP,8194.51953125,8218.067001167385,8100.32965158046,8194.51953125,7694000,2022-09-05 00:00:00+07:00
ICBP.JK,Indofood CBP,8194.519745755058,8265.162157356395,8100.329863619942,8147.4248046875,8195400,2022-09-06 00:00:00+07:00
ICBP.JK,Indofood CBP,8100.329312865498,8147.424250730995,8006.139437134503,8053.234375,7229800,2022-09-07 00:00:00+07:00
ICBP.JK,Indofood CBP,8053.2339912481675,8100.328926869502,8006.1390556268325,8029.6865234375,2567400,2022-09-08 00:00:00+07:00
ICBP.JK,Indofood CBP,8029.687332424186,8053.234802607249,7935.497451691938,7959.044921875,4783500,2022-09-09 00:00:00+07:00
ICBP.JK,Indofood CBP,7959.045251180959,8100.330078125,7959.045251180959,8100.330078125,3479000,2022-09-12 00:00:00+07:00
ICBP.JK,Indofood CBP,8100.328926869502,8100.328926869502,8006.1390556268325,8029.6865234375,5413000,2022-09-13 00:00:00+07:00
ICBP.JK,Indofood CBP,7982.591587816166,8100.328926869502,7982.591587816166,8029.6865234375,5287300,2022-09-14 00:00:00+07:00
ICBP.JK,Indofood CBP,8100.330078125,8147.42502043968,8029.68766465298,8100.330078125,6959000,2022-09-15 00:00:00+07:00
ICBP.JK,Indofood CBP,8100.329863619942,8147.4248046875,8029.687452018606,8147.4248046875,13190200,2022-09-16 00:00:00+07:00
ICBP.JK,Indofood CBP,8123.877121497845,8265.161941002156,8076.782181663075,8194.51953125,4445400,2022-09-19 00:00:00+07:00
ICBP.JK,Indofood CBP,8194.520235475353,8382.900011003521,8194.520235475353,8359.3525390625,6978300,2022-09-20 00:00:00+07:00
ICBP.JK,Indofood CBP,8382.899290589081,8382.899290589081,8194.51953125,8194.51953125,4979500,2022-09-21 00:00:00+07:00
ICBP.JK,Indofood CBP,8194.519486986545,8312.2568359375,8170.972017196354,8312.2568359375,3474200,2022-09-22 00:00:00+07:00
ICBP.JK,Indofood CBP,8335.804052734375,8477.0888671875,8265.161645507813,8477.0888671875,7310000,2022-09-23 00:00:00+07:00
ICBP.JK,Indofood CBP,8453.540601325758,8571.27793560606,8335.803267045454,8547.73046875,11479900,2022-09-26 00:00:00+07:00
ICBP.JK,Indofood CBP,8547.731925317798,8547.731925317798,8335.8046875,8335.8046875,8523700,2022-09-27 00:00:00+07:00
ICBP.JK,Indofood CBP,8335.803921786222,8429.993796608665,8288.708984375,8288.708984375,3243300,2022-09-28 00:00:00+07:00
ICBP.JK,Indofood CBP,8288.709745762711,8359.352158368645,8241.614804025425,8335.8046875,4652900,2022-09-29 00:00:00+07:00
ICBP.JK,Indofood CBP,8335.804568957732,8359.35203949151,8100.329863619942,8147.4248046875,8292000,2022-09-30 00:00:00+07:00
ICBP.JK,Indofood CBP,8147.424969779728,8241.614853823423,8123.877498768803,8218.0673828125,3692900,2022-10-03 00:00:00+07:00
ICBP.JK,Indofood CBP,8218.066265922836,8265.161201544171,7982.591587816166,8029.6865234375,7330500,2022-10-04 00:00:00+07:00
ICBP.JK,Indofood CBP,8053.234922552385,8218.067216288837,8029.687452018606,8147.4248046875,3838300,2022-10-05 00:00:00+07:00
ICBP.JK,Indofood CBP,8147.424547406162,8359.351775517884,8147.424547406162,8312.2568359375,4286500,2022-10-06 00:00:00+07:00
ICBP.JK,Indofood CBP,8312.257003269839,8382.8994140625,8241.614592477177,8382.8994140625,3913000,2022-10-07 00:00:00+07:00
ICBP.JK,Indofood CBP,8382.898230185056,8429.9931640625,8335.803296307611,8429.9931640625,5712500,2022-10-10 00:00:00+07:00
ICBP.JK,Indofood CBP,8406.446459960936,8477.0888671875,8335.804052734375,8477.0888671875,3055500,2022-10-11 00:00:00+07:00
ICBP.JK,Indofood CBP,8477.088097939944,8477.088097939944,8359.350763246333,8429.9931640625,4142100,2022-10-12 00:00:00+07:00
ICBP.JK,Indofood CBP,8406.447100105932,8429.994570974577,8288.709745762711,8335.8046875,3106000,2022-10-13 00:00:00+07:00
ICBP.JK,Indofood CBP,8335.80435075431,8335.80435075431,8194.51953125,8194.51953125,2742200,2022-10-14 00:00:00+07:00
ICBP.JK,Indofood CBP,8194.519486986545,8312.2568359375,8076.782138035588,8312.2568359375,3735500,2022-10-17 00:00:00+07:00
ICBP.JK,Indofood CBP,8312.255829368889,8429.9931640625,8265.160895491446,8429.9931640625,4606600,2022-10-18 00:00:00+07:00
ICBP.JK,Indofood CBP,8429.993889126712,8618.373640839041,8312.256544306507,8594.826171875,5120900,2022-10-19 00:00:00+07:00
ICBP.JK,Indofood CBP,8571.278587582237,8948.0380859375,8571.278587582237,8948.0380859375,11282000,2022-10-20 00:00:00+07:00
ICBP.JK,Indofood CBP,8759.659130470822,8924.49142593667,8759.659130470822,8877.396484375,12299200,2022-10-21 00:00:00+07:00
ICBP.JK,Indofood CBP,8948.038896717508,8971.586367498343,8806.754072032494,8877.396484375,7596200,2022-10-24 00:00:00+07:00
ICBP.JK,Indofood CBP,8877.396058891076,8971.5859375,8853.848589238845,8971.5859375,10549000,2022-10-25 00:00:00+07:00
ICBP.JK,Indofood CBP,8971.58622399155,9230.6083984375,8924.491283183195,9230.6083984375,21378000,2022-10-26 00:00:00+07:00
ICBP.JK,Indofood CBP,9207.061307251908,9324.798664122138,9136.41889312977,9254.15625,9880700,2022-10-27 00:00:00+07:00
ICBP.JK,Indofood CBP,9324.798280054209,9324.798280054209,9207.060928033323,9230.6083984375,10192100,2022-10-28 00:00:00+07:00
ICBP.JK,Indofood CBP,9254.155700212887,9324.798110138176,9065.775940412115,9159.9658203125,12513900,2022-10-31 00:00:00+07:00
ICBP.JK,Indofood CBP,9159.965303762336,9159.965303762336,8806.753274054277,8948.0380859375,10660500,2022-11-01 00:00:00+07:00
ICBP.JK,Indofood CBP,8971.58610534668,9112.87092590332,8948.038635253906,9042.228515625,5675700,2022-11-02 00:00:00+07:00
ICBP.JK,Indofood CBP,9042.228730366493,9089.323671670483,8924.491377106511,8995.1337890625,4470100,2022-11-03 00:00:00+07:00
ICBP.JK,Indofood CBP,8971.58589449077,9089.3232421875,8830.301077254695,9089.3232421875,7272400,2022-11-04 00:00:00+07:00
ICBP.JK,Indofood CBP,9159.966200921474,9207.061142828525,9089.323788060898,9183.513671875,8038600,2022-11-07 00:00:00+07:00
ICBP.JK,Indofood CBP,9183.513671875,9183.513671875,9089.323788060898,9183.513671875,1953700,2022-11-08 00:00:00+07:00
ICBP.JK,Indofood CBP,9183.513671875,9207.061142828525,9136.418729967949,9183.513671875,7885600,2022-11-09 00:00:00+07:00
ICBP.JK,Indofood CBP,9183.513290287598,9207.060760262693,9136.418350337404,9159.9658203125,3773300,2022-11-10 00:00:00+07:00
ICBP.JK,Indofood CBP,9230.607213673858,9324.797083201142,9042.227474619289,9277.7021484375,8391000,2022-11-11 00:00:00+07:00
ICBP.JK,Indofood CBP,9277.703555689102,9277.703555689102,9159.966200921474,9183.513671875,2114500,2022-11-14 00:00:00+07:00
ICBP.JK,Indofood CBP,9183.513457629146,9254.155868841677,9159.965987224969,9230.6083984375,5912100,2022-11-15 00:00:00+07:00
ICBP.JK,Indofood CBP,9230.608016304348,9230.608016304348,9042.228260869564,9207.060546875,3665800,2022-11-16 00:00:00+07:00
ICBP.JK,Indofood CBP,9183.513505329458,9230.60844638243,9042.228682170544,9112.87109375,3762600,2022-11-17 00:00:00+07:00
ICBP.JK,Indofood CBP,9112.870711726846,9207.06058988423,8948.038424951425,9089.3232421875,3350000,2022-11-18 00:00:00+07:00
ICBP.JK,Indofood CBP,9089.323576012435,9254.155868841677,9065.776105608258,9230.6083984375,2648000,2022-11-21 00:00:00+07:00
ICBP.JK,Indofood CBP,9230.608059423575,9277.702998502267,9089.3232421875,9089.3232421875,2625200,2022-11-22 00:00:00+07:00
ICBP.JK,Indofood CBP,9089.322206439394,9324.796875,9089.322206439394,9324.796875,2818100,2022-11-23 00:00:00+07:00
ICBP.JK,Indofood CBP,9324.798280054209,9324.798280054209,9207.060928033323,9230.6083984375,2652000,2022-11-24 00:00:00+07:00
ICBP.JK,Indofood CBP,9230.607007575758,9324.796875,9136.417140151516,9324.796875,4931600,2022-11-25 00:00:00+07:00
ICBP.JK,Indofood CBP,9324.797051221805,9418.986920426065,9254.154649318609,9395.439453125,7923400,2022-11-28 00:00:00+07:00
ICBP.JK,Indofood CBP,9418.986920426065,9418.986920426065,9324.797051221805,9395.439453125,4824800,2022-11-29 00:00:00+07:00
ICBP.JK,Indofood CBP,9395.44038617729,9513.177734375,9324.797977258664,9513.177734375,21565300,2022-11-30 00:00:00+07:00
ICBP.JK,Indofood CBP,9513.17752270628,9583.81993005311,9395.440177128234,9560.2724609375,11562700,2022-12-01 00:00:00+07:00
ICBP.JK,Indofood CBP,9560.272250306372,9607.3671875,9442.534907322304,9607.3671875,7169200,2022-12-02 00:00:00+07:00
ICBP.JK,Indofood CBP,9583.820057744564,9748.65234375,9513.177649456522,9748.65234375,6783100,2022-12-05 00:00:00+07:00
ICBP.JK,Indofood CBP,9678.009935461956,9748.65234375,9560.272588315218,9748.65234375,4223600,2022-12-06 00:00:00+07:00
ICBP.JK,Indofood CBP,9748.651960691586,9748.651960691586,9489.62980714664,9725.1044921875,5592100,2022-12-07 00:00:00+07:00
ICBP.JK,Indofood CBP,9607.3671875,9630.914656096813,9466.082375919117,9607.3671875,4883200,2022-12-08 00:00:00+07:00
ICBP.JK,Indofood CBP,9607.36739916872,9630.91486828433,9442.535115359453,9560.2724609375,3475600,2022-12-09 00:00:00+07:00
ICBP.JK,Indofood CBP,9513.177443284256,9795.7470703125,9348.345160851113,9795.7470703125,7138500,2022-12-12 00:00:00+07:00
ICBP.JK,Indofood CBP,9795.74749696602,9795.74749696602,9607.36773740898,9701.5576171875,5890400,2022-12-13 00:00:00+07:00
ICBP.JK,Indofood CBP,9701.557023683414,9725.1044921875,9560.272212658898,9725.1044921875,2376400,2022-12-14 00:00:00+07:00
ICBP.JK,Indofood CBP,9701.5576171875,9748.652557076759,9607.36773740898,9701.5576171875,3197500,2022-12-15 00:00:00+07:00
ICBP.JK,Indofood CBP,9701.557572691847,9842.84239171163,9654.462633018586,9819.294921875,9094300,2022-12-16 00:00:00+07:00
ICBP.JK,Indofood CBP,9795.747152093596,9795.747152093596,9560.2724609375,9560.2724609375,3943600,2022-12-19 00:00:00+07:00
ICBP.JK,Indofood CBP,9560.272797519721,9701.5576171875,9466.082917741202,9701.5576171875,1999800,2022-12-20 00:00:00+07:00
ICBP.JK,Indofood CBP,9678.00997812882,9701.55744766198,9607.36756952934,9630.9150390625,1492500,2022-12-21 00:00:00+07:00
ICBP.JK,Indofood CBP,9630.914482060185,9748.651822916667,9442.534736689815,9536.724609375,1609900,2022-12-22 00:00:00+07:00
ICBP.JK,Indofood CBP,9536.725033120323,9583.819971555486,9418.987687032419,9442.53515625,1559600,2022-12-23 00:00:00+07:00
ICBP.JK,Indofood CBP,9466.082584475062,9560.2724609375,9418.987646243842,9560.2724609375,1028000,2022-12-26 00:00:00+07:00
ICBP.JK,Indofood CBP,9560.272288888027,9607.367226271712,9466.082414120658,9489.6298828125,1260200,2022-12-27 00:00:00+07:00
ICBP.JK,Indofood CBP,9536.725372389434,9583.8203125,9418.988022113022,9583.8203125,1017400,2022-12-28 00:00:00+07:00
ICBP.JK,Indofood CBP,9560.272842444718,9583.8203125,9159.965851504914,9583.8203125,3858600,2022-12-29 00:00:00+07:00
ICBP.JK,Indofood CBP,9583.81958251953,9583.81958251953,9418.9873046875,9418.9873046875,1958000,2022-12-30 00:00:00+07:00
ICBP.JK,Indofood CBP,9395.440177128234,9607.36739916872,9395.440177128234,9560.2724609375,1201400,2023-01-02 00:00:00+07:00
ICBP.JK,Indofood CBP,9513.177902334151,9701.557662776413,9513.177902334151,9583.8203125,3169800,2023-01-03 00:00:00+07:00
ICBP.JK,Indofood CBP,9630.91508257271,9654.462552212253,9442.535325456374,9513.177734375,3973100,2023-01-04 00:00:00+07:00
ICBP.JK,Indofood CBP,9513.1776913967,9630.9150390625,9301.25046559826,9630.9150390625,3774400,2023-01-05 00:00:00+07:00
ICBP.JK,Indofood CBP,9630.915252610564,9701.557662776413,9513.177902334151,9583.8203125,6288100,2023-01-06 00:00:00+07:00
ICBP.JK,Indofood CBP,9560.272250306372,9678.00959329044,9560.272250306372,9607.3671875,5829300,2023-01-09 00:00:00+07:00
ICBP.JK,Indofood CBP,9630.914656096813,9678.00959329044,9560.272250306372,9607.3671875,12903700,2023-01-10 00:00:00+07:00
ICBP.JK,Indofood CBP,9607.367280285036,9984.126781472685,9607.367280285036,9913.484375,10176300,2023-01-11 00:00:00+07:00
ICBP.JK,Indofood CBP,9913.485185687052,9913.485185687052,9701.557948938398,9842.8427734375,5439200,2023-01-12 00:00:00+07:00
ICBP.JK,Indofood CBP,9842.8427734375,9866.39024418735,9701.557948938398,9842.8427734375,6858700,2023-01-13 00:00:00+07:00
ICBP.JK,Indofood CBP,9842.842008150541,9866.389477069562,9607.367318960338,9795.7470703125,4400700,2023-01-16 00:00:00+07:00
ICBP.JK,Indofood CBP,9725.104874320652,9889.937160326086,9701.557404891304,9748.65234375,3597900,2023-01-17 00:00:00+07:00
ICBP.JK,Indofood CBP,9748.652301797434,9866.3896484375,9725.104832469422,9866.3896484375,1468700,2023-01-18 00:00:00+07:00
ICBP.JK,Indofood CBP,9866.390029761906,9889.9375,9772.200148809525,9889.9375,3508100,2023-01-19 00:00:00+07:00
ICBP.JK,Indofood CBP,9889.9375,9913.484970238096,9725.105208333334,9889.9375,2174100,2023-01-20 00:00:00+07:00
ICBP.JK,Indofood CBP,9866.389477069562,9866.389477069562,9678.009725717398,9795.7470703125,1978500,2023-01-24 00:00:00+07:00
ICBP.JK,Indofood CBP,9795.74745203837,9842.84239171163,9701.557572691847,9819.294921875,1422900,2023-01-25 00:00:00+07:00
ICBP.JK,Indofood CBP,9819.294444498295,9819.294444498295,9418.987476736973,9489.6298828125,11211000,2023-01-26 00:00:00+07:00
ICBP.JK,Indofood CBP,9489.629709472656,9536.724645996093,9348.344899902344,9418.9873046875,6769700,2023-01-27 00:00:00+07:00
ICBP.JK,Indofood CBP,9418.987855816831,9583.820143293626,9371.892916537747,9513.177734375,3962300,2023-01-30 00:00:00+07:00
ICBP.JK,Indofood CBP,9513.177734375,9772.199900409963,9442.535325456374,9513.177734375,19385600,2023-01-31 00:00:00+07:00
ICBP.JK,Indofood CBP,9536.724538780121,9772.19921875,9536.724538780121,9772.19921875,6394700,2023-02-01 00:00:00+07:00
ICBP.JK,Indofood CBP,9772.199254477897,9795.746722560976,9630.91444597942,9654.4619140625,3471900,2023-02-02 00:00:00+07:00
ICBP.JK,Indofood CBP,9654.462424485382,9889.937117765514,9630.914955157368,9866.3896484375,6290200,2023-02-03 00:00:00+07:00
ICBP.JK,Indofood CBP,9842.842048737835,9866.389517753954,9678.009765625,9678.009765625,3375400,2023-02-06 00:00:00+07:00
ICBP.JK,Indofood CBP,9701.557234641119,9795.747110705595,9678.009765625,9678.009765625,1421900,2023-02-07 00:00:00+07:00
ICBP.JK,Indofood CBP,9654.462086675241,9819.294366203843,9654.462086675241,9725.1044921875,1465900,2023-02-08 00:00:00+07:00
ICBP.JK,Indofood CBP,9725.10508713213,9795.74749696602,9654.46267729824,9701.5576171875,3348000,2023-02-09 00:00:00+07:00
ICBP.JK,Indofood CBP,9654.46267729824,9772.200027021388,9654.46267729824,9701.5576171875,2206800,2023-02-10 00:00:00+07:00
ICBP.JK,Indofood CBP,9701.557234641119,9960.57939381843,9678.009765625,9678.009765625,9716000,2023-02-13 00:00:00+07:00
ICBP.JK,Indofood CBP,9748.652557076759,9889.937376744538,9678.01014724287,9701.5576171875,8167300,2023-02-14 00:00:00+07:00
ICBP.JK,Indofood CBP,9725.10508713213,9795.74749696602,9654.46267729824,9701.5576171875,2018800,2023-02-15 00:00:00+07:00
ICBP.JK,Indofood CBP,9725.104530484068,9725.104530484068,9536.72478170956,9607.3671875,3145300,2023-02-16 00:00:00+07:00
ICBP.JK,Indofood CBP,9607.367527173912,9795.747282608696,9560.272588315218,9748.65234375,2249400,2023-02-17 00:00:00+07:00
ICBP.JK,Indofood CBP,9748.65234375,9748.65234375,9583.820057744564,9748.65234375,1671600,2023-02-20 00:00:00+07:00
ICBP.JK,Indofood CBP,9748.652557076759,9842.842436855279,9654.46267729824,9701.5576171875,2415800,2023-02-21 00:00:00+07:00
ICBP.JK,Indofood CBP,9701.55744766198,9701.55744766198,9513.1776913967,9630.9150390625,1786400,2023-02-22 00:00:00+07:00
ICBP.JK,Indofood CBP,9630.9150390625,9701.55744766198,9560.27263046302,9630.9150390625,2221800,2023-02-23 00:00:00+07:00
ICBP.JK,Indofood CBP,9607.367782555282,9654.462722665847,9560.272842444718,9583.8203125,1169200,2023-02-24 00:00:00+07:00
ICBP.JK,Indofood CBP,9536.724434468284,9560.27190220771,9418.987095771145,9466.08203125,3355700,2023-02-27 00:00:00+07:00
ICBP.JK,Indofood CBP,9418.987268518518,9536.724609375,9324.797395833333,9536.724609375,6041600,2023-02-28 00:00:00+07:00
ICBP.JK,Indofood CBP,9536.724076704546,9536.724076704546,9183.512073863636,9324.796875,11688400,2023-03-01 00:00:00+07:00
ICBP.JK,Indofood CBP,9301.24961581932,9301.24961581932,9136.417344146574,9277.7021484375,9145000,2023-03-02 00:00:00+07:00
ICBP.JK,Indofood CBP,9277.703170187982,9324.798110138176,9159.9658203125,9159.9658203125,4486000,2023-03-03 00:00:00+07:00
ICBP.JK,Indofood CBP,9136.418729967949,9277.703555689102,9136.418729967949,9183.513671875,4757200,2023-03-06 00:00:00+07:00
ICBP.JK,Indofood CBP,9183.512247415414,9583.819191533521,9089.322378211153,9395.439453125,10589900,2023-03-07 00:00:00+07:00
ICBP.JK,Indofood CBP,9395.44069126674,9395.44069126674,9230.6083984375,9230.6083984375,4646700,2023-03-08 00:00:00+07:00
ICBP.JK,Indofood CBP,9230.6083984375,9348.345750458386,9183.513457629146,9230.6083984375,1450100,2023-03-09 00:00:00+07:00
ICBP.JK,Indofood CBP,9230.608613782051,9395.440910456731,9065.776317107371,9183.513671875,3436700,2023-03-10 00:00:00+07:00
ICBP.JK,Indofood CBP,9159.965650805538,9301.250468041613,9089.3232421875,9089.3232421875,1858700,2023-03-13 00:00:00+07:00
ICBP.JK,Indofood CBP,9089.3232421875,9159.965650805538,9042.228303108808,9089.3232421875,2627200,2023-03-14 00:00:00+07:00
ICBP.JK,Indofood CBP,9089.32315578921,9159.965563735757,8783.2060546875,8783.2060546875,4882400,2023-03-15 00:00:00+07:00
ICBP.JK,Indofood CBP,8759.658753740026,9042.228390957447,8736.111283971908,8853.8486328125,5112400,2023-03-16 00:00:00+07:00
ICBP.JK,Indofood CBP,8948.038847758507,9230.60849558246,8948.038847758507,8995.1337890625,8527800,2023-03-17 00:00:00+07:00
ICBP.JK,Indofood CBP,8995.132984983766,9065.775390625,8900.943110795453,9065.775390625,2151300,2023-03-20 00:00:00+07:00
ICBP.JK,Indofood CBP,9065.776530786889,9159.966416821037,8995.134116261275,9136.4189453125,3073600,2023-03-21 00:00:00+07:00
ICBP.JK,Indofood CBP,9089.322378211153,9536.724256931391,9065.774910910088,9395.439453125,7244800,2023-03-24 00:00:00+07:00
ICBP.JK,Indofood CBP,9418.986920426065,9442.534387727132,9301.24958392074,9395.439453125,2852200,2023-03-27 00:00:00+07:00
ICBP.JK,Indofood CBP,9418.987855816831,9607.367612933169,9395.44038617729,9513.177734375,5237500,2023-03-28 00:00:00+07:00
ICBP.JK,Indofood CBP,9513.176789630326,9536.724256931391,9395.439453125,9395.439453125,5013700,2023-03-29 00:00:00+07:00
ICBP.JK,Indofood CBP,9395.439873417721,9395.439873417721,9254.155063291139,9301.25,5282600,2023-03-30 00:00:00+07:00
ICBP.JK,Indofood CBP,9301.24958392074,9418.986920426065,9277.702116619676,9395.439453125,4672700,2023-03-31 00:00:00+07:00
ICBP.JK,Indofood CBP,9395.439453125,9395.439453125,9277.702116619676,9395.439453125,3949200,2023-04-03 00:00:00+07:00
ICBP.JK,Indofood CBP,9395.439970128677,9607.3671875,9277.702627144608,9607.3671875,6696500,2023-04-04 00:00:00+07:00
ICBP.JK,Indofood CBP,9607.367013888888,9607.367013888888,9442.534736689815,9536.724609375,4243900,2023-04-05 00:00:00+07:00
ICBP.JK,Indofood CBP,9536.724820196185,9536.724820196185,9395.44000804513,9489.6298828125,2480300,2023-04-06 00:00:00+07:00
ICBP.JK,Indofood CBP,9466.082414120658,9489.6298828125,9418.987476736973,9489.6298828125,2263100,2023-04-10 00:00:00+07:00
ICBP.JK,Indofood CBP,9513.177313112745,9607.3671875,9466.082375919117,9607.3671875,1579100,2023-04-11 00:00:00+07:00
ICBP.JK,Indofood CBP,9583.81936994714,9583.81936994714,9442.534563510571,9466.08203125,3379700,2023-04-12 00:00:00+07:00
ICBP.JK,Indofood CBP,9489.629637480944,9772.199254477897,9489.629637480944,9654.4619140625,3551000,2023-04-13 00:00:00+07:00
ICBP.JK,Indofood CBP,9701.556850228659,9748.651786394817,9607.366977896341,9654.4619140625,4102000,2023-04-14 00:00:00+07:00
ICBP.JK,Indofood CBP,9536.72516092986,9630.9150390625,9442.53528279722,9630.9150390625,4558000,2023-04-17 00:00:00+07:00
ICBP.JK,Indofood CBP,9630.914656096813,9725.104530484068,9560.272250306372,9607.3671875,4165200,2023-04-18 00:00:00+07:00
ICBP.JK,Indofood CBP,9513.177313112745,9748.651999080883,9418.98743872549,9607.3671875,11287900,2023-04-26 00:00:00+07:00
ICBP.JK,Indofood CBP,9513.177105564024,9701.556850228659,9513.177105564024,9654.4619140625,4748200,2023-04-27 00:00:00+07:00
ICBP.JK,Indofood CBP,9654.462959884751,9960.580078125,9607.36801861702,9960.580078125,9935000,2023-04-28 00:00:00+07:00
ICBP.JK,Indofood CBP,9937.031883826623,9937.031883826623,9725.10466355544,9795.7470703125,5413700,2023-05-02 00:00:00+07:00
ICBP.JK,Indofood CBP,10007.674759265989,10219.60198946221,9960.579819222383,10125.412109375,19269600,2023-05-03 00:00:00+07:00
ICBP.JK,Indofood CBP,10078.315990306714,10219.600793909143,10007.673588505497,10172.505859375,8644600,2023-05-04 00:00:00+07:00
ICBP.JK,Indofood CBP,10172.507004310346,10243.1494140625,10078.317124640806,10243.1494140625,15775700,2023-05-05 00:00:00+07:00
ICBP.JK,Indofood CBP,10243.149746226616,10407.98204099348,10219.602275545634,10384.4345703125,16280400,2023-05-08 00:00:00+07:00
ICBP.JK,Indofood CBP,10384.434188565341,10478.624067826706,10290.244309303978,10360.88671875,12832600,2023-05-09 00:00:00+07:00
ICBP.JK,Indofood CBP,10290.242778813074,10407.980110378441,10219.600379873853,10266.6953125,4090800,2023-05-10 00:00:00+07:00
ICBP.JK,Indofood CBP,10266.696460350227,10337.3388671875,10148.959115621441,10337.3388671875,4074000,2023-05-11 00:00:00+07:00
ICBP.JK,Indofood CBP,10266.696883979885,10337.33929373204,10219.601944145115,10243.1494140625,3636400,2023-05-12 00:00:00+07:00
ICBP.JK,Indofood CBP,10266.696839488637,10478.624067826706,10266.696839488637,10360.88671875,11802100,2023-05-15 00:00:00+07:00
ICBP.JK,Indofood CBP,10360.88671875,10384.434188565341,10313.79177911932,10360.88671875,6701500,2023-05-16 00:00:00+07:00
ICBP.JK,Indofood CBP,10431.529128196024,10431.529128196024,10290.244309303978,10360.88671875,9627800,2023-05-17 00:00:00+07:00
ICBP.JK,Indofood CBP,10407.980887913813,10407.980887913813,10290.243547552796,10313.791015625,13878600,2023-05-19 00:00:00+07:00
ICBP.JK,Indofood CBP,10313.79177911932,10431.529128196024,10313.79177911932,10360.88671875,18449000,2023-05-22 00:00:00+07:00
ICBP.JK,Indofood CBP,10360.886465324385,10690.551034675616,10337.33899608501,10525.71875,16962200,2023-05-23 00:00:00+07:00
ICBP.JK,Indofood CBP,10525.718157087054,10596.360560825893,10502.170689174107,10549.265625,10976800,2023-05-24 00:00:00+07:00
ICBP.JK,Indofood CBP,10549.265625,10619.908028738839,10525.718157087054,10549.265625,16498000,2023-05-25 00:00:00+07:00
ICBP.JK,Indofood CBP,10549.265625,10596.360560825893,10525.718157087054,10549.265625,9079400,2023-05-26 00:00:00+07:00
ICBP.JK,Indofood CBP,10549.266219239375,10596.361157718122,10502.171280760627,10525.71875,7607500,2023-05-29 00:00:00+07:00
ICBP.JK,Indofood CBP,10549.265625,10667.002964564732,10525.718157087054,10549.265625,11956500,2023-05-30 00:00:00+07:00
ICBP.JK,Indofood CBP,10643.45630508814,11020.2158203125,10596.361365685096,11020.2158203125,55219100,2023-05-31 00:00:00+07:00
ICBP.JK,Indofood CBP,10902.479111708604,10902.479111708604,10667.004400872565,10878.931640625,19610600,2023-06-05 00:00:00+07:00
ICBP.JK,Indofood CBP,10737.645931277655,10878.930746162887,10596.361116392422,10643.4560546875,16325200,2023-06-06 00:00:00+07:00
ICBP.JK,Indofood CBP,10596.361116392422,10808.288338720271,10596.361116392422,10643.4560546875,14861700,2023-06-07 00:00:00+07:00
ICBP.JK,Indofood CBP,10667.00352383504,10855.383277015348,10596.361116392422,10643.4560546875,10950100,2023-06-08 00:00:00+07:00
ICBP.JK,Indofood CBP,10643.456224244506,10737.646102335164,10525.718876631181,10714.0986328125,14068100,2023-06-09 00:00:00+07:00
ICBP.JK,Indofood CBP,10690.550992982577,10737.645931277655,10572.813647244884,10643.4560546875,5427500,2023-06-12 00:00:00+07:00
ICBP.JK,Indofood CBP,10643.45626736111,10667.003736979166,10572.813858506945,10596.361328125,5166300,2023-06-13 00:00:00+07:00
ICBP.JK,Indofood CBP,10643.4560546875,10643.4560546875,10572.813647244884,10643.4560546875,4387300,2023-06-14 00:00:00+07:00
ICBP.JK,Indofood CBP,10667.0029296875,10690.550397523455,10596.360526179637,10667.0029296875,8669700,2023-06-15 00:00:00+07:00
ICBP.JK,Indofood CBP,10643.455496651786,10737.645368303572,10549.265625,10549.265625,14121200,2023-06-16 00:00:00+07:00
ICBP.JK,Indofood CBP,10549.26638888889,10619.908797743055,10549.26638888889,10596.361328125,4302900,2023-06-19 00:00:00+07:00
ICBP.JK,Indofood CBP,10596.360560825893,10596.360560825893,10337.338413783482,10549.265625,8294300,2023-06-20 00:00:00+07:00
ICBP.JK,Indofood CBP,10549.265590507726,10714.09786535941,10525.718122671771,10667.0029296875,9926300,2023-06-21 00:00:00+07:00
ICBP.JK,Indofood CBP,10643.45609619687,10643.45609619687,10478.623811521253,10525.71875,6988400,2023-06-22 00:00:00+07:00
ICBP.JK,Indofood CBP,10502.171280760627,10596.361157718122,10431.528873042505,10525.71875,5224200,2023-06-23 00:00:00+07:00
ICBP.JK,Indofood CBP,10619.907994015592,10714.09786535941,10525.718122671771,10667.0029296875,7496000,2023-06-26 00:00:00+07:00
ICBP.JK,Indofood CBP,10690.550397523455,10784.740268867274,10596.360526179637,10667.0029296875,11473200,2023-06-27 00:00:00+07:00
ICBP.JK,Indofood CBP,10926.025985421165,10926.025985421165,10690.551287459502,10902.478515625,7246700,2023-07-03 00:00:00+07:00
ICBP.JK,Indofood CBP,10926.025428921568,10926.025428921568,10784.740617340687,10808.2880859375,3933600,2023-07-04 00:00:00+07:00
ICBP.JK,Indofood CBP,10831.836150723253,10878.931090509006,10690.551331365994,10784.7412109375,8144000,2023-07-05 00:00:00+07:00
ICBP.JK,Indofood CBP,10784.741425095943,10784.741425095943,10690.551543654057,10737.646484375,3790500,2023-07-06 00:00:00+07:00
ICBP.JK,Indofood CBP,10821.922775776053,10917.692003880265,10750.095854697893,10797.98046875,3881200,2023-07-07 00:00:00+07:00
ICBP.JK,Indofood CBP,10845.865234375,10965.576771178256,10774.038312293045,10845.865234375,3372200,2023-07-10 00:00:00+07:00
ICBP.JK,Indofood CBP,10965.576400657537,11109.230239967463,10893.749481002576,11037.4033203125,7366100,2023-07-11 00:00:00+07:00
ICBP.JK,Indofood CBP,11204.999849114807,11372.596000704132,11061.346004895388,11157.115234375,11957300,2023-07-12 00:00:00+07:00
ICBP.JK,Indofood CBP,11157.115384615385,11420.48076923077,11157.115384615385,11205.0,9467200,2023-07-13 00:00:00+07:00
ICBP.JK,Indofood CBP,11300.769456608281,11300.769456608281,11157.115607583599,11276.8271484375,4077400,2023-07-14 00:00:00+07:00
ICBP.JK,Indofood CBP,11300.769078594421,11372.596000704132,11157.115234375,11157.115234375,8656700,2023-07-17 00:00:00+07:00
ICBP.JK,Indofood CBP,11181.056871259972,11300.76840093085,11013.460729720744,11252.8837890625,8160500,2023-07-18 00:00:00+07:00
ICBP.JK,Indofood CBP,11252.88492306645,11252.88492306645,10869.807989515251,10989.51953125,17637200,2023-07-20 00:00:00+07:00
ICBP.JK,Indofood CBP,11013.4609375,11109.23016304348,10941.63401834239,11013.4609375,5102000,2023-07-21 00:00:00+07:00
ICBP.JK,Indofood CBP,11013.461013760847,11133.172546519116,10989.518707209192,11037.4033203125,4574500,2023-07-24 00:00:00+07:00
ICBP.JK,Indofood CBP,10989.519768321967,11061.346694912305,10726.154370824053,10750.0966796875,9932300,2023-07-25 00:00:00+07:00
ICBP.JK,Indofood CBP,10750.095550195749,10750.095550195749,10606.4417121085,10702.2109375,5003000,2023-07-26 00:00:00+07:00
ICBP.JK,Indofood CBP,10702.2109375,10821.922469239373,10678.268631152125,10702.2109375,4539400,2023-07-27 00:00:00+07:00
ICBP.JK,Indofood CBP,10702.211013793945,10726.1533203125,10486.730255126953,10726.1533203125,7477300,2023-07-28 00:00:00+07:00
ICBP.JK,Indofood CBP,10726.1533203125,10797.980239868164,10630.384094238281,10726.1533203125,4635800,2023-07-31 00:00:00+07:00
ICBP.JK,Indofood CBP,10726.153922121897,10726.153922121897,10390.961612055587,10606.4423828125,7197300,2023-08-01 00:00:00+07:00
ICBP.JK,Indofood CBP,10606.4417121085,10750.095550195749,10486.730180369128,10702.2109375,6184000,2023-08-02 00:00:00+07:00
ICBP.JK,Indofood CBP,10630.384094238281,10821.922546386719,10630.384094238281,10726.1533203125,5683300,2023-08-03 00:00:00+07:00
ICBP.JK,Indofood CBP,10726.153472222222,10821.922699652778,10654.326551649307,10774.0380859375,6014000,2023-08-04 00:00:00+07:00
ICBP.JK,Indofood CBP,10821.923305828652,10821.923305828652,10582.50022384129,10654.3271484375,5146000,2023-08-07 00:00:00+07:00
ICBP.JK,Indofood CBP,10654.327222883969,10774.038764714125,10630.384914517937,10678.26953125,3765300,2023-08-08 00:00:00+07:00
ICBP.JK,Indofood CBP,10750.09531821861,10750.09531821861,10558.556871568835,10630.3837890625,2993400,2023-08-09 00:00:00+07:00
ICBP.JK,Indofood CBP,10726.154066593886,10965.5771484375,10654.327142040804,10965.5771484375,7467000,2023-08-10 00:00:00+07:00
ICBP.JK,Indofood CBP,10965.57722290305,11037.4041479439,10821.923372821351,10989.51953125,5047600,2023-08-11 00:00:00+07:00
ICBP.JK,Indofood CBP,11013.46161424068,11013.46161424068,10821.92315138432,10917.6923828125,4849400,2023-08-14 00:00:00+07:00
ICBP.JK,Indofood CBP,10917.692606209152,11013.46183959695,10869.807989515251,10989.51953125,4388600,2023-08-15 00:00:00+07:00
ICBP.JK,Indofood CBP,11061.346079530245,11204.99992471895,10965.576849404442,11181.0576171875,5716100,2023-08-16 00:00:00+07:00
ICBP.JK,Indofood CBP,11157.115384615385,11205.0,11013.461538461539,11205.0,6270900,2023-08-18 00:00:00+07:00
ICBP.JK,Indofood CBP,11228.942232250402,11276.826847313303,11109.230694593147,11181.0576171875,4556600,2023-08-21 00:00:00+07:00
ICBP.JK,Indofood CBP,11204.999466174078,11204.999466174078,10989.518707209192,11037.4033203125,2811800,2023-08-22 00:00:00+07:00
ICBP.JK,Indofood CBP,11037.40324388587,11037.40324388587,10917.691711956522,11013.4609375,5173500,2023-08-23 00:00:00+07:00
ICBP.JK,Indofood CBP,11013.461462348569,11013.461462348569,10869.8076171875,10869.8076171875,2938500,2023-08-24 00:00:00+07:00
ICBP.JK,Indofood CBP,10869.806871410012,10941.6337890625,10750.095341989196,10941.6337890625,2972100,2023-08-25 00:00:00+07:00
ICBP.JK,Indofood CBP,10941.634387531112,10941.634387531112,10750.095929981333,10821.9228515625,2836900,2023-08-28 00:00:00+07:00
ICBP.JK,Indofood CBP,10845.865384615385,10941.634615384615,10797.98076923077,10893.75,3082600,2023-08-29 00:00:00+07:00
ICBP.JK,Indofood CBP,10893.749620225695,10893.749620225695,10774.0380859375,10774.0380859375,3638000,2023-08-30 00:00:00+07:00
ICBP.JK,Indofood CBP,10750.095626831055,10774.03793334961,10654.326400756836,10726.1533203125,10231100,2023-08-31 00:00:00+07:00
ICBP.JK,Indofood CBP,10726.1533203125,10797.980239868164,10582.499481201172,10726.1533203125,4602100,2023-09-01 00:00:00+07:00
ICBP.JK,Indofood CBP,10726.1533203125,10917.691772460938,10702.211013793945,10726.1533203125,4055000,2023-09-04 00:00:00+07:00
ICBP.JK,Indofood CBP,10726.153243847875,10797.9801628915,10654.326324804251,10702.2109375,2295000,2023-09-05 00:00:00+07:00
ICBP.JK,Indofood CBP,10678.26923076923,10774.038461538463,10486.73076923077,10582.5,4817600,2023-09-06 00:00:00+07:00
ICBP.JK,Indofood CBP,10606.441787719727,10726.1533203125,10606.441787719727,10726.1533203125,4889200,2023-09-07 00:00:00+07:00
ICBP.JK,Indofood CBP,10726.154073033707,10869.807922226122,10558.557915642556,10654.3271484375,5514100,2023-09-08 00:00:00+07:00
ICBP.JK,Indofood CBP,10654.326324804251,10750.095550195749,10582.499405760625,10702.2109375,3452600,2023-09-11 00:00:00+07:00
ICBP.JK,Indofood CBP,10702.211013793945,10726.1533203125,10630.384094238281,10726.1533203125,3767200,2023-09-12 00:00:00+07:00
ICBP.JK,Indofood CBP,10726.1533203125,10726.1533203125,10630.384094238281,10726.1533203125,3169500,2023-09-13 00:00:00+07:00
ICBP.JK,Indofood CBP,10726.15369318182,10750.09600053267,10534.615234375,10534.615234375,4753700,2023-09-14 00:00:00+07:00
ICBP.JK,Indofood CBP,10534.615158741457,10582.499773099373,10247.307472593964,10510.6728515625,8271100,2023-09-15 00:00:00+07:00
ICBP.JK,Indofood CBP,10390.9609375,10510.672469038018,10247.307099654377,10390.9609375,4752900,2023-09-18 00:00:00+07:00
ICBP.JK,Indofood CBP,10247.307989318706,10414.904148022517,10247.307989318706,10367.01953125,3828900,2023-09-19 00:00:00+07:00
ICBP.JK,Indofood CBP,10367.018631192395,10582.49938796083,10343.076324884792,10390.9609375,4337500,2023-09-20 00:00:00+07:00
ICBP.JK,Indofood CBP,10367.01872253418,10726.1533203125,10295.191802978516,10726.1533203125,5964300,2023-09-21 00:00:00+07:00
ICBP.JK,Indofood CBP,10726.153772026431,10965.576847294878,10726.153772026431,10869.8076171875,8580400,2023-09-22 00:00:00+07:00
ICBP.JK,Indofood CBP,10941.634233940973,10965.576540798611,10726.153472222222,10774.0380859375,2726800,2023-09-25 00:00:00+07:00
ICBP.JK,Indofood CBP,10797.9801628915,10797.9801628915,10558.557099412752,10702.2109375,3475600,2023-09-26 00:00:00+07:00
ICBP.JK,Indofood CBP,10750.09600053267,10750.09600053267,10510.672927024149,10534.615234375,2605000,2023-09-27 00:00:00+07:00
ICBP.JK,Indofood CBP,10702.211614260017,10702.211614260017,10438.846227779346,10606.4423828125,3978700,2023-09-29 00:00:00+07:00
ICBP.JK,Indofood CBP,10630.3837890625,10726.153012387387,10582.499177400055,10630.3837890625,3048800,2023-10-02 00:00:00+07:00
ICBP.JK,Indofood CBP,10654.32661779395,10702.211231806506,10486.73046875,10486.73046875,4392200,2023-10-03 00:00:00+07:00
ICBP.JK,Indofood CBP,10486.730255126953,10726.1533203125,10390.961029052734,10726.1533203125,9283000,2023-10-04 00:00:00+07:00
ICBP.JK,Indofood CBP,10797.980550655242,11181.057465977823,10774.03824344758,11133.1728515625,12755300,2023-10-05 00:00:00+07:00
ICBP.JK,Indofood CBP,11133.172469429348,11204.999388586957,10965.576324728261,11013.4609375,4721300,2023-10-06 00:00:00+07:00
ICBP.JK,Indofood CBP,10917.691459037162,10917.691459037162,10606.441483231278,10630.3837890625,4360800,2023-10-09 00:00:00+07:00
ICBP.JK,Indofood CBP,10630.384000576038,10630.384000576038,10390.9609375,10390.9609375,5032600,2023-10-10 00:00:00+07:00
ICBP.JK,Indofood CBP,10390.961462288258,10510.672999872226,10247.3076171875,10247.3076171875,6408300,2023-10-11 00:00:00+07:00
ICBP.JK,Indofood CBP,10343.076701309796,10678.269001815204,10319.134394130837,10510.6728515625,6821900,2023-10-12 00:00:00+07:00
ICBP.JK,Indofood CBP,10510.672546246407,10630.384078663792,10414.9033203125,10414.9033203125,2727400,2023-10-13 00:00:00+07:00
ICBP.JK,Indofood CBP,10534.615915280963,10534.615915280963,10295.192826297305,10438.8466796875,2385800,2023-10-16 00:00:00+07:00
ICBP.JK,Indofood CBP,10462.788988585866,10510.673606382597,10343.077444094037,10438.8466796875,4515200,2023-10-17 00:00:00+07:00
ICBP.JK,Indofood CBP,10438.845845588236,10438.845845588236,10175.48046875,10175.48046875,5680900,2023-10-18 00:00:00+07:00
ICBP.JK,Indofood CBP,10175.480845792115,10247.307769409472,9792.403919832883,9983.9423828125,11233800,2023-10-19 00:00:00+07:00
ICBP.JK,Indofood CBP,10031.826551905218,10319.134233582694,10007.884245098761,10151.5380859375,3439700,2023-10-20 00:00:00+07:00
ICBP.JK,Indofood CBP,10199.423381696428,10271.250306919643,10007.884914434524,10055.76953125,4213500,2023-10-23 00:00:00+07:00
ICBP.JK,Indofood CBP,10151.538682725693,10367.019456651475,10079.711758083768,10343.0771484375,5166900,2023-10-24 00:00:00+07:00
ICBP.JK,Indofood CBP,10271.249151932567,10319.133763363487,10007.8837890625,10007.8837890625,3907400,2023-10-25 00:00:00+07:00
ICBP.JK,Indofood CBP,10007.884233386558,10151.538074057178,9792.403472380627,9840.2880859375,6579200,2023-10-26 00:00:00+07:00
ICBP.JK,Indofood CBP,9840.287874851543,10103.653243764846,9744.518649792162,10079.7109375,5503300,2023-10-27 00:00:00+07:00
ICBP.JK,Indofood CBP,10079.7109375,10079.7109375,9936.057099910926,10079.7109375,3187000,2023-10-30 00:00:00+07:00
ICBP.JK,Indofood CBP,10055.76907835145,10055.76907835145,9696.634468410326,9912.115234375,4549800,2023-10-31 00:00:00+07:00
ICBP.JK,Indofood CBP,9888.17300216491,10103.653769766566,9648.749927051958,9936.0576171875,13173300,2023-11-01 00:00:00+07:00
ICBP.JK,Indofood CBP,9936.05754170441,10127.596000339674,9816.346005057367,9912.115234375,4731600,2023-11-02 00:00:00+07:00
ICBP.JK,Indofood CBP,9888.172260485198,10103.653011924342,9768.460731907895,10007.8837890625,4688400,2023-11-03 00:00:00+07:00
ICBP.JK,Indofood CBP,10007.884840207338,10055.76945666766,9840.28868259621,10031.8271484375,4923200,2023-11-06 00:00:00+07:00
ICBP.JK,Indofood CBP,10055.76945666766,10079.711764897822,9888.173299056532,10031.8271484375,5949700,2023-11-07 00:00:00+07:00
ICBP.JK,Indofood CBP,10055.76945666766,10055.76945666766,9816.34637436605,10031.8271484375,5589900,2023-11-08 00:00:00+07:00
ICBP.JK,Indofood CBP,10031.82609477796,10199.422234786185,10007.8837890625,10007.8837890625,2166300,2023-11-09 00:00:00+07:00
ICBP.JK,Indofood CBP,10055.769752881206,10127.5966796875,9960.00051713948,10127.5966796875,2215700,2023-11-10 00:00:00+07:00
ICBP.JK,Indofood CBP,10127.596077277862,10223.365307323042,9936.0576171875,9936.0576171875,2206900,2023-11-13 00:00:00+07:00
ICBP.JK,Indofood CBP,9912.114566200658,10055.768400493422,9816.345343338817,10007.8837890625,6893000,2023-11-14 00:00:00+07:00
ICBP.JK,Indofood CBP,10031.827443945775,10199.423606493794,10031.827443945775,10127.5966796875,3453900,2023-11-15 00:00:00+07:00
ICBP.JK,Indofood CBP,10127.5966796875,10127.5966796875,9960.00051713948,10127.5966796875,5186400,2023-11-16 00:00:00+07:00
ICBP.JK,Indofood CBP,10175.480997818466,10175.480997818466,9912.115607286694,10031.8271484375,4270900,2023-11-17 00:00:00+07:00
ICBP.JK,Indofood CBP,10031.826324970309,10103.653243764846,10007.884018705463,10079.7109375,972500,2023-11-20 00:00:00+07:00
ICBP.JK,Indofood CBP,10079.711839657737,10079.711839657737,9960.000297619048,10055.76953125,2778800,2023-11-21 00:00:00+07:00
ICBP.JK,Indofood CBP,10055.76953125,10103.654148065476,9960.000297619048,10055.76953125,2170800,2023-11-22 00:00:00+07:00
ICBP.JK,Indofood CBP,10079.711013866261,10199.422546097452,10031.826400973785,10103.6533203125,3034500,2023-11-23 00:00:00+07:00
ICBP.JK,Indofood CBP,10103.653922174759,10103.653922174759,9960.000074940048,9983.9423828125,1244800,2023-11-24 00:00:00+07:00
ICBP.JK,Indofood CBP,9983.94208709287,10271.249773052377,9983.94208709287,10199.4228515625,3045400,2023-11-27 00:00:00+07:00
ICBP.JK,Indofood CBP,10223.365158725792,10295.19208021567,10103.65362290933,10199.4228515625,4504400,2023-11-28 00:00:00+07:00
ICBP.JK,Indofood CBP,10199.423381696428,10247.307998511904,9960.000297619048,10055.76953125,4096900,2023-11-29 00:00:00+07:00
ICBP.JK,Indofood CBP,9912.115855823864,11061.3466796875,9840.288929332386,11061.3466796875,14781100,2023-11-30 00:00:00+07:00
ICBP.JK,Indofood CBP,10223.364775089074,10295.191693883611,10031.826324970309,10079.7109375,7478900,2023-12-01 00:00:00+07:00
ICBP.JK,Indofood CBP,10127.596456473213,10151.538764880952,9912.11568080357,10055.76953125,10072200,2023-12-04 00:00:00+07:00
ICBP.JK,Indofood CBP,10079.71139033226,10223.365234375,10007.884468310891,10223.365234375,2323900,2023-12-05 00:00:00+07:00
ICBP.JK,Indofood CBP,10223.365158725792,10486.730537522008,10103.65362290933,10199.4228515625,4963900,2023-12-06 00:00:00+07:00
ICBP.JK,Indofood CBP,10199.4228515625,10271.249773052377,10079.711315746039,10199.4228515625,3033800,2023-12-07 00:00:00+07:00
ICBP.JK,Indofood CBP,10223.365165415005,10510.6728515625,10223.365165415005,10510.6728515625,5209000,2023-12-08 00:00:00+07:00
ICBP.JK,Indofood CBP,10438.845531472683,10462.78783773753,10031.826324970309,10079.7109375,6701100,2023-12-11 00:00:00+07:00
ICBP.JK,Indofood CBP,10079.711240808823,10271.249696691177,10055.768933823529,10175.48046875,2993100,2023-12-12 00:00:00+07:00
ICBP.JK,Indofood CBP,10175.480239651215,10223.364852543691,10055.768707420024,10103.6533203125,3286000,2023-12-13 00:00:00+07:00
ICBP.JK,Indofood CBP,9960.00051713948,10223.365915429225,9960.00051713948,10127.5966796875,2834700,2023-12-14 00:00:00+07:00
ICBP.JK,Indofood CBP,10127.596230047211,10223.36546153702,9983.9423828125,9983.9423828125,8340900,2023-12-15 00:00:00+07:00
ICBP.JK,Indofood CBP,10007.884245098761,10151.5380859375,9936.057324679392,10151.5380859375,6538900,2023-12-18 00:00:00+07:00
ICBP.JK,Indofood CBP,10199.423606493794,10223.365915429225,10079.712061816637,10127.5966796875,1511400,2023-12-19 00:00:00+07:00
ICBP.JK,Indofood CBP,10127.5966796875,10223.365915429225,10127.5966796875,10127.5966796875,1858400,2023-12-20 00:00:00+07:00
ICBP.JK,Indofood CBP,10127.595626758737,10199.422546097452,10103.6533203125,10103.6533203125,1724900,2023-12-21 00:00:00+07:00
ICBP.JK,Indofood CBP,10127.595550029691,10175.480162559383,10031.826324970309,10079.7109375,1311300,2023-12-22 00:00:00+07:00
ICBP.JK,Indofood CBP,10079.712061816637,10223.365915429225,10079.712061816637,10127.5966796875,1530000,2023-12-27 00:00:00+07:00
ICBP.JK,Indofood CBP,10175.480544399208,10367.019001705547,10151.538237235916,10199.4228515625,3160100,2023-12-28 00:00:00+07:00
ICBP.JK,Indofood CBP,10223.365915429225,10343.077460106382,10127.5966796875,10127.5966796875,4680900,2023-12-29 00:00:00+07:00
ICBP.JK,Indofood CBP,10127.595930072623,10199.4228515625,10103.65362290933,10199.4228515625,3555400,2024-01-02 00:00:00+07:00
ICBP.JK,Indofood CBP,10199.422775735295,10223.365082720587,10151.538161764705,10175.48046875,803100,2024-01-03 00:00:00+07:00
ICBP.JK,Indofood CBP,10223.365384615385,10678.26923076923,10199.423076923078,10582.5,6276400,2024-01-04 00:00:00+07:00
ICBP.JK,Indofood CBP,10558.557692307693,10558.557692307693,10271.25,10271.25,3438400,2024-01-05 00:00:00+07:00
ICBP.JK,Indofood CBP,10271.250074945494,10462.78853788154,10223.365459211482,10295.1923828125,3206700,2024-01-08 00:00:00+07:00
ICBP.JK,Indofood CBP,10343.076849489797,10606.442232231435,10343.076849489797,10558.5576171875,4437300,2024-01-09 00:00:00+07:00
ICBP.JK,Indofood CBP,10606.442234392209,10893.749924714344,10510.673004284828,10869.8076171875,7536000,2024-01-10 00:00:00+07:00
ICBP.JK,Indofood CBP,10869.807922226122,10869.807922226122,10630.384840238763,10654.3271484375,3633700,2024-01-11 00:00:00+07:00
ICBP.JK,Indofood CBP,10558.557099412752,10702.2109375,10558.557099412752,10702.2109375,1897600,2024-01-12 00:00:00+07:00
ICBP.JK,Indofood CBP,10726.154073033707,10869.807922226122,10630.384840238763,10654.3271484375,3546600,2024-01-15 00:00:00+07:00
ICBP.JK,Indofood CBP,10654.326998536259,10774.038537845656,10582.500074950622,10606.4423828125,3301700,2024-01-16 00:00:00+07:00
ICBP.JK,Indofood CBP,10606.442532040028,10654.3271484375,10534.61560744382,10654.3271484375,2865600,2024-01-17 00:00:00+07:00
ICBP.JK,Indofood CBP,10702.211240645787,10869.80738982816,10606.442012541575,10797.98046875,5651900,2024-01-18 00:00:00+07:00
ICBP.JK,Indofood CBP,10893.750517874052,11133.173606178976,10821.923591382576,11061.3466796875,9591900,2024-01-19 00:00:00+07:00
ICBP.JK,Indofood CBP,11109.230845668859,11133.173153525904,10726.153919956141,10917.6923828125,6162800,2024-01-22 00:00:00+07:00
ICBP.JK,Indofood CBP,10917.692307692309,10917.692307692309,10750.096153846154,10893.75,3755700,2024-01-23 00:00:00+07:00
ICBP.JK,Indofood CBP,10917.6923828125,11037.403922097725,10845.865459241366,10917.6923828125,3733500,2024-01-24 00:00:00+07:00
ICBP.JK,Indofood CBP,10917.6923828125,11013.46161424068,10917.6923828125,10917.6923828125,4040000,2024-01-25 00:00:00+07:00
ICBP.JK,Indofood CBP,11109.23099754367,11133.17330572803,10797.980991146971,10965.5771484375,5350200,2024-01-26 00:00:00+07:00
ICBP.JK,Indofood CBP,10965.57699852659,11013.46161424068,10893.750074955455,10917.6923828125,2404000,2024-01-29 00:00:00+07:00
ICBP.JK,Indofood CBP,10917.692841731627,10941.635150595073,10726.154370824053,10750.0966796875,3672600,2024-01-30 00:00:00+07:00
ICBP.JK,Indofood CBP,10750.096368680335,11324.71176477906,10750.096368680335,11276.8271484375,16694400,2024-01-31 00:00:00+07:00
ICBP.JK,Indofood CBP,11133.172699699648,11276.826540986096,10893.749630888904,11085.2880859375,7741600,2024-02-01 00:00:00+07:00
ICBP.JK,Indofood CBP,11061.345779056424,11228.941927223947,10941.634244651052,11085.2880859375,6564300,2024-02-02 00:00:00+07:00
ICBP.JK,Indofood CBP,11085.2887646378,11085.2887646378,10941.6349145561,10989.51953125,2374000,2024-02-05 00:00:00+07:00
ICBP.JK,Indofood CBP,11013.461013760847,11061.345626864155,10965.576400657537,11037.4033203125,2815200,2024-02-06 00:00:00+07:00
ICBP.JK,Indofood CBP,11085.287624367478,11085.287624367478,10941.6337890625,10941.6337890625,2784200,2024-02-07 00:00:00+07:00
ICBP.JK,Indofood CBP,11013.46139015558,11157.115234375,10941.63446804587,11157.115234375,6509900,2024-02-12 00:00:00+07:00
ICBP.JK,Indofood CBP,11157.115384615385,11157.115384615385,10893.75,10893.75,5869200,2024-02-13 00:00:00+07:00
ICBP.JK,Indofood CBP,11133.172927005096,11252.884463854614,11133.172927005096,11157.115234375,6995500,2024-02-15 00:00:00+07:00
ICBP.JK,Indofood CBP,11157.115613912392,11181.057922096752,10941.634840253138,10965.5771484375,6008600,2024-02-16 00:00:00+07:00
ICBP.JK,Indofood CBP,10965.576551532127,11157.115006580723,10917.691937769978,11085.2880859375,3107400,2024-02-19 00:00:00+07:00
ICBP.JK,Indofood CBP,11085.288988517992,11157.11591500947,10965.57744436553,11061.3466796875,4743300,2024-02-20 00:00:00+07:00
ICBP.JK,Indofood CBP,11061.34645629085,11061.34645629085,10845.865681168301,10989.51953125,4232000,2024-02-21 00:00:00+07:00
ICBP.JK,Indofood CBP,11037.40354761584,11133.17277579472,10989.5189335264,11109.23046875,4281600,2024-02-22 00:00:00+07:00
ICBP.JK,Indofood CBP,11157.11591500947,11157.11591500947,10965.57744436553,11061.3466796875,4537500,2024-02-23 00:00:00+07:00
ICBP.JK,Indofood CBP,11085.288988517992,11157.11591500947,10989.519753196022,11061.3466796875,2626300,2024-02-26 00:00:00+07:00
ICBP.JK,Indofood CBP,11061.34585466056,11157.115082839438,11013.46124057112,11109.23046875,3928400,2024-02-27 00:00:00+07:00
ICBP.JK,Indofood CBP,11109.23046875,11133.17277579472,11061.34585466056,11109.23046875,1213000,2024-02-28 00:00:00+07:00
ICBP.JK,Indofood CBP,11109.231297348484,11133.173606178976,10965.57744436553,11061.3466796875,5965900,2024-02-29 00:00:00+07:00
ICBP.JK,Indofood CBP,10989.519008316533,11133.1728515625,10989.519008316533,11133.1728515625,9250500,2024-03-01 00:00:00+07:00
ICBP.JK,Indofood CBP,11133.17330572803,11133.17330572803,10965.5771484375,10965.5771484375,3310000,2024-03-04 00:00:00+07:00
ICBP.JK,Indofood CBP,10965.576923076924,10989.51923076923,10869.807692307693,10893.75,3559500,2024-03-05 00:00:00+07:00
ICBP.JK,Indofood CBP,10869.80799817825,10869.80799817825,10630.384914517937,10678.26953125,4603700,2024-03-06 00:00:00+07:00
ICBP.JK,Indofood CBP,10678.269152489778,10678.269152489778,10247.3076171875,10247.3076171875,14189000,2024-03-07 00:00:00+07:00
ICBP.JK,Indofood CBP,10151.537648636891,10438.845317937936,10151.537648636891,10319.1337890625,10088700,2024-03-08 00:00:00+07:00
ICBP.JK,Indofood CBP,10295.192307692309,10390.961538461539,10151.538461538463,10271.25,13549200,2024-03-13 00:00:00+07:00
ICBP.JK,Indofood CBP,10271.25051739894,10438.8466796875,10199.423590703842,10438.8466796875,9405800,2024-03-14 00:00:00+07:00
ICBP.JK,Indofood CBP,10295.192307692309,10343.076923076924,10151.538461538463,10271.25,15472200,2024-03-15 00:00:00+07:00
ICBP.JK,Indofood CBP,10295.191712269585,10486.730162730415,10295.191712269585,10390.9609375,9332700,2024-03-18 00:00:00+07:00
ICBP.JK,Indofood CBP,10438.846004971592,10750.09600053267,10295.192160866478,10534.615234375,12233400,2024-03-19 00:00:00+07:00
ICBP.JK,Indofood CBP,10534.615899916482,10750.0966796875,10510.673591053035,10750.0966796875,4770900,2024-03-20 00:00:00+07:00
ICBP.JK,Indofood CBP,10750.095845819063,10750.095845819063,10486.73046875,10486.73046875,8369200,2024-03-21 00:00:00+07:00
ICBP.JK,Indofood CBP,10534.61560744382,10654.3271484375,10438.846374648876,10654.3271484375,4113600,2024-03-22 00:00:00+07:00
ICBP.JK,Indofood CBP,10821.922546386719,10821.922546386719,10558.557174682617,10726.1533203125,4031700,2024-03-25 00:00:00+07:00
ICBP.JK,Indofood CBP,10534.614775345623,10534.614775345623,9912.114811347927,10390.9609375,17108300,2024-03-26 00:00:00+07:00
ICBP.JK,Indofood CBP,10414.903697620739,10678.269078480114,10414.903697620739,10534.615234375,5181700,2024-03-27 00:00:00+07:00
ICBP.JK,Indofood CBP,10558.557406721444,11109.23046875,10390.961257408404,11109.23046875,8583800,2024-03-28 00:00:00+07:00
ICBP.JK,Indofood CBP,10893.75053286818,10893.75053286818,10534.615899916482,10750.0966796875,5789500,2024-04-01 00:00:00+07:00
ICBP.JK,Indofood CBP,10774.03793334961,10774.03793334961,10558.557174682617,10726.1533203125,4363900,2024-04-02 00:00:00+07:00
ICBP.JK,Indofood CBP,10726.15369318182,10726.15369318182,10462.788312322444,10534.615234375,2469800,2024-04-03 00:00:00+07:00
ICBP.JK,Indofood CBP,10534.615309665533,10630.384539753402,10486.7306946216,10558.5576171875,2527700,2024-04-04 00:00:00+07:00
ICBP.JK,Indofood CBP,10582.49938796083,10582.49938796083,10390.9609375,10390.9609375,2242100,2024-04-05 00:00:00+07:00
ICBP.JK,Indofood CBP,9864.23084583849,10175.480848255724,9648.75007493425,9672.6923828125,18880100,2024-04-16 00:00:00+07:00
ICBP.JK,Indofood CBP,9624.807915447967,9864.230997921797,9624.807915447967,9720.5771484375,14369100,2024-04-17 00:00:00+07:00
ICBP.JK,Indofood CBP,9720.576998568997,9744.519306447246,9385.384688273514,9672.6923828125,11022600,2024-04-18 00:00:00+07:00
ICBP.JK,Indofood CBP,9552.980692179466,9576.922999678663,9193.846079691517,9313.5576171875,11496400,2024-04-19 00:00:00+07:00
ICBP.JK,Indofood CBP,9433.268400231187,9552.979928152901,9241.729955556442,9385.3837890625,8329600,2024-04-22 00:00:00+07:00
ICBP.JK,Indofood CBP,9409.327443620119,9600.86591575488,9409.327443620119,9505.0966796875,5539400,2024-04-23 00:00:00+07:00
ICBP.JK,Indofood CBP,9505.096446944104,9792.40414811118,9505.096446944104,9744.51953125,8075100,2024-04-24 00:00:00+07:00
ICBP.JK,Indofood CBP,9840.288389402014,10462.78838483864,9672.692236784462,10247.3076171875,16918500,2024-04-25 00:00:00+07:00
ICBP.JK,Indofood CBP,10247.307313163325,10319.134233582694,10103.653472324588,10151.5380859375,4076200,2024-04-26 00:00:00+07:00
ICBP.JK,Indofood CBP,10295.19215639637,10343.076771077283,10127.596005013174,10223.365234375,4497500,2024-04-29 00:00:00+07:00
ICBP.JK,Indofood CBP,10247.30717492816,10510.672546246407,10247.30717492816,10414.9033203125,6660300,2024-04-30 00:00:00+07:00
ICBP.JK,Indofood CBP,10414.904080120077,10414.904080120077,9864.230990826372,10031.8271484375,5930000,2024-05-02 00:00:00+07:00
ICBP.JK,Indofood CBP,10031.826342885945,10390.9609375,9888.172505040322,10390.9609375,3524800,2024-05-03 00:00:00+07:00
ICBP.JK,Indofood CBP,10678.268613191243,10678.268613191243,10295.191712269585,10390.9609375,2850400,2024-05-06 00:00:00+07:00
ICBP.JK,Indofood CBP,10438.845317937936,10462.787623713022,10199.422260187066,10319.1337890625,2877500,2024-05-07 00:00:00+07:00
ICBP.JK,Indofood CBP,10367.018400612675,10390.960706387761,10127.595342861805,10319.1337890625,4333600,2024-05-08 00:00:00+07:00
ICBP.JK,Indofood CBP,10151.538152305826,10151.538152305826,9600.86509215716,9864.23046875,7265800,2024-05-13 00:00:00+07:00
ICBP.JK,Indofood CBP,9864.23046875,9959.999696601943,9768.46124089806,9864.23046875,8204800,2024-05-14 00:00:00+07:00
ICBP.JK,Indofood CBP,9864.230404260023,10151.5380859375,9744.518870227741,10151.5380859375,5442200,2024-05-15 00:00:00+07:00
ICBP.JK,Indofood CBP,10247.308224364657,10438.84669584811,10055.769752881206,10127.5966796875,4835200,2024-05-16 00:00:00+07:00
ICBP.JK,Indofood CBP,10127.595626758737,10295.191771882404,10007.884094527548,10103.6533203125,4102700,2024-05-17 00:00:00+07:00
ICBP.JK,Indofood CBP,10151.538764880952,10271.250306919643,10007.884914434524,10055.76953125,2328300,2024-05-20 00:00:00+07:00
ICBP.JK,Indofood CBP,10103.653846153846,10127.596153846154,9912.115384615385,9960.0,3604100,2024-05-21 00:00:00+07:00
ICBP.JK,Indofood CBP,10055.76945666766,10151.538689588306,9936.057915516854,10031.8271484375,3951100,2024-05-22 00:00:00+07:00
ICBP.JK,Indofood CBP,9960.000074940048,10031.826998557404,9720.576996215526,9983.9423828125,4798800,2024-05-27 00:00:00+07:00
ICBP.JK,Indofood CBP,10031.826551905218,10319.134233582694,10007.884245098761,10151.5380859375,4378100,2024-05-28 00:00:00+07:00
ICBP.JK,Indofood CBP,10151.538537919663,10151.538537919663,9936.057767067596,9983.9423828125,2905300,2024-05-29 00:00:00+07:00
ICBP.JK,Indofood CBP,9983.942539158712,9983.942539158712,9696.634840190116,9720.5771484375,6573700,2024-05-30 00:00:00+07:00
ICBP.JK,Indofood CBP,9840.288461538463,9983.942307692309,9337.5,9337.5,13874400,2024-05-31 00:00:00+07:00
ICBP.JK,Indofood CBP,9457.210956648283,9983.941693474264,9457.210956648283,9768.4609375,7155200,2024-06-03 00:00:00+07:00
ICBP.JK,Indofood CBP,9840.288237269218,10031.826694442341,9816.345930122578,9888.1728515625,2538200,2024-06-04 00:00:00+07:00
ICBP.JK,Indofood CBP,10007.8837890625,10079.710706208882,9912.114566200658,10007.8837890625,3586600,2024-06-05 00:00:00+07:00
ICBP.JK,Indofood CBP,10055.768858711674,10151.5380859375,9936.057324679392,10151.5380859375,3304700,2024-06-06 00:00:00+07:00
ICBP.JK,Indofood CBP,10151.538988622931,10199.423606493794,10007.885135010343,10127.5966796875,2828600,2024-06-07 00:00:00+07:00
ICBP.JK,Indofood CBP,10127.596456473213,10199.423381696428,9960.000297619048,10055.76953125,3375400,2024-06-10 00:00:00+07:00
ICBP.JK,Indofood CBP,9959.999481635072,10151.537933204976,9959.999481635072,10103.6533203125,2464400,2024-06-11 00:00:00+07:00
ICBP.JK,Indofood CBP,10151.538988622931,10199.423606493794,10055.769752881206,10127.5966796875,4456800,2024-06-12 00:00:00+07:00
ICBP.JK,Indofood CBP,10151.53831235363,10295.19215639637,10127.596005013174,10223.365234375,4244200,2024-06-13 00:00:00+07:00
ICBP.JK,Indofood CBP,10223.365690104167,10271.250306919643,9960.000297619048,10055.76953125,7605600,2024-06-14 00:00:00+07:00
ICBP.JK,Indofood CBP,10055.768612132353,10055.768612132353,9720.576325061274,9768.4609375,6183700,2024-06-19 00:00:00+07:00
ICBP.JK,Indofood CBP,9768.46183968059,9792.40414811118,9576.923372235873,9744.51953125,7627200,2024-06-20 00:00:00+07:00
ICBP.JK,Indofood CBP,9744.518933935073,9888.172775712987,9600.86509215716,9864.23046875,8739800,2024-06-21 00:00:00+07:00
ICBP.JK,Indofood CBP,9888.172775712987,9936.057389638956,9744.518933935073,9864.23046875,1715900,2024-06-24 00:00:00+07:00
ICBP.JK,Indofood CBP,9864.229928626544,9888.17223427855,9696.6337890625,9696.6337890625,3239400,2024-06-25 00:00:00+07:00
ICBP.JK,Indofood CBP,9768.461464608434,10007.884539721384,9720.576849585843,9936.0576171875,4923000,2024-06-26 00:00:00+07:00
ICBP.JK,Indofood CBP,9983.942606026785,10151.538764880952,9888.173372395833,10055.76953125,5913800,2024-06-27 00:00:00+07:00
ICBP.JK,Indofood CBP,9912.115082675971,9959.999696601943,9840.288161787015,9864.23046875,6499600,2024-06-28 00:00:00+07:00
ICBP.JK,Indofood CBP,9864.23046875,9959.999696601943,9744.518933935073,9864.23046875,2453800,2024-07-01 00:00:00+07:00
ICBP.JK,Indofood CBP,9864.231297637196,9864.231297637196,9672.692825838416,9816.3466796875,3564300,2024-07-02 00:00:00+07:00
ICBP.JK,Indofood CBP,9840.2880859375,9840.2880859375,9720.576552045317,9840.2880859375,5316900,2024-07-03 00:00:00+07:00
ICBP.JK,Indofood CBP,9840.287933125765,9912.114852345661,9744.518707499235,9792.4033203125,3803000,2024-07-04 00:00:00+07:00
ICBP.JK,Indofood CBP,9816.345779159063,9840.2880859375,9744.518858823752,9840.2880859375,2943200,2024-07-05 00:00:00+07:00
ICBP.JK,Indofood CBP,9840.288461538463,9960.0,9840.288461538463,9960.0,6163500,2024-07-08 00:00:00+07:00
ICBP.JK,Indofood CBP,10057.646829600484,10179.705650348064,9984.411537151936,10082.05859375,10883600,2024-07-09 00:00:00+07:00
ICBP.JK,Indofood CBP,10082.059226619387,10082.059226619387,9960.000398209952,10057.6474609375,3171100,2024-07-10 00:00:00+07:00
ICBP.JK,Indofood CBP,10082.059226619387,10106.470992301274,10008.823929573726,10057.6474609375,3371100,2024-07-11 00:00:00+07:00
ICBP.JK,Indofood CBP,10130.8828125,10301.76517319277,10057.64751506024,10130.8828125,1985800,2024-07-12 00:00:00+07:00
ICBP.JK,Indofood CBP,10130.882634733303,10326.1767578125,10057.647338578605,10326.1767578125,3988500,2024-07-15 00:00:00+07:00
ICBP.JK,Indofood CBP,10350.588119033413,10350.588119033413,10106.470474716587,10228.529296875,1382300,2024-07-16 00:00:00+07:00
ICBP.JK,Indofood CBP,10301.764480377906,10619.117414607557,10277.352716206395,10497.05859375,9906800,2024-07-17 00:00:00+07:00
ICBP.JK,Indofood CBP,10497.05859375,10545.882122093022,10399.411537063954,10497.05859375,3682500,2024-07-18 00:00:00+07:00
ICBP.JK,Indofood CBP,10448.235749421296,10545.8828125,10350.588686342593,10545.8828125,4951000,2024-07-19 00:00:00+07:00
ICBP.JK,Indofood CBP,10643.529296875,10692.352825759748,10448.23518133601,10643.529296875,2848600,2024-07-22 00:00:00+07:00
ICBP.JK,Indofood CBP,10570.294523510343,10741.17688301282,10472.6474609375,10472.6474609375,4947600,2024-07-23 00:00:00+07:00
ICBP.JK,Indofood CBP,10472.647515190973,10594.706344039352,10399.412217881943,10545.8828125,2054400,2024-07-24 00:00:00+07:00
ICBP.JK,Indofood CBP,10545.882524481567,10619.117819790466,10399.411933863767,10594.7060546875,3684200,2024-07-25 00:00:00+07:00
ICBP.JK,Indofood CBP,10619.117819790466,10741.176645305299,10521.4707593786,10594.7060546875,6806800,2024-07-26 00:00:00+07:00
ICBP.JK,Indofood CBP,10643.529238236142,10692.352766851905,10497.058652388856,10570.2939453125,5727200,2024-07-29 00:00:00+07:00
ICBP.JK,Indofood CBP,10692.352825759748,10692.352825759748,10545.882239105506,10643.529296875,2399400,2024-07-30 00:00:00+07:00
ICBP.JK,Indofood CBP,10692.353171481693,10692.353171481693,10619.117875786613,10667.94140625,2971700,2024-07-31 00:00:00+07:00
ICBP.JK,Indofood CBP,10741.1767578125,10863.235584605824,10716.764992453835,10741.1767578125,6655400,2024-08-01 00:00:00+07:00
ICBP.JK,Indofood CBP,10741.17624440716,10985.293886325502,10741.17624440716,10912.05859375,7335300,2024-08-02 00:00:00+07:00
ICBP.JK,Indofood CBP,10741.176354644496,11009.705763510608,10423.823416893636,10643.529296875,10163800,2024-08-05 00:00:00+07:00
ICBP.JK,Indofood CBP,10741.1767578125,10838.823819247158,10643.52969637784,10741.1767578125,7517800,2024-08-06 00:00:00+07:00
ICBP.JK,Indofood CBP,10741.176470588234,10887.64705882353,10692.35294117647,10790.0,5618600,2024-08-07 00:00:00+07:00
ICBP.JK,Indofood CBP,10789.999942162585,10863.23523588767,10521.470531837273,10716.7646484375,5063700,2024-08-08 00:00:00+07:00
ICBP.JK,Indofood CBP,10741.176583426339,10985.294233049664,10741.176583426339,10936.470703125,4031800,2024-08-09 00:00:00+07:00
ICBP.JK,Indofood CBP,10936.470880681818,10936.470880681818,10692.353227095171,10741.1767578125,3494700,2024-08-12 00:00:00+07:00
ICBP.JK,Indofood CBP,10936.470357941835,10936.470357941835,10765.588008598992,10912.05859375,5104600,2024-08-13 00:00:00+07:00
ICBP.JK,Indofood CBP,10838.823754129955,11278.235527946035,10838.823754129955,11082.94140625,9082000,2024-08-14 00:00:00+07:00
ICBP.JK,Indofood CBP,11107.353115039496,11107.353115039496,10936.470759423502,11009.7060546875,3778300,2024-08-15 00:00:00+07:00
ICBP.JK,Indofood CBP,11156.17606670673,11156.17606670673,10838.82313701923,11107.3525390625,5379900,2024-08-16 00:00:00+07:00
ICBP.JK,Indofood CBP,11034.117590117872,11131.7646484375,11009.705825537965,11131.7646484375,5734300,2024-08-19 00:00:00+07:00
ICBP.JK,Indofood CBP,11131.764992478118,11229.412053815646,11009.706165806208,11156.1767578125,9564900,2024-08-20 00:00:00+07:00
ICBP.JK,Indofood CBP,11229.41141853166,11229.41141853166,11082.940834811681,11180.587890625,2674000,2024-08-21 00:00:00+07:00
ICBP.JK,Indofood CBP,11082.94140625,11205.000232310022,10985.294345401982,11082.94140625,4855400,2024-08-22 00:00:00+07:00
ICBP.JK,Indofood CBP,11082.941176470587,11229.411764705883,11082.941176470587,11205.0,4846300,2024-08-23 00:00:00+07:00
ICBP.JK,Indofood CBP,11034.117590117872,11156.176413017407,10887.647002638432,11131.7646484375,6606600,2024-08-26 00:00:00+07:00
ICBP.JK,Indofood CBP,11156.1767578125,11229.412053815646,11058.529696474972,11156.1767578125,4355700,2024-08-27 00:00:00+07:00
ICBP.JK,Indofood CBP,11204.999942177219,11302.647000496847,11107.352883857593,11131.7646484375,4722500,2024-08-28 00:00:00+07:00
ICBP.JK,Indofood CBP,11229.411706757126,11278.23523591694,11131.7646484375,11131.7646484375,3988700,2024-08-29 00:00:00+07:00
ICBP.JK,Indofood CBP,10936.470588235294,11205.0,10936.470588235294,11205.0,7521300,2024-08-30 00:00:00+07:00
ICBP.JK,Indofood CBP,11131.765047554347,11278.235640285326,11107.353282099184,11229.412109375,7506100,2024-09-02 00:00:00+07:00
ICBP.JK,Indofood CBP,11156.17606670673,11180.587830528846,11009.705483774038,11107.3525390625,4461700,2024-09-03 00:00:00+07:00
ICBP.JK,Indofood CBP,10814.411708898711,11156.176413017407,10814.411708898711,11131.7646484375,6155200,2024-09-04 00:00:00+07:00
ICBP.JK,Indofood CBP,11180.58868696352,11449.11810957618,11180.58868696352,11375.8828125,7236600,2024-09-05 00:00:00+07:00
ICBP.JK,Indofood CBP,11253.823182484988,11424.705530158297,11180.587890625,11180.587890625,4077500,2024-09-06 00:00:00+07:00
ICBP.JK,Indofood CBP,11180.588008485991,11327.05859375,10936.47036637931,11327.05859375,8829500,2024-09-09 00:00:00+07:00
ICBP.JK,Indofood CBP,11400.294523235016,11400.294523235016,11278.23569536312,11302.6474609375,4439800,2024-09-10 00:00:00+07:00
ICBP.JK,Indofood CBP,11302.6474609375,11327.05922651188,11253.823929788741,11302.6474609375,3358600,2024-09-11 00:00:00+07:00
ICBP.JK,Indofood CBP,11205.0,11351.470588235294,11205.0,11205.0,2736700,2024-09-12 00:00:00+07:00
ICBP.JK,Indofood CBP,11107.352825779526,11180.588119136313,11058.529296875,11058.529296875,4657400,2024-09-13 00:00:00+07:00
ICBP.JK,Indofood CBP,11156.176413017407,11180.588177597314,11058.52935469778,11131.7646484375,3279400,2024-09-17 00:00:00+07:00
ICBP.JK,Indofood CBP,11107.353282099184,11253.823874830163,11107.353282099184,11229.412109375,1922500,2024-09-18 00:00:00+07:00
ICBP.JK,Indofood CBP,11253.82369916867,11522.353114983975,11180.588403946314,11424.7060546875,7514700,2024-09-19 00:00:00+07:00
ICBP.JK,Indofood CBP,11449.118039957682,12059.412178548178,11449.118039957682,11717.6474609375,11064700,2024-09-20 00:00:00+07:00
ICBP.JK,Indofood CBP,11839.706110719775,12010.588466956968,11717.647284836066,11912.94140625,5239500,2024-09-23 00:00:00+07:00
ICBP.JK,Indofood CBP,12035.00039887764,12425.588647117078,11961.765102332747,12132.6474609375,12381000,2024-09-24 00:00:00+07:00
ICBP.JK,Indofood CBP,12205.882122238956,12205.882122238956,11839.705658571787,12157.05859375,7539700,2024-09-25 00:00:00+07:00
ICBP.JK,Indofood CBP,12352.353282473092,12572.059170896528,12157.05915943004,12474.412109375,12978300,2024-09-26 00:00:00+07:00
ICBP.JK,Indofood CBP,12498.823122529644,12498.823122529644,12181.470191684166,12352.3525390625,7139400,2024-09-27 00:00:00+07:00
ICBP.JK,Indofood CBP,12352.35294117647,12352.35294117647,12035.0,12035.0,7362100,2024-09-30 00:00:00+07:00
ICBP.JK,Indofood CBP,12034.999772527612,12279.11741497239,11815.29389432731,12157.05859375,6887000,2024-10-01 00:00:00+07:00
ICBP.JK,Indofood CBP,11986.176701780225,12108.235527663935,11742.059050012807,11912.94140625,8171200,2024-10-02 00:00:00+07:00
ICBP.JK,Indofood CBP,11961.7651163737,11961.7651163737,11668.823929850261,11717.6474609375,10296200,2024-10-03 00:00:00+07:00
ICBP.JK,Indofood CBP,11717.647229381444,11961.764879993558,11644.41193419781,11839.7060546875,5569800,2024-10-04 00:00:00+07:00
ICBP.JK,Indofood CBP,11766.47099202474,11864.11805419922,11449.118039957682,11717.6474609375,4128800,2024-10-07 00:00:00+07:00
ICBP.JK,Indofood CBP,11717.646722560976,12059.411418635671,11644.41143054497,12010.587890625,5779300,2024-10-08 00:00:00+07:00
ICBP.JK,Indofood CBP,11912.941640786748,11986.176937758799,11766.47104684265,11790.8828125,4270800,2024-10-09 00:00:00+07:00
ICBP.JK,Indofood CBP,11790.882468069243,11937.3530577347,11742.058938180757,11766.470703125,1908600,2024-10-10 00:00:00+07:00
ICBP.JK,Indofood CBP,12205.88229432398,12205.88229432398,11790.882296316964,11961.7646484375,4363700,2024-10-11 00:00:00+07:00
ICBP.JK,Indofood CBP,11961.765047760628,12205.882701796558,11864.117986146255,12059.412109375,3228200,2024-10-14 00:00:00+07:00
ICBP.JK,Indofood CBP,12059.411313369781,12327.940715084493,12034.999549577535,12279.1171875,4111700,2024-10-15 00:00:00+07:00
ICBP.JK,Indofood CBP,12450.00046875,12450.00046875,11937.353390625001,12205.8828125,3719000,2024-10-16 00:00:00+07:00
ICBP.JK,Indofood CBP,12205.8828125,12352.35340625,12059.41221875,12205.8828125,5359100,2024-10-17 00:00:00+07:00
ICBP.JK,Indofood CBP,12327.940893173218,12547.646770477295,12108.23501586914,12498.8232421875,5069700,2024-10-18 00:00:00+07:00
ICBP.JK,Indofood CBP,12498.824,12498.824,12205.8828125,12205.8828125,3698000,2024-10-21 00:00:00+07:00
ICBP.JK,Indofood CBP,12303.529238398203,12376.764531483906,12132.646887864896,12230.2939453125,2545600,2024-10-22 00:00:00+07:00
ICBP.JK,Indofood CBP,12205.882238963293,12352.352825830852,12205.882238963293,12303.529296875,3484200,2024-10-23 00:00:00+07:00
ICBP.JK,Indofood CBP,12303.529238398203,12376.764531483906,12205.882180950599,12230.2939453125,1918300,2024-10-24 00:00:00+07:00
ICBP.JK,Indofood CBP,12254.705483417738,12547.646650352026,12230.293719506546,12352.3525390625,3657800,2024-10-25 00:00:00+07:00
ICBP.JK,Indofood CBP,12279.117247328928,12352.3525390625,12205.881955595356,12352.3525390625,2159300,2024-10-28 00:00:00+07:00
ICBP.JK,Indofood CBP,12352.352478876739,12376.764242668987,12254.705423707754,12279.1171875,1739200,2024-10-29 00:00:00+07:00
ICBP.JK,Indofood CBP,12303.529179216868,12303.529179216868,12059.41153677209,12157.05859375,3915400,2024-10-30 00:00:00+07:00
ICBP.JK,Indofood CBP,12157.05882352941,12157.05882352941,12010.588235294117,12035.0,2305900,2024-10-31 00:00:00+07:00
ICBP.JK,Indofood CBP,12132.64688186015,12157.058646209969,11815.2939453125,11815.2939453125,4011200,2024-11-01 00:00:00+07:00
ICBP.JK,Indofood CBP,11888.529411764706,12205.882352941177,11668.823529411764,12035.0,3534000,2024-11-04 00:00:00+07:00
ICBP.JK,Indofood CBP,12205.882238963293,12303.529296875,12010.588123139882,12303.529296875,3941300,2024-11-05 00:00:00+07:00
ICBP.JK,Indofood CBP,12205.881880144034,12205.881880144034,11766.470132458848,11864.1171875,4396900,2024-11-06 00:00:00+07:00
ICBP.JK,Indofood CBP,11912.941640786748,11961.765172101448,11522.35339026915,11790.8828125,7684900,2024-11-07 00:00:00+07:00
ICBP.JK,Indofood CBP,11790.88218096268,11888.529238361958,11717.646887913223,11815.2939453125,2920900,2024-11-08 00:00:00+07:00
ICBP.JK,Indofood CBP,11717.64677039749,11717.64677039749,11375.882072927563,11668.8232421875,3367300,2024-11-11 00:00:00+07:00
ICBP.JK,Indofood CBP,11668.823819059862,11790.882645619065,11546.764992500659,11571.1767578125,3318200,2024-11-12 00:00:00+07:00
ICBP.JK,Indofood CBP,11571.1767578125,11717.647349683544,11522.353227188818,11571.1767578125,4027500,2024-11-13 00:00:00+07:00
ICBP.JK,Indofood CBP,11571.176113878275,11571.176113878275,11180.587890625,11180.587890625,5482800,2024-11-14 00:00:00+07:00
ICBP.JK,Indofood CBP,11180.588066280781,11449.117473986216,11180.588066280781,11400.2939453125,3792500,2024-11-15 00:00:00+07:00
ICBP.JK,Indofood CBP,11473.529468130218,11742.058881214118,11473.529468130218,11693.2353515625,2830700,2024-11-18 00:00:00+07:00
ICBP.JK,Indofood CBP,11693.235294117647,11742.05882352941,11497.941176470587,11620.0,5336100,2024-11-19 00:00:00+07:00
ICBP.JK,Indofood CBP,11644.41135833223,11644.41135833223,11375.881955938825,11522.3525390625,2082200,2024-11-20 00:00:00+07:00
ICBP.JK,Indofood CBP,11522.3525390625,11619.999594478284,11400.293719792771,11522.3525390625,4577300,2024-11-21 00:00:00+07:00
ICBP.JK,Indofood CBP,11790.882757568359,11937.353350830079,11644.412164306641,11717.6474609375,7267400,2024-11-22 00:00:00+07:00
ICBP.JK,Indofood CBP,11717.64677039749,11766.470298607479,11522.352657557532,11668.8232421875,9711300,2024-11-25 00:00:00+07:00
ICBP.JK,Indofood CBP,11888.52947016897,11888.52947016897,11620.000057085073,11693.2353515625,4931800,2024-11-26 00:00:00+07:00
ICBP.JK,Indofood CBP,11693.235294117647,11693.235294117647,11375.882352941177,11620.0,3166900,2024-11-28 00:00:00+07:00
ICBP.JK,Indofood CBP,11693.235294117647,11742.05882352941,11546.764705882353,11620.0,4519900,2024-11-29 00:00:00+07:00
ICBP.JK,Indofood CBP,11424.706165941456,11717.647349683544,11424.706165941456,11571.1767578125,4943400,2024-12-02 00:00:00+07:00
ICBP.JK,Indofood CBP,11644.412109375,11693.235640231918,11449.117985947327,11644.412109375,6398300,2024-12-03 00:00:00+07:00
ICBP.JK,Indofood CBP,11522.3525390625,11644.41135833223,11497.940775208554,11522.3525390625,4248900,2024-12-04 00:00:00+07:00
ICBP.JK,Indofood CBP,11546.764705882353,11668.823529411764,11497.941176470587,11620.0,4593600,2024-12-05 00:00:00+07:00
ICBP.JK,Indofood CBP,11619.999942190803,11619.999942190803,11497.941119268631,11546.7646484375,1582600,2024-12-06 00:00:00+07:00
ICBP.JK,Indofood CBP,11522.353171443738,11522.353171443738,11424.70611066879,11497.94140625,4161700,2024-12-09 00:00:00+07:00
ICBP.JK,Indofood CBP,11497.940714952027,11522.35247867804,11327.058368869937,11449.1171875,3743300,2024-12-10 00:00:00+07:00
ICBP.JK,Indofood CBP,11375.881896321962,11522.35247867804,11375.881896321962,11449.1171875,3453500,2024-12-11 00:00:00+07:00
ICBP.JK,Indofood CBP,11351.470357960667,11375.882122171335,11131.764480064654,11327.05859375,3262700,2024-12-12 00:00:00+07:00
ICBP.JK,Indofood CBP,11351.470870005933,11644.412053748021,11351.470870005933,11571.1767578125,4752600,2024-12-13 00:00:00+07:00
ICBP.JK,Indofood CBP,11571.176066770393,11619.999594478284,11449.117247500662,11522.3525390625,3537900,2024-12-16 00:00:00+07:00
ICBP.JK,Indofood CBP,11327.05853443601,11449.11735485019,11156.176185856155,11253.8232421875,3251800,2024-12-17 00:00:00+07:00
ICBP.JK,Indofood CBP,11229.41164804084,11278.235176945365,10887.64694570916,11058.529296875,7023500,2024-12-18 00:00:00+07:00
ICBP.JK,Indofood CBP,11107.353057861328,11107.353057861328,10667.941288539341,10936.470703125,7376500,2024-12-19 00:00:00+07:00
ICBP.JK,Indofood CBP,11009.705709635416,11131.764531249999,10789.999830729166,10985.2939453125,3806300,2024-12-20 00:00:00+07:00
ICBP.JK,Indofood CBP,10985.294400471827,11205.000288481264,10985.294400471827,11156.1767578125,2328700,2024-12-23 00:00:00+07:00
ICBP.JK,Indofood CBP,11156.176867491225,11351.470992086257,10863.235680598676,11302.6474609375,1809000,2024-12-24 00:00:00+07:00
ICBP.JK,Indofood CBP,11253.823819150028,11278.23558448441,11058.529696474972,11156.1767578125,5274600,2024-12-27 00:00:00+07:00
ICBP.JK,Indofood CBP,11131.764302884616,11131.764302884616,10887.646664663462,11107.3525390625,2852100,2024-12-30 00:00:00+07:00
ICBP.JK,Indofood CBP,11107.353406876391,11107.353406876391,10863.235749582405,10960.8828125,846100,2025-01-02 00:00:00+07:00
ICBP.JK,Indofood CBP,10960.881956129808,11107.3525390625,10960.881956129808,11107.3525390625,1377300,2025-01-03 00:00:00+07:00
ICBP.JK,Indofood CBP,11107.352707284675,11107.352707284675,10887.646829558165,10912.05859375,1981900,2025-01-06 00:00:00+07:00
ICBP.JK,Indofood CBP,10838.823762871854,10912.059058566934,10667.94140625,10667.94140625,3994000,2025-01-07 00:00:00+07:00
ICBP.JK,Indofood CBP,10667.940893774634,10960.882062482404,10667.940893774634,10838.8232421875,5788600,2025-01-08 00:00:00+07:00
ICBP.JK,Indofood CBP,10838.823182397959,10838.823182397959,10765.587890625,10765.587890625,1495000,2025-01-09 00:00:00+07:00
ICBP.JK,Indofood CBP,10765.588578407167,10863.235640342833,10692.353281955417,10814.412109375,2469200,2025-01-10 00:00:00+07:00
ICBP.JK,Indofood CBP,10789.999714069538,10863.235006246481,10716.764421892596,10838.8232421875,3913400,2025-01-13 00:00:00+07:00
ICBP.JK,Indofood CBP,10838.823292151163,10838.823292151163,10497.05859375,10497.05859375,3999700,2025-01-14 00:00:00+07:00
ICBP.JK,Indofood CBP,10497.058938152553,10643.529527987239,10350.588348317866,10521.470703125,4810100,2025-01-15 00:00:00+07:00
ICBP.JK,Indofood CBP,10545.882580091533,10765.588467176773,10497.059049628146,10667.94140625,3687800,2025-01-16 00:00:00+07:00
ICBP.JK,Indofood CBP,10643.529238236142,10789.99982408343,10448.235123773095,10570.2939453125,2690000,2025-01-17 00:00:00+07:00
ICBP.JK,Indofood CBP,10545.881940320665,10545.881940320665,10277.3525390625,10277.3525390625,2593900,2025-01-20 00:00:00+07:00
ICBP.JK,Indofood CBP,10277.35321599787,11107.35323819247,10252.941450639204,10741.1767578125,5679300,2025-01-21 00:00:00+07:00
ICBP.JK,Indofood CBP,10936.470192307692,11204.999594350962,10838.82313701923,11107.3525390625,5640100,2025-01-22 00:00:00+07:00
ICBP.JK,Indofood CBP,11131.764880127494,11229.41194047949,11009.7060546875,11009.7060546875,2962600,2025-01-23 00:00:00+07:00
ICBP.JK,Indofood CBP,10741.176747128009,11375.882645821937,10741.176747128009,11156.1767578125,4293800,2025-01-24 00:00:00+07:00
ICBP.JK,Indofood CBP,11156.176867491225,11375.882757660636,11107.353336342467,11302.6474609375,2052100,2025-01-30 00:00:00+07:00
ICBP.JK,Indofood CBP,11400.294467561142,11571.176825747281,11180.588578464674,11229.412109375,2701400,2025-01-31 00:00:00+07:00
ICBP.JK,Indofood CBP,11180.588704064588,11302.64753271158,10765.58868666481,10960.8828125,3242900,2025-02-03 00:00:00+07:00
ICBP.JK,Indofood CBP,11156.176174954251,11156.176174954251,10765.587950010557,10838.8232421875,2543100,2025-02-04 00:00:00+07:00
ICBP.JK,Indofood CBP,10838.82341241399,10936.470470183487,10570.294003547879,10643.529296875,4420400,2025-02-05 00:00:00+07:00
ICBP.JK,Indofood CBP,10814.411358001571,10814.411358001571,10619.11724769906,10692.3525390625,3635900,2025-02-06 00:00:00+07:00
ICBP.JK,Indofood CBP,10814.411373197116,11131.764302884616,10545.881971153845,11107.3525390625,4344400,2025-02-07 00:00:00+07:00
ICBP.JK,Indofood CBP,11180.588410303491,11571.176651711474,10936.470759423502,11009.7060546875,6793800,2025-02-10 00:00:00+07:00
ICBP.JK,Indofood CBP,10960.8828125,11107.353406876391,10741.176920935412,10960.8828125,4041900,2025-02-11 00:00:00+07:00
ICBP.JK,Indofood CBP,10936.470992152466,10960.88275775995,10765.588632900084,10887.6474609375,2337100,2025-02-12 00:00:00+07:00
ICBP.JK,Indofood CBP,10887.647515311804,11131.76517260579,10741.176920935412,10960.8828125,3580600,2025-02-13 00:00:00+07:00
ICBP.JK,Indofood CBP,10960.882073193467,11424.705590767355,10960.882073193467,11253.8232421875,6318600,2025-02-14 00:00:00+07:00
ICBP.JK,Indofood CBP,11253.823874830163,11375.882702105977,11180.588578464674,11229.412109375,1815500,2025-02-17 00:00:00+07:00
ICBP.JK,Indofood CBP,11229.411478104665,11449.11735485019,11156.176185856155,11253.8232421875,4037000,2025-02-18 00:00:00+07:00
ICBP.JK,Indofood CBP,11351.47104680794,11497.9416409603,11253.8239840397,11375.8828125,4837300,2025-02-19 00:00:00+07:00
ICBP.JK,Indofood CBP,11400.294175713609,11424.70594054383,11156.17652741139,11278.2353515625,2565800,2025-02-20 00:00:00+07:00
ICBP.JK,Indofood CBP,11253.823874830163,11400.294467561142,11058.529751188858,11229.412109375,4313200,2025-02-21 00:00:00+07:00
ICBP.JK,Indofood CBP,11204.999666940788,11717.646710526315,11156.176138980263,11595.587890625,3749400,2025-02-24 00:00:00+07:00
ICBP.JK,Indofood CBP,11595.588114824779,11595.588114824779,11058.529296875,11058.529296875,4676200,2025-02-25 00:00:00+07:00
ICBP.JK,Indofood CBP,11058.529659598214,11058.529659598214,10033.235518973213,10252.94140625,10117200,2025-02-26 00:00:00+07:00
ICBP.JK,Indofood CBP,10252.941002478967,10350.588059645432,9984.411595271184,10155.2939453125,10113900,2025-02-27 00:00:00+07:00
ICBP.JK,Indofood CBP,10033.234842254784,10326.176005532297,9959.999551435407,10204.1171875,9319700,2025-02-28 00:00:00+07:00
ICBP.JK,Indofood CBP,10204.117930888002,10472.647350121897,10106.470869348404,10326.1767578125,3313000,2025-03-03 00:00:00+07:00
ICBP.JK,Indofood CBP,10326.1767578125,10399.412053967199,10155.294400118204,10326.1767578125,3491200,2025-03-04 00:00:00+07:00
ICBP.JK,Indofood CBP,10350.588059645432,10399.411588228666,10155.2939453125,10155.2939453125,5465900,2025-03-05 00:00:00+07:00
ICBP.JK,Indofood CBP,10082.058938141607,10277.353058008755,10082.058938141607,10106.470703125,3741000,2025-03-06 00:00:00+07:00
ICBP.JK,Indofood CBP,10106.470531879442,10472.647000425799,10033.235238170171,10301.7646484375,3290700,2025-03-07 00:00:00+07:00
ICBP.JK,Indofood CBP,10301.764362839032,10472.646710089917,10228.529071160083,10350.587890625,3750000,2025-03-10 00:00:00+07:00
ICBP.JK,Indofood CBP,10155.294289568346,10326.17664540243,10082.058994210882,10179.7060546875,1234500,2025-03-11 00:00:00+07:00
ICBP.JK,Indofood CBP,10252.941397311213,10716.764936713387,10252.941397311213,10667.94140625,4504800,2025-03-12 00:00:00+07:00
ICBP.JK,Indofood CBP,10741.1767578125,10814.412053888494,10521.470869584517,10741.1767578125,3685600,2025-03-13 00:00:00+07:00
ICBP.JK,Indofood CBP,10765.587999636628,10765.587999636628,10472.646829578487,10497.05859375,2173400,2025-03-14 00:00:00+07:00
ICBP.JK,Indofood CBP,10472.646664972175,10741.176066638129,10423.823137396548,10692.3525390625,1895300,2025-03-17 00:00:00+07:00
ICBP.JK,Indofood CBP,10692.352766851905,10692.352766851905,10277.352773617928,10570.2939453125,3133000,2025-03-18 00:00:00+07:00
ICBP.JK,Indofood CBP,10521.470992223922,10521.470992223922,10204.11803886218,10472.6474609375,3129100,2025-03-19 00:00:00+07:00
ICBP.JK,Indofood CBP,10472.646710089917,10472.646710089917,10277.352598946049,10350.587890625,2096000,2025-03-20 00:00:00+07:00
ICBP.JK,Indofood CBP,10350.5885231974,10472.647350121897,10228.529696272903,10326.1767578125,4579600,2025-03-21 00:00:00+07:00
ICBP.JK,Indofood CBP,10252.941350044965,10277.353115164118,9691.470752304407,10179.7060546875,8524900,2025-03-24 00:00:00+07:00
ICBP.JK,Indofood CBP,10204.118109939758,10423.824002259036,10130.8828125,10130.8828125,2272600,2025-03-25 00:00:00+07:00
ICBP.JK,Indofood CBP,10204.11759015847,10326.176413007257,10057.647002739928,10301.7646484375,3818000,2025-03-26 00:00:00+07:00
ICBP.JK,Indofood CBP,10106.470237638207,10204.117293074325,9862.352599047912,9935.587890625,6715200,2025-03-27 00:00:00+07:00
ICBP.JK,Indofood CBP,9764.705823131444,9764.705823131444,9276.470531974872,9471.7646484375,13575500,2025-04-08 00:00:00+07:00
ICBP.JK,Indofood CBP,9471.76488046671,9837.94135780434,9227.64722890829,9349.7060546875,6675700,2025-04-09 00:00:00+07:00
ICBP.JK,Indofood CBP,9593.823698730468,9862.353115234375,9545.00016845703,9764.7060546875,6369200,2025-04-10 00:00:00+07:00
ICBP.JK,Indofood CBP,9422.941288176951,9715.882468120277,9325.294228195844,9691.470703125,5910000,2025-04-11 00:00:00+07:00
ICBP.JK,Indofood CBP,9691.470367357748,10106.470357899516,9691.470367357748,10082.05859375,3364000,2025-04-14 00:00:00+07:00
ICBP.JK,Indofood CBP,10082.058710284904,10228.529296875,9813.529301536397,10228.529296875,5346100,2025-04-15 00:00:00+07:00
ICBP.JK,Indofood CBP,10228.529118235518,10228.529118235518,9959.999714176829,10008.8232421875,3047800,2025-04-16 00:00:00+07:00
ICBP.JK,Indofood CBP,10008.82319612323,10497.058473982901,9862.35261276533,10350.587890625,7789900,2025-04-17 00:00:00+07:00
ICBP.JK,Indofood CBP,10350.588177577014,10350.588177577014,10155.294061018956,10301.7646484375,1425200,2025-04-21 00:00:00+07:00
ICBP.JK,Indofood CBP,10301.764590170049,10301.764590170049,10204.117532443317,10228.529296875,1806100,2025-04-22 00:00:00+07:00
ICBP.JK,Indofood CBP,10228.529468001607,10497.058881242698,10155.294173481308,10448.2353515625,7661100,2025-04-23 00:00:00+07:00
ICBP.JK,Indofood CBP,10448.235573508522,10741.1767578125,10448.235573508522,10741.1767578125,4147600,2025-04-24 00:00:00+07:00
ICBP.JK,Indofood CBP,10838.823819247158,10887.647349964489,10643.52969637784,10741.1767578125,4395500,2025-04-25 00:00:00+07:00
ICBP.JK,Indofood CBP,10765.588523171164,10814.412053888494,10594.706165660511,10741.1767578125,1094100,2025-04-28 00:00:00+07:00
ICBP.JK,Indofood CBP,10741.176302083333,11009.705709635416,10643.529244791665,10985.2939453125,2295500,2025-04-29 00:00:00+07:00
ICBP.JK,Indofood CBP,10985.294345401982,11082.94140625,10790.000223705947,11082.94140625,2335600,2025-04-30 00:00:00+07:00
ICBP.JK,Indofood CBP,11082.941472833807,11082.941472833807,10301.764981356533,10741.1767578125,10223300,2025-05-02 00:00:00+07:00
ICBP.JK,Indofood CBP,10790.000113351003,11058.529527936662,10790.000113351003,10936.470703125,3839600,2025-05-05 00:00:00+07:00
ICBP.JK,Indofood CBP,10985.2942895995,11327.059000831485,10985.2942895995,11009.7060546875,4443700,2025-05-06 00:00:00+07:00
ICBP.JK,Indofood CBP,11082.94152969808,11131.765060665914,10814.412109375,10814.412109375,4410500,2025-05-07 00:00:00+07:00
ICBP.JK,Indofood CBP,10936.470531798244,11131.7646484375,10838.823473478618,11131.7646484375,3008000,2025-05-08 00:00:00+07:00
ICBP.JK,Indofood CBP,11131.76482282366,11131.76482282366,10863.235408238002,10936.470703125,2031000,2025-05-09 00:00:00+07:00
ICBP.JK,Indofood CBP,11156.176235668345,11156.176235668345,10789.999772790827,10912.05859375,5245800,2025-05-14 00:00:00+07:00
ICBP.JK,Indofood CBP,10912.05882352941,11205.0,10790.0,10790.0,3943900,2025-05-15 00:00:00+07:00
ICBP.JK,Indofood CBP,10936.470936794582,10936.470936794582,10643.529750987585,10814.412109375,7428000,2025-05-16 00:00:00+07:00
ICBP.JK,Indofood CBP,10838.823121789384,10838.823121789384,10667.940775274687,10692.3525390625,5847100,2025-05-19 00:00:00+07:00
ICBP.JK,Indofood CBP,10789.999763808139,10814.411527979652,10497.05859375,10497.05859375,6391600,2025-05-20 00:00:00+07:00
ICBP.JK,Indofood CBP,10570.2939453125,10667.941002544025,10448.235123773095,10570.2939453125,4312500,2025-05-21 00:00:00+07:00
ICBP.JK,Indofood CBP,10570.294578269675,10741.176938657407,10472.647515190973,10545.8828125,3175000,2025-05-22 00:00:00+07:00
ICBP.JK,Indofood CBP,10594.70570962038,10643.529238236142,10545.88218100462,10570.2939453125,1811100,2025-05-23 00:00:00+07:00
ICBP.JK,Indofood CBP,10570.293779230442,10789.99965454932,10570.293779230442,10765.587890625,4661200,2025-05-26 00:00:00+07:00
ICBP.JK,Indofood CBP,10814.411821892556,10960.882410902388,10692.352997717697,10863.2353515625,4928700,2025-05-27 00:00:00+07:00
ICBP.JK,Indofood CBP,10936.470470183487,10960.88223462586,10643.529296875,10643.529296875,7578200,2025-05-28 00:00:00+07:00
ICBP.JK,Indofood CBP,10570.294578269675,10643.529875578703,10301.76515480324,10545.8828125,10667100,2025-06-02 00:00:00+07:00
ICBP.JK,Indofood CBP,10545.882352941177,10594.70588235294,10350.588235294117,10375.0,2685000,2025-06-03 00:00:00+07:00
ICBP.JK,Indofood CBP,10570.2939453125,10570.2939453125,10350.58806654157,10570.2939453125,3186300,2025-06-04 00:00:00+07:00
ICBP.JK,Indofood CBP,10545.882410922897,10545.882410922897,10350.588292202103,10448.2353515625,1482700,2025-06-05 00:00:00+07:00
ICBP.JK,Indofood CBP,10448.23564040493,10497.05917143486,10252.941516285211,10399.412109375,4733600,2025-06-10 00:00:00+07:00
ICBP.JK,Indofood CBP,10448.2353515625,10497.058881242698,10301.764762521903,10448.2353515625,5451900,2025-06-11 00:00:00+07:00
ICBP.JK,Indofood CBP,10448.235006220726,10570.293826386856,10350.587950087822,10423.8232421875,4172700,2025-06-12 00:00:00+07:00
ICBP.JK,Indofood CBP,10423.82318230395,10472.646710089917,10301.764362839032,10350.587890625,4299100,2025-06-13 00:00:00+07:00
ICBP.JK,Indofood CBP,10350.5885231974,10497.059115506798,10301.764992427601,10326.1767578125,3557500,2025-06-16 00:00:00+07:00
ICBP.JK,Indofood CBP,10326.176470588234,10472.64705882353,10326.176470588234,10375.0,2443900,2025-06-17 00:00:00+07:00
ICBP.JK,Indofood CBP,10350.58857834507,10423.823874889966,10301.76504731514,10399.412109375,2999200,2025-06-18 00:00:00+07:00
ICBP.JK,Indofood CBP,10423.823059958135,10423.823059958135,10155.293660287081,10204.1171875,4446100,2025-06-19 00:00:00+07:00
ICBP.JK,Indofood CBP,10204.117819806655,10399.411940759892,9960.000168615108,10179.7060546875,14686100,2025-06-20 00:00:00+07:00
ICBP.JK,Indofood CBP,10057.64753454774,10057.64753454774,9715.8828125,9715.8828125,8896600,2025-06-23 00:00:00+07:00
ICBP.JK,Indofood CBP,9960.000343826407,10130.882702666566,9935.588578277811,9984.412109375,3624700,2025-06-24 00:00:00+07:00
ICBP.JK,Indofood CBP,10204.117999312348,10204.117999312348,9935.588578277811,9984.412109375,2262900,2025-06-25 00:00:00+07:00
ICBP.JK,Indofood CBP,9862.353226985837,10057.647350292487,9715.88263450585,9911.1767578125,10959700,2025-06-26 00:00:00+07:00
ICBP.JK,Indofood CBP,10106.470814732142,10301.764936755952,9960.000223214285,10252.94140625,12168800,2025-06-30 00:00:00+07:00
ICBP.JK,Indofood CBP,10252.941176470587,10375.0,10155.294117647058,10375.0,4235400,2025-07-01 00:00:00+07:00
ICBP.JK,Indofood CBP,10425.0,10625.0,10350.0,10500.0,3473000,2025-07-02 00:00:00+07:00
ICBP.JK,Indofood CBP,10600.0,10850.0,10550.0,10750.0,3199900,2025-07-03 00:00:00+07:00
ICBP.JK,Indofood CBP,10750.0,10800.0,10550.0,10650.0,1376400,2025-07-04 00:00:00+07:00
ICBP.JK,Indofood CBP,10725.0,10725.0,10275.0,10500.0,5720900,2025-07-07 00:00:00+07:00
ICBP.JK,Indofood CBP,10450.0,10550.0,10325.0,10500.0,7659400,2025-07-08 00:00:00+07:00
ICBP.JK,Indofood CBP,10525.0,10550.0,10075.0,10525.0,6547300,2025-07-09 00:00:00+07:00
ICBP.JK,Indofood CBP,10500.0,10500.0,10350.0,10450.0,3168500,2025-07-10 00:00:00+07:00
ICBP.JK,Indofood CBP,10475.0,10500.0,10300.0,10325.0,2731600,2025-07-11 00:00:00+07:00
ICBP.JK,Indofood CBP,10325.0,10425.0,10200.0,10400.0,4153500,2025-07-14 00:00:00+07:00
ICBP.JK,Indofood CBP,10400.0,10425.0,10150.0,10400.0,12047900,2025-07-15 00:00:00+07:00
ICBP.JK,Indofood CBP,10400.0,10425.0,10275.0,10350.0,2396100,2025-07-16 00:00:00+07:00
ICBP.JK,Indofood CBP,10350.0,10400.0,10150.0,10350.0,13247400,2025-07-17 00:00:00+07:00
ICBP.JK,Indofood CBP,10350.0,10525.0,10300.0,10400.0,12730500,2025-07-18 00:00:00+07:00
ICBP.JK,Indofood CBP,10425.0,10500.0,10250.0,10500.0,11341700,2025-07-21 00:00:00+07:00
ICBP.JK,Indofood CBP,10525.0,10525.0,10350.0,10350.0,2916000,2025-07-22 00:00:00+07:00
ICBP.JK,Indofood CBP,10475.0,10475.0,10300.0,10450.0,3234000,2025-07-23 00:00:00+07:00
ICBP.JK,Indofood CBP,10450.0,10475.0,10350.0,10350.0,2976000,2025-07-24 00:00:00+07:00
ICBP.JK,Indofood CBP,10350.0,10550.0,10275.0,10550.0,6635900,2025-07-25 00:00:00+07:00
ICBP.JK,Indofood CBP,10550.0,10575.0,10225.0,10225.0,5895900,2025-07-28 00:00:00+07:00
ICBP.JK,Indofood CBP,10225.0,10250.0,9950.0,10000.0,23316400,2025-07-29 00:00:00+07:00
ICBP.JK,Indofood CBP,10050.0,10100.0,9800.0,9925.0,11795400,2025-07-30 00:00:00+07:00
ICBP.JK,Indofood CBP,9925.0,9975.0,9800.0,9800.0,4990600,2025-07-31 00:00:00+07:00
ICBP.JK,Indofood CBP,9900.0,9950.0,9800.0,9900.0,9390400,2025-08-01 00:00:00+07:00
ICBP.JK,Indofood CBP,9900.0,9925.0,9525.0,9550.0,12748700,2025-08-04 00:00:00+07:00
ICBP.JK,Indofood CBP,9600.0,9625.0,9475.0,9575.0,8541600,2025-08-05 00:00:00+07:00
ICBP.JK,Indofood CBP,9575.0,9625.0,9500.0,9550.0,5467100,2025-08-06 00:00:00+07:00
ICBP.JK,Indofood CBP,9550.0,9575.0,9500.0,9500.0,6473400,2025-08-07 00:00:00+07:00
ICBP.JK,Indofood CBP,9450.0,9450.0,9350.0,9350.0,7653700,2025-08-08 00:00:00+07:00
ICBP.JK,Indofood CBP,9350.0,9600.0,9350.0,9550.0,7665100,2025-08-11 00:00:00+07:00
ICBP.JK,Indofood CBP,9600.0,9700.0,9500.0,9550.0,6203500,2025-08-12 00:00:00+07:00
ICBP.JK,Indofood CBP,9600.0,9650.0,9375.0,9475.0,9967500,2025-08-13 00:00:00+07:00
ICBP.JK,Indofood CBP,9450.0,9825.0,9425.0,9725.0,25589500,2025-08-14 00:00:00+07:00
ICBP.JK,Indofood CBP,9750.0,9950.0,9550.0,9900.0,18332000,2025-08-15 00:00:00+07:00
ICBP.JK,Indofood CBP,9900.0,9925.0,9625.0,9775.0,6045500,2025-08-19 00:00:00+07:00
ICBP.JK,Indofood CBP,9775.0,9825.0,9600.0,9650.0,5730000,2025-08-20 00:00:00+07:00
ICBP.JK,Indofood CBP,9600.0,9700.0,9550.0,9550.0,3901000,2025-08-21 00:00:00+07:00
ICBP.JK,Indofood CBP,9600.0,9675.0,9550.0,9575.0,3331700,2025-08-22 00:00:00+07:00
ICBP.JK,Indofood CBP,9575.0,9625.0,9500.0,9500.0,5199200,2025-08-25 00:00:00+07:00
ICBP.JK,Indofood CBP,9500.0,9575.0,9375.0,9375.0,9031900,2025-08-26 00:00:00+07:00
ICBP.JK,Indofood CBP,9375.0,9425.0,9325.0,9325.0,3413900,2025-08-27 00:00:00+07:00
ICBP.JK,Indofood CBP,9325.0,9450.0,9275.0,9300.0,4029300,2025-08-28 00:00:00+07:00
ICBP.JK,Indofood CBP,9250.0,9275.0,8975.0,8975.0,12958600,2025-08-29 00:00:00+07:00
ICBP.JK,Indofood CBP,8800.0,9275.0,8650.0,9200.0,5969700,2025-09-01 00:00:00+07:00
ICBP.JK,Indofood CBP,9225.0,9325.0,9200.0,9200.0,3319500,2025-09-02 00:00:00+07:00
ICBP.JK,Indofood CBP,9225.0,9300.0,9200.0,9300.0,2439300,2025-09-03 00:00:00+07:00
ICBP.JK,Indofood CBP,9300.0,9300.0,9200.0,9250.0,2740200,2025-09-04 00:00:00+07:00
ICBP.JK,Indofood CBP,9300.0,9475.0,9275.0,9375.0,8124700,2025-09-08 00:00:00+07:00
ICBP.JK,Indofood CBP,9325.0,9325.0,9100.0,9225.0,4218400,2025-09-09 00:00:00+07:00
ICBP.JK,Indofood CBP,9225.0,9225.0,9150.0,9225.0,2211300,2025-09-10 00:00:00+07:00
ICBP.JK,Indofood CBP,9225.0,9400.0,9200.0,9300.0,4876500,2025-09-11 00:00:00+07:00
ICBP.JK,Indofood CBP,9300.0,9400.0,9175.0,9250.0,4228300,2025-09-12 00:00:00+07:00
ICBP.JK,Indofood CBP,9250.0,9325.0,9150.0,9225.0,3520100,2025-09-15 00:00:00+07:00
ICBP.JK,Indofood CBP,9250.0,9325.0,9200.0,9300.0,2267100,2025-09-16 00:00:00+07:00
ICBP.JK,Indofood CBP,9275.0,9500.0,9250.0,9500.0,3034300,2025-09-17 00:00:00+07:00
ICBP.JK,Indofood CBP,9500.0,9525.0,9425.0,9425.0,2855900,2025-09-18 00:00:00+07:00
ICBP.JK,Indofood CBP,9425.0,9700.0,9425.0,9700.0,6110200,2025-09-19 00:00:00+07:00
ICBP.JK,Indofood CBP,9700.0,9825.0,9500.0,9625.0,4473300,2025-09-22 00:00:00+07:00
ICBP.JK,Indofood CBP,9700.0,9700.0,9600.0,9700.0,1955400,2025-09-23 00:00:00+07:00
ICBP.JK,Indofood CBP,9700.0,9725.0,9550.0,9550.0,5779000,2025-09-24 00:00:00+07:00
ICBP.JK,Indofood CBP,9625.0,9800.0,9600.0,9800.0,6445600,2025-09-25 00:00:00+07:00
ICBP.JK,Indofood CBP,9800.0,10050.0,9675.0,10000.0,8532100,2025-09-26 00:00:00+07:00
ICBP.JK,Indofood CBP,10025.0,10050.0,9650.0,9650.0,6132900,2025-09-29 00:00:00+07:00
ICBP.JK,Indofood CBP,9650.0,9750.0,9475.0,9475.0,6069800,2025-09-30 00:00:00+07:00
ICBP.JK,Indofood CBP,9550.0,9625.0,9300.0,9325.0,3535600,2025-10-01 00:00:00+07:00
ICBP.JK,Indofood CBP,9425.0,9625.0,9400.0,9500.0,2820900,2025-10-02 00:00:00+07:00
ICBP.JK,Indofood CBP,9525.0,9575.0,9400.0,9550.0,2598800,2025-10-03 00:00:00+07:00
ICBP.JK,Indofood CBP,9550.0,9550.0,9400.0,9500.0,2234600,2025-10-06 00:00:00+07:00
ICBP.JK,Indofood CBP,9475.0,9475.0,9200.0,9200.0,4053100,2025-10-07 00:00:00+07:00
ICBP.JK,Indofood CBP,9200.0,9375.0,9150.0,9200.0,3003600,2025-10-08 00:00:00+07:00
ICBP.JK,Indofood CBP,9200.0,9325.0,9075.0,9100.0,7056400,2025-10-09 00:00:00+07:00
ICBP.JK,Indofood CBP,9150.0,9175.0,8850.0,8850.0,11183000,2025-10-10 00:00:00+07:00
ICBP.JK,Indofood CBP,8850.0,8925.0,8800.0,8800.0,4920500,2025-10-13 00:00:00+07:00
ICBP.JK,Indofood CBP,8900.0,8900.0,8475.0,8475.0,10863600,2025-10-14 00:00:00+07:00
ICBP.JK,Indofood CBP,8500.0,8750.0,8425.0,8675.0,9029700,2025-10-15 00:00:00+07:00
ICBP.JK,Indofood CBP,8700.0,9300.0,8650.0,9250.0,10168600,2025-10-16 00:00:00+07:00
ICBP.JK,Indofood CBP,9300.0,9400.0,9025.0,9400.0,8398300,2025-10-17 00:00:00+07:00
ICBP.JK,Indofood CBP,9425.0,9550.0,9275.0,9375.0,7951500,2025-10-20 00:00:00+07:00
ICBP.JK,Indofood CBP,9500.0,9500.0,9225.0,9275.0,3346700,2025-10-21 00:00:00+07:00
ICBP.JK,Indofood CBP,9300.0,9325.0,8900.0,8900.0,7695400,2025-10-22 00:00:00+07:00
ICBP.JK,Indofood CBP,8900.0,8950.0,8725.0,8825.0,14457700,2025-10-23 00:00:00+07:00
ICBP.JK,Indofood CBP,8850.0,8950.0,8800.0,8800.0,7447900,2025-10-24 00:00:00+07:00
ICBP.JK,Indofood CBP,8800.0,8975.0,8750.0,8850.0,8921900,2025-10-27 00:00:00+07:00
ICBP.JK,Indofood CBP,8875.0,8925.0,8700.0,8775.0,12338900,2025-10-28 00:00:00+07:00
ICBP.JK,Indofood CBP,8800.0,8825.0,8650.0,8700.0,16526500,2025-10-29 00:00:00+07:00
ICBP.JK,Indofood CBP,8700.0,8875.0,8700.0,8800.0,13885200,2025-10-30 00:00:00+07:00
ICBP.JK,Indofood CBP,8800.0,8850.0,8700.0,8700.0,9693500,2025-10-31 00:00:00+07:00
ICBP.JK,Indofood CBP,8700.0,8700.0,8500.0,8500.0,14837200,2025-11-03 00:00:00+07:00
ICBP.JK,Indofood CBP,8500.0,8600.0,8475.0,8475.0,14071000,2025-11-04 00:00:00+07:00
ICBP.JK,Indofood CBP,8500.0,8700.0,8475.0,8700.0,7693000,2025-11-05 00:00:00+07:00
ICBP.JK,Indofood CBP,8650.0,8675.0,8550.0,8575.0,15202700,2025-11-06 00:00:00+07:00
ICBP.JK,Indofood CBP,8550.0,8650.0,8550.0,8600.0,5446000,2025-11-07 00:00:00+07:00
ICBP.JK,Indofood CBP,8700.0,8725.0,8600.0,8650.0,6371300,2025-11-10 00:00:00+07:00
ICBP.JK,Indofood CBP,8725.0,8725.0,8525.0,8550.0,9738300,2025-11-11 00:00:00+07:00
ICBP.JK,Indofood CBP,8550.0,8675.0,8525.0,8525.0,7459700,2025-11-12 00:00:00+07:00
ICBP.JK,Indofood CBP,8525.0,8600.0,8475.0,8475.0,9366500,2025-11-13 00:00:00+07:00
ICBP.JK,Indofood CBP,8500.0,8550.0,8425.0,8425.0,9077300,2025-11-14 00:00:00+07:00
ICBP.JK,Indofood CBP,8500.0,8700.0,8325.0,8375.0,21504300,2025-11-17 00:00:00+07:00
ICBP.JK,Indofood CBP,8375.0,8475.0,8325.0,8325.0,14213100,2025-11-18 00:00:00+07:00
ICBP.JK,Indofood CBP,8325.0,8525.0,8325.0,8400.0,20237100,2025-11-19 00:00:00+07:00
ICBP.JK,Indofood CBP,8500.0,8525.0,8325.0,8325.0,15336300,2025-11-20 00:00:00+07:00
ICBP.JK,Indofood CBP,8350.0,8400.0,8325.0,8350.0,9262700,2025-11-21 00:00:00+07:00
ICBP.JK,Indofood CBP,8350.0,8450.0,8200.0,8350.0,176275900,2025-11-24 00:00:00+07:00
ICBP.JK,Indofood CBP,8450.0,8600.0,8450.0,8575.0,36155100,2025-11-25 00:00:00+07:00
ICBP.JK,Indofood CBP,8625.0,8650.0,8525.0,8600.0,19741000,2025-11-26 00:00:00+07:00
ICBP.JK,Indofood CBP,8600.0,8625.0,8500.0,8550.0,17082500,2025-11-27 00:00:00+07:00
ICBP.JK,Indofood CBP,8575.0,8600.0,8425.0,8450.0,8785500,2025-11-28 00:00:00+07:00
ICBP.JK,Indofood CBP,8425.0,8475.0,8400.0,8400.0,5346900,2025-12-01 00:00:00+07:00
ICBP.JK,Indofood CBP,8400.0,8425.0,8050.0,8100.0,43427600,2025-12-02 00:00:00+07:00
ICBP.JK,Indofood CBP,8100.0,8200.0,8100.0,8125.0,10525100,2025-12-03 00:00:00+07:00
ICBP.JK,Indofood CBP,8225.0,8250.0,8100.0,8200.0,13673600,2025-12-04 00:00:00+07:00
ICBP.JK,Indofood CBP,8200.0,8200.0,8050.0,8050.0,16859700,2025-12-05 00:00:00+07:00
ICBP.JK,Indofood CBP,8100.0,8200.0,8075.0,8075.0,11661200,2025-12-08 00:00:00+07:00
ICBP.JK,Indofood CBP,8100.0,8125.0,8000.0,8000.0,16634200,2025-12-09 00:00:00+07:00
ICBP.JK,Indofood CBP,8000.0,8075.0,8000.0,8025.0,8871000,2025-12-10 00:00:00+07:00
ICBP.JK,Indofood CBP,8050.0,8150.0,7950.0,8025.0,10206100,2025-12-11 00:00:00+07:00
ICBP.JK,Indofood CBP,8100.0,8100.0,7975.0,8075.0,8185400,2025-12-12 00:00:00+07:00
ICBP.JK,Indofood CBP,8225.0,8375.0,8075.0,8300.0,15671200,2025-12-15 00:00:00+07:00
ICBP.JK,Indofood CBP,8325.0,8400.0,8225.0,8350.0,17355800,2025-12-16 00:00:00+07:00
ICBP.JK,Indofood CBP,8350.0,8400.0,8300.0,8325.0,5997500,2025-12-17 00:00:00+07:00
ICBP.JK,Indofood CBP,8325.0,8400.0,8200.0,8250.0,6171700,2025-12-18 00:00:00+07:00
ICBP.JK,Indofood CBP,8250.0,8425.0,8225.0,8425.0,11114100,2025-12-19 00:00:00+07:00
ICBP.JK,Indofood CBP,8400.0,8400.0,8275.0,8350.0,6241200,2025-12-22 00:00:00+07:00
ICBP.JK,Indofood CBP,8350.0,8350.0,8225.0,8250.0,4615400,2025-12-23 00:00:00+07:00
ICBP.JK,Indofood CBP,8200.0,8275.0,8200.0,8250.0,1899500,2025-12-24 00:00:00+07:00
ICBP.JK,Indofood CBP,8250.0,8325.0,8125.0,8300.0,6435900,2025-12-29 00:00:00+07:00
ICBP.JK,Indofood CBP,8250.0,8325.0,8175.0,8200.0,3807000,2025-12-30 00:00:00+07:00
